service_code,route_number,corporation,origin,destination,departure_time,arrival_time,duration,available_seats,bus_type,fare,journey_date,stops_json,scraped_at
0600MADKCB,,SETC,MADURAI,CHENNAI,,,9.00Hrs,33 Seats Available,Standard,Rs 437,16/01/2026,"[{""city"": ""&nbsp;"", ""landmark"": """", ""time"": ""Service&nbsp;Details""}, {""city"": ""0600MADKCB"", ""landmark"": ""Route&nbsp;No.&nbsp;:"", ""time"": ""137UD""}, {""city"": ""MADURAI"", ""landmark"": ""To&nbsp;Place&nbsp;:"", ""time"": ""CHENNAI-KILAMBAKKAM-KCBT""}, {""city"": ""16/01/2026"", ""landmark"": ""Journey&nbsp;Hours&nbsp;*:"", ""time"": ""9:00""}, {""city"": ""436.00"", ""landmark"": ""Corporation&nbsp;:"", ""time"": ""SETC""}, {""city"": ""&nbsp;"", ""landmark"": ""Adult&nbsp;Fare&nbsp;**"", ""time"": ""437""}, {""city"": ""City"", ""landmark"": ""Land&nbsp;Mark&nbsp;"", ""time"": ""Dep.&nbsp;Time&nbsp;""}, {""city"": ""MADURAI"", ""landmark"": ""MATTUTHAVANI BS"", ""time"": ""06:00""}, {""city"": ""CHENNAI-KILAMBAKKAM-KCBT"", ""landmark"": ""CHENNAI KALAIGNAR CBT"", ""time"": ""15:00""}]",2026-01-13T18:02:33.236980
0600MADKCB,,SETC,MADURAI,CHENNAI,,,9.00Hrs,33 Seats Available,Standard,Rs 437,16/01/2026,"[{""city"": ""&nbsp;"", ""landmark"": """", ""time"": ""Service&nbsp;Details""}, {""city"": ""0600MADKCB"", ""landmark"": ""Route&nbsp;No.&nbsp;:"", ""time"": ""137UD""}, {""city"": ""MADURAI"", ""landmark"": ""To&nbsp;Place&nbsp;:"", ""time"": ""CHENNAI-KILAMBAKKAM-KCBT""}, {""city"": ""16/01/2026"", ""landmark"": ""Journey&nbsp;Hours&nbsp;*:"", ""time"": ""9:00""}, {""city"": ""436.00"", ""landmark"": ""Corporation&nbsp;:"", ""time"": ""SETC""}, {""city"": ""&nbsp;"", ""landmark"": ""Adult&nbsp;Fare&nbsp;**"", ""time"": ""437""}, {""city"": ""City"", ""landmark"": ""Land&nbsp;Mark&nbsp;"", ""time"": ""Dep.&nbsp;Time&nbsp;""}, {""city"": ""MADURAI"", ""landmark"": ""MATTUTHAVANI BS"", ""time"": ""06:00""}, {""city"": ""CHENNAI-KILAMBAKKAM-KCBT"", ""landmark"": ""CHENNAI KALAIGNAR CBT"", ""time"": ""15:00""}]",2026-01-13T18:02:33.236980
0801MADKCBLB,,SETC,MADURAI,CHENNAI,,,9.00Hrs,33 Seats Available,Standard,Rs 437/675,16/01/2026,"[{""city"": ""&nbsp;"", ""landmark"": """", ""time"": ""Service&nbsp;Details""}, {""city"": ""0801MADKCBLB"", ""landmark"": ""Route&nbsp;No.&nbsp;:"", ""time"": ""137LB""}, {""city"": ""MADURAI"", ""landmark"": ""To&nbsp;Place&nbsp;:"", ""time"": ""CHENNAI-KILAMBAKKAM-KCBT""}, {""city"": ""16/01/2026"", ""landmark"": ""Journey&nbsp;Hours&nbsp;*:"", ""time"": ""9:00""}, {""city"": ""436.00"", ""landmark"": ""Corporation&nbsp;:"", ""time"": ""SETC""}, {""city"": ""&nbsp;"", ""landmark"": ""Adult&nbsp;Fare&nbsp;**"", ""time"": ""437""}, {""city"": ""City"", ""landmark"": ""Land&nbsp;Mark&nbsp;"", ""time"": ""Dep.&nbsp;Time&nbsp;""}, {""city"": ""MADURAI"", ""landmark"": ""MATTUTHAVANI BS"", ""time"": ""08:01""}, {""city"": ""MADURAI"", ""landmark"": ""OTTHAKADAI  BYE PASS"", ""time"": ""08:16""}, {""city"": ""MADURAI"", ""landmark"": ""CHITTAMPATTI TOLL"", ""time"": ""08:46""}, {""city"": ""CHENNAI-KILAMBAKKAM-KCBT"", ""landmark"": ""CHENNAI KALAIGNAR CBT"", ""time"": ""15:01""}]",2026-01-13T18:02:33.236980
0801MADKCBLB,,SETC,MADURAI,CHENNAI,,,9.00Hrs,33 Seats Available,Standard,Rs 437/675,16/01/2026,"[{""city"": ""&nbsp;"", ""landmark"": """", ""time"": ""Service&nbsp;Details""}, {""city"": ""0801MADKCBLB"", ""landmark"": ""Route&nbsp;No.&nbsp;:"", ""time"": ""137LB""}, {""city"": ""MADURAI"", ""landmark"": ""To&nbsp;Place&nbsp;:"", ""time"": ""CHENNAI-KILAMBAKKAM-KCBT""}, {""city"": ""16/01/2026"", ""landmark"": ""Journey&nbsp;Hours&nbsp;*:"", ""time"": ""9:00""}, {""city"": ""436.00"", ""landmark"": ""Corporation&nbsp;:"", ""time"": ""SETC""}, {""city"": ""&nbsp;"", ""landmark"": ""Adult&nbsp;Fare&nbsp;**"", ""time"": ""437""}, {""city"": ""City"", ""landmark"": ""Land&nbsp;Mark&nbsp;"", ""time"": ""Dep.&nbsp;Time&nbsp;""}, {""city"": ""MADURAI"", ""landmark"": ""MATTUTHAVANI BS"", ""time"": ""08:01""}, {""city"": ""MADURAI"", ""landmark"": ""OTTHAKADAI  BYE PASS"", ""time"": ""08:16""}, {""city"": ""MADURAI"", ""landmark"": ""CHITTAMPATTI TOLL"", ""time"": ""08:46""}, {""city"": ""CHENNAI-KILAMBAKKAM-KCBT"", ""landmark"": ""CHENNAI KALAIGNAR CBT"", ""time"": ""15:01""}]",2026-01-13T18:02:33.236980
0830MADKCB,,SETC,MADURAI,CHENNAI,,,9.00Hrs,33 Seats Available,Standard,Rs 437,16/01/2026,"[{""city"": ""&nbsp;"", ""landmark"": """", ""time"": ""Service&nbsp;Details""}, {""city"": ""0830MADKCB"", ""landmark"": ""Route&nbsp;No.&nbsp;:"", ""time"": ""137UD""}, {""city"": ""MADURAI"", ""landmark"": ""To&nbsp;Place&nbsp;:"", ""time"": ""CHENNAI-KILAMBAKKAM-KCBT""}, {""city"": ""16/01/2026"", ""landmark"": ""Journey&nbsp;Hours&nbsp;*:"", ""time"": ""9:00""}, {""city"": ""436.00"", ""landmark"": ""Corporation&nbsp;:"", ""time"": ""SETC""}, {""city"": ""&nbsp;"", ""landmark"": ""Adult&nbsp;Fare&nbsp;**"", ""time"": ""437""}, {""city"": ""City"", ""landmark"": ""Land&nbsp;Mark&nbsp;"", ""time"": ""Dep.&nbsp;Time&nbsp;""}, {""city"": ""MADURAI"", ""landmark"": ""MATTUTHAVANI BS"", ""time"": ""08:30""}, {""city"": ""CHENNAI-KILAMBAKKAM-KCBT"", ""landmark"": ""CHENNAI KALAIGNAR CBT"", ""time"": ""17:30""}]",2026-01-13T18:02:33.236980
0830MADKCB,,SETC,MADURAI,CHENNAI,,,9.00Hrs,33 Seats Available,Standard,Rs 437,16/01/2026,"[{""city"": ""&nbsp;"", ""landmark"": """", ""time"": ""Service&nbsp;Details""}, {""city"": ""0830MADKCB"", ""landmark"": ""Route&nbsp;No.&nbsp;:"", ""time"": ""137UD""}, {""city"": ""MADURAI"", ""landmark"": ""To&nbsp;Place&nbsp;:"", ""time"": ""CHENNAI-KILAMBAKKAM-KCBT""}, {""city"": ""16/01/2026"", ""landmark"": ""Journey&nbsp;Hours&nbsp;*:"", ""time"": ""9:00""}, {""city"": ""436.00"", ""landmark"": ""Corporation&nbsp;:"", ""time"": ""SETC""}, {""city"": ""&nbsp;"", ""landmark"": ""Adult&nbsp;Fare&nbsp;**"", ""time"": ""437""}, {""city"": ""City"", ""landmark"": ""Land&nbsp;Mark&nbsp;"", ""time"": ""Dep.&nbsp;Time&nbsp;""}, {""city"": ""MADURAI"", ""landmark"": ""MATTUTHAVANI BS"", ""time"": ""08:30""}, {""city"": ""CHENNAI-KILAMBAKKAM-KCBT"", ""landmark"": ""CHENNAI KALAIGNAR CBT"", ""time"": ""17:30""}]",2026-01-13T18:02:33.236980
0831MADKCBNS,,SETC,MADURAI,CHENNAI,,,9.00Hrs,37 Seats Available,Standard,Rs 437/675,16/01/2026,"[{""city"": ""&nbsp;"", ""landmark"": """", ""time"": ""Service&nbsp;Details""}, {""city"": ""0831MADKCBNS"", ""landmark"": ""Route&nbsp;No.&nbsp;:"", ""time"": ""137NS""}, {""city"": ""MADURAI"", ""landmark"": ""To&nbsp;Place&nbsp;:"", ""time"": ""CHENNAI-KILAMBAKKAM-KCBT""}, {""city"": ""16/01/2026"", ""landmark"": ""Journey&nbsp;Hours&nbsp;*:"", ""time"": ""9:00""}, {""city"": ""436.00"", ""landmark"": ""Corporation&nbsp;:"", ""time"": ""SETC""}, {""city"": ""&nbsp;"", ""landmark"": ""Adult&nbsp;Fare&nbsp;**"", ""time"": ""437""}, {""city"": ""City"", ""landmark"": ""Land&nbsp;Mark&nbsp;"", ""time"": ""Dep.&nbsp;Time&nbsp;""}, {""city"": ""MADURAI"", ""landmark"": ""MATTUTHAVANI BS"", ""time"": ""08:31""}, {""city"": ""MADURAI"", ""landmark"": ""OTTHAKADAI  BYE PASS"", ""time"": ""08:46""}, {""city"": ""MADURAI"", ""landmark"": ""CHITTAMPATTI TOLL"", ""time"": ""09:16""}, {""city"": ""CHENNAI-KILAMBAKKAM-KCBT"", ""landmark"": ""CHENNAI KALAIGNAR CBT"", ""time"": ""15:31""}]",2026-01-13T18:02:33.236980
0831MADKCBNS,,SETC,MADURAI,CHENNAI,,,9.00Hrs,37 Seats Available,Standard,Rs 437/675,16/01/2026,"[{""city"": ""&nbsp;"", ""landmark"": """", ""time"": ""Service&nbsp;Details""}, {""city"": ""0831MADKCBNS"", ""landmark"": ""Route&nbsp;No.&nbsp;:"", ""time"": ""137NS""}, {""city"": ""MADURAI"", ""landmark"": ""To&nbsp;Place&nbsp;:"", ""time"": ""CHENNAI-KILAMBAKKAM-KCBT""}, {""city"": ""16/01/2026"", ""landmark"": ""Journey&nbsp;Hours&nbsp;*:"", ""time"": ""9:00""}, {""city"": ""436.00"", ""landmark"": ""Corporation&nbsp;:"", ""time"": ""SETC""}, {""city"": ""&nbsp;"", ""landmark"": ""Adult&nbsp;Fare&nbsp;**"", ""time"": ""437""}, {""city"": ""City"", ""landmark"": ""Land&nbsp;Mark&nbsp;"", ""time"": ""Dep.&nbsp;Time&nbsp;""}, {""city"": ""MADURAI"", ""landmark"": ""MATTUTHAVANI BS"", ""time"": ""08:31""}, {""city"": ""MADURAI"", ""landmark"": ""OTTHAKADAI  BYE PASS"", ""time"": ""08:46""}, {""city"": ""MADURAI"", ""landmark"": ""CHITTAMPATTI TOLL"", ""time"": ""09:16""}, {""city"": ""CHENNAI-KILAMBAKKAM-KCBT"", ""landmark"": ""CHENNAI KALAIGNAR CBT"", ""time"": ""15:31""}]",2026-01-13T18:02:33.236980
0900MADKCBNS,,SETC,MADURAI,CHENNAI,,,9.00Hrs,36 Seats Available,Standard,Rs 437/675,16/01/2026,"[{""city"": ""&nbsp;"", ""landmark"": """", ""time"": ""Service&nbsp;Details""}, {""city"": ""0900MADKCBNS"", ""landmark"": ""Route&nbsp;No.&nbsp;:"", ""time"": ""137NS""}, {""city"": ""MADURAI"", ""landmark"": ""To&nbsp;Place&nbsp;:"", ""time"": ""CHENNAI-KILAMBAKKAM-KCBT""}, {""city"": ""16/01/2026"", ""landmark"": ""Journey&nbsp;Hours&nbsp;*:"", ""time"": ""9:00""}, {""city"": ""436.00"", ""landmark"": ""Corporation&nbsp;:"", ""time"": ""SETC""}, {""city"": ""&nbsp;"", ""landmark"": ""Adult&nbsp;Fare&nbsp;**"", ""time"": ""437""}, {""city"": ""City"", ""landmark"": ""Land&nbsp;Mark&nbsp;"", ""time"": ""Dep.&nbsp;Time&nbsp;""}, {""city"": ""MADURAI"", ""landmark"": ""MATTUTHAVANI BS"", ""time"": ""09:00""}, {""city"": ""CHENNAI-KILAMBAKKAM-KCBT"", ""landmark"": ""CHENNAI KALAIGNAR CBT"", ""time"": ""16:00""}]",2026-01-13T18:02:33.236980
0900MADKCBNS,,SETC,MADURAI,CHENNAI,,,9.00Hrs,36 Seats Available,Standard,Rs 437/675,16/01/2026,"[{""city"": ""&nbsp;"", ""landmark"": """", ""time"": ""Service&nbsp;Details""}, {""city"": ""0900MADKCBNS"", ""landmark"": ""Route&nbsp;No.&nbsp;:"", ""time"": ""137NS""}, {""city"": ""MADURAI"", ""landmark"": ""To&nbsp;Place&nbsp;:"", ""time"": ""CHENNAI-KILAMBAKKAM-KCBT""}, {""city"": ""16/01/2026"", ""landmark"": ""Journey&nbsp;Hours&nbsp;*:"", ""time"": ""9:00""}, {""city"": ""436.00"", ""landmark"": ""Corporation&nbsp;:"", ""time"": ""SETC""}, {""city"": ""&nbsp;"", ""landmark"": ""Adult&nbsp;Fare&nbsp;**"", ""time"": ""437""}, {""city"": ""City"", ""landmark"": ""Land&nbsp;Mark&nbsp;"", ""time"": ""Dep.&nbsp;Time&nbsp;""}, {""city"": ""MADURAI"", ""landmark"": ""MATTUTHAVANI BS"", ""time"": ""09:00""}, {""city"": ""CHENNAI-KILAMBAKKAM-KCBT"", ""landmark"": ""CHENNAI KALAIGNAR CBT"", ""time"": ""16:00""}]",2026-01-13T18:02:33.236980
0930MADKCBAB,,SETC,MADURAI,CHENNAI,,,9.00Hrs,37 Seats Available,Standard,Rs 565/869,16/01/2026,"[{""city"": ""&nbsp;"", ""landmark"": """", ""time"": ""Service&nbsp;Details""}, {""city"": ""0930MADKCBAB"", ""landmark"": ""Route&nbsp;No.&nbsp;:"", ""time"": ""137AB""}, {""city"": ""MADURAI"", ""landmark"": ""To&nbsp;Place&nbsp;:"", ""time"": ""CHENNAI-KILAMBAKKAM-KCBT""}, {""city"": ""16/01/2026"", ""landmark"": ""Journey&nbsp;Hours&nbsp;*:"", ""time"": ""9:00""}, {""city"": ""436.00"", ""landmark"": ""Corporation&nbsp;:"", ""time"": ""SETC""}, {""city"": ""&nbsp;"", ""landmark"": ""Adult&nbsp;Fare&nbsp;**"", ""time"": ""565""}, {""city"": ""City"", ""landmark"": ""Land&nbsp;Mark&nbsp;"", ""time"": ""Dep.&nbsp;Time&nbsp;""}, {""city"": ""MADURAI"", ""landmark"": ""MATTUTHAVANI BS"", ""time"": ""09:30""}, {""city"": ""MADURAI"", ""landmark"": ""OTTHAKADAI  BYE PASS"", ""time"": ""09:45""}, {""city"": ""MADURAI"", ""landmark"": ""CHITTAMPATTI TOLL"", ""time"": ""09:55""}, {""city"": ""MADURAI"", ""landmark"": ""MELUR BYE PASS"", ""time"": ""10:15""}, {""city"": ""MADURAI"", ""landmark"": ""KARUNGALAKUDI BYE PASS"", ""time"": ""10:30""}, {""city"": ""CHENNAI-KILAMBAKKAM-KCBT"", ""landmark"": ""CHENNAI KALAIGNAR CBT"", ""time"": ""18:30""}]",2026-01-13T18:02:33.236980
0930MADKCBAB,,SETC,MADURAI,CHENNAI,,,9.00Hrs,37 Seats Available,Standard,Rs 565/869,16/01/2026,"[{""city"": ""&nbsp;"", ""landmark"": """", ""time"": ""Service&nbsp;Details""}, {""city"": ""0930MADKCBAB"", ""landmark"": ""Route&nbsp;No.&nbsp;:"", ""time"": ""137AB""}, {""city"": ""MADURAI"", ""landmark"": ""To&nbsp;Place&nbsp;:"", ""time"": ""CHENNAI-KILAMBAKKAM-KCBT""}, {""city"": ""16/01/2026"", ""landmark"": ""Journey&nbsp;Hours&nbsp;*:"", ""time"": ""9:00""}, {""city"": ""436.00"", ""landmark"": ""Corporation&nbsp;:"", ""time"": ""SETC""}, {""city"": ""&nbsp;"", ""landmark"": ""Adult&nbsp;Fare&nbsp;**"", ""time"": ""565""}, {""city"": ""City"", ""landmark"": ""Land&nbsp;Mark&nbsp;"", ""time"": ""Dep.&nbsp;Time&nbsp;""}, {""city"": ""MADURAI"", ""landmark"": ""MATTUTHAVANI BS"", ""time"": ""09:30""}, {""city"": ""MADURAI"", ""landmark"": ""OTTHAKADAI  BYE PASS"", ""time"": ""09:45""}, {""city"": ""MADURAI"", ""landmark"": ""CHITTAMPATTI TOLL"", ""time"": ""09:55""}, {""city"": ""MADURAI"", ""landmark"": ""MELUR BYE PASS"", ""time"": ""10:15""}, {""city"": ""MADURAI"", ""landmark"": ""KARUNGALAKUDI BYE PASS"", ""time"": ""10:30""}, {""city"": ""CHENNAI-KILAMBAKKAM-KCBT"", ""landmark"": ""CHENNAI KALAIGNAR CBT"", ""time"": ""18:30""}]",2026-01-13T18:02:33.236980
1000MADKCBNS,,SETC,MADURAI,CHENNAI,,,9.00Hrs,37 Seats Available,Standard,Rs 437/675,16/01/2026,"[{""city"": ""&nbsp;"", ""landmark"": """", ""time"": ""Service&nbsp;Details""}, {""city"": ""1000MADKCBNS"", ""landmark"": ""Route&nbsp;No.&nbsp;:"", ""time"": ""137NS""}, {""city"": ""MADURAI"", ""landmark"": ""To&nbsp;Place&nbsp;:"", ""time"": ""CHENNAI-KILAMBAKKAM-KCBT""}, {""city"": ""16/01/2026"", ""landmark"": ""Journey&nbsp;Hours&nbsp;*:"", ""time"": ""9:00""}, {""city"": ""436.00"", ""landmark"": ""Corporation&nbsp;:"", ""time"": ""SETC""}, {""city"": ""&nbsp;"", ""landmark"": ""Adult&nbsp;Fare&nbsp;**"", ""time"": ""437""}, {""city"": ""City"", ""landmark"": ""Land&nbsp;Mark&nbsp;"", ""time"": ""Dep.&nbsp;Time&nbsp;""}, {""city"": ""MADURAI"", ""landmark"": ""MATTUTHAVANI BS"", ""time"": ""10:00""}, {""city"": ""CHENNAI-KILAMBAKKAM-KCBT"", ""landmark"": ""CHENNAI KALAIGNAR CBT"", ""time"": ""17:00""}]",2026-01-13T18:02:33.236980
1000MADKCBNS,,SETC,MADURAI,CHENNAI,,,9.00Hrs,37 Seats Available,Standard,Rs 437/675,16/01/2026,"[{""city"": ""&nbsp;"", ""landmark"": """", ""time"": ""Service&nbsp;Details""}, {""city"": ""1000MADKCBNS"", ""landmark"": ""Route&nbsp;No.&nbsp;:"", ""time"": ""137NS""}, {""city"": ""MADURAI"", ""landmark"": ""To&nbsp;Place&nbsp;:"", ""time"": ""CHENNAI-KILAMBAKKAM-KCBT""}, {""city"": ""16/01/2026"", ""landmark"": ""Journey&nbsp;Hours&nbsp;*:"", ""time"": ""9:00""}, {""city"": ""436.00"", ""landmark"": ""Corporation&nbsp;:"", ""time"": ""SETC""}, {""city"": ""&nbsp;"", ""landmark"": ""Adult&nbsp;Fare&nbsp;**"", ""time"": ""437""}, {""city"": ""City"", ""landmark"": ""Land&nbsp;Mark&nbsp;"", ""time"": ""Dep.&nbsp;Time&nbsp;""}, {""city"": ""MADURAI"", ""landmark"": ""MATTUTHAVANI BS"", ""time"": ""10:00""}, {""city"": ""CHENNAI-KILAMBAKKAM-KCBT"", ""landmark"": ""CHENNAI KALAIGNAR CBT"", ""time"": ""17:00""}]",2026-01-13T18:02:33.236980
1030MADKCBAL,,SETC,MADURAI,CHENNAI,,,7.00Hrs,33 Seats Available,Standard,Rs 565/869,16/01/2026,"[{""city"": ""&nbsp;"", ""landmark"": """", ""time"": ""Service&nbsp;Details""}, {""city"": ""1030MADKCBAL"", ""landmark"": ""Route&nbsp;No.&nbsp;:"", ""time"": ""137AL""}, {""city"": ""MADURAI"", ""landmark"": ""To&nbsp;Place&nbsp;:"", ""time"": ""CHENNAI-KILAMBAKKAM-KCBT""}, {""city"": ""16/01/2026"", ""landmark"": ""Journey&nbsp;Hours&nbsp;*:"", ""time"": ""7:00""}, {""city"": ""436.00"", ""landmark"": ""Corporation&nbsp;:"", ""time"": ""SETC""}, {""city"": ""&nbsp;"", ""landmark"": ""Adult&nbsp;Fare&nbsp;**"", ""time"": ""565""}, {""city"": ""City"", ""landmark"": ""Land&nbsp;Mark&nbsp;"", ""time"": ""Dep.&nbsp;Time&nbsp;""}, {""city"": ""MADURAI"", ""landmark"": ""MATTUTHAVANI BS"", ""time"": ""10:30""}, {""city"": ""MADURAI"", ""landmark"": ""OTTHAKADAI  BYE PASS"", ""time"": ""10:45""}, {""city"": ""MADURAI"", ""landmark"": ""CHITTAMPATTI TOLL"", ""time"": ""11:15""}, {""city"": ""CHENNAI-KILAMBAKKAM-KCBT"", ""landmark"": ""CHENNAI KALAIGNAR CBT"", ""time"": ""17:30""}]",2026-01-13T18:02:33.236980
1030MADKCBAL,,SETC,MADURAI,CHENNAI,,,7.00Hrs,33 Seats Available,Standard,Rs 565/869,16/01/2026,"[{""city"": ""&nbsp;"", ""landmark"": """", ""time"": ""Service&nbsp;Details""}, {""city"": ""1030MADKCBAL"", ""landmark"": ""Route&nbsp;No.&nbsp;:"", ""time"": ""137AL""}, {""city"": ""MADURAI"", ""landmark"": ""To&nbsp;Place&nbsp;:"", ""time"": ""CHENNAI-KILAMBAKKAM-KCBT""}, {""city"": ""16/01/2026"", ""landmark"": ""Journey&nbsp;Hours&nbsp;*:"", ""time"": ""7:00""}, {""city"": ""436.00"", ""landmark"": ""Corporation&nbsp;:"", ""time"": ""SETC""}, {""city"": ""&nbsp;"", ""landmark"": ""Adult&nbsp;Fare&nbsp;**"", ""time"": ""565""}, {""city"": ""City"", ""landmark"": ""Land&nbsp;Mark&nbsp;"", ""time"": ""Dep.&nbsp;Time&nbsp;""}, {""city"": ""MADURAI"", ""landmark"": ""MATTUTHAVANI BS"", ""time"": ""10:30""}, {""city"": ""MADURAI"", ""landmark"": ""OTTHAKADAI  BYE PASS"", ""time"": ""10:45""}, {""city"": ""MADURAI"", ""landmark"": ""CHITTAMPATTI TOLL"", ""time"": ""11:15""}, {""city"": ""CHENNAI-KILAMBAKKAM-KCBT"", ""landmark"": ""CHENNAI KALAIGNAR CBT"", ""time"": ""17:30""}]",2026-01-13T18:02:33.236980
1100MADKCBAB,,SETC,MADURAI,CHENNAI,,,9.00Hrs,37 Seats Available,Standard,Rs 565/869,16/01/2026,"[{""city"": ""&nbsp;"", ""landmark"": """", ""time"": ""Service&nbsp;Details""}, {""city"": ""1100MADKCBAB"", ""landmark"": ""Route&nbsp;No.&nbsp;:"", ""time"": ""137AB""}, {""city"": ""MADURAI"", ""landmark"": ""To&nbsp;Place&nbsp;:"", ""time"": ""CHENNAI-KILAMBAKKAM-KCBT""}, {""city"": ""16/01/2026"", ""landmark"": ""Journey&nbsp;Hours&nbsp;*:"", ""time"": ""9:00""}, {""city"": ""436.00"", ""landmark"": ""Corporation&nbsp;:"", ""time"": ""SETC""}, {""city"": ""&nbsp;"", ""landmark"": ""Adult&nbsp;Fare&nbsp;**"", ""time"": ""565""}, {""city"": ""City"", ""landmark"": ""Land&nbsp;Mark&nbsp;"", ""time"": ""Dep.&nbsp;Time&nbsp;""}, {""city"": ""MADURAI"", ""landmark"": ""MATTUTHAVANI BS"", ""time"": ""11:00""}, {""city"": ""MADURAI"", ""landmark"": ""OTTHAKADAI  BYE PASS"", ""time"": ""11:15""}, {""city"": ""MADURAI"", ""landmark"": ""CHITTAMPATTI TOLL"", ""time"": ""11:25""}, {""city"": ""MADURAI"", ""landmark"": ""MELUR BYE PASS"", ""time"": ""11:45""}, {""city"": ""MADURAI"", ""landmark"": ""KARUNGALAKUDI BYE PASS"", ""time"": ""12:00""}, {""city"": ""CHENNAI-KILAMBAKKAM-KCBT"", ""landmark"": ""CHENNAI KALAIGNAR CBT"", ""time"": ""20:00""}]",2026-01-13T18:02:33.236980
1100MADKCBAB,,SETC,MADURAI,CHENNAI,,,9.00Hrs,37 Seats Available,Standard,Rs 565/869,16/01/2026,"[{""city"": ""&nbsp;"", ""landmark"": """", ""time"": ""Service&nbsp;Details""}, {""city"": ""1100MADKCBAB"", ""landmark"": ""Route&nbsp;No.&nbsp;:"", ""time"": ""137AB""}, {""city"": ""MADURAI"", ""landmark"": ""To&nbsp;Place&nbsp;:"", ""time"": ""CHENNAI-KILAMBAKKAM-KCBT""}, {""city"": ""16/01/2026"", ""landmark"": ""Journey&nbsp;Hours&nbsp;*:"", ""time"": ""9:00""}, {""city"": ""436.00"", ""landmark"": ""Corporation&nbsp;:"", ""time"": ""SETC""}, {""city"": ""&nbsp;"", ""landmark"": ""Adult&nbsp;Fare&nbsp;**"", ""time"": ""565""}, {""city"": ""City"", ""landmark"": ""Land&nbsp;Mark&nbsp;"", ""time"": ""Dep.&nbsp;Time&nbsp;""}, {""city"": ""MADURAI"", ""landmark"": ""MATTUTHAVANI BS"", ""time"": ""11:00""}, {""city"": ""MADURAI"", ""landmark"": ""OTTHAKADAI  BYE PASS"", ""time"": ""11:15""}, {""city"": ""MADURAI"", ""landmark"": ""CHITTAMPATTI TOLL"", ""time"": ""11:25""}, {""city"": ""MADURAI"", ""landmark"": ""MELUR BYE PASS"", ""time"": ""11:45""}, {""city"": ""MADURAI"", ""landmark"": ""KARUNGALAKUDI BYE PASS"", ""time"": ""12:00""}, {""city"": ""CHENNAI-KILAMBAKKAM-KCBT"", ""landmark"": ""CHENNAI KALAIGNAR CBT"", ""time"": ""20:00""}]",2026-01-13T18:02:33.236980
1130MADKCBLB,,SETC,MADURAI,CHENNAI,,,9.00Hrs,28 Seats Available,Standard,Rs 437/675,16/01/2026,"[{""city"": ""&nbsp;"", ""landmark"": """", ""time"": ""Service&nbsp;Details""}, {""city"": ""1130MADKCBLB"", ""landmark"": ""Route&nbsp;No.&nbsp;:"", ""time"": ""137LB""}, {""city"": ""MADURAI"", ""landmark"": ""To&nbsp;Place&nbsp;:"", ""time"": ""CHENNAI-KILAMBAKKAM-KCBT""}, {""city"": ""16/01/2026"", ""landmark"": ""Journey&nbsp;Hours&nbsp;*:"", ""time"": ""9:00""}, {""city"": ""436.00"", ""landmark"": ""Corporation&nbsp;:"", ""time"": ""SETC""}, {""city"": ""&nbsp;"", ""landmark"": ""Adult&nbsp;Fare&nbsp;**"", ""time"": ""437""}, {""city"": ""City"", ""landmark"": ""Land&nbsp;Mark&nbsp;"", ""time"": ""Dep.&nbsp;Time&nbsp;""}, {""city"": ""MADURAI"", ""landmark"": ""MATTUTHAVANI BS"", ""time"": ""11:30""}, {""city"": ""MADURAI"", ""landmark"": ""OTTHAKADAI  BYE PASS"", ""time"": ""11:45""}, {""city"": ""MADURAI"", ""landmark"": ""CHITTAMPATTI TOLL"", ""time"": ""11:55""}, {""city"": ""MADURAI"", ""landmark"": ""MELUR BYE PASS"", ""time"": ""12:15""}, {""city"": ""MADURAI"", ""landmark"": ""KARUNGALAKUDI BYE PASS"", ""time"": ""12:30""}, {""city"": ""CHENNAI-KILAMBAKKAM-KCBT"", ""landmark"": ""CHENNAI KALAIGNAR CBT"", ""time"": ""20:30""}]",2026-01-13T18:02:33.236980
1130MADKCBLB,,SETC,MADURAI,CHENNAI,,,9.00Hrs,28 Seats Available,Standard,Rs 437/675,16/01/2026,"[{""city"": ""&nbsp;"", ""landmark"": """", ""time"": ""Service&nbsp;Details""}, {""city"": ""1130MADKCBLB"", ""landmark"": ""Route&nbsp;No.&nbsp;:"", ""time"": ""137LB""}, {""city"": ""MADURAI"", ""landmark"": ""To&nbsp;Place&nbsp;:"", ""time"": ""CHENNAI-KILAMBAKKAM-KCBT""}, {""city"": ""16/01/2026"", ""landmark"": ""Journey&nbsp;Hours&nbsp;*:"", ""time"": ""9:00""}, {""city"": ""436.00"", ""landmark"": ""Corporation&nbsp;:"", ""time"": ""SETC""}, {""city"": ""&nbsp;"", ""landmark"": ""Adult&nbsp;Fare&nbsp;**"", ""time"": ""437""}, {""city"": ""City"", ""landmark"": ""Land&nbsp;Mark&nbsp;"", ""time"": ""Dep.&nbsp;Time&nbsp;""}, {""city"": ""MADURAI"", ""landmark"": ""MATTUTHAVANI BS"", ""time"": ""11:30""}, {""city"": ""MADURAI"", ""landmark"": ""OTTHAKADAI  BYE PASS"", ""time"": ""11:45""}, {""city"": ""MADURAI"", ""landmark"": ""CHITTAMPATTI TOLL"", ""time"": ""11:55""}, {""city"": ""MADURAI"", ""landmark"": ""MELUR BYE PASS"", ""time"": ""12:15""}, {""city"": ""MADURAI"", ""landmark"": ""KARUNGALAKUDI BYE PASS"", ""time"": ""12:30""}, {""city"": ""CHENNAI-KILAMBAKKAM-KCBT"", ""landmark"": ""CHENNAI KALAIGNAR CBT"", ""time"": ""20:30""}]",2026-01-13T18:02:33.236980
1200MADKCB,,SETC,MADURAI,CHENNAI,,,9.00Hrs,33 Seats Available,Standard,Rs 437,16/01/2026,"[{""city"": ""&nbsp;"", ""landmark"": """", ""time"": ""Service&nbsp;Details""}, {""city"": ""1200MADKCB"", ""landmark"": ""Route&nbsp;No.&nbsp;:"", ""time"": ""137UD""}, {""city"": ""MADURAI"", ""landmark"": ""To&nbsp;Place&nbsp;:"", ""time"": ""CHENNAI-KILAMBAKKAM-KCBT""}, {""city"": ""16/01/2026"", ""landmark"": ""Journey&nbsp;Hours&nbsp;*:"", ""time"": ""9:00""}, {""city"": ""436.00"", ""landmark"": ""Corporation&nbsp;:"", ""time"": ""SETC""}, {""city"": ""&nbsp;"", ""landmark"": ""Adult&nbsp;Fare&nbsp;**"", ""time"": ""437""}, {""city"": ""City"", ""landmark"": ""Land&nbsp;Mark&nbsp;"", ""time"": ""Dep.&nbsp;Time&nbsp;""}, {""city"": ""MADURAI"", ""landmark"": ""MATTUTHAVANI BS"", ""time"": ""12:00""}, {""city"": ""MADURAI"", ""landmark"": ""OTTHAKADAI  BYE PASS"", ""time"": ""12:15""}, {""city"": ""MADURAI"", ""landmark"": ""CHITTAMPATTI TOLL"", ""time"": ""12:25""}, {""city"": ""MADURAI"", ""landmark"": ""MELUR BYE PASS"", ""time"": ""12:45""}, {""city"": ""MADURAI"", ""landmark"": ""KARUNGALAKUDI BYE PASS"", ""time"": ""13:00""}, {""city"": ""CHENNAI-KILAMBAKKAM-KCBT"", ""landmark"": ""CHENNAI KALAIGNAR CBT"", ""time"": ""21:30""}]",2026-01-13T18:02:33.236980
1200MADKCB,,SETC,MADURAI,CHENNAI,,,9.00Hrs,33 Seats Available,Standard,Rs 437,16/01/2026,"[{""city"": ""&nbsp;"", ""landmark"": """", ""time"": ""Service&nbsp;Details""}, {""city"": ""1200MADKCB"", ""landmark"": ""Route&nbsp;No.&nbsp;:"", ""time"": ""137UD""}, {""city"": ""MADURAI"", ""landmark"": ""To&nbsp;Place&nbsp;:"", ""time"": ""CHENNAI-KILAMBAKKAM-KCBT""}, {""city"": ""16/01/2026"", ""landmark"": ""Journey&nbsp;Hours&nbsp;*:"", ""time"": ""9:00""}, {""city"": ""436.00"", ""landmark"": ""Corporation&nbsp;:"", ""time"": ""SETC""}, {""city"": ""&nbsp;"", ""landmark"": ""Adult&nbsp;Fare&nbsp;**"", ""time"": ""437""}, {""city"": ""City"", ""landmark"": ""Land&nbsp;Mark&nbsp;"", ""time"": ""Dep.&nbsp;Time&nbsp;""}, {""city"": ""MADURAI"", ""landmark"": ""MATTUTHAVANI BS"", ""time"": ""12:00""}, {""city"": ""MADURAI"", ""landmark"": ""OTTHAKADAI  BYE PASS"", ""time"": ""12:15""}, {""city"": ""MADURAI"", ""landmark"": ""CHITTAMPATTI TOLL"", ""time"": ""12:25""}, {""city"": ""MADURAI"", ""landmark"": ""MELUR BYE PASS"", ""time"": ""12:45""}, {""city"": ""MADURAI"", ""landmark"": ""KARUNGALAKUDI BYE PASS"", ""time"": ""13:00""}, {""city"": ""CHENNAI-KILAMBAKKAM-KCBT"", ""landmark"": ""CHENNAI KALAIGNAR CBT"", ""time"": ""21:30""}]",2026-01-13T18:02:33.236980
1200MADKCBAB,,SETC,MADURAI,CHENNAI,,,9.00Hrs,37 Seats Available,Standard,Rs 565/869,16/01/2026,"[{""city"": ""&nbsp;"", ""landmark"": """", ""time"": ""Service&nbsp;Details""}, {""city"": ""1200MADKCBAB"", ""landmark"": ""Route&nbsp;No.&nbsp;:"", ""time"": ""137AB""}, {""city"": ""MADURAI"", ""landmark"": ""To&nbsp;Place&nbsp;:"", ""time"": ""CHENNAI-KILAMBAKKAM-KCBT""}, {""city"": ""16/01/2026"", ""landmark"": ""Journey&nbsp;Hours&nbsp;*:"", ""time"": ""9:00""}, {""city"": ""436.00"", ""landmark"": ""Corporation&nbsp;:"", ""time"": ""SETC""}, {""city"": ""&nbsp;"", ""landmark"": ""Adult&nbsp;Fare&nbsp;**"", ""time"": ""565""}, {""city"": ""City"", ""landmark"": ""Land&nbsp;Mark&nbsp;"", ""time"": ""Dep.&nbsp;Time&nbsp;""}, {""city"": ""MADURAI"", ""landmark"": ""MATTUTHAVANI BS"", ""time"": ""12:00""}, {""city"": ""MADURAI"", ""landmark"": ""OTTHAKADAI  BYE PASS"", ""time"": ""12:15""}, {""city"": ""MADURAI"", ""landmark"": ""CHITTAMPATTI TOLL"", ""time"": ""12:25""}, {""city"": ""MADURAI"", ""landmark"": ""MELUR BYE PASS"", ""time"": ""12:45""}, {""city"": ""MADURAI"", ""landmark"": ""KARUNGALAKUDI BYE PASS"", ""time"": ""13:00""}, {""city"": ""CHENNAI-KILAMBAKKAM-KCBT"", ""landmark"": ""CHENNAI KALAIGNAR CBT"", ""time"": ""21:00""}]",2026-01-13T18:02:33.236980
1200MADKCBAB,,SETC,MADURAI,CHENNAI,,,9.00Hrs,37 Seats Available,Standard,Rs 565/869,16/01/2026,"[{""city"": ""&nbsp;"", ""landmark"": """", ""time"": ""Service&nbsp;Details""}, {""city"": ""1200MADKCBAB"", ""landmark"": ""Route&nbsp;No.&nbsp;:"", ""time"": ""137AB""}, {""city"": ""MADURAI"", ""landmark"": ""To&nbsp;Place&nbsp;:"", ""time"": ""CHENNAI-KILAMBAKKAM-KCBT""}, {""city"": ""16/01/2026"", ""landmark"": ""Journey&nbsp;Hours&nbsp;*:"", ""time"": ""9:00""}, {""city"": ""436.00"", ""landmark"": ""Corporation&nbsp;:"", ""time"": ""SETC""}, {""city"": ""&nbsp;"", ""landmark"": ""Adult&nbsp;Fare&nbsp;**"", ""time"": ""565""}, {""city"": ""City"", ""landmark"": ""Land&nbsp;Mark&nbsp;"", ""time"": ""Dep.&nbsp;Time&nbsp;""}, {""city"": ""MADURAI"", ""landmark"": ""MATTUTHAVANI BS"", ""time"": ""12:00""}, {""city"": ""MADURAI"", ""landmark"": ""OTTHAKADAI  BYE PASS"", ""time"": ""12:15""}, {""city"": ""MADURAI"", ""landmark"": ""CHITTAMPATTI TOLL"", ""time"": ""12:25""}, {""city"": ""MADURAI"", ""landmark"": ""MELUR BYE PASS"", ""time"": ""12:45""}, {""city"": ""MADURAI"", ""landmark"": ""KARUNGALAKUDI BYE PASS"", ""time"": ""13:00""}, {""city"": ""CHENNAI-KILAMBAKKAM-KCBT"", ""landmark"": ""CHENNAI KALAIGNAR CBT"", ""time"": ""21:00""}]",2026-01-13T18:02:33.236980
1231MADKCBLB,,SETC,MADURAI,CHENNAI,,,9.00Hrs,33 Seats Available,Standard,Rs 437/675,16/01/2026,"[{""city"": ""&nbsp;"", ""landmark"": """", ""time"": ""Service&nbsp;Details""}, {""city"": ""1231MADKCBLB"", ""landmark"": ""Route&nbsp;No.&nbsp;:"", ""time"": ""137LB""}, {""city"": ""MADURAI"", ""landmark"": ""To&nbsp;Place&nbsp;:"", ""time"": ""CHENNAI-KILAMBAKKAM-KCBT""}, {""city"": ""16/01/2026"", ""landmark"": ""Journey&nbsp;Hours&nbsp;*:"", ""time"": ""9:00""}, {""city"": ""436.00"", ""landmark"": ""Corporation&nbsp;:"", ""time"": ""SETC""}, {""city"": ""&nbsp;"", ""landmark"": ""Adult&nbsp;Fare&nbsp;**"", ""time"": ""437""}, {""city"": ""City"", ""landmark"": ""Land&nbsp;Mark&nbsp;"", ""time"": ""Dep.&nbsp;Time&nbsp;""}, {""city"": ""MADURAI"", ""landmark"": ""MATTUTHAVANI BS"", ""time"": ""12:31""}, {""city"": ""MADURAI"", ""landmark"": ""OTTHAKADAI  BYE PASS"", ""time"": ""12:46""}, {""city"": ""MADURAI"", ""landmark"": ""CHITTAMPATTI TOLL"", ""time"": ""12:56""}, {""city"": ""MADURAI"", ""landmark"": ""MELUR BYE PASS"", ""time"": ""13:16""}, {""city"": ""MADURAI"", ""landmark"": ""KARUNGALAKUDI BYE PASS"", ""time"": ""13:31""}, {""city"": ""CHENNAI-KILAMBAKKAM-KCBT"", ""landmark"": ""CHENNAI KALAIGNAR CBT"", ""time"": ""21:31""}]",2026-01-13T18:02:33.236980
1231MADKCBLB,,SETC,MADURAI,CHENNAI,,,9.00Hrs,33 Seats Available,Standard,Rs 437/675,16/01/2026,"[{""city"": ""&nbsp;"", ""landmark"": """", ""time"": ""Service&nbsp;Details""}, {""city"": ""1231MADKCBLB"", ""landmark"": ""Route&nbsp;No.&nbsp;:"", ""time"": ""137LB""}, {""city"": ""MADURAI"", ""landmark"": ""To&nbsp;Place&nbsp;:"", ""time"": ""CHENNAI-KILAMBAKKAM-KCBT""}, {""city"": ""16/01/2026"", ""landmark"": ""Journey&nbsp;Hours&nbsp;*:"", ""time"": ""9:00""}, {""city"": ""436.00"", ""landmark"": ""Corporation&nbsp;:"", ""time"": ""SETC""}, {""city"": ""&nbsp;"", ""landmark"": ""Adult&nbsp;Fare&nbsp;**"", ""time"": ""437""}, {""city"": ""City"", ""landmark"": ""Land&nbsp;Mark&nbsp;"", ""time"": ""Dep.&nbsp;Time&nbsp;""}, {""city"": ""MADURAI"", ""landmark"": ""MATTUTHAVANI BS"", ""time"": ""12:31""}, {""city"": ""MADURAI"", ""landmark"": ""OTTHAKADAI  BYE PASS"", ""time"": ""12:46""}, {""city"": ""MADURAI"", ""landmark"": ""CHITTAMPATTI TOLL"", ""time"": ""12:56""}, {""city"": ""MADURAI"", ""landmark"": ""MELUR BYE PASS"", ""time"": ""13:16""}, {""city"": ""MADURAI"", ""landmark"": ""KARUNGALAKUDI BYE PASS"", ""time"": ""13:31""}, {""city"": ""CHENNAI-KILAMBAKKAM-KCBT"", ""landmark"": ""CHENNAI KALAIGNAR CBT"", ""time"": ""21:31""}]",2026-01-13T18:02:33.236980
1300MADKCBAB,,SETC,MADURAI,CHENNAI,,,9.00Hrs,35 Seats Available,Standard,Rs 565/869,16/01/2026,"[{""city"": ""&nbsp;"", ""landmark"": """", ""time"": ""Service&nbsp;Details""}, {""city"": ""1300MADKCBAB"", ""landmark"": ""Route&nbsp;No.&nbsp;:"", ""time"": ""137AB""}, {""city"": ""MADURAI"", ""landmark"": ""To&nbsp;Place&nbsp;:"", ""time"": ""CHENNAI-KILAMBAKKAM-KCBT""}, {""city"": ""16/01/2026"", ""landmark"": ""Journey&nbsp;Hours&nbsp;*:"", ""time"": ""9:00""}, {""city"": ""436.00"", ""landmark"": ""Corporation&nbsp;:"", ""time"": ""SETC""}, {""city"": ""&nbsp;"", ""landmark"": ""Adult&nbsp;Fare&nbsp;**"", ""time"": ""565""}, {""city"": ""City"", ""landmark"": ""Land&nbsp;Mark&nbsp;"", ""time"": ""Dep.&nbsp;Time&nbsp;""}, {""city"": ""MADURAI"", ""landmark"": ""MATTUTHAVANI BS"", ""time"": ""13:00""}, {""city"": ""MADURAI"", ""landmark"": ""OTTHAKADAI  BYE PASS"", ""time"": ""13:15""}, {""city"": ""MADURAI"", ""landmark"": ""CHITTAMPATTI TOLL"", ""time"": ""13:25""}, {""city"": ""MADURAI"", ""landmark"": ""MELUR BYE PASS"", ""time"": ""13:45""}, {""city"": ""MADURAI"", ""landmark"": ""KARUNGALAKUDI BYE PASS"", ""time"": ""14:00""}, {""city"": ""CHENNAI-KILAMBAKKAM-KCBT"", ""landmark"": ""CHENNAI KALAIGNAR CBT"", ""time"": ""22:00""}]",2026-01-13T18:02:33.236980
1300MADKCBAB,,SETC,MADURAI,CHENNAI,,,9.00Hrs,35 Seats Available,Standard,Rs 565/869,16/01/2026,"[{""city"": ""&nbsp;"", ""landmark"": """", ""time"": ""Service&nbsp;Details""}, {""city"": ""1300MADKCBAB"", ""landmark"": ""Route&nbsp;No.&nbsp;:"", ""time"": ""137AB""}, {""city"": ""MADURAI"", ""landmark"": ""To&nbsp;Place&nbsp;:"", ""time"": ""CHENNAI-KILAMBAKKAM-KCBT""}, {""city"": ""16/01/2026"", ""landmark"": ""Journey&nbsp;Hours&nbsp;*:"", ""time"": ""9:00""}, {""city"": ""436.00"", ""landmark"": ""Corporation&nbsp;:"", ""time"": ""SETC""}, {""city"": ""&nbsp;"", ""landmark"": ""Adult&nbsp;Fare&nbsp;**"", ""time"": ""565""}, {""city"": ""City"", ""landmark"": ""Land&nbsp;Mark&nbsp;"", ""time"": ""Dep.&nbsp;Time&nbsp;""}, {""city"": ""MADURAI"", ""landmark"": ""MATTUTHAVANI BS"", ""time"": ""13:00""}, {""city"": ""MADURAI"", ""landmark"": ""OTTHAKADAI  BYE PASS"", ""time"": ""13:15""}, {""city"": ""MADURAI"", ""landmark"": ""CHITTAMPATTI TOLL"", ""time"": ""13:25""}, {""city"": ""MADURAI"", ""landmark"": ""MELUR BYE PASS"", ""time"": ""13:45""}, {""city"": ""MADURAI"", ""landmark"": ""KARUNGALAKUDI BYE PASS"", ""time"": ""14:00""}, {""city"": ""CHENNAI-KILAMBAKKAM-KCBT"", ""landmark"": ""CHENNAI KALAIGNAR CBT"", ""time"": ""22:00""}]",2026-01-13T18:02:33.236980
1400MADKCBAC,,SETC,MADURAI,CHENNAI,,,9.00Hrs,31 Seats Available,Standard,Rs 565,16/01/2026,"[{""city"": ""&nbsp;"", ""landmark"": """", ""time"": ""Service&nbsp;Details""}, {""city"": ""1400MADKCBAC"", ""landmark"": ""Route&nbsp;No.&nbsp;:"", ""time"": ""137AC""}, {""city"": ""MADURAI"", ""landmark"": ""To&nbsp;Place&nbsp;:"", ""time"": ""CHENNAI-KILAMBAKKAM-KCBT""}, {""city"": ""16/01/2026"", ""landmark"": ""Journey&nbsp;Hours&nbsp;*:"", ""time"": ""9:00""}, {""city"": ""436.00"", ""landmark"": ""Corporation&nbsp;:"", ""time"": ""SETC""}, {""city"": ""&nbsp;"", ""landmark"": ""Adult&nbsp;Fare&nbsp;**"", ""time"": ""565""}, {""city"": ""City"", ""landmark"": ""Land&nbsp;Mark&nbsp;"", ""time"": ""Dep.&nbsp;Time&nbsp;""}, {""city"": ""MADURAI"", ""landmark"": ""MATTUTHAVANI BS"", ""time"": ""14:00""}, {""city"": ""MADURAI"", ""landmark"": ""OTTHAKADAI  BYE PASS"", ""time"": ""14:15""}, {""city"": ""MADURAI"", ""landmark"": ""CHITTAMPATTI TOLL"", ""time"": ""14:45""}, {""city"": ""MADURAI"", ""landmark"": ""MELUR BYE PASS"", ""time"": ""15:10""}, {""city"": ""MADURAI"", ""landmark"": ""KARUNGALAKUDI BYE PASS"", ""time"": ""15:30""}, {""city"": ""CHENNAI-KILAMBAKKAM-KCBT"", ""landmark"": ""CHENNAI KALAIGNAR CBT"", ""time"": ""21:00""}]",2026-01-13T18:02:33.236980
1400MADKCBAC,,SETC,MADURAI,CHENNAI,,,9.00Hrs,31 Seats Available,Standard,Rs 565,16/01/2026,"[{""city"": ""&nbsp;"", ""landmark"": """", ""time"": ""Service&nbsp;Details""}, {""city"": ""1400MADKCBAC"", ""landmark"": ""Route&nbsp;No.&nbsp;:"", ""time"": ""137AC""}, {""city"": ""MADURAI"", ""landmark"": ""To&nbsp;Place&nbsp;:"", ""time"": ""CHENNAI-KILAMBAKKAM-KCBT""}, {""city"": ""16/01/2026"", ""landmark"": ""Journey&nbsp;Hours&nbsp;*:"", ""time"": ""9:00""}, {""city"": ""436.00"", ""landmark"": ""Corporation&nbsp;:"", ""time"": ""SETC""}, {""city"": ""&nbsp;"", ""landmark"": ""Adult&nbsp;Fare&nbsp;**"", ""time"": ""565""}, {""city"": ""City"", ""landmark"": ""Land&nbsp;Mark&nbsp;"", ""time"": ""Dep.&nbsp;Time&nbsp;""}, {""city"": ""MADURAI"", ""landmark"": ""MATTUTHAVANI BS"", ""time"": ""14:00""}, {""city"": ""MADURAI"", ""landmark"": ""OTTHAKADAI  BYE PASS"", ""time"": ""14:15""}, {""city"": ""MADURAI"", ""landmark"": ""CHITTAMPATTI TOLL"", ""time"": ""14:45""}, {""city"": ""MADURAI"", ""landmark"": ""MELUR BYE PASS"", ""time"": ""15:10""}, {""city"": ""MADURAI"", ""landmark"": ""KARUNGALAKUDI BYE PASS"", ""time"": ""15:30""}, {""city"": ""CHENNAI-KILAMBAKKAM-KCBT"", ""landmark"": ""CHENNAI KALAIGNAR CBT"", ""time"": ""21:00""}]",2026-01-13T18:02:33.236980
1615MADKCBNS,,SETC,MADURAI,CHENNAI,,,9.00Hrs,34 Seats Available,Standard,Rs 437/675,16/01/2026,"[{""city"": ""&nbsp;"", ""landmark"": """", ""time"": ""Service&nbsp;Details""}, {""city"": ""1615MADKCBNS"", ""landmark"": ""Route&nbsp;No.&nbsp;:"", ""time"": ""137NS""}, {""city"": ""MADURAI"", ""landmark"": ""To&nbsp;Place&nbsp;:"", ""time"": ""CHENNAI-KILAMBAKKAM-KCBT""}, {""city"": ""16/01/2026"", ""landmark"": ""Journey&nbsp;Hours&nbsp;*:"", ""time"": ""9:00""}, {""city"": ""436.00"", ""landmark"": ""Corporation&nbsp;:"", ""time"": ""SETC""}, {""city"": ""&nbsp;"", ""landmark"": ""Adult&nbsp;Fare&nbsp;**"", ""time"": ""437""}, {""city"": ""City"", ""landmark"": ""Land&nbsp;Mark&nbsp;"", ""time"": ""Dep.&nbsp;Time&nbsp;""}, {""city"": ""MADURAI"", ""landmark"": ""MATTUTHAVANI BS"", ""time"": ""16:15""}, {""city"": ""MADURAI"", ""landmark"": ""OTTHAKADAI  BYE PASS"", ""time"": ""16:30""}, {""city"": ""MADURAI"", ""landmark"": ""CHITTAMPATTI TOLL"", ""time"": ""16:40""}, {""city"": ""MADURAI"", ""landmark"": ""MELUR BYE PASS"", ""time"": ""17:00""}, {""city"": ""MADURAI"", ""landmark"": ""KARUNGALAKUDI BYE PASS"", ""time"": ""17:15""}, {""city"": ""CHENNAI-KILAMBAKKAM-KCBT"", ""landmark"": ""CHENNAI KALAIGNAR CBT"", ""time"": ""01:15""}]",2026-01-13T18:02:33.236980
1615MADKCBNS,,SETC,MADURAI,CHENNAI,,,9.00Hrs,34 Seats Available,Standard,Rs 437/675,16/01/2026,"[{""city"": ""&nbsp;"", ""landmark"": """", ""time"": ""Service&nbsp;Details""}, {""city"": ""1615MADKCBNS"", ""landmark"": ""Route&nbsp;No.&nbsp;:"", ""time"": ""137NS""}, {""city"": ""MADURAI"", ""landmark"": ""To&nbsp;Place&nbsp;:"", ""time"": ""CHENNAI-KILAMBAKKAM-KCBT""}, {""city"": ""16/01/2026"", ""landmark"": ""Journey&nbsp;Hours&nbsp;*:"", ""time"": ""9:00""}, {""city"": ""436.00"", ""landmark"": ""Corporation&nbsp;:"", ""time"": ""SETC""}, {""city"": ""&nbsp;"", ""landmark"": ""Adult&nbsp;Fare&nbsp;**"", ""time"": ""437""}, {""city"": ""City"", ""landmark"": ""Land&nbsp;Mark&nbsp;"", ""time"": ""Dep.&nbsp;Time&nbsp;""}, {""city"": ""MADURAI"", ""landmark"": ""MATTUTHAVANI BS"", ""time"": ""16:15""}, {""city"": ""MADURAI"", ""landmark"": ""OTTHAKADAI  BYE PASS"", ""time"": ""16:30""}, {""city"": ""MADURAI"", ""landmark"": ""CHITTAMPATTI TOLL"", ""time"": ""16:40""}, {""city"": ""MADURAI"", ""landmark"": ""MELUR BYE PASS"", ""time"": ""17:00""}, {""city"": ""MADURAI"", ""landmark"": ""KARUNGALAKUDI BYE PASS"", ""time"": ""17:15""}, {""city"": ""CHENNAI-KILAMBAKKAM-KCBT"", ""landmark"": ""CHENNAI KALAIGNAR CBT"", ""time"": ""01:15""}]",2026-01-13T18:02:33.236980
1700MADKCBNS,,SETC,MADURAI,CHENNAI,,,9.00Hrs,35 Seats Available,Standard,Rs 437/675,16/01/2026,"[{""city"": ""&nbsp;"", ""landmark"": """", ""time"": ""Service&nbsp;Details""}, {""city"": ""1700MADKCBNS"", ""landmark"": ""Route&nbsp;No.&nbsp;:"", ""time"": ""137NS""}, {""city"": ""MADURAI"", ""landmark"": ""To&nbsp;Place&nbsp;:"", ""time"": ""CHENNAI-KILAMBAKKAM-KCBT""}, {""city"": ""16/01/2026"", ""landmark"": ""Journey&nbsp;Hours&nbsp;*:"", ""time"": ""9:00""}, {""city"": ""436.00"", ""landmark"": ""Corporation&nbsp;:"", ""time"": ""SETC""}, {""city"": ""&nbsp;"", ""landmark"": ""Adult&nbsp;Fare&nbsp;**"", ""time"": ""437""}, {""city"": ""City"", ""landmark"": ""Land&nbsp;Mark&nbsp;"", ""time"": ""Dep.&nbsp;Time&nbsp;""}, {""city"": ""MADURAI"", ""landmark"": ""MATTUTHAVANI BS"", ""time"": ""17:00""}, {""city"": ""MADURAI"", ""landmark"": ""OTTHAKADAI  BYE PASS"", ""time"": ""17:15""}, {""city"": ""MADURAI"", ""landmark"": ""CHITTAMPATTI TOLL"", ""time"": ""17:25""}, {""city"": ""MADURAI"", ""landmark"": ""MELUR BYE PASS"", ""time"": ""17:45""}, {""city"": ""MADURAI"", ""landmark"": ""KARUNGALAKUDI BYE PASS"", ""time"": ""18:00""}, {""city"": ""CHENNAI-KILAMBAKKAM-KCBT"", ""landmark"": ""CHENNAI KALAIGNAR CBT"", ""time"": ""02:00""}]",2026-01-13T18:02:33.236980
1700MADKCBNS,,SETC,MADURAI,CHENNAI,,,9.00Hrs,35 Seats Available,Standard,Rs 437/675,16/01/2026,"[{""city"": ""&nbsp;"", ""landmark"": """", ""time"": ""Service&nbsp;Details""}, {""city"": ""1700MADKCBNS"", ""landmark"": ""Route&nbsp;No.&nbsp;:"", ""time"": ""137NS""}, {""city"": ""MADURAI"", ""landmark"": ""To&nbsp;Place&nbsp;:"", ""time"": ""CHENNAI-KILAMBAKKAM-KCBT""}, {""city"": ""16/01/2026"", ""landmark"": ""Journey&nbsp;Hours&nbsp;*:"", ""time"": ""9:00""}, {""city"": ""436.00"", ""landmark"": ""Corporation&nbsp;:"", ""time"": ""SETC""}, {""city"": ""&nbsp;"", ""landmark"": ""Adult&nbsp;Fare&nbsp;**"", ""time"": ""437""}, {""city"": ""City"", ""landmark"": ""Land&nbsp;Mark&nbsp;"", ""time"": ""Dep.&nbsp;Time&nbsp;""}, {""city"": ""MADURAI"", ""landmark"": ""MATTUTHAVANI BS"", ""time"": ""17:00""}, {""city"": ""MADURAI"", ""landmark"": ""OTTHAKADAI  BYE PASS"", ""time"": ""17:15""}, {""city"": ""MADURAI"", ""landmark"": ""CHITTAMPATTI TOLL"", ""time"": ""17:25""}, {""city"": ""MADURAI"", ""landmark"": ""MELUR BYE PASS"", ""time"": ""17:45""}, {""city"": ""MADURAI"", ""landmark"": ""KARUNGALAKUDI BYE PASS"", ""time"": ""18:00""}, {""city"": ""CHENNAI-KILAMBAKKAM-KCBT"", ""landmark"": ""CHENNAI KALAIGNAR CBT"", ""time"": ""02:00""}]",2026-01-13T18:02:33.236980
1800MADKCB,,SETC,MADURAI,CHENNAI,,,9.00Hrs,18 Seats Available,Standard,Rs 437,16/01/2026,"[{""city"": ""&nbsp;"", ""landmark"": """", ""time"": ""Service&nbsp;Details""}, {""city"": ""1800MADKCB"", ""landmark"": ""Route&nbsp;No.&nbsp;:"", ""time"": ""137UD""}, {""city"": ""MADURAI"", ""landmark"": ""To&nbsp;Place&nbsp;:"", ""time"": ""CHENNAI-KILAMBAKKAM-KCBT""}, {""city"": ""16/01/2026"", ""landmark"": ""Journey&nbsp;Hours&nbsp;*:"", ""time"": ""9:00""}, {""city"": ""436.00"", ""landmark"": ""Corporation&nbsp;:"", ""time"": ""SETC""}, {""city"": ""&nbsp;"", ""landmark"": ""Adult&nbsp;Fare&nbsp;**"", ""time"": ""437""}, {""city"": ""City"", ""landmark"": ""Land&nbsp;Mark&nbsp;"", ""time"": ""Dep.&nbsp;Time&nbsp;""}, {""city"": ""MADURAI"", ""landmark"": ""MATTUTHAVANI BS"", ""time"": ""18:00""}, {""city"": ""MADURAI"", ""landmark"": ""OTTHAKADAI  BYE PASS"", ""time"": ""18:15""}, {""city"": ""MADURAI"", ""landmark"": ""CHITTAMPATTI TOLL"", ""time"": ""18:25""}, {""city"": ""MADURAI"", ""landmark"": ""MELUR BYE PASS"", ""time"": ""18:45""}, {""city"": ""MADURAI"", ""landmark"": ""KARUNGALAKUDI BYE PASS"", ""time"": ""19:00""}, {""city"": ""CHENNAI-KILAMBAKKAM-KCBT"", ""landmark"": ""CHENNAI KALAIGNAR CBT"", ""time"": ""03:00""}]",2026-01-13T18:02:33.236980
1800MADKCB,,SETC,MADURAI,CHENNAI,,,9.00Hrs,18 Seats Available,Standard,Rs 437,16/01/2026,"[{""city"": ""&nbsp;"", ""landmark"": """", ""time"": ""Service&nbsp;Details""}, {""city"": ""1800MADKCB"", ""landmark"": ""Route&nbsp;No.&nbsp;:"", ""time"": ""137UD""}, {""city"": ""MADURAI"", ""landmark"": ""To&nbsp;Place&nbsp;:"", ""time"": ""CHENNAI-KILAMBAKKAM-KCBT""}, {""city"": ""16/01/2026"", ""landmark"": ""Journey&nbsp;Hours&nbsp;*:"", ""time"": ""9:00""}, {""city"": ""436.00"", ""landmark"": ""Corporation&nbsp;:"", ""time"": ""SETC""}, {""city"": ""&nbsp;"", ""landmark"": ""Adult&nbsp;Fare&nbsp;**"", ""time"": ""437""}, {""city"": ""City"", ""landmark"": ""Land&nbsp;Mark&nbsp;"", ""time"": ""Dep.&nbsp;Time&nbsp;""}, {""city"": ""MADURAI"", ""landmark"": ""MATTUTHAVANI BS"", ""time"": ""18:00""}, {""city"": ""MADURAI"", ""landmark"": ""OTTHAKADAI  BYE PASS"", ""time"": ""18:15""}, {""city"": ""MADURAI"", ""landmark"": ""CHITTAMPATTI TOLL"", ""time"": ""18:25""}, {""city"": ""MADURAI"", ""landmark"": ""MELUR BYE PASS"", ""time"": ""18:45""}, {""city"": ""MADURAI"", ""landmark"": ""KARUNGALAKUDI BYE PASS"", ""time"": ""19:00""}, {""city"": ""CHENNAI-KILAMBAKKAM-KCBT"", ""landmark"": ""CHENNAI KALAIGNAR CBT"", ""time"": ""03:00""}]",2026-01-13T18:02:33.236980
1900MADKCB,,SETC,MADURAI,CHENNAI,,,9.00Hrs,12 Seats Available,Standard,Rs 437,16/01/2026,"[{""city"": ""&nbsp;"", ""landmark"": """", ""time"": ""Service&nbsp;Details""}, {""city"": ""1900MADKCB"", ""landmark"": ""Route&nbsp;No.&nbsp;:"", ""time"": ""137UD""}, {""city"": ""MADURAI"", ""landmark"": ""To&nbsp;Place&nbsp;:"", ""time"": ""CHENNAI-KILAMBAKKAM-KCBT""}, {""city"": ""16/01/2026"", ""landmark"": ""Journey&nbsp;Hours&nbsp;*:"", ""time"": ""9:00""}, {""city"": ""436.00"", ""landmark"": ""Corporation&nbsp;:"", ""time"": ""SETC""}, {""city"": ""&nbsp;"", ""landmark"": ""Adult&nbsp;Fare&nbsp;**"", ""time"": ""437""}, {""city"": ""City"", ""landmark"": ""Land&nbsp;Mark&nbsp;"", ""time"": ""Dep.&nbsp;Time&nbsp;""}, {""city"": ""MADURAI"", ""landmark"": ""MATTUTHAVANI BS"", ""time"": ""19:00""}, {""city"": ""MADURAI"", ""landmark"": ""OTTHAKADAI  BYE PASS"", ""time"": ""19:15""}, {""city"": ""MADURAI"", ""landmark"": ""CHITTAMPATTI TOLL"", ""time"": ""19:25""}, {""city"": ""MADURAI"", ""landmark"": ""MELUR BYE PASS"", ""time"": ""19:45""}, {""city"": ""MADURAI"", ""landmark"": ""KARUNGALAKUDI BYE PASS"", ""time"": ""20:00""}, {""city"": ""CHENNAI-KILAMBAKKAM-KCBT"", ""landmark"": ""CHENNAI KALAIGNAR CBT"", ""time"": ""04:00""}]",2026-01-13T18:02:33.236980
1900MADKCB,,SETC,MADURAI,CHENNAI,,,9.00Hrs,12 Seats Available,Standard,Rs 437,16/01/2026,"[{""city"": ""&nbsp;"", ""landmark"": """", ""time"": ""Service&nbsp;Details""}, {""city"": ""1900MADKCB"", ""landmark"": ""Route&nbsp;No.&nbsp;:"", ""time"": ""137UD""}, {""city"": ""MADURAI"", ""landmark"": ""To&nbsp;Place&nbsp;:"", ""time"": ""CHENNAI-KILAMBAKKAM-KCBT""}, {""city"": ""16/01/2026"", ""landmark"": ""Journey&nbsp;Hours&nbsp;*:"", ""time"": ""9:00""}, {""city"": ""436.00"", ""landmark"": ""Corporation&nbsp;:"", ""time"": ""SETC""}, {""city"": ""&nbsp;"", ""landmark"": ""Adult&nbsp;Fare&nbsp;**"", ""time"": ""437""}, {""city"": ""City"", ""landmark"": ""Land&nbsp;Mark&nbsp;"", ""time"": ""Dep.&nbsp;Time&nbsp;""}, {""city"": ""MADURAI"", ""landmark"": ""MATTUTHAVANI BS"", ""time"": ""19:00""}, {""city"": ""MADURAI"", ""landmark"": ""OTTHAKADAI  BYE PASS"", ""time"": ""19:15""}, {""city"": ""MADURAI"", ""landmark"": ""CHITTAMPATTI TOLL"", ""time"": ""19:25""}, {""city"": ""MADURAI"", ""landmark"": ""MELUR BYE PASS"", ""time"": ""19:45""}, {""city"": ""MADURAI"", ""landmark"": ""KARUNGALAKUDI BYE PASS"", ""time"": ""20:00""}, {""city"": ""CHENNAI-KILAMBAKKAM-KCBT"", ""landmark"": ""CHENNAI KALAIGNAR CBT"", ""time"": ""04:00""}]",2026-01-13T18:02:33.236980
1415SHEAVANS,,SETC,MADURAI,CHENNAI,,,8.00Hrs,6 Seats Available,Standard,Rs 437/675,16/01/2026,"[{""city"": ""&nbsp;"", ""landmark"": """", ""time"": ""Service&nbsp;Details""}, {""city"": ""1415SHEAVANS"", ""landmark"": ""Route&nbsp;No.&nbsp;:"", ""time"": ""184RNS""}, {""city"": ""MADURAI"", ""landmark"": ""To&nbsp;Place&nbsp;:"", ""time"": ""CHENNAI-KILAMBAKKAM-KCBT""}, {""city"": ""16/01/2026"", ""landmark"": ""Journey&nbsp;Hours&nbsp;*:"", ""time"": ""8:00""}, {""city"": ""436.00"", ""landmark"": ""Corporation&nbsp;:"", ""time"": ""SETC""}, {""city"": ""&nbsp;"", ""landmark"": ""Adult&nbsp;Fare&nbsp;**"", ""time"": ""437""}, {""city"": ""City"", ""landmark"": ""Land&nbsp;Mark&nbsp;"", ""time"": ""Dep.&nbsp;Time&nbsp;""}, {""city"": ""SHENCOTTAH"", ""landmark"": ""SHENCOTTAH"", ""time"": ""14:15""}, {""city"": ""TENKASI"", ""landmark"": ""TENKASI"", ""time"": ""14:30""}, {""city"": ""RAJAPALAYAM"", ""landmark"": ""RAJAPALAYAM NEW BS"", ""time"": ""16:45""}, {""city"": ""SRIVILLIPUTHUR"", ""landmark"": ""SRIVILLIPUTHUR"", ""time"": ""17:00""}, {""city"": ""MADURAI"", ""landmark"": ""MATTUTHAVANI BS"", ""time"": ""19:15""}, {""city"": ""CHENNAI-KILAMBAKKAM-KCBT"", ""landmark"": ""CHENNAI KALAIGNAR CBT"", ""time"": ""04:15""}, {""city"": ""CHENNAI TAMBARAM"", ""landmark"": ""CHENNAI TAMBARAM"", ""time"": ""04:30""}, {""city"": ""CHENNAI AVADI"", ""landmark"": ""CHENNAI AVADI"", ""time"": ""05:15""}]",2026-01-13T18:02:33.236980
1415SHEAVANS,,SETC,MADURAI,CHENNAI,,,8.00Hrs,6 Seats Available,Standard,Rs 437/675,16/01/2026,"[{""city"": ""&nbsp;"", ""landmark"": """", ""time"": ""Service&nbsp;Details""}, {""city"": ""1415SHEAVANS"", ""landmark"": ""Route&nbsp;No.&nbsp;:"", ""time"": ""184RNS""}, {""city"": ""MADURAI"", ""landmark"": ""To&nbsp;Place&nbsp;:"", ""time"": ""CHENNAI-KILAMBAKKAM-KCBT""}, {""city"": ""16/01/2026"", ""landmark"": ""Journey&nbsp;Hours&nbsp;*:"", ""time"": ""8:00""}, {""city"": ""436.00"", ""landmark"": ""Corporation&nbsp;:"", ""time"": ""SETC""}, {""city"": ""&nbsp;"", ""landmark"": ""Adult&nbsp;Fare&nbsp;**"", ""time"": ""437""}, {""city"": ""City"", ""landmark"": ""Land&nbsp;Mark&nbsp;"", ""time"": ""Dep.&nbsp;Time&nbsp;""}, {""city"": ""SHENCOTTAH"", ""landmark"": ""SHENCOTTAH"", ""time"": ""14:15""}, {""city"": ""TENKASI"", ""landmark"": ""TENKASI"", ""time"": ""14:30""}, {""city"": ""RAJAPALAYAM"", ""landmark"": ""RAJAPALAYAM NEW BS"", ""time"": ""16:45""}, {""city"": ""SRIVILLIPUTHUR"", ""landmark"": ""SRIVILLIPUTHUR"", ""time"": ""17:00""}, {""city"": ""MADURAI"", ""landmark"": ""MATTUTHAVANI BS"", ""time"": ""19:15""}, {""city"": ""CHENNAI-KILAMBAKKAM-KCBT"", ""landmark"": ""CHENNAI KALAIGNAR CBT"", ""time"": ""04:15""}, {""city"": ""CHENNAI TAMBARAM"", ""landmark"": ""CHENNAI TAMBARAM"", ""time"": ""04:30""}, {""city"": ""CHENNAI AVADI"", ""landmark"": ""CHENNAI AVADI"", ""time"": ""05:15""}]",2026-01-13T18:02:33.236980
1930MADKCBAB,,SETC,MADURAI,CHENNAI,,,9.00Hrs,32 Seats Available,Standard,Rs 565/869,16/01/2026,"[{""city"": ""&nbsp;"", ""landmark"": """", ""time"": ""Service&nbsp;Details""}, {""city"": ""1930MADKCBAB"", ""landmark"": ""Route&nbsp;No.&nbsp;:"", ""time"": ""137AB""}, {""city"": ""MADURAI"", ""landmark"": ""To&nbsp;Place&nbsp;:"", ""time"": ""CHENNAI-KILAMBAKKAM-KCBT""}, {""city"": ""16/01/2026"", ""landmark"": ""Journey&nbsp;Hours&nbsp;*:"", ""time"": ""9:00""}, {""city"": ""436.00"", ""landmark"": ""Corporation&nbsp;:"", ""time"": ""SETC""}, {""city"": ""&nbsp;"", ""landmark"": ""Adult&nbsp;Fare&nbsp;**"", ""time"": ""565""}, {""city"": ""City"", ""landmark"": ""Land&nbsp;Mark&nbsp;"", ""time"": ""Dep.&nbsp;Time&nbsp;""}, {""city"": ""MADURAI"", ""landmark"": ""MATTUTHAVANI BS"", ""time"": ""19:30""}, {""city"": ""MADURAI"", ""landmark"": ""OTTHAKADAI  BYE PASS"", ""time"": ""19:45""}, {""city"": ""MADURAI"", ""landmark"": ""CHITTAMPATTI TOLL"", ""time"": ""19:55""}, {""city"": ""MADURAI"", ""landmark"": ""MELUR BYE PASS"", ""time"": ""20:15""}, {""city"": ""MADURAI"", ""landmark"": ""KARUNGALAKUDI BYE PASS"", ""time"": ""20:30""}, {""city"": ""CHENNAI-KILAMBAKKAM-KCBT"", ""landmark"": ""CHENNAI KALAIGNAR CBT"", ""time"": ""04:30""}]",2026-01-13T18:02:33.236980
1930MADKCBAB,,SETC,MADURAI,CHENNAI,,,9.00Hrs,32 Seats Available,Standard,Rs 565/869,16/01/2026,"[{""city"": ""&nbsp;"", ""landmark"": """", ""time"": ""Service&nbsp;Details""}, {""city"": ""1930MADKCBAB"", ""landmark"": ""Route&nbsp;No.&nbsp;:"", ""time"": ""137AB""}, {""city"": ""MADURAI"", ""landmark"": ""To&nbsp;Place&nbsp;:"", ""time"": ""CHENNAI-KILAMBAKKAM-KCBT""}, {""city"": ""16/01/2026"", ""landmark"": ""Journey&nbsp;Hours&nbsp;*:"", ""time"": ""9:00""}, {""city"": ""436.00"", ""landmark"": ""Corporation&nbsp;:"", ""time"": ""SETC""}, {""city"": ""&nbsp;"", ""landmark"": ""Adult&nbsp;Fare&nbsp;**"", ""time"": ""565""}, {""city"": ""City"", ""landmark"": ""Land&nbsp;Mark&nbsp;"", ""time"": ""Dep.&nbsp;Time&nbsp;""}, {""city"": ""MADURAI"", ""landmark"": ""MATTUTHAVANI BS"", ""time"": ""19:30""}, {""city"": ""MADURAI"", ""landmark"": ""OTTHAKADAI  BYE PASS"", ""time"": ""19:45""}, {""city"": ""MADURAI"", ""landmark"": ""CHITTAMPATTI TOLL"", ""time"": ""19:55""}, {""city"": ""MADURAI"", ""landmark"": ""MELUR BYE PASS"", ""time"": ""20:15""}, {""city"": ""MADURAI"", ""landmark"": ""KARUNGALAKUDI BYE PASS"", ""time"": ""20:30""}, {""city"": ""CHENNAI-KILAMBAKKAM-KCBT"", ""landmark"": ""CHENNAI KALAIGNAR CBT"", ""time"": ""04:30""}]",2026-01-13T18:02:33.236980
1600TICTIINS,,SETC,MADURAI,CHENNAI,,,9.00Hrs,3 Seats Available,Standard,Rs 437/675,16/01/2026,"[{""city"": ""&nbsp;"", ""landmark"": """", ""time"": ""Service&nbsp;Details""}, {""city"": ""1600TICTIINS"", ""landmark"": ""Route&nbsp;No.&nbsp;:"", ""time"": ""191TNS""}, {""city"": ""MADURAI"", ""landmark"": ""To&nbsp;Place&nbsp;:"", ""time"": ""CHENNAI-KILAMBAKKAM-KCBT""}, {""city"": ""16/01/2026"", ""landmark"": ""Journey&nbsp;Hours&nbsp;*:"", ""time"": ""9:00""}, {""city"": ""436.00"", ""landmark"": ""Corporation&nbsp;:"", ""time"": ""SETC""}, {""city"": ""&nbsp;"", ""landmark"": ""Adult&nbsp;Fare&nbsp;**"", ""time"": ""437""}, {""city"": ""City"", ""landmark"": ""Land&nbsp;Mark&nbsp;"", ""time"": ""Dep.&nbsp;Time&nbsp;""}, {""city"": ""TIRUCHENDUR"", ""landmark"": ""TIRUCHENDUR"", ""time"": ""16:00""}, {""city"": ""TIRUCHENDUR"", ""landmark"": ""KAYALPATTINAM"", ""time"": ""16:10""}, {""city"": ""TIRUCHENDUR"", ""landmark"": ""ARUMUGANERI"", ""time"": ""16:20""}, {""city"": ""TIRUCHENDUR"", ""landmark"": ""ATHUR(TNV)"", ""time"": ""16:30""}, {""city"": ""TIRUCHENDUR"", ""landmark"": ""SPIC NAGAR"", ""time"": ""17:00""}, {""city"": ""TUTICORIN"", ""landmark"": ""TUTICORIN"", ""time"": ""17:15""}, {""city"": ""ARUPPUKOTTAI"", ""landmark"": ""ARUPPUKOTTAI"", ""time"": ""19:00""}, {""city"": ""MADURAI"", ""landmark"": ""MATTUTHAVANI BS"", ""time"": ""20:00""}, {""city"": ""CHENNAI-KILAMBAKKAM-KCBT"", ""landmark"": ""CHENNAI KALAIGNAR CBT"", ""time"": ""05:15""}, {""city"": ""CHENNAI TIRUVOTRIYUR"", ""landmark"": ""CHENNAI TIRUVOTRIYUR"", ""time"": ""06:30""}]",2026-01-13T18:02:33.236980
1600TICTIINS,,SETC,MADURAI,CHENNAI,,,9.00Hrs,3 Seats Available,Standard,Rs 437/675,16/01/2026,"[{""city"": ""&nbsp;"", ""landmark"": """", ""time"": ""Service&nbsp;Details""}, {""city"": ""1600TICTIINS"", ""landmark"": ""Route&nbsp;No.&nbsp;:"", ""time"": ""191TNS""}, {""city"": ""MADURAI"", ""landmark"": ""To&nbsp;Place&nbsp;:"", ""time"": ""CHENNAI-KILAMBAKKAM-KCBT""}, {""city"": ""16/01/2026"", ""landmark"": ""Journey&nbsp;Hours&nbsp;*:"", ""time"": ""9:00""}, {""city"": ""436.00"", ""landmark"": ""Corporation&nbsp;:"", ""time"": ""SETC""}, {""city"": ""&nbsp;"", ""landmark"": ""Adult&nbsp;Fare&nbsp;**"", ""time"": ""437""}, {""city"": ""City"", ""landmark"": ""Land&nbsp;Mark&nbsp;"", ""time"": ""Dep.&nbsp;Time&nbsp;""}, {""city"": ""TIRUCHENDUR"", ""landmark"": ""TIRUCHENDUR"", ""time"": ""16:00""}, {""city"": ""TIRUCHENDUR"", ""landmark"": ""KAYALPATTINAM"", ""time"": ""16:10""}, {""city"": ""TIRUCHENDUR"", ""landmark"": ""ARUMUGANERI"", ""time"": ""16:20""}, {""city"": ""TIRUCHENDUR"", ""landmark"": ""ATHUR(TNV)"", ""time"": ""16:30""}, {""city"": ""TIRUCHENDUR"", ""landmark"": ""SPIC NAGAR"", ""time"": ""17:00""}, {""city"": ""TUTICORIN"", ""landmark"": ""TUTICORIN"", ""time"": ""17:15""}, {""city"": ""ARUPPUKOTTAI"", ""landmark"": ""ARUPPUKOTTAI"", ""time"": ""19:00""}, {""city"": ""MADURAI"", ""landmark"": ""MATTUTHAVANI BS"", ""time"": ""20:00""}, {""city"": ""CHENNAI-KILAMBAKKAM-KCBT"", ""landmark"": ""CHENNAI KALAIGNAR CBT"", ""time"": ""05:15""}, {""city"": ""CHENNAI TIRUVOTRIYUR"", ""landmark"": ""CHENNAI TIRUVOTRIYUR"", ""time"": ""06:30""}]",2026-01-13T18:02:33.236980
2001MADKCBLB,,SETC,MADURAI,CHENNAI,,,9.00Hrs,5 Seats Available,Standard,Rs 437/675,16/01/2026,"[{""city"": ""&nbsp;"", ""landmark"": """", ""time"": ""Service&nbsp;Details""}, {""city"": ""2001MADKCBLB"", ""landmark"": ""Route&nbsp;No.&nbsp;:"", ""time"": ""137LB""}, {""city"": ""MADURAI"", ""landmark"": ""To&nbsp;Place&nbsp;:"", ""time"": ""CHENNAI-KILAMBAKKAM-KCBT""}, {""city"": ""16/01/2026"", ""landmark"": ""Journey&nbsp;Hours&nbsp;*:"", ""time"": ""9:00""}, {""city"": ""436.00"", ""landmark"": ""Corporation&nbsp;:"", ""time"": ""SETC""}, {""city"": ""&nbsp;"", ""landmark"": ""Adult&nbsp;Fare&nbsp;**"", ""time"": ""437""}, {""city"": ""City"", ""landmark"": ""Land&nbsp;Mark&nbsp;"", ""time"": ""Dep.&nbsp;Time&nbsp;""}, {""city"": ""MADURAI"", ""landmark"": ""MATTUTHAVANI BS"", ""time"": ""20:01""}, {""city"": ""MADURAI"", ""landmark"": ""OTTHAKADAI  BYE PASS"", ""time"": ""20:16""}, {""city"": ""MADURAI"", ""landmark"": ""CHITTAMPATTI TOLL"", ""time"": ""20:26""}, {""city"": ""MADURAI"", ""landmark"": ""MELUR BYE PASS"", ""time"": ""20:46""}, {""city"": ""MADURAI"", ""landmark"": ""KARUNGALAKUDI BYE PASS"", ""time"": ""21:01""}, {""city"": ""CHENNAI-KILAMBAKKAM-KCBT"", ""landmark"": ""CHENNAI KALAIGNAR CBT"", ""time"": ""05:01""}]",2026-01-13T18:02:33.236980
2001MADKCBLB,,SETC,MADURAI,CHENNAI,,,9.00Hrs,5 Seats Available,Standard,Rs 437/675,16/01/2026,"[{""city"": ""&nbsp;"", ""landmark"": """", ""time"": ""Service&nbsp;Details""}, {""city"": ""2001MADKCBLB"", ""landmark"": ""Route&nbsp;No.&nbsp;:"", ""time"": ""137LB""}, {""city"": ""MADURAI"", ""landmark"": ""To&nbsp;Place&nbsp;:"", ""time"": ""CHENNAI-KILAMBAKKAM-KCBT""}, {""city"": ""16/01/2026"", ""landmark"": ""Journey&nbsp;Hours&nbsp;*:"", ""time"": ""9:00""}, {""city"": ""436.00"", ""landmark"": ""Corporation&nbsp;:"", ""time"": ""SETC""}, {""city"": ""&nbsp;"", ""landmark"": ""Adult&nbsp;Fare&nbsp;**"", ""time"": ""437""}, {""city"": ""City"", ""landmark"": ""Land&nbsp;Mark&nbsp;"", ""time"": ""Dep.&nbsp;Time&nbsp;""}, {""city"": ""MADURAI"", ""landmark"": ""MATTUTHAVANI BS"", ""time"": ""20:01""}, {""city"": ""MADURAI"", ""landmark"": ""OTTHAKADAI  BYE PASS"", ""time"": ""20:16""}, {""city"": ""MADURAI"", ""landmark"": ""CHITTAMPATTI TOLL"", ""time"": ""20:26""}, {""city"": ""MADURAI"", ""landmark"": ""MELUR BYE PASS"", ""time"": ""20:46""}, {""city"": ""MADURAI"", ""landmark"": ""KARUNGALAKUDI BYE PASS"", ""time"": ""21:01""}, {""city"": ""CHENNAI-KILAMBAKKAM-KCBT"", ""landmark"": ""CHENNAI KALAIGNAR CBT"", ""time"": ""05:01""}]",2026-01-13T18:02:33.236980
2030MADKCBAB,,SETC,MADURAI,CHENNAI,,,9.00Hrs,34 Seats Available,Standard,Rs 565/869,16/01/2026,"[{""city"": ""&nbsp;"", ""landmark"": """", ""time"": ""Service&nbsp;Details""}, {""city"": ""2030MADKCBAB"", ""landmark"": ""Route&nbsp;No.&nbsp;:"", ""time"": ""137AB""}, {""city"": ""MADURAI"", ""landmark"": ""To&nbsp;Place&nbsp;:"", ""time"": ""CHENNAI-KILAMBAKKAM-KCBT""}, {""city"": ""16/01/2026"", ""landmark"": ""Journey&nbsp;Hours&nbsp;*:"", ""time"": ""9:00""}, {""city"": ""436.00"", ""landmark"": ""Corporation&nbsp;:"", ""time"": ""SETC""}, {""city"": ""&nbsp;"", ""landmark"": ""Adult&nbsp;Fare&nbsp;**"", ""time"": ""565""}, {""city"": ""City"", ""landmark"": ""Land&nbsp;Mark&nbsp;"", ""time"": ""Dep.&nbsp;Time&nbsp;""}, {""city"": ""MADURAI"", ""landmark"": ""MATTUTHAVANI BS"", ""time"": ""20:30""}, {""city"": ""MADURAI"", ""landmark"": ""OTTHAKADAI  BYE PASS"", ""time"": ""20:45""}, {""city"": ""MADURAI"", ""landmark"": ""CHITTAMPATTI TOLL"", ""time"": ""20:55""}, {""city"": ""MADURAI"", ""landmark"": ""MELUR BYE PASS"", ""time"": ""21:15""}, {""city"": ""MADURAI"", ""landmark"": ""KARUNGALAKUDI BYE PASS"", ""time"": ""21:30""}, {""city"": ""CHENNAI-KILAMBAKKAM-KCBT"", ""landmark"": ""CHENNAI KALAIGNAR CBT"", ""time"": ""05:30""}]",2026-01-13T18:02:33.236980
2030MADKCBAB,,SETC,MADURAI,CHENNAI,,,9.00Hrs,34 Seats Available,Standard,Rs 565/869,16/01/2026,"[{""city"": ""&nbsp;"", ""landmark"": """", ""time"": ""Service&nbsp;Details""}, {""city"": ""2030MADKCBAB"", ""landmark"": ""Route&nbsp;No.&nbsp;:"", ""time"": ""137AB""}, {""city"": ""MADURAI"", ""landmark"": ""To&nbsp;Place&nbsp;:"", ""time"": ""CHENNAI-KILAMBAKKAM-KCBT""}, {""city"": ""16/01/2026"", ""landmark"": ""Journey&nbsp;Hours&nbsp;*:"", ""time"": ""9:00""}, {""city"": ""436.00"", ""landmark"": ""Corporation&nbsp;:"", ""time"": ""SETC""}, {""city"": ""&nbsp;"", ""landmark"": ""Adult&nbsp;Fare&nbsp;**"", ""time"": ""565""}, {""city"": ""City"", ""landmark"": ""Land&nbsp;Mark&nbsp;"", ""time"": ""Dep.&nbsp;Time&nbsp;""}, {""city"": ""MADURAI"", ""landmark"": ""MATTUTHAVANI BS"", ""time"": ""20:30""}, {""city"": ""MADURAI"", ""landmark"": ""OTTHAKADAI  BYE PASS"", ""time"": ""20:45""}, {""city"": ""MADURAI"", ""landmark"": ""CHITTAMPATTI TOLL"", ""time"": ""20:55""}, {""city"": ""MADURAI"", ""landmark"": ""MELUR BYE PASS"", ""time"": ""21:15""}, {""city"": ""MADURAI"", ""landmark"": ""KARUNGALAKUDI BYE PASS"", ""time"": ""21:30""}, {""city"": ""CHENNAI-KILAMBAKKAM-KCBT"", ""landmark"": ""CHENNAI KALAIGNAR CBT"", ""time"": ""05:30""}]",2026-01-13T18:02:33.236980
2100MADKCBNS,,SETC,MADURAI,CHENNAI,,,9.00Hrs,6 Seats Available,Standard,Rs 437/675,16/01/2026,"[{""city"": ""&nbsp;"", ""landmark"": """", ""time"": ""Service&nbsp;Details""}, {""city"": ""2100MADKCBNS"", ""landmark"": ""Route&nbsp;No.&nbsp;:"", ""time"": ""137NS""}, {""city"": ""MADURAI"", ""landmark"": ""To&nbsp;Place&nbsp;:"", ""time"": ""CHENNAI-KILAMBAKKAM-KCBT""}, {""city"": ""16/01/2026"", ""landmark"": ""Journey&nbsp;Hours&nbsp;*:"", ""time"": ""9:00""}, {""city"": ""436.00"", ""landmark"": ""Corporation&nbsp;:"", ""time"": ""SETC""}, {""city"": ""&nbsp;"", ""landmark"": ""Adult&nbsp;Fare&nbsp;**"", ""time"": ""437""}, {""city"": ""City"", ""landmark"": ""Land&nbsp;Mark&nbsp;"", ""time"": ""Dep.&nbsp;Time&nbsp;""}, {""city"": ""MADURAI"", ""landmark"": ""MATTUTHAVANI BS"", ""time"": ""21:00""}, {""city"": ""MADURAI"", ""landmark"": ""OTTHAKADAI  BYE PASS"", ""time"": ""21:15""}, {""city"": ""MADURAI"", ""landmark"": ""CHITTAMPATTI TOLL"", ""time"": ""21:25""}, {""city"": ""MADURAI"", ""landmark"": ""MELUR BYE PASS"", ""time"": ""21:45""}, {""city"": ""MADURAI"", ""landmark"": ""KARUNGALAKUDI BYE PASS"", ""time"": ""22:00""}, {""city"": ""CHENNAI-KILAMBAKKAM-KCBT"", ""landmark"": ""CHENNAI KALAIGNAR CBT"", ""time"": ""06:00""}]",2026-01-13T18:02:33.236980
2100MADKCBNS,,SETC,MADURAI,CHENNAI,,,9.00Hrs,6 Seats Available,Standard,Rs 437/675,16/01/2026,"[{""city"": ""&nbsp;"", ""landmark"": """", ""time"": ""Service&nbsp;Details""}, {""city"": ""2100MADKCBNS"", ""landmark"": ""Route&nbsp;No.&nbsp;:"", ""time"": ""137NS""}, {""city"": ""MADURAI"", ""landmark"": ""To&nbsp;Place&nbsp;:"", ""time"": ""CHENNAI-KILAMBAKKAM-KCBT""}, {""city"": ""16/01/2026"", ""landmark"": ""Journey&nbsp;Hours&nbsp;*:"", ""time"": ""9:00""}, {""city"": ""436.00"", ""landmark"": ""Corporation&nbsp;:"", ""time"": ""SETC""}, {""city"": ""&nbsp;"", ""landmark"": ""Adult&nbsp;Fare&nbsp;**"", ""time"": ""437""}, {""city"": ""City"", ""landmark"": ""Land&nbsp;Mark&nbsp;"", ""time"": ""Dep.&nbsp;Time&nbsp;""}, {""city"": ""MADURAI"", ""landmark"": ""MATTUTHAVANI BS"", ""time"": ""21:00""}, {""city"": ""MADURAI"", ""landmark"": ""OTTHAKADAI  BYE PASS"", ""time"": ""21:15""}, {""city"": ""MADURAI"", ""landmark"": ""CHITTAMPATTI TOLL"", ""time"": ""21:25""}, {""city"": ""MADURAI"", ""landmark"": ""MELUR BYE PASS"", ""time"": ""21:45""}, {""city"": ""MADURAI"", ""landmark"": ""KARUNGALAKUDI BYE PASS"", ""time"": ""22:00""}, {""city"": ""CHENNAI-KILAMBAKKAM-KCBT"", ""landmark"": ""CHENNAI KALAIGNAR CBT"", ""time"": ""06:00""}]",2026-01-13T18:02:33.236980
1615SHEKCBAB,,SETC,MADURAI,CHENNAI,,,9.00Hrs,12 Seats Available,Standard,Rs 565/869,16/01/2026,"[{""city"": ""&nbsp;"", ""landmark"": """", ""time"": ""Service&nbsp;Details""}, {""city"": ""1615SHEKCBAB"", ""landmark"": ""Route&nbsp;No.&nbsp;:"", ""time"": ""184AB""}, {""city"": ""MADURAI"", ""landmark"": ""To&nbsp;Place&nbsp;:"", ""time"": ""CHENNAI-KILAMBAKKAM-KCBT""}, {""city"": ""16/01/2026"", ""landmark"": ""Journey&nbsp;Hours&nbsp;*:"", ""time"": ""9:00""}, {""city"": ""436.00"", ""landmark"": ""Corporation&nbsp;:"", ""time"": ""SETC""}, {""city"": ""&nbsp;"", ""landmark"": ""Adult&nbsp;Fare&nbsp;**"", ""time"": ""565""}, {""city"": ""City"", ""landmark"": ""Land&nbsp;Mark&nbsp;"", ""time"": ""Dep.&nbsp;Time&nbsp;""}, {""city"": ""SHENCOTTAH"", ""landmark"": ""SHENCOTTAH"", ""time"": ""16:15""}, {""city"": ""TENKASI"", ""landmark"": ""TENKASI"", ""time"": ""16:35""}, {""city"": ""TENKASI"", ""landmark"": ""KADAYANALLUR"", ""time"": ""16:55""}, {""city"": ""TENKASI"", ""landmark"": ""PULIYANKUDI"", ""time"": ""17:15""}, {""city"": ""TENKASI"", ""landmark"": ""VASUDEVANALLUR"", ""time"": ""17:35""}, {""city"": ""RAJAPALAYAM"", ""landmark"": ""RAJAPALAYAM NEW BS"", ""time"": ""18:30""}, {""city"": ""RAJAPALAYAM"", ""landmark"": ""KRISHAN KOIL"", ""time"": ""19:15""}, {""city"": ""RAJAPALAYAM"", ""landmark"": ""KALLUPATTI"", ""time"": ""19:45""}, {""city"": ""MADURAI"", ""landmark"": ""MATTUTHAVANI BS"", ""time"": ""21:15""}, {""city"": ""CHENNAI-KILAMBAKKAM-KCBT"", ""landmark"": ""CHENNAI KALAIGNAR CBT"", ""time"": ""05:15""}]",2026-01-13T18:02:33.236980
1615SHEKCBAB,,SETC,MADURAI,CHENNAI,,,9.00Hrs,12 Seats Available,Standard,Rs 565/869,16/01/2026,"[{""city"": ""&nbsp;"", ""landmark"": """", ""time"": ""Service&nbsp;Details""}, {""city"": ""1615SHEKCBAB"", ""landmark"": ""Route&nbsp;No.&nbsp;:"", ""time"": ""184AB""}, {""city"": ""MADURAI"", ""landmark"": ""To&nbsp;Place&nbsp;:"", ""time"": ""CHENNAI-KILAMBAKKAM-KCBT""}, {""city"": ""16/01/2026"", ""landmark"": ""Journey&nbsp;Hours&nbsp;*:"", ""time"": ""9:00""}, {""city"": ""436.00"", ""landmark"": ""Corporation&nbsp;:"", ""time"": ""SETC""}, {""city"": ""&nbsp;"", ""landmark"": ""Adult&nbsp;Fare&nbsp;**"", ""time"": ""565""}, {""city"": ""City"", ""landmark"": ""Land&nbsp;Mark&nbsp;"", ""time"": ""Dep.&nbsp;Time&nbsp;""}, {""city"": ""SHENCOTTAH"", ""landmark"": ""SHENCOTTAH"", ""time"": ""16:15""}, {""city"": ""TENKASI"", ""landmark"": ""TENKASI"", ""time"": ""16:35""}, {""city"": ""TENKASI"", ""landmark"": ""KADAYANALLUR"", ""time"": ""16:55""}, {""city"": ""TENKASI"", ""landmark"": ""PULIYANKUDI"", ""time"": ""17:15""}, {""city"": ""TENKASI"", ""landmark"": ""VASUDEVANALLUR"", ""time"": ""17:35""}, {""city"": ""RAJAPALAYAM"", ""landmark"": ""RAJAPALAYAM NEW BS"", ""time"": ""18:30""}, {""city"": ""RAJAPALAYAM"", ""landmark"": ""KRISHAN KOIL"", ""time"": ""19:15""}, {""city"": ""RAJAPALAYAM"", ""landmark"": ""KALLUPATTI"", ""time"": ""19:45""}, {""city"": ""MADURAI"", ""landmark"": ""MATTUTHAVANI BS"", ""time"": ""21:15""}, {""city"": ""CHENNAI-KILAMBAKKAM-KCBT"", ""landmark"": ""CHENNAI KALAIGNAR CBT"", ""time"": ""05:15""}]",2026-01-13T18:02:33.236980
2130MADKCBAB,,SETC,MADURAI,CHENNAI,,,9.00Hrs,17 Seats Available,Standard,Rs 565/869,16/01/2026,"[{""city"": ""&nbsp;"", ""landmark"": """", ""time"": ""Service&nbsp;Details""}, {""city"": ""2130MADKCBAB"", ""landmark"": ""Route&nbsp;No.&nbsp;:"", ""time"": ""137AB""}, {""city"": ""MADURAI"", ""landmark"": ""To&nbsp;Place&nbsp;:"", ""time"": ""CHENNAI-KILAMBAKKAM-KCBT""}, {""city"": ""16/01/2026"", ""landmark"": ""Journey&nbsp;Hours&nbsp;*:"", ""time"": ""9:00""}, {""city"": ""436.00"", ""landmark"": ""Corporation&nbsp;:"", ""time"": ""SETC""}, {""city"": ""&nbsp;"", ""landmark"": ""Adult&nbsp;Fare&nbsp;**"", ""time"": ""565""}, {""city"": ""City"", ""landmark"": ""Land&nbsp;Mark&nbsp;"", ""time"": ""Dep.&nbsp;Time&nbsp;""}, {""city"": ""MADURAI"", ""landmark"": ""MATTUTHAVANI BS"", ""time"": ""21:30""}, {""city"": ""MADURAI"", ""landmark"": ""OTTHAKADAI  BYE PASS"", ""time"": ""21:45""}, {""city"": ""MADURAI"", ""landmark"": ""CHITTAMPATTI TOLL"", ""time"": ""21:55""}, {""city"": ""MADURAI"", ""landmark"": ""MELUR BYE PASS"", ""time"": ""22:15""}, {""city"": ""MADURAI"", ""landmark"": ""KARUNGALAKUDI BYE PASS"", ""time"": ""22:30""}, {""city"": ""CHENNAI-KILAMBAKKAM-KCBT"", ""landmark"": ""CHENNAI KALAIGNAR CBT"", ""time"": ""06:30""}]",2026-01-13T18:02:33.236980
2130MADKCBAB,,SETC,MADURAI,CHENNAI,,,9.00Hrs,17 Seats Available,Standard,Rs 565/869,16/01/2026,"[{""city"": ""&nbsp;"", ""landmark"": """", ""time"": ""Service&nbsp;Details""}, {""city"": ""2130MADKCBAB"", ""landmark"": ""Route&nbsp;No.&nbsp;:"", ""time"": ""137AB""}, {""city"": ""MADURAI"", ""landmark"": ""To&nbsp;Place&nbsp;:"", ""time"": ""CHENNAI-KILAMBAKKAM-KCBT""}, {""city"": ""16/01/2026"", ""landmark"": ""Journey&nbsp;Hours&nbsp;*:"", ""time"": ""9:00""}, {""city"": ""436.00"", ""landmark"": ""Corporation&nbsp;:"", ""time"": ""SETC""}, {""city"": ""&nbsp;"", ""landmark"": ""Adult&nbsp;Fare&nbsp;**"", ""time"": ""565""}, {""city"": ""City"", ""landmark"": ""Land&nbsp;Mark&nbsp;"", ""time"": ""Dep.&nbsp;Time&nbsp;""}, {""city"": ""MADURAI"", ""landmark"": ""MATTUTHAVANI BS"", ""time"": ""21:30""}, {""city"": ""MADURAI"", ""landmark"": ""OTTHAKADAI  BYE PASS"", ""time"": ""21:45""}, {""city"": ""MADURAI"", ""landmark"": ""CHITTAMPATTI TOLL"", ""time"": ""21:55""}, {""city"": ""MADURAI"", ""landmark"": ""MELUR BYE PASS"", ""time"": ""22:15""}, {""city"": ""MADURAI"", ""landmark"": ""KARUNGALAKUDI BYE PASS"", ""time"": ""22:30""}, {""city"": ""CHENNAI-KILAMBAKKAM-KCBT"", ""landmark"": ""CHENNAI KALAIGNAR CBT"", ""time"": ""06:30""}]",2026-01-13T18:02:33.236980
2130MADKCBMS,,SETC,MADURAI,CHENNAI,,,7.00Hrs,15 Seats Available,Standard,Rs 741,16/01/2026,"[{""city"": ""&nbsp;"", ""landmark"": """", ""time"": ""Service&nbsp;Details""}, {""city"": ""2130MADKCBMS"", ""landmark"": ""Route&nbsp;No.&nbsp;:"", ""time"": ""137MS""}, {""city"": ""MADURAI"", ""landmark"": ""To&nbsp;Place&nbsp;:"", ""time"": ""CHENNAI-KILAMBAKKAM-KCBT""}, {""city"": ""16/01/2026"", ""landmark"": ""Journey&nbsp;Hours&nbsp;*:"", ""time"": ""7:00""}, {""city"": ""442.00"", ""landmark"": ""Corporation&nbsp;:"", ""time"": ""SETC""}, {""city"": ""&nbsp;"", ""landmark"": ""Adult&nbsp;Fare&nbsp;**"", ""time"": ""741""}, {""city"": ""City"", ""landmark"": ""Land&nbsp;Mark&nbsp;"", ""time"": ""Dep.&nbsp;Time&nbsp;""}, {""city"": ""MADURAI"", ""landmark"": ""MATTUTHAVANI BS"", ""time"": ""21:30""}, {""city"": ""MADURAI"", ""landmark"": ""OTTHAKADAI  BYE PASS"", ""time"": ""21:45""}, {""city"": ""MADURAI"", ""landmark"": ""CHITTAMPATTI TOLL"", ""time"": ""22:15""}, {""city"": ""MADURAI"", ""landmark"": ""MELUR BYE PASS"", ""time"": ""22:40""}, {""city"": ""MADURAI"", ""landmark"": ""KARUNGALAKUDI BYE PASS"", ""time"": ""23:00""}, {""city"": ""CHENNAI-KILAMBAKKAM-KCBT"", ""landmark"": ""CHENNAI KALAIGNAR CBT"", ""time"": ""04:30""}]",2026-01-13T18:02:33.236980
2130MADKCBMS,,SETC,MADURAI,CHENNAI,,,7.00Hrs,15 Seats Available,Standard,Rs 741,16/01/2026,"[{""city"": ""&nbsp;"", ""landmark"": """", ""time"": ""Service&nbsp;Details""}, {""city"": ""2130MADKCBMS"", ""landmark"": ""Route&nbsp;No.&nbsp;:"", ""time"": ""137MS""}, {""city"": ""MADURAI"", ""landmark"": ""To&nbsp;Place&nbsp;:"", ""time"": ""CHENNAI-KILAMBAKKAM-KCBT""}, {""city"": ""16/01/2026"", ""landmark"": ""Journey&nbsp;Hours&nbsp;*:"", ""time"": ""7:00""}, {""city"": ""442.00"", ""landmark"": ""Corporation&nbsp;:"", ""time"": ""SETC""}, {""city"": ""&nbsp;"", ""landmark"": ""Adult&nbsp;Fare&nbsp;**"", ""time"": ""741""}, {""city"": ""City"", ""landmark"": ""Land&nbsp;Mark&nbsp;"", ""time"": ""Dep.&nbsp;Time&nbsp;""}, {""city"": ""MADURAI"", ""landmark"": ""MATTUTHAVANI BS"", ""time"": ""21:30""}, {""city"": ""MADURAI"", ""landmark"": ""OTTHAKADAI  BYE PASS"", ""time"": ""21:45""}, {""city"": ""MADURAI"", ""landmark"": ""CHITTAMPATTI TOLL"", ""time"": ""22:15""}, {""city"": ""MADURAI"", ""landmark"": ""MELUR BYE PASS"", ""time"": ""22:40""}, {""city"": ""MADURAI"", ""landmark"": ""KARUNGALAKUDI BYE PASS"", ""time"": ""23:00""}, {""city"": ""CHENNAI-KILAMBAKKAM-KCBT"", ""landmark"": ""CHENNAI KALAIGNAR CBT"", ""time"": ""04:30""}]",2026-01-13T18:02:33.236980
1930SVIKCB,,SETC,MADURAI,CHENNAI,,,9.00Hrs,4 Seats Available,Standard,Rs 437,16/01/2026,"[{""city"": ""&nbsp;"", ""landmark"": """", ""time"": ""Service&nbsp;Details""}, {""city"": ""1930SVIKCB"", ""landmark"": ""Route&nbsp;No.&nbsp;:"", ""time"": ""185UD""}, {""city"": ""MADURAI"", ""landmark"": ""To&nbsp;Place&nbsp;:"", ""time"": ""CHENNAI-KILAMBAKKAM-KCBT""}, {""city"": ""16/01/2026"", ""landmark"": ""Journey&nbsp;Hours&nbsp;*:"", ""time"": ""9:00""}, {""city"": ""436.00"", ""landmark"": ""Corporation&nbsp;:"", ""time"": ""SETC""}, {""city"": ""&nbsp;"", ""landmark"": ""Adult&nbsp;Fare&nbsp;**"", ""time"": ""437""}, {""city"": ""City"", ""landmark"": ""Land&nbsp;Mark&nbsp;"", ""time"": ""Dep.&nbsp;Time&nbsp;""}, {""city"": ""SIVAKASI"", ""landmark"": ""SIVAKASI"", ""time"": ""19:30""}, {""city"": ""VIRUDHUNAGAR"", ""landmark"": ""VIRUDHUNAGAR"", ""time"": ""20:30""}, {""city"": ""TIRUMANGALAM"", ""landmark"": ""TIRUMANGALAM"", ""time"": ""21:00""}, {""city"": ""MADURAI"", ""landmark"": ""MATTUTHAVANI BS"", ""time"": ""22:00""}, {""city"": ""CHENNAI-KILAMBAKKAM-KCBT"", ""landmark"": ""CHENNAI KALAIGNAR CBT"", ""time"": ""06:30""}]",2026-01-13T18:02:33.236980
1930SVIKCB,,SETC,MADURAI,CHENNAI,,,9.00Hrs,4 Seats Available,Standard,Rs 437,16/01/2026,"[{""city"": ""&nbsp;"", ""landmark"": """", ""time"": ""Service&nbsp;Details""}, {""city"": ""1930SVIKCB"", ""landmark"": ""Route&nbsp;No.&nbsp;:"", ""time"": ""185UD""}, {""city"": ""MADURAI"", ""landmark"": ""To&nbsp;Place&nbsp;:"", ""time"": ""CHENNAI-KILAMBAKKAM-KCBT""}, {""city"": ""16/01/2026"", ""landmark"": ""Journey&nbsp;Hours&nbsp;*:"", ""time"": ""9:00""}, {""city"": ""436.00"", ""landmark"": ""Corporation&nbsp;:"", ""time"": ""SETC""}, {""city"": ""&nbsp;"", ""landmark"": ""Adult&nbsp;Fare&nbsp;**"", ""time"": ""437""}, {""city"": ""City"", ""landmark"": ""Land&nbsp;Mark&nbsp;"", ""time"": ""Dep.&nbsp;Time&nbsp;""}, {""city"": ""SIVAKASI"", ""landmark"": ""SIVAKASI"", ""time"": ""19:30""}, {""city"": ""VIRUDHUNAGAR"", ""landmark"": ""VIRUDHUNAGAR"", ""time"": ""20:30""}, {""city"": ""TIRUMANGALAM"", ""landmark"": ""TIRUMANGALAM"", ""time"": ""21:00""}, {""city"": ""MADURAI"", ""landmark"": ""MATTUTHAVANI BS"", ""time"": ""22:00""}, {""city"": ""CHENNAI-KILAMBAKKAM-KCBT"", ""landmark"": ""CHENNAI KALAIGNAR CBT"", ""time"": ""06:30""}]",2026-01-13T18:02:33.236980
1815TIUTIVAB,,SETC,MADURAI,CHENNAI,,,9.00Hrs,4 Seats Available,Standard,Rs 565/869,16/01/2026,"[{""city"": ""&nbsp;"", ""landmark"": """", ""time"": ""Service&nbsp;Details""}, {""city"": ""1815TIUTIVAB"", ""landmark"": ""Route&nbsp;No.&nbsp;:"", ""time"": ""143AB""}, {""city"": ""MADURAI"", ""landmark"": ""To&nbsp;Place&nbsp;:"", ""time"": ""CHENNAI-KILAMBAKKAM-KCBT""}, {""city"": ""16/01/2026"", ""landmark"": ""Journey&nbsp;Hours&nbsp;*:"", ""time"": ""9:00""}, {""city"": ""436.00"", ""landmark"": ""Corporation&nbsp;:"", ""time"": ""SETC""}, {""city"": ""&nbsp;"", ""landmark"": ""Adult&nbsp;Fare&nbsp;**"", ""time"": ""565""}, {""city"": ""City"", ""landmark"": ""Land&nbsp;Mark&nbsp;"", ""time"": ""Dep.&nbsp;Time&nbsp;""}, {""city"": ""TIRUNELVELI"", ""landmark"": ""TIRUNELVELI"", ""time"": ""18:15""}, {""city"": ""TIRUNELVELI"", ""landmark"": ""VANNARPETTAI"", ""time"": ""18:20""}, {""city"": ""TIRUNELVELI"", ""landmark"": ""THACHANALLUR BYPASS"", ""time"": ""18:25""}, {""city"": ""TIRUNELVELI"", ""landmark"": ""SANKAR NAGER"", ""time"": ""18:35""}, {""city"": ""TIRUNELVELI"", ""landmark"": ""KAYATHAR TOLL PLAZA"", ""time"": ""18:45""}, {""city"": ""KOVILPATTI"", ""landmark"": ""KOVILPATTI"", ""time"": ""19:35""}, {""city"": ""KOVILPATTI"", ""landmark"": ""SATTUR"", ""time"": ""20:05""}, {""city"": ""MADURAI"", ""landmark"": ""MATTUTHAVANI BS"", ""time"": ""22:00""}, {""city"": ""CHENNAI-KILAMBAKKAM-KCBT"", ""landmark"": ""CHENNAI KALAIGNAR CBT"", ""time"": ""05:00""}, {""city"": ""CHENNAI TAMBARAM"", ""landmark"": ""CHENNAI TAMBARAM"", ""time"": ""05:30""}, {""city"": ""CHENNAI TIRUVANMIYUR"", ""landmark"": ""CHENNAI TIRUVANMIYUR"", ""time"": ""06:15""}]",2026-01-13T18:02:33.236980
1815TIUTIVAB,,SETC,MADURAI,CHENNAI,,,9.00Hrs,4 Seats Available,Standard,Rs 565/869,16/01/2026,"[{""city"": ""&nbsp;"", ""landmark"": """", ""time"": ""Service&nbsp;Details""}, {""city"": ""1815TIUTIVAB"", ""landmark"": ""Route&nbsp;No.&nbsp;:"", ""time"": ""143AB""}, {""city"": ""MADURAI"", ""landmark"": ""To&nbsp;Place&nbsp;:"", ""time"": ""CHENNAI-KILAMBAKKAM-KCBT""}, {""city"": ""16/01/2026"", ""landmark"": ""Journey&nbsp;Hours&nbsp;*:"", ""time"": ""9:00""}, {""city"": ""436.00"", ""landmark"": ""Corporation&nbsp;:"", ""time"": ""SETC""}, {""city"": ""&nbsp;"", ""landmark"": ""Adult&nbsp;Fare&nbsp;**"", ""time"": ""565""}, {""city"": ""City"", ""landmark"": ""Land&nbsp;Mark&nbsp;"", ""time"": ""Dep.&nbsp;Time&nbsp;""}, {""city"": ""TIRUNELVELI"", ""landmark"": ""TIRUNELVELI"", ""time"": ""18:15""}, {""city"": ""TIRUNELVELI"", ""landmark"": ""VANNARPETTAI"", ""time"": ""18:20""}, {""city"": ""TIRUNELVELI"", ""landmark"": ""THACHANALLUR BYPASS"", ""time"": ""18:25""}, {""city"": ""TIRUNELVELI"", ""landmark"": ""SANKAR NAGER"", ""time"": ""18:35""}, {""city"": ""TIRUNELVELI"", ""landmark"": ""KAYATHAR TOLL PLAZA"", ""time"": ""18:45""}, {""city"": ""KOVILPATTI"", ""landmark"": ""KOVILPATTI"", ""time"": ""19:35""}, {""city"": ""KOVILPATTI"", ""landmark"": ""SATTUR"", ""time"": ""20:05""}, {""city"": ""MADURAI"", ""landmark"": ""MATTUTHAVANI BS"", ""time"": ""22:00""}, {""city"": ""CHENNAI-KILAMBAKKAM-KCBT"", ""landmark"": ""CHENNAI KALAIGNAR CBT"", ""time"": ""05:00""}, {""city"": ""CHENNAI TAMBARAM"", ""landmark"": ""CHENNAI TAMBARAM"", ""time"": ""05:30""}, {""city"": ""CHENNAI TIRUVANMIYUR"", ""landmark"": ""CHENNAI TIRUVANMIYUR"", ""time"": ""06:15""}]",2026-01-13T18:02:33.236980
2205MADKCBNS,,SETC,MADURAI,CHENNAI,,,9.00Hrs,2 Seats Available,Standard,Rs 437/675,16/01/2026,"[{""city"": ""&nbsp;"", ""landmark"": """", ""time"": ""Service&nbsp;Details""}, {""city"": ""2205MADKCBNS"", ""landmark"": ""Route&nbsp;No.&nbsp;:"", ""time"": ""137NS""}, {""city"": ""MADURAI"", ""landmark"": ""To&nbsp;Place&nbsp;:"", ""time"": ""CHENNAI-KILAMBAKKAM-KCBT""}, {""city"": ""16/01/2026"", ""landmark"": ""Journey&nbsp;Hours&nbsp;*:"", ""time"": ""9:00""}, {""city"": ""436.00"", ""landmark"": ""Corporation&nbsp;:"", ""time"": ""SETC""}, {""city"": ""&nbsp;"", ""landmark"": ""Adult&nbsp;Fare&nbsp;**"", ""time"": ""437""}, {""city"": ""City"", ""landmark"": ""Land&nbsp;Mark&nbsp;"", ""time"": ""Dep.&nbsp;Time&nbsp;""}, {""city"": ""MADURAI"", ""landmark"": ""MATTUTHAVANI BS"", ""time"": ""22:05""}, {""city"": ""MADURAI"", ""landmark"": ""OTTHAKADAI  BYE PASS"", ""time"": ""22:15""}, {""city"": ""MADURAI"", ""landmark"": ""CHITTAMPATTI TOLL"", ""time"": ""22:25""}, {""city"": ""MADURAI"", ""landmark"": ""MELUR BYE PASS"", ""time"": ""22:50""}, {""city"": ""MADURAI"", ""landmark"": ""KARUNGALAKUDI BYE PASS"", ""time"": ""23:05""}, {""city"": ""CHENNAI-KILAMBAKKAM-KCBT"", ""landmark"": ""CHENNAI KALAIGNAR CBT"", ""time"": ""07:05""}]",2026-01-13T18:02:33.236980
2205MADKCBNS,,SETC,MADURAI,CHENNAI,,,9.00Hrs,2 Seats Available,Standard,Rs 437/675,16/01/2026,"[{""city"": ""&nbsp;"", ""landmark"": """", ""time"": ""Service&nbsp;Details""}, {""city"": ""2205MADKCBNS"", ""landmark"": ""Route&nbsp;No.&nbsp;:"", ""time"": ""137NS""}, {""city"": ""MADURAI"", ""landmark"": ""To&nbsp;Place&nbsp;:"", ""time"": ""CHENNAI-KILAMBAKKAM-KCBT""}, {""city"": ""16/01/2026"", ""landmark"": ""Journey&nbsp;Hours&nbsp;*:"", ""time"": ""9:00""}, {""city"": ""436.00"", ""landmark"": ""Corporation&nbsp;:"", ""time"": ""SETC""}, {""city"": ""&nbsp;"", ""landmark"": ""Adult&nbsp;Fare&nbsp;**"", ""time"": ""437""}, {""city"": ""City"", ""landmark"": ""Land&nbsp;Mark&nbsp;"", ""time"": ""Dep.&nbsp;Time&nbsp;""}, {""city"": ""MADURAI"", ""landmark"": ""MATTUTHAVANI BS"", ""time"": ""22:05""}, {""city"": ""MADURAI"", ""landmark"": ""OTTHAKADAI  BYE PASS"", ""time"": ""22:15""}, {""city"": ""MADURAI"", ""landmark"": ""CHITTAMPATTI TOLL"", ""time"": ""22:25""}, {""city"": ""MADURAI"", ""landmark"": ""MELUR BYE PASS"", ""time"": ""22:50""}, {""city"": ""MADURAI"", ""landmark"": ""KARUNGALAKUDI BYE PASS"", ""time"": ""23:05""}, {""city"": ""CHENNAI-KILAMBAKKAM-KCBT"", ""landmark"": ""CHENNAI KALAIGNAR CBT"", ""time"": ""07:05""}]",2026-01-13T18:02:33.236980
1830TIUKCBLB,,SETC,MADURAI,CHENNAI,,,7.15Hrs,2 Seats Available,Standard,Rs 437/675,16/01/2026,"[{""city"": ""&nbsp;"", ""landmark"": """", ""time"": ""Service&nbsp;Details""}, {""city"": ""1830TIUKCBLB"", ""landmark"": ""Route&nbsp;No.&nbsp;:"", ""time"": ""180LB""}, {""city"": ""MADURAI"", ""landmark"": ""To&nbsp;Place&nbsp;:"", ""time"": ""CHENNAI-KILAMBAKKAM-KCBT""}, {""city"": ""16/01/2026"", ""landmark"": ""Journey&nbsp;Hours&nbsp;*:"", ""time"": ""7:15""}, {""city"": ""436.00"", ""landmark"": ""Corporation&nbsp;:"", ""time"": ""SETC""}, {""city"": ""&nbsp;"", ""landmark"": ""Adult&nbsp;Fare&nbsp;**"", ""time"": ""437""}, {""city"": ""City"", ""landmark"": ""Land&nbsp;Mark&nbsp;"", ""time"": ""Dep.&nbsp;Time&nbsp;""}, {""city"": ""TIRUNELVELI"", ""landmark"": ""TIRUNELVELI"", ""time"": ""18:30""}, {""city"": ""TIRUNELVELI"", ""landmark"": ""VANNARPETTAI"", ""time"": ""18:35""}, {""city"": ""TIRUNELVELI"", ""landmark"": ""THACHANALLUR BYPASS"", ""time"": ""18:40""}, {""city"": ""TIRUNELVELI"", ""landmark"": ""SANKAR NAGER"", ""time"": ""18:50""}, {""city"": ""TIRUNELVELI"", ""landmark"": ""KAYATHAR TOLL PLAZA"", ""time"": ""19:00""}, {""city"": ""KOVILPATTI"", ""landmark"": ""KOVILPATTI"", ""time"": ""20:00""}, {""city"": ""SATHUR"", ""landmark"": ""SATHUR BYPASS BS"", ""time"": ""20:30""}, {""city"": ""VIRUDHUNAGAR"", ""landmark"": ""VIRUDHUNAGAR"", ""time"": ""21:00""}, {""city"": ""MADURAI"", ""landmark"": ""MATTUTHAVANI BS"", ""time"": ""22:15""}, {""city"": ""CHENNAI-KILAMBAKKAM-KCBT"", ""landmark"": ""CHENNAI KALAIGNAR CBT"", ""time"": ""05:30""}]",2026-01-13T18:02:33.236980
1830TIUKCBLB,,SETC,MADURAI,CHENNAI,,,7.15Hrs,2 Seats Available,Standard,Rs 437/675,16/01/2026,"[{""city"": ""&nbsp;"", ""landmark"": """", ""time"": ""Service&nbsp;Details""}, {""city"": ""1830TIUKCBLB"", ""landmark"": ""Route&nbsp;No.&nbsp;:"", ""time"": ""180LB""}, {""city"": ""MADURAI"", ""landmark"": ""To&nbsp;Place&nbsp;:"", ""time"": ""CHENNAI-KILAMBAKKAM-KCBT""}, {""city"": ""16/01/2026"", ""landmark"": ""Journey&nbsp;Hours&nbsp;*:"", ""time"": ""7:15""}, {""city"": ""436.00"", ""landmark"": ""Corporation&nbsp;:"", ""time"": ""SETC""}, {""city"": ""&nbsp;"", ""landmark"": ""Adult&nbsp;Fare&nbsp;**"", ""time"": ""437""}, {""city"": ""City"", ""landmark"": ""Land&nbsp;Mark&nbsp;"", ""time"": ""Dep.&nbsp;Time&nbsp;""}, {""city"": ""TIRUNELVELI"", ""landmark"": ""TIRUNELVELI"", ""time"": ""18:30""}, {""city"": ""TIRUNELVELI"", ""landmark"": ""VANNARPETTAI"", ""time"": ""18:35""}, {""city"": ""TIRUNELVELI"", ""landmark"": ""THACHANALLUR BYPASS"", ""time"": ""18:40""}, {""city"": ""TIRUNELVELI"", ""landmark"": ""SANKAR NAGER"", ""time"": ""18:50""}, {""city"": ""TIRUNELVELI"", ""landmark"": ""KAYATHAR TOLL PLAZA"", ""time"": ""19:00""}, {""city"": ""KOVILPATTI"", ""landmark"": ""KOVILPATTI"", ""time"": ""20:00""}, {""city"": ""SATHUR"", ""landmark"": ""SATHUR BYPASS BS"", ""time"": ""20:30""}, {""city"": ""VIRUDHUNAGAR"", ""landmark"": ""VIRUDHUNAGAR"", ""time"": ""21:00""}, {""city"": ""MADURAI"", ""landmark"": ""MATTUTHAVANI BS"", ""time"": ""22:15""}, {""city"": ""CHENNAI-KILAMBAKKAM-KCBT"", ""landmark"": ""CHENNAI KALAIGNAR CBT"", ""time"": ""05:30""}]",2026-01-13T18:02:33.236980
2230MADKCBAB,,SETC,MADURAI,CHENNAI,,,9.00Hrs,22 Seats Available,Standard,Rs 565/869,16/01/2026,"[{""city"": ""&nbsp;"", ""landmark"": """", ""time"": ""Service&nbsp;Details""}, {""city"": ""2230MADKCBAB"", ""landmark"": ""Route&nbsp;No.&nbsp;:"", ""time"": ""137AB""}, {""city"": ""MADURAI"", ""landmark"": ""To&nbsp;Place&nbsp;:"", ""time"": ""CHENNAI-KILAMBAKKAM-KCBT""}, {""city"": ""16/01/2026"", ""landmark"": ""Journey&nbsp;Hours&nbsp;*:"", ""time"": ""9:00""}, {""city"": ""436.00"", ""landmark"": ""Corporation&nbsp;:"", ""time"": ""SETC""}, {""city"": ""&nbsp;"", ""landmark"": ""Adult&nbsp;Fare&nbsp;**"", ""time"": ""565""}, {""city"": ""City"", ""landmark"": ""Land&nbsp;Mark&nbsp;"", ""time"": ""Dep.&nbsp;Time&nbsp;""}, {""city"": ""MADURAI"", ""landmark"": ""MATTUTHAVANI BS"", ""time"": ""22:30""}, {""city"": ""MADURAI"", ""landmark"": ""OTTHAKADAI  BYE PASS"", ""time"": ""22:45""}, {""city"": ""MADURAI"", ""landmark"": ""CHITTAMPATTI TOLL"", ""time"": ""23:15""}, {""city"": ""MADURAI"", ""landmark"": ""MELUR BYE PASS"", ""time"": ""23:40""}, {""city"": ""CHENNAI-KILAMBAKKAM-KCBT"", ""landmark"": ""CHENNAI KALAIGNAR CBT"", ""time"": ""07:30""}]",2026-01-13T18:02:33.236980
2230MADKCBAB,,SETC,MADURAI,CHENNAI,,,9.00Hrs,22 Seats Available,Standard,Rs 565/869,16/01/2026,"[{""city"": ""&nbsp;"", ""landmark"": """", ""time"": ""Service&nbsp;Details""}, {""city"": ""2230MADKCBAB"", ""landmark"": ""Route&nbsp;No.&nbsp;:"", ""time"": ""137AB""}, {""city"": ""MADURAI"", ""landmark"": ""To&nbsp;Place&nbsp;:"", ""time"": ""CHENNAI-KILAMBAKKAM-KCBT""}, {""city"": ""16/01/2026"", ""landmark"": ""Journey&nbsp;Hours&nbsp;*:"", ""time"": ""9:00""}, {""city"": ""436.00"", ""landmark"": ""Corporation&nbsp;:"", ""time"": ""SETC""}, {""city"": ""&nbsp;"", ""landmark"": ""Adult&nbsp;Fare&nbsp;**"", ""time"": ""565""}, {""city"": ""City"", ""landmark"": ""Land&nbsp;Mark&nbsp;"", ""time"": ""Dep.&nbsp;Time&nbsp;""}, {""city"": ""MADURAI"", ""landmark"": ""MATTUTHAVANI BS"", ""time"": ""22:30""}, {""city"": ""MADURAI"", ""landmark"": ""OTTHAKADAI  BYE PASS"", ""time"": ""22:45""}, {""city"": ""MADURAI"", ""landmark"": ""CHITTAMPATTI TOLL"", ""time"": ""23:15""}, {""city"": ""MADURAI"", ""landmark"": ""MELUR BYE PASS"", ""time"": ""23:40""}, {""city"": ""CHENNAI-KILAMBAKKAM-KCBT"", ""landmark"": ""CHENNAI KALAIGNAR CBT"", ""time"": ""07:30""}]",2026-01-13T18:02:33.236980
2245MADKCBNS,,SETC,MADURAI,CHENNAI,,,9.00Hrs,13 Seats Available,Standard,Rs 437/675,16/01/2026,"[{""city"": ""&nbsp;"", ""landmark"": """", ""time"": ""Service&nbsp;Details""}, {""city"": ""2245MADKCBNS"", ""landmark"": ""Route&nbsp;No.&nbsp;:"", ""time"": ""137NS""}, {""city"": ""MADURAI"", ""landmark"": ""To&nbsp;Place&nbsp;:"", ""time"": ""CHENNAI-KILAMBAKKAM-KCBT""}, {""city"": ""16/01/2026"", ""landmark"": ""Journey&nbsp;Hours&nbsp;*:"", ""time"": ""9:00""}, {""city"": ""436.00"", ""landmark"": ""Corporation&nbsp;:"", ""time"": ""SETC""}, {""city"": ""&nbsp;"", ""landmark"": ""Adult&nbsp;Fare&nbsp;**"", ""time"": ""437""}, {""city"": ""City"", ""landmark"": ""Land&nbsp;Mark&nbsp;"", ""time"": ""Dep.&nbsp;Time&nbsp;""}, {""city"": ""MADURAI"", ""landmark"": ""MATTUTHAVANI BS"", ""time"": ""22:45""}, {""city"": ""MADURAI"", ""landmark"": ""OTTHAKADAI  BYE PASS"", ""time"": ""23:00""}, {""city"": ""MADURAI"", ""landmark"": ""CHITTAMPATTI TOLL"", ""time"": ""23:10""}, {""city"": ""MADURAI"", ""landmark"": ""MELUR BYE PASS"", ""time"": ""23:30""}, {""city"": ""MADURAI"", ""landmark"": ""KARUNGALAKUDI BYE PASS"", ""time"": ""23:45""}, {""city"": ""CHENNAI-KILAMBAKKAM-KCBT"", ""landmark"": ""CHENNAI KALAIGNAR CBT"", ""time"": ""07:45""}]",2026-01-13T18:02:33.236980
2245MADKCBNS,,SETC,MADURAI,CHENNAI,,,9.00Hrs,13 Seats Available,Standard,Rs 437/675,16/01/2026,"[{""city"": ""&nbsp;"", ""landmark"": """", ""time"": ""Service&nbsp;Details""}, {""city"": ""2245MADKCBNS"", ""landmark"": ""Route&nbsp;No.&nbsp;:"", ""time"": ""137NS""}, {""city"": ""MADURAI"", ""landmark"": ""To&nbsp;Place&nbsp;:"", ""time"": ""CHENNAI-KILAMBAKKAM-KCBT""}, {""city"": ""16/01/2026"", ""landmark"": ""Journey&nbsp;Hours&nbsp;*:"", ""time"": ""9:00""}, {""city"": ""436.00"", ""landmark"": ""Corporation&nbsp;:"", ""time"": ""SETC""}, {""city"": ""&nbsp;"", ""landmark"": ""Adult&nbsp;Fare&nbsp;**"", ""time"": ""437""}, {""city"": ""City"", ""landmark"": ""Land&nbsp;Mark&nbsp;"", ""time"": ""Dep.&nbsp;Time&nbsp;""}, {""city"": ""MADURAI"", ""landmark"": ""MATTUTHAVANI BS"", ""time"": ""22:45""}, {""city"": ""MADURAI"", ""landmark"": ""OTTHAKADAI  BYE PASS"", ""time"": ""23:00""}, {""city"": ""MADURAI"", ""landmark"": ""CHITTAMPATTI TOLL"", ""time"": ""23:10""}, {""city"": ""MADURAI"", ""landmark"": ""MELUR BYE PASS"", ""time"": ""23:30""}, {""city"": ""MADURAI"", ""landmark"": ""KARUNGALAKUDI BYE PASS"", ""time"": ""23:45""}, {""city"": ""CHENNAI-KILAMBAKKAM-KCBT"", ""landmark"": ""CHENNAI KALAIGNAR CBT"", ""time"": ""07:45""}]",2026-01-13T18:02:33.236980
2300MADKCB,,SETC,MADURAI,CHENNAI,,,9.00Hrs,15 Seats Available,Standard,Rs 437,16/01/2026,"[{""city"": ""&nbsp;"", ""landmark"": """", ""time"": ""Service&nbsp;Details""}, {""city"": ""2300MADKCB"", ""landmark"": ""Route&nbsp;No.&nbsp;:"", ""time"": ""137UD""}, {""city"": ""MADURAI"", ""landmark"": ""To&nbsp;Place&nbsp;:"", ""time"": ""CHENNAI-KILAMBAKKAM-KCBT""}, {""city"": ""16/01/2026"", ""landmark"": ""Journey&nbsp;Hours&nbsp;*:"", ""time"": ""9:00""}, {""city"": ""436.00"", ""landmark"": ""Corporation&nbsp;:"", ""time"": ""SETC""}, {""city"": ""&nbsp;"", ""landmark"": ""Adult&nbsp;Fare&nbsp;**"", ""time"": ""437""}, {""city"": ""City"", ""landmark"": ""Land&nbsp;Mark&nbsp;"", ""time"": ""Dep.&nbsp;Time&nbsp;""}, {""city"": ""MADURAI"", ""landmark"": ""MATTUTHAVANI BS"", ""time"": ""23:00""}, {""city"": ""MADURAI"", ""landmark"": ""OTTHAKADAI  BYE PASS"", ""time"": ""23:15""}, {""city"": ""MADURAI"", ""landmark"": ""CHITTAMPATTI TOLL"", ""time"": ""23:25""}, {""city"": ""MADURAI"", ""landmark"": ""MELUR BYE PASS"", ""time"": ""23:45""}, {""city"": ""MADURAI"", ""landmark"": ""KARUNGALAKUDI BYE PASS"", ""time"": ""00:05""}, {""city"": ""CHENNAI-KILAMBAKKAM-KCBT"", ""landmark"": ""CHENNAI KALAIGNAR CBT"", ""time"": ""08:00""}]",2026-01-13T18:02:33.236980
2300MADKCB,,SETC,MADURAI,CHENNAI,,,9.00Hrs,15 Seats Available,Standard,Rs 437,16/01/2026,"[{""city"": ""&nbsp;"", ""landmark"": """", ""time"": ""Service&nbsp;Details""}, {""city"": ""2300MADKCB"", ""landmark"": ""Route&nbsp;No.&nbsp;:"", ""time"": ""137UD""}, {""city"": ""MADURAI"", ""landmark"": ""To&nbsp;Place&nbsp;:"", ""time"": ""CHENNAI-KILAMBAKKAM-KCBT""}, {""city"": ""16/01/2026"", ""landmark"": ""Journey&nbsp;Hours&nbsp;*:"", ""time"": ""9:00""}, {""city"": ""436.00"", ""landmark"": ""Corporation&nbsp;:"", ""time"": ""SETC""}, {""city"": ""&nbsp;"", ""landmark"": ""Adult&nbsp;Fare&nbsp;**"", ""time"": ""437""}, {""city"": ""City"", ""landmark"": ""Land&nbsp;Mark&nbsp;"", ""time"": ""Dep.&nbsp;Time&nbsp;""}, {""city"": ""MADURAI"", ""landmark"": ""MATTUTHAVANI BS"", ""time"": ""23:00""}, {""city"": ""MADURAI"", ""landmark"": ""OTTHAKADAI  BYE PASS"", ""time"": ""23:15""}, {""city"": ""MADURAI"", ""landmark"": ""CHITTAMPATTI TOLL"", ""time"": ""23:25""}, {""city"": ""MADURAI"", ""landmark"": ""MELUR BYE PASS"", ""time"": ""23:45""}, {""city"": ""MADURAI"", ""landmark"": ""KARUNGALAKUDI BYE PASS"", ""time"": ""00:05""}, {""city"": ""CHENNAI-KILAMBAKKAM-KCBT"", ""landmark"": ""CHENNAI KALAIGNAR CBT"", ""time"": ""08:00""}]",2026-01-13T18:02:33.236980
1800SHEKCBAB,,SETC,MADURAI,CHENNAI,,,9.00Hrs,9 Seats Available,Standard,Rs 565/869,16/01/2026,"[{""city"": ""&nbsp;"", ""landmark"": """", ""time"": ""Service&nbsp;Details""}, {""city"": ""1800SHEKCBAB"", ""landmark"": ""Route&nbsp;No.&nbsp;:"", ""time"": ""184AB""}, {""city"": ""MADURAI"", ""landmark"": ""To&nbsp;Place&nbsp;:"", ""time"": ""CHENNAI-KILAMBAKKAM-KCBT""}, {""city"": ""16/01/2026"", ""landmark"": ""Journey&nbsp;Hours&nbsp;*:"", ""time"": ""9:00""}, {""city"": ""436.00"", ""landmark"": ""Corporation&nbsp;:"", ""time"": ""SETC""}, {""city"": ""&nbsp;"", ""landmark"": ""Adult&nbsp;Fare&nbsp;**"", ""time"": ""565""}, {""city"": ""City"", ""landmark"": ""Land&nbsp;Mark&nbsp;"", ""time"": ""Dep.&nbsp;Time&nbsp;""}, {""city"": ""SHENCOTTAH"", ""landmark"": ""SHENCOTTAH"", ""time"": ""18:00""}, {""city"": ""TENKASI"", ""landmark"": ""TENKASI"", ""time"": ""18:20""}, {""city"": ""TENKASI"", ""landmark"": ""KADAYANALLUR"", ""time"": ""18:40""}, {""city"": ""TENKASI"", ""landmark"": ""PULIYANKUDI"", ""time"": ""19:00""}, {""city"": ""TENKASI"", ""landmark"": ""VASUDEVANALLUR"", ""time"": ""19:20""}, {""city"": ""RAJAPALAYAM"", ""landmark"": ""RAJAPALAYAM NEW BS"", ""time"": ""20:15""}, {""city"": ""RAJAPALAYAM"", ""landmark"": ""KRISHAN KOIL"", ""time"": ""21:00""}, {""city"": ""MADURAI"", ""landmark"": ""MATTUTHAVANI BS"", ""time"": ""23:00""}, {""city"": ""CHENNAI-KILAMBAKKAM-KCBT"", ""landmark"": ""CHENNAI KALAIGNAR CBT"", ""time"": ""07:30""}]",2026-01-13T18:02:33.236980
1800SHEKCBAB,,SETC,MADURAI,CHENNAI,,,9.00Hrs,9 Seats Available,Standard,Rs 565/869,16/01/2026,"[{""city"": ""&nbsp;"", ""landmark"": """", ""time"": ""Service&nbsp;Details""}, {""city"": ""1800SHEKCBAB"", ""landmark"": ""Route&nbsp;No.&nbsp;:"", ""time"": ""184AB""}, {""city"": ""MADURAI"", ""landmark"": ""To&nbsp;Place&nbsp;:"", ""time"": ""CHENNAI-KILAMBAKKAM-KCBT""}, {""city"": ""16/01/2026"", ""landmark"": ""Journey&nbsp;Hours&nbsp;*:"", ""time"": ""9:00""}, {""city"": ""436.00"", ""landmark"": ""Corporation&nbsp;:"", ""time"": ""SETC""}, {""city"": ""&nbsp;"", ""landmark"": ""Adult&nbsp;Fare&nbsp;**"", ""time"": ""565""}, {""city"": ""City"", ""landmark"": ""Land&nbsp;Mark&nbsp;"", ""time"": ""Dep.&nbsp;Time&nbsp;""}, {""city"": ""SHENCOTTAH"", ""landmark"": ""SHENCOTTAH"", ""time"": ""18:00""}, {""city"": ""TENKASI"", ""landmark"": ""TENKASI"", ""time"": ""18:20""}, {""city"": ""TENKASI"", ""landmark"": ""KADAYANALLUR"", ""time"": ""18:40""}, {""city"": ""TENKASI"", ""landmark"": ""PULIYANKUDI"", ""time"": ""19:00""}, {""city"": ""TENKASI"", ""landmark"": ""VASUDEVANALLUR"", ""time"": ""19:20""}, {""city"": ""RAJAPALAYAM"", ""landmark"": ""RAJAPALAYAM NEW BS"", ""time"": ""20:15""}, {""city"": ""RAJAPALAYAM"", ""landmark"": ""KRISHAN KOIL"", ""time"": ""21:00""}, {""city"": ""MADURAI"", ""landmark"": ""MATTUTHAVANI BS"", ""time"": ""23:00""}, {""city"": ""CHENNAI-KILAMBAKKAM-KCBT"", ""landmark"": ""CHENNAI KALAIGNAR CBT"", ""time"": ""07:30""}]",2026-01-13T18:02:33.236980
2300MADKCBAL,,SETC,MADURAI,CHENNAI,,,7.00Hrs,26 Seats Available,Standard,Rs 565/869,16/01/2026,"[{""city"": ""&nbsp;"", ""landmark"": """", ""time"": ""Service&nbsp;Details""}, {""city"": ""2300MADKCBAL"", ""landmark"": ""Route&nbsp;No.&nbsp;:"", ""time"": ""137AL""}, {""city"": ""MADURAI"", ""landmark"": ""To&nbsp;Place&nbsp;:"", ""time"": ""CHENNAI-KILAMBAKKAM-KCBT""}, {""city"": ""16/01/2026"", ""landmark"": ""Journey&nbsp;Hours&nbsp;*:"", ""time"": ""7:00""}, {""city"": ""436.00"", ""landmark"": ""Corporation&nbsp;:"", ""time"": ""SETC""}, {""city"": ""&nbsp;"", ""landmark"": ""Adult&nbsp;Fare&nbsp;**"", ""time"": ""565""}, {""city"": ""City"", ""landmark"": ""Land&nbsp;Mark&nbsp;"", ""time"": ""Dep.&nbsp;Time&nbsp;""}, {""city"": ""MADURAI"", ""landmark"": ""MATTUTHAVANI BS"", ""time"": ""23:00""}, {""city"": ""MADURAI"", ""landmark"": ""OTTHAKADAI  BYE PASS"", ""time"": ""23:15""}, {""city"": ""MADURAI"", ""landmark"": ""CHITTAMPATTI TOLL"", ""time"": ""23:45""}, {""city"": ""CHENNAI-KILAMBAKKAM-KCBT"", ""landmark"": ""CHENNAI KALAIGNAR CBT"", ""time"": ""06:00""}]",2026-01-13T18:02:33.236980
2300MADKCBAL,,SETC,MADURAI,CHENNAI,,,7.00Hrs,26 Seats Available,Standard,Rs 565/869,16/01/2026,"[{""city"": ""&nbsp;"", ""landmark"": """", ""time"": ""Service&nbsp;Details""}, {""city"": ""2300MADKCBAL"", ""landmark"": ""Route&nbsp;No.&nbsp;:"", ""time"": ""137AL""}, {""city"": ""MADURAI"", ""landmark"": ""To&nbsp;Place&nbsp;:"", ""time"": ""CHENNAI-KILAMBAKKAM-KCBT""}, {""city"": ""16/01/2026"", ""landmark"": ""Journey&nbsp;Hours&nbsp;*:"", ""time"": ""7:00""}, {""city"": ""436.00"", ""landmark"": ""Corporation&nbsp;:"", ""time"": ""SETC""}, {""city"": ""&nbsp;"", ""landmark"": ""Adult&nbsp;Fare&nbsp;**"", ""time"": ""565""}, {""city"": ""City"", ""landmark"": ""Land&nbsp;Mark&nbsp;"", ""time"": ""Dep.&nbsp;Time&nbsp;""}, {""city"": ""MADURAI"", ""landmark"": ""MATTUTHAVANI BS"", ""time"": ""23:00""}, {""city"": ""MADURAI"", ""landmark"": ""OTTHAKADAI  BYE PASS"", ""time"": ""23:15""}, {""city"": ""MADURAI"", ""landmark"": ""CHITTAMPATTI TOLL"", ""time"": ""23:45""}, {""city"": ""CHENNAI-KILAMBAKKAM-KCBT"", ""landmark"": ""CHENNAI KALAIGNAR CBT"", ""time"": ""06:00""}]",2026-01-13T18:02:33.236980
2000TUTKCBNB,,SETC,MADURAI,CHENNAI,,,9.00Hrs,10 Seats Available,Standard,Rs 675,16/01/2026,"[{""city"": ""&nbsp;"", ""landmark"": """", ""time"": ""Service&nbsp;Details""}, {""city"": ""2000TUTKCBNB"", ""landmark"": ""Route&nbsp;No.&nbsp;:"", ""time"": ""170NB""}, {""city"": ""MADURAI"", ""landmark"": ""To&nbsp;Place&nbsp;:"", ""time"": ""CHENNAI-KILAMBAKKAM-KCBT""}, {""city"": ""16/01/2026"", ""landmark"": ""Journey&nbsp;Hours&nbsp;*:"", ""time"": ""9:00""}, {""city"": ""436.00"", ""landmark"": ""Corporation&nbsp;:"", ""time"": ""SETC""}, {""city"": ""&nbsp;"", ""landmark"": ""Adult&nbsp;Fare&nbsp;**"", ""time"": ""675""}, {""city"": ""City"", ""landmark"": ""Land&nbsp;Mark&nbsp;"", ""time"": ""Dep.&nbsp;Time&nbsp;""}, {""city"": ""TUTICORIN"", ""landmark"": ""TUTICORIN"", ""time"": ""20:00""}, {""city"": ""TUTICORIN"", ""landmark"": ""KELAERAL"", ""time"": ""20:20""}, {""city"": ""TUTICORIN"", ""landmark"": ""ARUPPUKOTTAI"", ""time"": ""21:30""}, {""city"": ""MADURAI"", ""landmark"": ""MATTUTHAVANI BS"", ""time"": ""23:15""}, {""city"": ""CHENNAI-KILAMBAKKAM-KCBT"", ""landmark"": ""CHENNAI KALAIGNAR CBT"", ""time"": ""08:00""}]",2026-01-13T18:02:33.236980
2000TUTKCBNB,,SETC,MADURAI,CHENNAI,,,9.00Hrs,10 Seats Available,Standard,Rs 675,16/01/2026,"[{""city"": ""&nbsp;"", ""landmark"": """", ""time"": ""Service&nbsp;Details""}, {""city"": ""2000TUTKCBNB"", ""landmark"": ""Route&nbsp;No.&nbsp;:"", ""time"": ""170NB""}, {""city"": ""MADURAI"", ""landmark"": ""To&nbsp;Place&nbsp;:"", ""time"": ""CHENNAI-KILAMBAKKAM-KCBT""}, {""city"": ""16/01/2026"", ""landmark"": ""Journey&nbsp;Hours&nbsp;*:"", ""time"": ""9:00""}, {""city"": ""436.00"", ""landmark"": ""Corporation&nbsp;:"", ""time"": ""SETC""}, {""city"": ""&nbsp;"", ""landmark"": ""Adult&nbsp;Fare&nbsp;**"", ""time"": ""675""}, {""city"": ""City"", ""landmark"": ""Land&nbsp;Mark&nbsp;"", ""time"": ""Dep.&nbsp;Time&nbsp;""}, {""city"": ""TUTICORIN"", ""landmark"": ""TUTICORIN"", ""time"": ""20:00""}, {""city"": ""TUTICORIN"", ""landmark"": ""KELAERAL"", ""time"": ""20:20""}, {""city"": ""TUTICORIN"", ""landmark"": ""ARUPPUKOTTAI"", ""time"": ""21:30""}, {""city"": ""MADURAI"", ""landmark"": ""MATTUTHAVANI BS"", ""time"": ""23:15""}, {""city"": ""CHENNAI-KILAMBAKKAM-KCBT"", ""landmark"": ""CHENNAI KALAIGNAR CBT"", ""time"": ""08:00""}]",2026-01-13T18:02:33.236980
1830SHEKCB,,SETC,MADURAI,CHENNAI,,,9.00Hrs,11 Seats Available,Standard,Rs 437,16/01/2026,"[{""city"": ""&nbsp;"", ""landmark"": """", ""time"": ""Service&nbsp;Details""}, {""city"": ""1830SHEKCB"", ""landmark"": ""Route&nbsp;No.&nbsp;:"", ""time"": ""184UD""}, {""city"": ""MADURAI"", ""landmark"": ""To&nbsp;Place&nbsp;:"", ""time"": ""CHENNAI-KILAMBAKKAM-KCBT""}, {""city"": ""16/01/2026"", ""landmark"": ""Journey&nbsp;Hours&nbsp;*:"", ""time"": ""9:00""}, {""city"": ""436.00"", ""landmark"": ""Corporation&nbsp;:"", ""time"": ""SETC""}, {""city"": ""&nbsp;"", ""landmark"": ""Adult&nbsp;Fare&nbsp;**"", ""time"": ""437""}, {""city"": ""City"", ""landmark"": ""Land&nbsp;Mark&nbsp;"", ""time"": ""Dep.&nbsp;Time&nbsp;""}, {""city"": ""SHENCOTTAH"", ""landmark"": ""SHENCOTTAH"", ""time"": ""18:30""}, {""city"": ""TENKASI"", ""landmark"": ""TENKASI"", ""time"": ""18:50""}, {""city"": ""TENKASI"", ""landmark"": ""KADAYANALLUR"", ""time"": ""19:10""}, {""city"": ""TENKASI"", ""landmark"": ""PULIYANKUDI"", ""time"": ""19:30""}, {""city"": ""TENKASI"", ""landmark"": ""VASUDEVANALLUR"", ""time"": ""19:50""}, {""city"": ""RAJAPALAYAM"", ""landmark"": ""RAJAPALAYAM NEW BS"", ""time"": ""20:45""}, {""city"": ""RAJAPALAYAM"", ""landmark"": ""KRISHAN KOIL"", ""time"": ""21:30""}, {""city"": ""RAJAPALAYAM"", ""landmark"": ""KALLUPATTI"", ""time"": ""22:00""}, {""city"": ""MADURAI"", ""landmark"": ""MATTUTHAVANI BS"", ""time"": ""23:30""}, {""city"": ""CHENNAI-KILAMBAKKAM-KCBT"", ""landmark"": ""CHENNAI KALAIGNAR CBT"", ""time"": ""08:00""}]",2026-01-13T18:02:33.236980
1830SHEKCB,,SETC,MADURAI,CHENNAI,,,9.00Hrs,11 Seats Available,Standard,Rs 437,16/01/2026,"[{""city"": ""&nbsp;"", ""landmark"": """", ""time"": ""Service&nbsp;Details""}, {""city"": ""1830SHEKCB"", ""landmark"": ""Route&nbsp;No.&nbsp;:"", ""time"": ""184UD""}, {""city"": ""MADURAI"", ""landmark"": ""To&nbsp;Place&nbsp;:"", ""time"": ""CHENNAI-KILAMBAKKAM-KCBT""}, {""city"": ""16/01/2026"", ""landmark"": ""Journey&nbsp;Hours&nbsp;*:"", ""time"": ""9:00""}, {""city"": ""436.00"", ""landmark"": ""Corporation&nbsp;:"", ""time"": ""SETC""}, {""city"": ""&nbsp;"", ""landmark"": ""Adult&nbsp;Fare&nbsp;**"", ""time"": ""437""}, {""city"": ""City"", ""landmark"": ""Land&nbsp;Mark&nbsp;"", ""time"": ""Dep.&nbsp;Time&nbsp;""}, {""city"": ""SHENCOTTAH"", ""landmark"": ""SHENCOTTAH"", ""time"": ""18:30""}, {""city"": ""TENKASI"", ""landmark"": ""TENKASI"", ""time"": ""18:50""}, {""city"": ""TENKASI"", ""landmark"": ""KADAYANALLUR"", ""time"": ""19:10""}, {""city"": ""TENKASI"", ""landmark"": ""PULIYANKUDI"", ""time"": ""19:30""}, {""city"": ""TENKASI"", ""landmark"": ""VASUDEVANALLUR"", ""time"": ""19:50""}, {""city"": ""RAJAPALAYAM"", ""landmark"": ""RAJAPALAYAM NEW BS"", ""time"": ""20:45""}, {""city"": ""RAJAPALAYAM"", ""landmark"": ""KRISHAN KOIL"", ""time"": ""21:30""}, {""city"": ""RAJAPALAYAM"", ""landmark"": ""KALLUPATTI"", ""time"": ""22:00""}, {""city"": ""MADURAI"", ""landmark"": ""MATTUTHAVANI BS"", ""time"": ""23:30""}, {""city"": ""CHENNAI-KILAMBAKKAM-KCBT"", ""landmark"": ""CHENNAI KALAIGNAR CBT"", ""time"": ""08:00""}]",2026-01-13T18:02:33.236980
2330MADKCBAC,,SETC,MADURAI,CHENNAI,,,9.00Hrs,33 Seats Available,Standard,Rs 565,16/01/2026,"[{""city"": ""&nbsp;"", ""landmark"": """", ""time"": ""Service&nbsp;Details""}, {""city"": ""2330MADKCBAC"", ""landmark"": ""Route&nbsp;No.&nbsp;:"", ""time"": ""137AC""}, {""city"": ""MADURAI"", ""landmark"": ""To&nbsp;Place&nbsp;:"", ""time"": ""CHENNAI-KILAMBAKKAM-KCBT""}, {""city"": ""16/01/2026"", ""landmark"": ""Journey&nbsp;Hours&nbsp;*:"", ""time"": ""9:00""}, {""city"": ""436.00"", ""landmark"": ""Corporation&nbsp;:"", ""time"": ""SETC""}, {""city"": ""&nbsp;"", ""landmark"": ""Adult&nbsp;Fare&nbsp;**"", ""time"": ""565""}, {""city"": ""City"", ""landmark"": ""Land&nbsp;Mark&nbsp;"", ""time"": ""Dep.&nbsp;Time&nbsp;""}, {""city"": ""MADURAI"", ""landmark"": ""MATTUTHAVANI BS"", ""time"": ""23:30""}, {""city"": ""MADURAI"", ""landmark"": ""OTTHAKADAI  BYE PASS"", ""time"": ""23:45""}, {""city"": ""MADURAI"", ""landmark"": ""CHITTAMPATTI TOLL"", ""time"": ""00:15""}, {""city"": ""MADURAI"", ""landmark"": ""MELUR BYE PASS"", ""time"": ""00:40""}, {""city"": ""MADURAI"", ""landmark"": ""KARUNGALAKUDI BYE PASS"", ""time"": ""01:00""}, {""city"": ""CHENNAI-KILAMBAKKAM-KCBT"", ""landmark"": ""CHENNAI KALAIGNAR CBT"", ""time"": ""06:30""}]",2026-01-13T18:02:33.236980
2330MADKCBAC,,SETC,MADURAI,CHENNAI,,,9.00Hrs,33 Seats Available,Standard,Rs 565,16/01/2026,"[{""city"": ""&nbsp;"", ""landmark"": """", ""time"": ""Service&nbsp;Details""}, {""city"": ""2330MADKCBAC"", ""landmark"": ""Route&nbsp;No.&nbsp;:"", ""time"": ""137AC""}, {""city"": ""MADURAI"", ""landmark"": ""To&nbsp;Place&nbsp;:"", ""time"": ""CHENNAI-KILAMBAKKAM-KCBT""}, {""city"": ""16/01/2026"", ""landmark"": ""Journey&nbsp;Hours&nbsp;*:"", ""time"": ""9:00""}, {""city"": ""436.00"", ""landmark"": ""Corporation&nbsp;:"", ""time"": ""SETC""}, {""city"": ""&nbsp;"", ""landmark"": ""Adult&nbsp;Fare&nbsp;**"", ""time"": ""565""}, {""city"": ""City"", ""landmark"": ""Land&nbsp;Mark&nbsp;"", ""time"": ""Dep.&nbsp;Time&nbsp;""}, {""city"": ""MADURAI"", ""landmark"": ""MATTUTHAVANI BS"", ""time"": ""23:30""}, {""city"": ""MADURAI"", ""landmark"": ""OTTHAKADAI  BYE PASS"", ""time"": ""23:45""}, {""city"": ""MADURAI"", ""landmark"": ""CHITTAMPATTI TOLL"", ""time"": ""00:15""}, {""city"": ""MADURAI"", ""landmark"": ""MELUR BYE PASS"", ""time"": ""00:40""}, {""city"": ""MADURAI"", ""landmark"": ""KARUNGALAKUDI BYE PASS"", ""time"": ""01:00""}, {""city"": ""CHENNAI-KILAMBAKKAM-KCBT"", ""landmark"": ""CHENNAI KALAIGNAR CBT"", ""time"": ""06:30""}]",2026-01-13T18:02:33.236980
