service_code,route_number,corporation,origin,destination,departure_time,arrival_time,duration,available_seats,bus_type,fare,journey_date,stops_json,scraped_at
0020KCBTRIKK05L,,SETC,CHENNAI,TRICHY,,,7.00Hrs,45 Seats Available,Standard,Rs 269,16/01/2026,"[{""city"": ""&nbsp;"", ""landmark"": """", ""time"": ""Service&nbsp;Details""}, {""city"": ""0020KCBTRIKK05L"", ""landmark"": ""Route&nbsp;No.&nbsp;:"", ""time"": ""562F""}, {""city"": ""CHENNAI-KILAMBAKKAM-KCBT"", ""landmark"": ""To&nbsp;Place&nbsp;:"", ""time"": ""TRICHY""}, {""city"": ""16/01/2026"", ""landmark"": ""Journey&nbsp;Hours&nbsp;*:"", ""time"": ""7:00""}, {""city"": ""311.00"", ""landmark"": ""Corporation&nbsp;:"", ""time"": ""KUMBAKONAM""}, {""city"": ""&nbsp;"", ""landmark"": ""Adult&nbsp;Fare&nbsp;**"", ""time"": ""269""}, {""city"": ""City"", ""landmark"": ""Land&nbsp;Mark&nbsp;"", ""time"": ""Dep.&nbsp;Time&nbsp;""}, {""city"": ""CHENNAI-KILAMBAKKAM-KCBT"", ""landmark"": ""CHENNAI KALAIGNAR CBT"", ""time"": ""00:20""}, {""city"": ""TRICHY"", ""landmark"": ""TRICHY KKBT"", ""time"": ""07:20""}]",2026-01-13T17:54:44.239933
0020KCBTRIKK05L,,SETC,CHENNAI,TRICHY,,,7.00Hrs,45 Seats Available,Standard,Rs 269,16/01/2026,"[{""city"": ""&nbsp;"", ""landmark"": """", ""time"": ""Service&nbsp;Details""}, {""city"": ""0020KCBTRIKK05L"", ""landmark"": ""Route&nbsp;No.&nbsp;:"", ""time"": ""562F""}, {""city"": ""CHENNAI-KILAMBAKKAM-KCBT"", ""landmark"": ""To&nbsp;Place&nbsp;:"", ""time"": ""TRICHY""}, {""city"": ""16/01/2026"", ""landmark"": ""Journey&nbsp;Hours&nbsp;*:"", ""time"": ""7:00""}, {""city"": ""311.00"", ""landmark"": ""Corporation&nbsp;:"", ""time"": ""KUMBAKONAM""}, {""city"": ""&nbsp;"", ""landmark"": ""Adult&nbsp;Fare&nbsp;**"", ""time"": ""269""}, {""city"": ""City"", ""landmark"": ""Land&nbsp;Mark&nbsp;"", ""time"": ""Dep.&nbsp;Time&nbsp;""}, {""city"": ""CHENNAI-KILAMBAKKAM-KCBT"", ""landmark"": ""CHENNAI KALAIGNAR CBT"", ""time"": ""00:20""}, {""city"": ""TRICHY"", ""landmark"": ""TRICHY KKBT"", ""time"": ""07:20""}]",2026-01-13T17:54:44.239933
0040KCBTRIKK05L,,SETC,CHENNAI,TRICHY,,,7.00Hrs,45 Seats Available,Standard,Rs 269,16/01/2026,"[{""city"": ""&nbsp;"", ""landmark"": """", ""time"": ""Service&nbsp;Details""}, {""city"": ""0040KCBTRIKK05L"", ""landmark"": ""Route&nbsp;No.&nbsp;:"", ""time"": ""512F""}, {""city"": ""CHENNAI-KILAMBAKKAM-KCBT"", ""landmark"": ""To&nbsp;Place&nbsp;:"", ""time"": ""TRICHY""}, {""city"": ""16/01/2026"", ""landmark"": ""Journey&nbsp;Hours&nbsp;*:"", ""time"": ""7:00""}, {""city"": ""311.00"", ""landmark"": ""Corporation&nbsp;:"", ""time"": ""KUMBAKONAM""}, {""city"": ""&nbsp;"", ""landmark"": ""Adult&nbsp;Fare&nbsp;**"", ""time"": ""269""}, {""city"": ""City"", ""landmark"": ""Land&nbsp;Mark&nbsp;"", ""time"": ""Dep.&nbsp;Time&nbsp;""}, {""city"": ""CHENNAI-KILAMBAKKAM-KCBT"", ""landmark"": ""CHENNAI KALAIGNAR CBT"", ""time"": ""00:40""}, {""city"": ""TRICHY"", ""landmark"": ""TRICHY KKBT"", ""time"": ""07:40""}]",2026-01-13T17:54:44.239933
0040KCBTRIKK05L,,SETC,CHENNAI,TRICHY,,,7.00Hrs,45 Seats Available,Standard,Rs 269,16/01/2026,"[{""city"": ""&nbsp;"", ""landmark"": """", ""time"": ""Service&nbsp;Details""}, {""city"": ""0040KCBTRIKK05L"", ""landmark"": ""Route&nbsp;No.&nbsp;:"", ""time"": ""512F""}, {""city"": ""CHENNAI-KILAMBAKKAM-KCBT"", ""landmark"": ""To&nbsp;Place&nbsp;:"", ""time"": ""TRICHY""}, {""city"": ""16/01/2026"", ""landmark"": ""Journey&nbsp;Hours&nbsp;*:"", ""time"": ""7:00""}, {""city"": ""311.00"", ""landmark"": ""Corporation&nbsp;:"", ""time"": ""KUMBAKONAM""}, {""city"": ""&nbsp;"", ""landmark"": ""Adult&nbsp;Fare&nbsp;**"", ""time"": ""269""}, {""city"": ""City"", ""landmark"": ""Land&nbsp;Mark&nbsp;"", ""time"": ""Dep.&nbsp;Time&nbsp;""}, {""city"": ""CHENNAI-KILAMBAKKAM-KCBT"", ""landmark"": ""CHENNAI KALAIGNAR CBT"", ""time"": ""00:40""}, {""city"": ""TRICHY"", ""landmark"": ""TRICHY KKBT"", ""time"": ""07:40""}]",2026-01-13T17:54:44.239933
0050KCBTRIKK05L,,SETC,CHENNAI,TRICHY,,,7.00Hrs,45 Seats Available,Standard,Rs 269,16/01/2026,"[{""city"": ""&nbsp;"", ""landmark"": """", ""time"": ""Service&nbsp;Details""}, {""city"": ""0050KCBTRIKK05L"", ""landmark"": ""Route&nbsp;No.&nbsp;:"", ""time"": ""512A""}, {""city"": ""CHENNAI-KILAMBAKKAM-KCBT"", ""landmark"": ""To&nbsp;Place&nbsp;:"", ""time"": ""TRICHY""}, {""city"": ""16/01/2026"", ""landmark"": ""Journey&nbsp;Hours&nbsp;*:"", ""time"": ""7:00""}, {""city"": ""311.00"", ""landmark"": ""Corporation&nbsp;:"", ""time"": ""KUMBAKONAM""}, {""city"": ""&nbsp;"", ""landmark"": ""Adult&nbsp;Fare&nbsp;**"", ""time"": ""269""}, {""city"": ""City"", ""landmark"": ""Land&nbsp;Mark&nbsp;"", ""time"": ""Dep.&nbsp;Time&nbsp;""}, {""city"": ""CHENNAI-KILAMBAKKAM-KCBT"", ""landmark"": ""CHENNAI KALAIGNAR CBT"", ""time"": ""00:50""}, {""city"": ""TRICHY"", ""landmark"": ""TRICHY KKBT"", ""time"": ""07:50""}]",2026-01-13T17:54:44.239933
0050KCBTRIKK05L,,SETC,CHENNAI,TRICHY,,,7.00Hrs,45 Seats Available,Standard,Rs 269,16/01/2026,"[{""city"": ""&nbsp;"", ""landmark"": """", ""time"": ""Service&nbsp;Details""}, {""city"": ""0050KCBTRIKK05L"", ""landmark"": ""Route&nbsp;No.&nbsp;:"", ""time"": ""512A""}, {""city"": ""CHENNAI-KILAMBAKKAM-KCBT"", ""landmark"": ""To&nbsp;Place&nbsp;:"", ""time"": ""TRICHY""}, {""city"": ""16/01/2026"", ""landmark"": ""Journey&nbsp;Hours&nbsp;*:"", ""time"": ""7:00""}, {""city"": ""311.00"", ""landmark"": ""Corporation&nbsp;:"", ""time"": ""KUMBAKONAM""}, {""city"": ""&nbsp;"", ""landmark"": ""Adult&nbsp;Fare&nbsp;**"", ""time"": ""269""}, {""city"": ""City"", ""landmark"": ""Land&nbsp;Mark&nbsp;"", ""time"": ""Dep.&nbsp;Time&nbsp;""}, {""city"": ""CHENNAI-KILAMBAKKAM-KCBT"", ""landmark"": ""CHENNAI KALAIGNAR CBT"", ""time"": ""00:50""}, {""city"": ""TRICHY"", ""landmark"": ""TRICHY KKBT"", ""time"": ""07:50""}]",2026-01-13T17:54:44.239933
0300KCBTRIKK01L,,SETC,CHENNAI,TRICHY,,,7.00Hrs,45 Seats Available,Standard,Rs 269,16/01/2026,"[{""city"": ""&nbsp;"", ""landmark"": """", ""time"": ""Service&nbsp;Details""}, {""city"": ""0300KCBTRIKK01L"", ""landmark"": ""Route&nbsp;No.&nbsp;:"", ""time"": ""501W""}, {""city"": ""CHENNAI-KILAMBAKKAM-KCBT"", ""landmark"": ""To&nbsp;Place&nbsp;:"", ""time"": ""TRICHY""}, {""city"": ""16/01/2026"", ""landmark"": ""Journey&nbsp;Hours&nbsp;*:"", ""time"": ""7:00""}, {""city"": ""311.00"", ""landmark"": ""Corporation&nbsp;:"", ""time"": ""KUMBAKONAM""}, {""city"": ""&nbsp;"", ""landmark"": ""Adult&nbsp;Fare&nbsp;**"", ""time"": ""269""}, {""city"": ""City"", ""landmark"": ""Land&nbsp;Mark&nbsp;"", ""time"": ""Dep.&nbsp;Time&nbsp;""}, {""city"": ""CHENNAI-KILAMBAKKAM-KCBT"", ""landmark"": ""CHENNAI KALAIGNAR CBT"", ""time"": ""03:00""}, {""city"": ""TRICHY"", ""landmark"": ""TRICHY KKBT"", ""time"": ""10:00""}]",2026-01-13T17:54:44.239933
0300KCBTRIKK01L,,SETC,CHENNAI,TRICHY,,,7.00Hrs,45 Seats Available,Standard,Rs 269,16/01/2026,"[{""city"": ""&nbsp;"", ""landmark"": """", ""time"": ""Service&nbsp;Details""}, {""city"": ""0300KCBTRIKK01L"", ""landmark"": ""Route&nbsp;No.&nbsp;:"", ""time"": ""501W""}, {""city"": ""CHENNAI-KILAMBAKKAM-KCBT"", ""landmark"": ""To&nbsp;Place&nbsp;:"", ""time"": ""TRICHY""}, {""city"": ""16/01/2026"", ""landmark"": ""Journey&nbsp;Hours&nbsp;*:"", ""time"": ""7:00""}, {""city"": ""311.00"", ""landmark"": ""Corporation&nbsp;:"", ""time"": ""KUMBAKONAM""}, {""city"": ""&nbsp;"", ""landmark"": ""Adult&nbsp;Fare&nbsp;**"", ""time"": ""269""}, {""city"": ""City"", ""landmark"": ""Land&nbsp;Mark&nbsp;"", ""time"": ""Dep.&nbsp;Time&nbsp;""}, {""city"": ""CHENNAI-KILAMBAKKAM-KCBT"", ""landmark"": ""CHENNAI KALAIGNAR CBT"", ""time"": ""03:00""}, {""city"": ""TRICHY"", ""landmark"": ""TRICHY KKBT"", ""time"": ""10:00""}]",2026-01-13T17:54:44.239933
0330KCBTRIKK01L,,SETC,CHENNAI,TRICHY,,,7.00Hrs,45 Seats Available,Standard,Rs 269,16/01/2026,"[{""city"": ""&nbsp;"", ""landmark"": """", ""time"": ""Service&nbsp;Details""}, {""city"": ""0330KCBTRIKK01L"", ""landmark"": ""Route&nbsp;No.&nbsp;:"", ""time"": ""501P""}, {""city"": ""CHENNAI-KILAMBAKKAM-KCBT"", ""landmark"": ""To&nbsp;Place&nbsp;:"", ""time"": ""TRICHY""}, {""city"": ""16/01/2026"", ""landmark"": ""Journey&nbsp;Hours&nbsp;*:"", ""time"": ""7:00""}, {""city"": ""311.00"", ""landmark"": ""Corporation&nbsp;:"", ""time"": ""KUMBAKONAM""}, {""city"": ""&nbsp;"", ""landmark"": ""Adult&nbsp;Fare&nbsp;**"", ""time"": ""269""}, {""city"": ""City"", ""landmark"": ""Land&nbsp;Mark&nbsp;"", ""time"": ""Dep.&nbsp;Time&nbsp;""}, {""city"": ""CHENNAI-KILAMBAKKAM-KCBT"", ""landmark"": ""CHENNAI KALAIGNAR CBT"", ""time"": ""03:30""}, {""city"": ""TRICHY"", ""landmark"": ""TRICHY KKBT"", ""time"": ""10:30""}]",2026-01-13T17:54:44.239933
0330KCBTRIKK01L,,SETC,CHENNAI,TRICHY,,,7.00Hrs,45 Seats Available,Standard,Rs 269,16/01/2026,"[{""city"": ""&nbsp;"", ""landmark"": """", ""time"": ""Service&nbsp;Details""}, {""city"": ""0330KCBTRIKK01L"", ""landmark"": ""Route&nbsp;No.&nbsp;:"", ""time"": ""501P""}, {""city"": ""CHENNAI-KILAMBAKKAM-KCBT"", ""landmark"": ""To&nbsp;Place&nbsp;:"", ""time"": ""TRICHY""}, {""city"": ""16/01/2026"", ""landmark"": ""Journey&nbsp;Hours&nbsp;*:"", ""time"": ""7:00""}, {""city"": ""311.00"", ""landmark"": ""Corporation&nbsp;:"", ""time"": ""KUMBAKONAM""}, {""city"": ""&nbsp;"", ""landmark"": ""Adult&nbsp;Fare&nbsp;**"", ""time"": ""269""}, {""city"": ""City"", ""landmark"": ""Land&nbsp;Mark&nbsp;"", ""time"": ""Dep.&nbsp;Time&nbsp;""}, {""city"": ""CHENNAI-KILAMBAKKAM-KCBT"", ""landmark"": ""CHENNAI KALAIGNAR CBT"", ""time"": ""03:30""}, {""city"": ""TRICHY"", ""landmark"": ""TRICHY KKBT"", ""time"": ""10:30""}]",2026-01-13T17:54:44.239933
0415KCBTRIKK01L,,SETC,CHENNAI,TRICHY,,,7.00Hrs,45 Seats Available,Standard,Rs 269,16/01/2026,"[{""city"": ""&nbsp;"", ""landmark"": """", ""time"": ""Service&nbsp;Details""}, {""city"": ""0415KCBTRIKK01L"", ""landmark"": ""Route&nbsp;No.&nbsp;:"", ""time"": ""508A""}, {""city"": ""CHENNAI-KILAMBAKKAM-KCBT"", ""landmark"": ""To&nbsp;Place&nbsp;:"", ""time"": ""TRICHY""}, {""city"": ""16/01/2026"", ""landmark"": ""Journey&nbsp;Hours&nbsp;*:"", ""time"": ""7:00""}, {""city"": ""311.00"", ""landmark"": ""Corporation&nbsp;:"", ""time"": ""KUMBAKONAM""}, {""city"": ""&nbsp;"", ""landmark"": ""Adult&nbsp;Fare&nbsp;**"", ""time"": ""269""}, {""city"": ""City"", ""landmark"": ""Land&nbsp;Mark&nbsp;"", ""time"": ""Dep.&nbsp;Time&nbsp;""}, {""city"": ""CHENNAI-KILAMBAKKAM-KCBT"", ""landmark"": ""CHENNAI KALAIGNAR CBT"", ""time"": ""04:15""}, {""city"": ""TRICHY"", ""landmark"": ""TRICHY KKBT"", ""time"": ""11:15""}]",2026-01-13T17:54:44.239933
0415KCBTRIKK01L,,SETC,CHENNAI,TRICHY,,,7.00Hrs,45 Seats Available,Standard,Rs 269,16/01/2026,"[{""city"": ""&nbsp;"", ""landmark"": """", ""time"": ""Service&nbsp;Details""}, {""city"": ""0415KCBTRIKK01L"", ""landmark"": ""Route&nbsp;No.&nbsp;:"", ""time"": ""508A""}, {""city"": ""CHENNAI-KILAMBAKKAM-KCBT"", ""landmark"": ""To&nbsp;Place&nbsp;:"", ""time"": ""TRICHY""}, {""city"": ""16/01/2026"", ""landmark"": ""Journey&nbsp;Hours&nbsp;*:"", ""time"": ""7:00""}, {""city"": ""311.00"", ""landmark"": ""Corporation&nbsp;:"", ""time"": ""KUMBAKONAM""}, {""city"": ""&nbsp;"", ""landmark"": ""Adult&nbsp;Fare&nbsp;**"", ""time"": ""269""}, {""city"": ""City"", ""landmark"": ""Land&nbsp;Mark&nbsp;"", ""time"": ""Dep.&nbsp;Time&nbsp;""}, {""city"": ""CHENNAI-KILAMBAKKAM-KCBT"", ""landmark"": ""CHENNAI KALAIGNAR CBT"", ""time"": ""04:15""}, {""city"": ""TRICHY"", ""landmark"": ""TRICHY KKBT"", ""time"": ""11:15""}]",2026-01-13T17:54:44.239933
0430KCBTRI,,SETC,CHENNAI,TRICHY,,,6.30Hrs,33 Seats Available,Standard,Rs 313,16/01/2026,"[{""city"": ""&nbsp;"", ""landmark"": """", ""time"": ""Service&nbsp;Details""}, {""city"": ""0430KCBTRI"", ""landmark"": ""Route&nbsp;No.&nbsp;:"", ""time"": ""123UD""}, {""city"": ""CHENNAI-KILAMBAKKAM-KCBT"", ""landmark"": ""To&nbsp;Place&nbsp;:"", ""time"": ""TRICHY""}, {""city"": ""16/01/2026"", ""landmark"": ""Journey&nbsp;Hours&nbsp;*:"", ""time"": ""6:30""}, {""city"": ""311.00"", ""landmark"": ""Corporation&nbsp;:"", ""time"": ""SETC""}, {""city"": ""&nbsp;"", ""landmark"": ""Adult&nbsp;Fare&nbsp;**"", ""time"": ""313""}, {""city"": ""City"", ""landmark"": ""Land&nbsp;Mark&nbsp;"", ""time"": ""Dep.&nbsp;Time&nbsp;""}, {""city"": ""CHENNAI-KILAMBAKKAM-KCBT"", ""landmark"": ""CHENNAI KALAIGNAR CBT"", ""time"": ""04:30""}, {""city"": ""CHENNAI-KILAMBAKKAM-KCBT"", ""landmark"": ""SINGAPERUMAL KOIL"", ""time"": ""04:50""}, {""city"": ""TRICHY"", ""landmark"": ""TRICHY KKBT"", ""time"": ""10:45""}]",2026-01-13T17:54:44.239933
0430KCBTRI,,SETC,CHENNAI,TRICHY,,,6.30Hrs,33 Seats Available,Standard,Rs 313,16/01/2026,"[{""city"": ""&nbsp;"", ""landmark"": """", ""time"": ""Service&nbsp;Details""}, {""city"": ""0430KCBTRI"", ""landmark"": ""Route&nbsp;No.&nbsp;:"", ""time"": ""123UD""}, {""city"": ""CHENNAI-KILAMBAKKAM-KCBT"", ""landmark"": ""To&nbsp;Place&nbsp;:"", ""time"": ""TRICHY""}, {""city"": ""16/01/2026"", ""landmark"": ""Journey&nbsp;Hours&nbsp;*:"", ""time"": ""6:30""}, {""city"": ""311.00"", ""landmark"": ""Corporation&nbsp;:"", ""time"": ""SETC""}, {""city"": ""&nbsp;"", ""landmark"": ""Adult&nbsp;Fare&nbsp;**"", ""time"": ""313""}, {""city"": ""City"", ""landmark"": ""Land&nbsp;Mark&nbsp;"", ""time"": ""Dep.&nbsp;Time&nbsp;""}, {""city"": ""CHENNAI-KILAMBAKKAM-KCBT"", ""landmark"": ""CHENNAI KALAIGNAR CBT"", ""time"": ""04:30""}, {""city"": ""CHENNAI-KILAMBAKKAM-KCBT"", ""landmark"": ""SINGAPERUMAL KOIL"", ""time"": ""04:50""}, {""city"": ""TRICHY"", ""landmark"": ""TRICHY KKBT"", ""time"": ""10:45""}]",2026-01-13T17:54:44.239933
0430KCBTRIKK01L,,SETC,CHENNAI,TRICHY,,,7.00Hrs,45 Seats Available,Standard,Rs 269,16/01/2026,"[{""city"": ""&nbsp;"", ""landmark"": """", ""time"": ""Service&nbsp;Details""}, {""city"": ""0430KCBTRIKK01L"", ""landmark"": ""Route&nbsp;No.&nbsp;:"", ""time"": ""510B""}, {""city"": ""CHENNAI-KILAMBAKKAM-KCBT"", ""landmark"": ""To&nbsp;Place&nbsp;:"", ""time"": ""TRICHY""}, {""city"": ""16/01/2026"", ""landmark"": ""Journey&nbsp;Hours&nbsp;*:"", ""time"": ""7:00""}, {""city"": ""311.00"", ""landmark"": ""Corporation&nbsp;:"", ""time"": ""KUMBAKONAM""}, {""city"": ""&nbsp;"", ""landmark"": ""Adult&nbsp;Fare&nbsp;**"", ""time"": ""269""}, {""city"": ""City"", ""landmark"": ""Land&nbsp;Mark&nbsp;"", ""time"": ""Dep.&nbsp;Time&nbsp;""}, {""city"": ""CHENNAI-KILAMBAKKAM-KCBT"", ""landmark"": ""CHENNAI KALAIGNAR CBT"", ""time"": ""04:30""}, {""city"": ""TRICHY"", ""landmark"": ""TRICHY KKBT"", ""time"": ""11:30""}]",2026-01-13T17:54:44.239933
0430KCBTRIKK01L,,SETC,CHENNAI,TRICHY,,,7.00Hrs,45 Seats Available,Standard,Rs 269,16/01/2026,"[{""city"": ""&nbsp;"", ""landmark"": """", ""time"": ""Service&nbsp;Details""}, {""city"": ""0430KCBTRIKK01L"", ""landmark"": ""Route&nbsp;No.&nbsp;:"", ""time"": ""510B""}, {""city"": ""CHENNAI-KILAMBAKKAM-KCBT"", ""landmark"": ""To&nbsp;Place&nbsp;:"", ""time"": ""TRICHY""}, {""city"": ""16/01/2026"", ""landmark"": ""Journey&nbsp;Hours&nbsp;*:"", ""time"": ""7:00""}, {""city"": ""311.00"", ""landmark"": ""Corporation&nbsp;:"", ""time"": ""KUMBAKONAM""}, {""city"": ""&nbsp;"", ""landmark"": ""Adult&nbsp;Fare&nbsp;**"", ""time"": ""269""}, {""city"": ""City"", ""landmark"": ""Land&nbsp;Mark&nbsp;"", ""time"": ""Dep.&nbsp;Time&nbsp;""}, {""city"": ""CHENNAI-KILAMBAKKAM-KCBT"", ""landmark"": ""CHENNAI KALAIGNAR CBT"", ""time"": ""04:30""}, {""city"": ""TRICHY"", ""landmark"": ""TRICHY KKBT"", ""time"": ""11:30""}]",2026-01-13T17:54:44.239933
0445KCBTRIKK01L,,SETC,CHENNAI,TRICHY,,,7.00Hrs,45 Seats Available,Standard,Rs 269,16/01/2026,"[{""city"": ""&nbsp;"", ""landmark"": """", ""time"": ""Service&nbsp;Details""}, {""city"": ""0445KCBTRIKK01L"", ""landmark"": ""Route&nbsp;No.&nbsp;:"", ""time"": ""510E""}, {""city"": ""CHENNAI-KILAMBAKKAM-KCBT"", ""landmark"": ""To&nbsp;Place&nbsp;:"", ""time"": ""TRICHY""}, {""city"": ""16/01/2026"", ""landmark"": ""Journey&nbsp;Hours&nbsp;*:"", ""time"": ""7:00""}, {""city"": ""311.00"", ""landmark"": ""Corporation&nbsp;:"", ""time"": ""KUMBAKONAM""}, {""city"": ""&nbsp;"", ""landmark"": ""Adult&nbsp;Fare&nbsp;**"", ""time"": ""269""}, {""city"": ""City"", ""landmark"": ""Land&nbsp;Mark&nbsp;"", ""time"": ""Dep.&nbsp;Time&nbsp;""}, {""city"": ""CHENNAI-KILAMBAKKAM-KCBT"", ""landmark"": ""CHENNAI KALAIGNAR CBT"", ""time"": ""04:45""}, {""city"": ""TRICHY"", ""landmark"": ""TRICHY KKBT"", ""time"": ""11:45""}]",2026-01-13T17:54:44.239933
0445KCBTRIKK01L,,SETC,CHENNAI,TRICHY,,,7.00Hrs,45 Seats Available,Standard,Rs 269,16/01/2026,"[{""city"": ""&nbsp;"", ""landmark"": """", ""time"": ""Service&nbsp;Details""}, {""city"": ""0445KCBTRIKK01L"", ""landmark"": ""Route&nbsp;No.&nbsp;:"", ""time"": ""510E""}, {""city"": ""CHENNAI-KILAMBAKKAM-KCBT"", ""landmark"": ""To&nbsp;Place&nbsp;:"", ""time"": ""TRICHY""}, {""city"": ""16/01/2026"", ""landmark"": ""Journey&nbsp;Hours&nbsp;*:"", ""time"": ""7:00""}, {""city"": ""311.00"", ""landmark"": ""Corporation&nbsp;:"", ""time"": ""KUMBAKONAM""}, {""city"": ""&nbsp;"", ""landmark"": ""Adult&nbsp;Fare&nbsp;**"", ""time"": ""269""}, {""city"": ""City"", ""landmark"": ""Land&nbsp;Mark&nbsp;"", ""time"": ""Dep.&nbsp;Time&nbsp;""}, {""city"": ""CHENNAI-KILAMBAKKAM-KCBT"", ""landmark"": ""CHENNAI KALAIGNAR CBT"", ""time"": ""04:45""}, {""city"": ""TRICHY"", ""landmark"": ""TRICHY KKBT"", ""time"": ""11:45""}]",2026-01-13T17:54:44.239933
0500KCBTRIKK01L,,SETC,CHENNAI,TRICHY,,,7.00Hrs,45 Seats Available,Standard,Rs 269,16/01/2026,"[{""city"": ""&nbsp;"", ""landmark"": """", ""time"": ""Service&nbsp;Details""}, {""city"": ""0500KCBTRIKK01L"", ""landmark"": ""Route&nbsp;No.&nbsp;:"", ""time"": ""508C""}, {""city"": ""CHENNAI-KILAMBAKKAM-KCBT"", ""landmark"": ""To&nbsp;Place&nbsp;:"", ""time"": ""TRICHY""}, {""city"": ""16/01/2026"", ""landmark"": ""Journey&nbsp;Hours&nbsp;*:"", ""time"": ""7:00""}, {""city"": ""311.00"", ""landmark"": ""Corporation&nbsp;:"", ""time"": ""KUMBAKONAM""}, {""city"": ""&nbsp;"", ""landmark"": ""Adult&nbsp;Fare&nbsp;**"", ""time"": ""269""}, {""city"": ""City"", ""landmark"": ""Land&nbsp;Mark&nbsp;"", ""time"": ""Dep.&nbsp;Time&nbsp;""}, {""city"": ""CHENNAI-KILAMBAKKAM-KCBT"", ""landmark"": ""CHENNAI KALAIGNAR CBT"", ""time"": ""05:00""}, {""city"": ""TRICHY"", ""landmark"": ""TRICHY KKBT"", ""time"": ""12:00""}]",2026-01-13T17:54:44.239933
0500KCBTRIKK01L,,SETC,CHENNAI,TRICHY,,,7.00Hrs,45 Seats Available,Standard,Rs 269,16/01/2026,"[{""city"": ""&nbsp;"", ""landmark"": """", ""time"": ""Service&nbsp;Details""}, {""city"": ""0500KCBTRIKK01L"", ""landmark"": ""Route&nbsp;No.&nbsp;:"", ""time"": ""508C""}, {""city"": ""CHENNAI-KILAMBAKKAM-KCBT"", ""landmark"": ""To&nbsp;Place&nbsp;:"", ""time"": ""TRICHY""}, {""city"": ""16/01/2026"", ""landmark"": ""Journey&nbsp;Hours&nbsp;*:"", ""time"": ""7:00""}, {""city"": ""311.00"", ""landmark"": ""Corporation&nbsp;:"", ""time"": ""KUMBAKONAM""}, {""city"": ""&nbsp;"", ""landmark"": ""Adult&nbsp;Fare&nbsp;**"", ""time"": ""269""}, {""city"": ""City"", ""landmark"": ""Land&nbsp;Mark&nbsp;"", ""time"": ""Dep.&nbsp;Time&nbsp;""}, {""city"": ""CHENNAI-KILAMBAKKAM-KCBT"", ""landmark"": ""CHENNAI KALAIGNAR CBT"", ""time"": ""05:00""}, {""city"": ""TRICHY"", ""landmark"": ""TRICHY KKBT"", ""time"": ""12:00""}]",2026-01-13T17:54:44.239933
0500KCBTRIAB,,SETC,CHENNAI,TRICHY,,,6.15Hrs,29 Seats Available,Standard,Rs 405/622,16/01/2026,"[{""city"": ""&nbsp;"", ""landmark"": """", ""time"": ""Service&nbsp;Details""}, {""city"": ""0500KCBTRIAB"", ""landmark"": ""Route&nbsp;No.&nbsp;:"", ""time"": ""123AB""}, {""city"": ""CHENNAI-KILAMBAKKAM-KCBT"", ""landmark"": ""To&nbsp;Place&nbsp;:"", ""time"": ""TRICHY""}, {""city"": ""16/01/2026"", ""landmark"": ""Journey&nbsp;Hours&nbsp;*:"", ""time"": ""6:15""}, {""city"": ""308.00"", ""landmark"": ""Corporation&nbsp;:"", ""time"": ""SETC""}, {""city"": ""&nbsp;"", ""landmark"": ""Adult&nbsp;Fare&nbsp;**"", ""time"": ""405""}, {""city"": ""City"", ""landmark"": ""Land&nbsp;Mark&nbsp;"", ""time"": ""Dep.&nbsp;Time&nbsp;""}, {""city"": ""CHENNAI-KILAMBAKKAM-KCBT"", ""landmark"": ""CHENNAI KALAIGNAR CBT"", ""time"": ""05:00""}, {""city"": ""CHENNAI-KILAMBAKKAM-KCBT"", ""landmark"": ""GUDUVANCHERY"", ""time"": ""05:05""}, {""city"": ""CHENNAI-KILAMBAKKAM-KCBT"", ""landmark"": ""SRM UNIVERSITY"", ""time"": ""05:10""}, {""city"": ""CHENNAI-KILAMBAKKAM-KCBT"", ""landmark"": ""MARAIMALAI NAGAR BUSSTOP"", ""time"": ""05:15""}, {""city"": ""CHENNAI-KILAMBAKKAM-KCBT"", ""landmark"": ""SINGAPERUMAL KOIL"", ""time"": ""05:20""}, {""city"": ""CHENNAI-KILAMBAKKAM-KCBT"", ""landmark"": ""MAHINDRA CITY"", ""time"": ""05:40""}, {""city"": ""CHENNAI-KILAMBAKKAM-KCBT"", ""landmark"": ""CHENGALPATTU TOLL"", ""time"": ""05:50""}, {""city"": ""CHENNAI-KILAMBAKKAM-KCBT"", ""landmark"": ""CHENGALPATTU BYPASS"", ""time"": ""06:00""}, {""city"": ""CHENNAI-KILAMBAKKAM-KCBT"", ""landmark"": ""MELMARUVATHUR BUS STOP"", ""time"": ""06:30""}, {""city"": ""CHENNAI-KILAMBAKKAM-KCBT"", ""landmark"": ""TINDIVANAM"", ""time"": ""07:05""}, {""city"": ""TRICHY"", ""landmark"": ""TRICHY KKBT"", ""time"": ""11:15""}]",2026-01-13T17:54:44.239933
0500KCBTRIAB,,SETC,CHENNAI,TRICHY,,,6.15Hrs,29 Seats Available,Standard,Rs 405/622,16/01/2026,"[{""city"": ""&nbsp;"", ""landmark"": """", ""time"": ""Service&nbsp;Details""}, {""city"": ""0500KCBTRIAB"", ""landmark"": ""Route&nbsp;No.&nbsp;:"", ""time"": ""123AB""}, {""city"": ""CHENNAI-KILAMBAKKAM-KCBT"", ""landmark"": ""To&nbsp;Place&nbsp;:"", ""time"": ""TRICHY""}, {""city"": ""16/01/2026"", ""landmark"": ""Journey&nbsp;Hours&nbsp;*:"", ""time"": ""6:15""}, {""city"": ""308.00"", ""landmark"": ""Corporation&nbsp;:"", ""time"": ""SETC""}, {""city"": ""&nbsp;"", ""landmark"": ""Adult&nbsp;Fare&nbsp;**"", ""time"": ""405""}, {""city"": ""City"", ""landmark"": ""Land&nbsp;Mark&nbsp;"", ""time"": ""Dep.&nbsp;Time&nbsp;""}, {""city"": ""CHENNAI-KILAMBAKKAM-KCBT"", ""landmark"": ""CHENNAI KALAIGNAR CBT"", ""time"": ""05:00""}, {""city"": ""CHENNAI-KILAMBAKKAM-KCBT"", ""landmark"": ""GUDUVANCHERY"", ""time"": ""05:05""}, {""city"": ""CHENNAI-KILAMBAKKAM-KCBT"", ""landmark"": ""SRM UNIVERSITY"", ""time"": ""05:10""}, {""city"": ""CHENNAI-KILAMBAKKAM-KCBT"", ""landmark"": ""MARAIMALAI NAGAR BUSSTOP"", ""time"": ""05:15""}, {""city"": ""CHENNAI-KILAMBAKKAM-KCBT"", ""landmark"": ""SINGAPERUMAL KOIL"", ""time"": ""05:20""}, {""city"": ""CHENNAI-KILAMBAKKAM-KCBT"", ""landmark"": ""MAHINDRA CITY"", ""time"": ""05:40""}, {""city"": ""CHENNAI-KILAMBAKKAM-KCBT"", ""landmark"": ""CHENGALPATTU TOLL"", ""time"": ""05:50""}, {""city"": ""CHENNAI-KILAMBAKKAM-KCBT"", ""landmark"": ""CHENGALPATTU BYPASS"", ""time"": ""06:00""}, {""city"": ""CHENNAI-KILAMBAKKAM-KCBT"", ""landmark"": ""MELMARUVATHUR BUS STOP"", ""time"": ""06:30""}, {""city"": ""CHENNAI-KILAMBAKKAM-KCBT"", ""landmark"": ""TINDIVANAM"", ""time"": ""07:05""}, {""city"": ""TRICHY"", ""landmark"": ""TRICHY KKBT"", ""time"": ""11:15""}]",2026-01-13T17:54:44.239933
0500KCBTRI,,SETC,CHENNAI,TRICHY,,,6.30Hrs,33 Seats Available,Standard,Rs 313,16/01/2026,"[{""city"": ""&nbsp;"", ""landmark"": """", ""time"": ""Service&nbsp;Details""}, {""city"": ""0500KCBTRI"", ""landmark"": ""Route&nbsp;No.&nbsp;:"", ""time"": ""123UD""}, {""city"": ""CHENNAI-KILAMBAKKAM-KCBT"", ""landmark"": ""To&nbsp;Place&nbsp;:"", ""time"": ""TRICHY""}, {""city"": ""16/01/2026"", ""landmark"": ""Journey&nbsp;Hours&nbsp;*:"", ""time"": ""6:30""}, {""city"": ""311.00"", ""landmark"": ""Corporation&nbsp;:"", ""time"": ""SETC""}, {""city"": ""&nbsp;"", ""landmark"": ""Adult&nbsp;Fare&nbsp;**"", ""time"": ""313""}, {""city"": ""City"", ""landmark"": ""Land&nbsp;Mark&nbsp;"", ""time"": ""Dep.&nbsp;Time&nbsp;""}, {""city"": ""CHENNAI-KILAMBAKKAM-KCBT"", ""landmark"": ""CHENNAI KALAIGNAR CBT"", ""time"": ""05:00""}, {""city"": ""CHENNAI-KILAMBAKKAM-KCBT"", ""landmark"": ""SINGAPERUMAL KOIL"", ""time"": ""05:20""}, {""city"": ""TRICHY"", ""landmark"": ""TRICHY KKBT"", ""time"": ""11:15""}]",2026-01-13T17:54:44.239933
0500KCBTRI,,SETC,CHENNAI,TRICHY,,,6.30Hrs,33 Seats Available,Standard,Rs 313,16/01/2026,"[{""city"": ""&nbsp;"", ""landmark"": """", ""time"": ""Service&nbsp;Details""}, {""city"": ""0500KCBTRI"", ""landmark"": ""Route&nbsp;No.&nbsp;:"", ""time"": ""123UD""}, {""city"": ""CHENNAI-KILAMBAKKAM-KCBT"", ""landmark"": ""To&nbsp;Place&nbsp;:"", ""time"": ""TRICHY""}, {""city"": ""16/01/2026"", ""landmark"": ""Journey&nbsp;Hours&nbsp;*:"", ""time"": ""6:30""}, {""city"": ""311.00"", ""landmark"": ""Corporation&nbsp;:"", ""time"": ""SETC""}, {""city"": ""&nbsp;"", ""landmark"": ""Adult&nbsp;Fare&nbsp;**"", ""time"": ""313""}, {""city"": ""City"", ""landmark"": ""Land&nbsp;Mark&nbsp;"", ""time"": ""Dep.&nbsp;Time&nbsp;""}, {""city"": ""CHENNAI-KILAMBAKKAM-KCBT"", ""landmark"": ""CHENNAI KALAIGNAR CBT"", ""time"": ""05:00""}, {""city"": ""CHENNAI-KILAMBAKKAM-KCBT"", ""landmark"": ""SINGAPERUMAL KOIL"", ""time"": ""05:20""}, {""city"": ""TRICHY"", ""landmark"": ""TRICHY KKBT"", ""time"": ""11:15""}]",2026-01-13T17:54:44.239933
0510KCBTRIKK01L,,SETC,CHENNAI,TRICHY,,,7.00Hrs,45 Seats Available,Standard,Rs 269,16/01/2026,"[{""city"": ""&nbsp;"", ""landmark"": """", ""time"": ""Service&nbsp;Details""}, {""city"": ""0510KCBTRIKK01L"", ""landmark"": ""Route&nbsp;No.&nbsp;:"", ""time"": ""508H""}, {""city"": ""CHENNAI-KILAMBAKKAM-KCBT"", ""landmark"": ""To&nbsp;Place&nbsp;:"", ""time"": ""TRICHY""}, {""city"": ""16/01/2026"", ""landmark"": ""Journey&nbsp;Hours&nbsp;*:"", ""time"": ""7:00""}, {""city"": ""311.00"", ""landmark"": ""Corporation&nbsp;:"", ""time"": ""KUMBAKONAM""}, {""city"": ""&nbsp;"", ""landmark"": ""Adult&nbsp;Fare&nbsp;**"", ""time"": ""269""}, {""city"": ""City"", ""landmark"": ""Land&nbsp;Mark&nbsp;"", ""time"": ""Dep.&nbsp;Time&nbsp;""}, {""city"": ""CHENNAI-KILAMBAKKAM-KCBT"", ""landmark"": ""CHENNAI KALAIGNAR CBT"", ""time"": ""05:10""}, {""city"": ""TRICHY"", ""landmark"": ""TRICHY KKBT"", ""time"": ""12:10""}]",2026-01-13T17:54:44.239933
0510KCBTRIKK01L,,SETC,CHENNAI,TRICHY,,,7.00Hrs,45 Seats Available,Standard,Rs 269,16/01/2026,"[{""city"": ""&nbsp;"", ""landmark"": """", ""time"": ""Service&nbsp;Details""}, {""city"": ""0510KCBTRIKK01L"", ""landmark"": ""Route&nbsp;No.&nbsp;:"", ""time"": ""508H""}, {""city"": ""CHENNAI-KILAMBAKKAM-KCBT"", ""landmark"": ""To&nbsp;Place&nbsp;:"", ""time"": ""TRICHY""}, {""city"": ""16/01/2026"", ""landmark"": ""Journey&nbsp;Hours&nbsp;*:"", ""time"": ""7:00""}, {""city"": ""311.00"", ""landmark"": ""Corporation&nbsp;:"", ""time"": ""KUMBAKONAM""}, {""city"": ""&nbsp;"", ""landmark"": ""Adult&nbsp;Fare&nbsp;**"", ""time"": ""269""}, {""city"": ""City"", ""landmark"": ""Land&nbsp;Mark&nbsp;"", ""time"": ""Dep.&nbsp;Time&nbsp;""}, {""city"": ""CHENNAI-KILAMBAKKAM-KCBT"", ""landmark"": ""CHENNAI KALAIGNAR CBT"", ""time"": ""05:10""}, {""city"": ""TRICHY"", ""landmark"": ""TRICHY KKBT"", ""time"": ""12:10""}]",2026-01-13T17:54:44.239933
0520KCBTRIKK01L,,SETC,CHENNAI,TRICHY,,,7.00Hrs,45 Seats Available,Standard,Rs 269,16/01/2026,"[{""city"": ""&nbsp;"", ""landmark"": """", ""time"": ""Service&nbsp;Details""}, {""city"": ""0520KCBTRIKK01L"", ""landmark"": ""Route&nbsp;No.&nbsp;:"", ""time"": ""510H""}, {""city"": ""CHENNAI-KILAMBAKKAM-KCBT"", ""landmark"": ""To&nbsp;Place&nbsp;:"", ""time"": ""TRICHY""}, {""city"": ""16/01/2026"", ""landmark"": ""Journey&nbsp;Hours&nbsp;*:"", ""time"": ""7:00""}, {""city"": ""311.00"", ""landmark"": ""Corporation&nbsp;:"", ""time"": ""KUMBAKONAM""}, {""city"": ""&nbsp;"", ""landmark"": ""Adult&nbsp;Fare&nbsp;**"", ""time"": ""269""}, {""city"": ""City"", ""landmark"": ""Land&nbsp;Mark&nbsp;"", ""time"": ""Dep.&nbsp;Time&nbsp;""}, {""city"": ""CHENNAI-KILAMBAKKAM-KCBT"", ""landmark"": ""CHENNAI KALAIGNAR CBT"", ""time"": ""05:20""}, {""city"": ""TRICHY"", ""landmark"": ""TRICHY KKBT"", ""time"": ""12:20""}]",2026-01-13T17:54:44.239933
0520KCBTRIKK01L,,SETC,CHENNAI,TRICHY,,,7.00Hrs,45 Seats Available,Standard,Rs 269,16/01/2026,"[{""city"": ""&nbsp;"", ""landmark"": """", ""time"": ""Service&nbsp;Details""}, {""city"": ""0520KCBTRIKK01L"", ""landmark"": ""Route&nbsp;No.&nbsp;:"", ""time"": ""510H""}, {""city"": ""CHENNAI-KILAMBAKKAM-KCBT"", ""landmark"": ""To&nbsp;Place&nbsp;:"", ""time"": ""TRICHY""}, {""city"": ""16/01/2026"", ""landmark"": ""Journey&nbsp;Hours&nbsp;*:"", ""time"": ""7:00""}, {""city"": ""311.00"", ""landmark"": ""Corporation&nbsp;:"", ""time"": ""KUMBAKONAM""}, {""city"": ""&nbsp;"", ""landmark"": ""Adult&nbsp;Fare&nbsp;**"", ""time"": ""269""}, {""city"": ""City"", ""landmark"": ""Land&nbsp;Mark&nbsp;"", ""time"": ""Dep.&nbsp;Time&nbsp;""}, {""city"": ""CHENNAI-KILAMBAKKAM-KCBT"", ""landmark"": ""CHENNAI KALAIGNAR CBT"", ""time"": ""05:20""}, {""city"": ""TRICHY"", ""landmark"": ""TRICHY KKBT"", ""time"": ""12:20""}]",2026-01-13T17:54:44.239933
0530KCBTRI,,SETC,CHENNAI,TRICHY,,,6.30Hrs,33 Seats Available,Standard,Rs 313,16/01/2026,"[{""city"": ""&nbsp;"", ""landmark"": """", ""time"": ""Service&nbsp;Details""}, {""city"": ""0530KCBTRI"", ""landmark"": ""Route&nbsp;No.&nbsp;:"", ""time"": ""123UD""}, {""city"": ""CHENNAI-KILAMBAKKAM-KCBT"", ""landmark"": ""To&nbsp;Place&nbsp;:"", ""time"": ""TRICHY""}, {""city"": ""16/01/2026"", ""landmark"": ""Journey&nbsp;Hours&nbsp;*:"", ""time"": ""6:30""}, {""city"": ""311.00"", ""landmark"": ""Corporation&nbsp;:"", ""time"": ""SETC""}, {""city"": ""&nbsp;"", ""landmark"": ""Adult&nbsp;Fare&nbsp;**"", ""time"": ""313""}, {""city"": ""City"", ""landmark"": ""Land&nbsp;Mark&nbsp;"", ""time"": ""Dep.&nbsp;Time&nbsp;""}, {""city"": ""CHENNAI-KILAMBAKKAM-KCBT"", ""landmark"": ""CHENNAI KALAIGNAR CBT"", ""time"": ""05:30""}, {""city"": ""CHENNAI-KILAMBAKKAM-KCBT"", ""landmark"": ""SINGAPERUMAL KOIL"", ""time"": ""05:50""}, {""city"": ""TRICHY"", ""landmark"": ""TRICHY KKBT"", ""time"": ""11:45""}]",2026-01-13T17:54:44.239933
0530KCBTRI,,SETC,CHENNAI,TRICHY,,,6.30Hrs,33 Seats Available,Standard,Rs 313,16/01/2026,"[{""city"": ""&nbsp;"", ""landmark"": """", ""time"": ""Service&nbsp;Details""}, {""city"": ""0530KCBTRI"", ""landmark"": ""Route&nbsp;No.&nbsp;:"", ""time"": ""123UD""}, {""city"": ""CHENNAI-KILAMBAKKAM-KCBT"", ""landmark"": ""To&nbsp;Place&nbsp;:"", ""time"": ""TRICHY""}, {""city"": ""16/01/2026"", ""landmark"": ""Journey&nbsp;Hours&nbsp;*:"", ""time"": ""6:30""}, {""city"": ""311.00"", ""landmark"": ""Corporation&nbsp;:"", ""time"": ""SETC""}, {""city"": ""&nbsp;"", ""landmark"": ""Adult&nbsp;Fare&nbsp;**"", ""time"": ""313""}, {""city"": ""City"", ""landmark"": ""Land&nbsp;Mark&nbsp;"", ""time"": ""Dep.&nbsp;Time&nbsp;""}, {""city"": ""CHENNAI-KILAMBAKKAM-KCBT"", ""landmark"": ""CHENNAI KALAIGNAR CBT"", ""time"": ""05:30""}, {""city"": ""CHENNAI-KILAMBAKKAM-KCBT"", ""landmark"": ""SINGAPERUMAL KOIL"", ""time"": ""05:50""}, {""city"": ""TRICHY"", ""landmark"": ""TRICHY KKBT"", ""time"": ""11:45""}]",2026-01-13T17:54:44.239933
0530KCBTRIKK01L,,SETC,CHENNAI,TRICHY,,,7.00Hrs,45 Seats Available,Standard,Rs 269,16/01/2026,"[{""city"": ""&nbsp;"", ""landmark"": """", ""time"": ""Service&nbsp;Details""}, {""city"": ""0530KCBTRIKK01L"", ""landmark"": ""Route&nbsp;No.&nbsp;:"", ""time"": ""908AU""}, {""city"": ""CHENNAI-KILAMBAKKAM-KCBT"", ""landmark"": ""To&nbsp;Place&nbsp;:"", ""time"": ""TRICHY""}, {""city"": ""16/01/2026"", ""landmark"": ""Journey&nbsp;Hours&nbsp;*:"", ""time"": ""7:00""}, {""city"": ""311.00"", ""landmark"": ""Corporation&nbsp;:"", ""time"": ""KUMBAKONAM""}, {""city"": ""&nbsp;"", ""landmark"": ""Adult&nbsp;Fare&nbsp;**"", ""time"": ""269""}, {""city"": ""City"", ""landmark"": ""Land&nbsp;Mark&nbsp;"", ""time"": ""Dep.&nbsp;Time&nbsp;""}, {""city"": ""CHENNAI-KILAMBAKKAM-KCBT"", ""landmark"": ""CHENNAI KALAIGNAR CBT"", ""time"": ""05:30""}, {""city"": ""TRICHY"", ""landmark"": ""TRICHY KKBT"", ""time"": ""12:30""}]",2026-01-13T17:54:44.239933
0530KCBTRIKK01L,,SETC,CHENNAI,TRICHY,,,7.00Hrs,45 Seats Available,Standard,Rs 269,16/01/2026,"[{""city"": ""&nbsp;"", ""landmark"": """", ""time"": ""Service&nbsp;Details""}, {""city"": ""0530KCBTRIKK01L"", ""landmark"": ""Route&nbsp;No.&nbsp;:"", ""time"": ""908AU""}, {""city"": ""CHENNAI-KILAMBAKKAM-KCBT"", ""landmark"": ""To&nbsp;Place&nbsp;:"", ""time"": ""TRICHY""}, {""city"": ""16/01/2026"", ""landmark"": ""Journey&nbsp;Hours&nbsp;*:"", ""time"": ""7:00""}, {""city"": ""311.00"", ""landmark"": ""Corporation&nbsp;:"", ""time"": ""KUMBAKONAM""}, {""city"": ""&nbsp;"", ""landmark"": ""Adult&nbsp;Fare&nbsp;**"", ""time"": ""269""}, {""city"": ""City"", ""landmark"": ""Land&nbsp;Mark&nbsp;"", ""time"": ""Dep.&nbsp;Time&nbsp;""}, {""city"": ""CHENNAI-KILAMBAKKAM-KCBT"", ""landmark"": ""CHENNAI KALAIGNAR CBT"", ""time"": ""05:30""}, {""city"": ""TRICHY"", ""landmark"": ""TRICHY KKBT"", ""time"": ""12:30""}]",2026-01-13T17:54:44.239933
0530KCBTRIKK02L,,SETC,CHENNAI,TRICHY,,,7.00Hrs,45 Seats Available,Standard,Rs 269,16/01/2026,"[{""city"": ""&nbsp;"", ""landmark"": """", ""time"": ""Service&nbsp;Details""}, {""city"": ""0530KCBTRIKK02L"", ""landmark"": ""Route&nbsp;No.&nbsp;:"", ""time"": ""510G""}, {""city"": ""CHENNAI-KILAMBAKKAM-KCBT"", ""landmark"": ""To&nbsp;Place&nbsp;:"", ""time"": ""TRICHY""}, {""city"": ""16/01/2026"", ""landmark"": ""Journey&nbsp;Hours&nbsp;*:"", ""time"": ""7:00""}, {""city"": ""311.00"", ""landmark"": ""Corporation&nbsp;:"", ""time"": ""KUMBAKONAM""}, {""city"": ""&nbsp;"", ""landmark"": ""Adult&nbsp;Fare&nbsp;**"", ""time"": ""269""}, {""city"": ""City"", ""landmark"": ""Land&nbsp;Mark&nbsp;"", ""time"": ""Dep.&nbsp;Time&nbsp;""}, {""city"": ""CHENNAI-KILAMBAKKAM-KCBT"", ""landmark"": ""CHENNAI KALAIGNAR CBT"", ""time"": ""05:30""}, {""city"": ""TRICHY"", ""landmark"": ""TRICHY KKBT"", ""time"": ""12:30""}]",2026-01-13T17:54:44.239933
0530KCBTRIKK02L,,SETC,CHENNAI,TRICHY,,,7.00Hrs,45 Seats Available,Standard,Rs 269,16/01/2026,"[{""city"": ""&nbsp;"", ""landmark"": """", ""time"": ""Service&nbsp;Details""}, {""city"": ""0530KCBTRIKK02L"", ""landmark"": ""Route&nbsp;No.&nbsp;:"", ""time"": ""510G""}, {""city"": ""CHENNAI-KILAMBAKKAM-KCBT"", ""landmark"": ""To&nbsp;Place&nbsp;:"", ""time"": ""TRICHY""}, {""city"": ""16/01/2026"", ""landmark"": ""Journey&nbsp;Hours&nbsp;*:"", ""time"": ""7:00""}, {""city"": ""311.00"", ""landmark"": ""Corporation&nbsp;:"", ""time"": ""KUMBAKONAM""}, {""city"": ""&nbsp;"", ""landmark"": ""Adult&nbsp;Fare&nbsp;**"", ""time"": ""269""}, {""city"": ""City"", ""landmark"": ""Land&nbsp;Mark&nbsp;"", ""time"": ""Dep.&nbsp;Time&nbsp;""}, {""city"": ""CHENNAI-KILAMBAKKAM-KCBT"", ""landmark"": ""CHENNAI KALAIGNAR CBT"", ""time"": ""05:30""}, {""city"": ""TRICHY"", ""landmark"": ""TRICHY KKBT"", ""time"": ""12:30""}]",2026-01-13T17:54:44.239933
0600KCBTRIKK01L,,SETC,CHENNAI,TRICHY,,,7.00Hrs,45 Seats Available,Standard,Rs 269,16/01/2026,"[{""city"": ""&nbsp;"", ""landmark"": """", ""time"": ""Service&nbsp;Details""}, {""city"": ""0600KCBTRIKK01L"", ""landmark"": ""Route&nbsp;No.&nbsp;:"", ""time"": ""506F""}, {""city"": ""CHENNAI-KILAMBAKKAM-KCBT"", ""landmark"": ""To&nbsp;Place&nbsp;:"", ""time"": ""TRICHY""}, {""city"": ""16/01/2026"", ""landmark"": ""Journey&nbsp;Hours&nbsp;*:"", ""time"": ""7:00""}, {""city"": ""311.00"", ""landmark"": ""Corporation&nbsp;:"", ""time"": ""KUMBAKONAM""}, {""city"": ""&nbsp;"", ""landmark"": ""Adult&nbsp;Fare&nbsp;**"", ""time"": ""269""}, {""city"": ""City"", ""landmark"": ""Land&nbsp;Mark&nbsp;"", ""time"": ""Dep.&nbsp;Time&nbsp;""}, {""city"": ""CHENNAI-KILAMBAKKAM-KCBT"", ""landmark"": ""CHENNAI KALAIGNAR CBT"", ""time"": ""06:00""}, {""city"": ""TRICHY"", ""landmark"": ""TRICHY KKBT"", ""time"": ""13:00""}]",2026-01-13T17:54:44.239933
0600KCBTRIKK01L,,SETC,CHENNAI,TRICHY,,,7.00Hrs,45 Seats Available,Standard,Rs 269,16/01/2026,"[{""city"": ""&nbsp;"", ""landmark"": """", ""time"": ""Service&nbsp;Details""}, {""city"": ""0600KCBTRIKK01L"", ""landmark"": ""Route&nbsp;No.&nbsp;:"", ""time"": ""506F""}, {""city"": ""CHENNAI-KILAMBAKKAM-KCBT"", ""landmark"": ""To&nbsp;Place&nbsp;:"", ""time"": ""TRICHY""}, {""city"": ""16/01/2026"", ""landmark"": ""Journey&nbsp;Hours&nbsp;*:"", ""time"": ""7:00""}, {""city"": ""311.00"", ""landmark"": ""Corporation&nbsp;:"", ""time"": ""KUMBAKONAM""}, {""city"": ""&nbsp;"", ""landmark"": ""Adult&nbsp;Fare&nbsp;**"", ""time"": ""269""}, {""city"": ""City"", ""landmark"": ""Land&nbsp;Mark&nbsp;"", ""time"": ""Dep.&nbsp;Time&nbsp;""}, {""city"": ""CHENNAI-KILAMBAKKAM-KCBT"", ""landmark"": ""CHENNAI KALAIGNAR CBT"", ""time"": ""06:00""}, {""city"": ""TRICHY"", ""landmark"": ""TRICHY KKBT"", ""time"": ""13:00""}]",2026-01-13T17:54:44.239933
0600KCBTRI,,SETC,CHENNAI,TRICHY,,,6.30Hrs,33 Seats Available,Standard,Rs 313,16/01/2026,"[{""city"": ""&nbsp;"", ""landmark"": """", ""time"": ""Service&nbsp;Details""}, {""city"": ""0600KCBTRI"", ""landmark"": ""Route&nbsp;No.&nbsp;:"", ""time"": ""123UD""}, {""city"": ""CHENNAI-KILAMBAKKAM-KCBT"", ""landmark"": ""To&nbsp;Place&nbsp;:"", ""time"": ""TRICHY""}, {""city"": ""16/01/2026"", ""landmark"": ""Journey&nbsp;Hours&nbsp;*:"", ""time"": ""6:30""}, {""city"": ""311.00"", ""landmark"": ""Corporation&nbsp;:"", ""time"": ""SETC""}, {""city"": ""&nbsp;"", ""landmark"": ""Adult&nbsp;Fare&nbsp;**"", ""time"": ""313""}, {""city"": ""City"", ""landmark"": ""Land&nbsp;Mark&nbsp;"", ""time"": ""Dep.&nbsp;Time&nbsp;""}, {""city"": ""CHENNAI-KILAMBAKKAM-KCBT"", ""landmark"": ""CHENNAI KALAIGNAR CBT"", ""time"": ""06:00""}, {""city"": ""CHENNAI-KILAMBAKKAM-KCBT"", ""landmark"": ""SINGAPERUMAL KOIL"", ""time"": ""06:20""}, {""city"": ""TRICHY"", ""landmark"": ""TRICHY KKBT"", ""time"": ""12:15""}]",2026-01-13T17:54:44.239933
0600KCBTRI,,SETC,CHENNAI,TRICHY,,,6.30Hrs,33 Seats Available,Standard,Rs 313,16/01/2026,"[{""city"": ""&nbsp;"", ""landmark"": """", ""time"": ""Service&nbsp;Details""}, {""city"": ""0600KCBTRI"", ""landmark"": ""Route&nbsp;No.&nbsp;:"", ""time"": ""123UD""}, {""city"": ""CHENNAI-KILAMBAKKAM-KCBT"", ""landmark"": ""To&nbsp;Place&nbsp;:"", ""time"": ""TRICHY""}, {""city"": ""16/01/2026"", ""landmark"": ""Journey&nbsp;Hours&nbsp;*:"", ""time"": ""6:30""}, {""city"": ""311.00"", ""landmark"": ""Corporation&nbsp;:"", ""time"": ""SETC""}, {""city"": ""&nbsp;"", ""landmark"": ""Adult&nbsp;Fare&nbsp;**"", ""time"": ""313""}, {""city"": ""City"", ""landmark"": ""Land&nbsp;Mark&nbsp;"", ""time"": ""Dep.&nbsp;Time&nbsp;""}, {""city"": ""CHENNAI-KILAMBAKKAM-KCBT"", ""landmark"": ""CHENNAI KALAIGNAR CBT"", ""time"": ""06:00""}, {""city"": ""CHENNAI-KILAMBAKKAM-KCBT"", ""landmark"": ""SINGAPERUMAL KOIL"", ""time"": ""06:20""}, {""city"": ""TRICHY"", ""landmark"": ""TRICHY KKBT"", ""time"": ""12:15""}]",2026-01-13T17:54:44.239933
0610KCBTRIKK01L,,SETC,CHENNAI,TRICHY,,,7.00Hrs,45 Seats Available,Standard,Rs 269,16/01/2026,"[{""city"": ""&nbsp;"", ""landmark"": """", ""time"": ""Service&nbsp;Details""}, {""city"": ""0610KCBTRIKK01L"", ""landmark"": ""Route&nbsp;No.&nbsp;:"", ""time"": ""508B""}, {""city"": ""CHENNAI-KILAMBAKKAM-KCBT"", ""landmark"": ""To&nbsp;Place&nbsp;:"", ""time"": ""TRICHY""}, {""city"": ""16/01/2026"", ""landmark"": ""Journey&nbsp;Hours&nbsp;*:"", ""time"": ""7:00""}, {""city"": ""311.00"", ""landmark"": ""Corporation&nbsp;:"", ""time"": ""KUMBAKONAM""}, {""city"": ""&nbsp;"", ""landmark"": ""Adult&nbsp;Fare&nbsp;**"", ""time"": ""269""}, {""city"": ""City"", ""landmark"": ""Land&nbsp;Mark&nbsp;"", ""time"": ""Dep.&nbsp;Time&nbsp;""}, {""city"": ""CHENNAI-KILAMBAKKAM-KCBT"", ""landmark"": ""CHENNAI KALAIGNAR CBT"", ""time"": ""06:10""}, {""city"": ""TRICHY"", ""landmark"": ""TRICHY KKBT"", ""time"": ""13:10""}]",2026-01-13T17:54:44.239933
0610KCBTRIKK01L,,SETC,CHENNAI,TRICHY,,,7.00Hrs,45 Seats Available,Standard,Rs 269,16/01/2026,"[{""city"": ""&nbsp;"", ""landmark"": """", ""time"": ""Service&nbsp;Details""}, {""city"": ""0610KCBTRIKK01L"", ""landmark"": ""Route&nbsp;No.&nbsp;:"", ""time"": ""508B""}, {""city"": ""CHENNAI-KILAMBAKKAM-KCBT"", ""landmark"": ""To&nbsp;Place&nbsp;:"", ""time"": ""TRICHY""}, {""city"": ""16/01/2026"", ""landmark"": ""Journey&nbsp;Hours&nbsp;*:"", ""time"": ""7:00""}, {""city"": ""311.00"", ""landmark"": ""Corporation&nbsp;:"", ""time"": ""KUMBAKONAM""}, {""city"": ""&nbsp;"", ""landmark"": ""Adult&nbsp;Fare&nbsp;**"", ""time"": ""269""}, {""city"": ""City"", ""landmark"": ""Land&nbsp;Mark&nbsp;"", ""time"": ""Dep.&nbsp;Time&nbsp;""}, {""city"": ""CHENNAI-KILAMBAKKAM-KCBT"", ""landmark"": ""CHENNAI KALAIGNAR CBT"", ""time"": ""06:10""}, {""city"": ""TRICHY"", ""landmark"": ""TRICHY KKBT"", ""time"": ""13:10""}]",2026-01-13T17:54:44.239933
0620KCBTRIKK01L,,SETC,CHENNAI,TRICHY,,,7.00Hrs,45 Seats Available,Standard,Rs 269,16/01/2026,"[{""city"": ""&nbsp;"", ""landmark"": """", ""time"": ""Service&nbsp;Details""}, {""city"": ""0620KCBTRIKK01L"", ""landmark"": ""Route&nbsp;No.&nbsp;:"", ""time"": ""908AI""}, {""city"": ""CHENNAI-KILAMBAKKAM-KCBT"", ""landmark"": ""To&nbsp;Place&nbsp;:"", ""time"": ""TRICHY""}, {""city"": ""16/01/2026"", ""landmark"": ""Journey&nbsp;Hours&nbsp;*:"", ""time"": ""7:00""}, {""city"": ""311.00"", ""landmark"": ""Corporation&nbsp;:"", ""time"": ""KUMBAKONAM""}, {""city"": ""&nbsp;"", ""landmark"": ""Adult&nbsp;Fare&nbsp;**"", ""time"": ""269""}, {""city"": ""City"", ""landmark"": ""Land&nbsp;Mark&nbsp;"", ""time"": ""Dep.&nbsp;Time&nbsp;""}, {""city"": ""CHENNAI-KILAMBAKKAM-KCBT"", ""landmark"": ""CHENNAI KALAIGNAR CBT"", ""time"": ""06:20""}, {""city"": ""TRICHY"", ""landmark"": ""TRICHY KKBT"", ""time"": ""13:20""}]",2026-01-13T17:54:44.239933
0620KCBTRIKK01L,,SETC,CHENNAI,TRICHY,,,7.00Hrs,45 Seats Available,Standard,Rs 269,16/01/2026,"[{""city"": ""&nbsp;"", ""landmark"": """", ""time"": ""Service&nbsp;Details""}, {""city"": ""0620KCBTRIKK01L"", ""landmark"": ""Route&nbsp;No.&nbsp;:"", ""time"": ""908AI""}, {""city"": ""CHENNAI-KILAMBAKKAM-KCBT"", ""landmark"": ""To&nbsp;Place&nbsp;:"", ""time"": ""TRICHY""}, {""city"": ""16/01/2026"", ""landmark"": ""Journey&nbsp;Hours&nbsp;*:"", ""time"": ""7:00""}, {""city"": ""311.00"", ""landmark"": ""Corporation&nbsp;:"", ""time"": ""KUMBAKONAM""}, {""city"": ""&nbsp;"", ""landmark"": ""Adult&nbsp;Fare&nbsp;**"", ""time"": ""269""}, {""city"": ""City"", ""landmark"": ""Land&nbsp;Mark&nbsp;"", ""time"": ""Dep.&nbsp;Time&nbsp;""}, {""city"": ""CHENNAI-KILAMBAKKAM-KCBT"", ""landmark"": ""CHENNAI KALAIGNAR CBT"", ""time"": ""06:20""}, {""city"": ""TRICHY"", ""landmark"": ""TRICHY KKBT"", ""time"": ""13:20""}]",2026-01-13T17:54:44.239933
0630KCBTRIKK01L,,SETC,CHENNAI,TRICHY,,,7.00Hrs,45 Seats Available,Standard,Rs 269,16/01/2026,"[{""city"": ""&nbsp;"", ""landmark"": """", ""time"": ""Service&nbsp;Details""}, {""city"": ""0630KCBTRIKK01L"", ""landmark"": ""Route&nbsp;No.&nbsp;:"", ""time"": ""507A""}, {""city"": ""CHENNAI-KILAMBAKKAM-KCBT"", ""landmark"": ""To&nbsp;Place&nbsp;:"", ""time"": ""TRICHY""}, {""city"": ""16/01/2026"", ""landmark"": ""Journey&nbsp;Hours&nbsp;*:"", ""time"": ""7:00""}, {""city"": ""311.00"", ""landmark"": ""Corporation&nbsp;:"", ""time"": ""KUMBAKONAM""}, {""city"": ""&nbsp;"", ""landmark"": ""Adult&nbsp;Fare&nbsp;**"", ""time"": ""269""}, {""city"": ""City"", ""landmark"": ""Land&nbsp;Mark&nbsp;"", ""time"": ""Dep.&nbsp;Time&nbsp;""}, {""city"": ""CHENNAI-KILAMBAKKAM-KCBT"", ""landmark"": ""CHENNAI KALAIGNAR CBT"", ""time"": ""06:30""}, {""city"": ""TRICHY"", ""landmark"": ""TRICHY KKBT"", ""time"": ""13:30""}]",2026-01-13T17:54:44.239933
0630KCBTRIKK01L,,SETC,CHENNAI,TRICHY,,,7.00Hrs,45 Seats Available,Standard,Rs 269,16/01/2026,"[{""city"": ""&nbsp;"", ""landmark"": """", ""time"": ""Service&nbsp;Details""}, {""city"": ""0630KCBTRIKK01L"", ""landmark"": ""Route&nbsp;No.&nbsp;:"", ""time"": ""507A""}, {""city"": ""CHENNAI-KILAMBAKKAM-KCBT"", ""landmark"": ""To&nbsp;Place&nbsp;:"", ""time"": ""TRICHY""}, {""city"": ""16/01/2026"", ""landmark"": ""Journey&nbsp;Hours&nbsp;*:"", ""time"": ""7:00""}, {""city"": ""311.00"", ""landmark"": ""Corporation&nbsp;:"", ""time"": ""KUMBAKONAM""}, {""city"": ""&nbsp;"", ""landmark"": ""Adult&nbsp;Fare&nbsp;**"", ""time"": ""269""}, {""city"": ""City"", ""landmark"": ""Land&nbsp;Mark&nbsp;"", ""time"": ""Dep.&nbsp;Time&nbsp;""}, {""city"": ""CHENNAI-KILAMBAKKAM-KCBT"", ""landmark"": ""CHENNAI KALAIGNAR CBT"", ""time"": ""06:30""}, {""city"": ""TRICHY"", ""landmark"": ""TRICHY KKBT"", ""time"": ""13:30""}]",2026-01-13T17:54:44.239933
0630KCBTRILB,,SETC,CHENNAI,TRICHY,,,6.15Hrs,31 Seats Available,Standard,Rs 313/482,16/01/2026,"[{""city"": ""&nbsp;"", ""landmark"": """", ""time"": ""Service&nbsp;Details""}, {""city"": ""0630KCBTRILB"", ""landmark"": ""Route&nbsp;No.&nbsp;:"", ""time"": ""123LB""}, {""city"": ""CHENNAI-KILAMBAKKAM-KCBT"", ""landmark"": ""To&nbsp;Place&nbsp;:"", ""time"": ""TRICHY""}, {""city"": ""16/01/2026"", ""landmark"": ""Journey&nbsp;Hours&nbsp;*:"", ""time"": ""6:15""}, {""city"": ""308.00"", ""landmark"": ""Corporation&nbsp;:"", ""time"": ""SETC""}, {""city"": ""&nbsp;"", ""landmark"": ""Adult&nbsp;Fare&nbsp;**"", ""time"": ""313""}, {""city"": ""City"", ""landmark"": ""Land&nbsp;Mark&nbsp;"", ""time"": ""Dep.&nbsp;Time&nbsp;""}, {""city"": ""CHENNAI-KILAMBAKKAM-KCBT"", ""landmark"": ""CHENNAI KALAIGNAR CBT"", ""time"": ""06:30""}, {""city"": ""CHENNAI-KILAMBAKKAM-KCBT"", ""landmark"": ""GUDUVANCHERY"", ""time"": ""06:35""}, {""city"": ""CHENNAI-KILAMBAKKAM-KCBT"", ""landmark"": ""SRM UNIVERSITY"", ""time"": ""06:40""}, {""city"": ""CHENNAI-KILAMBAKKAM-KCBT"", ""landmark"": ""MARAIMALAI NAGAR BUSSTOP"", ""time"": ""06:45""}, {""city"": ""CHENNAI-KILAMBAKKAM-KCBT"", ""landmark"": ""SINGAPERUMAL KOIL"", ""time"": ""06:50""}, {""city"": ""CHENNAI-KILAMBAKKAM-KCBT"", ""landmark"": ""MAHINDRA CITY"", ""time"": ""07:05""}, {""city"": ""CHENNAI-KILAMBAKKAM-KCBT"", ""landmark"": ""CHENGALPATTU TOLL"", ""time"": ""07:15""}, {""city"": ""CHENNAI-KILAMBAKKAM-KCBT"", ""landmark"": ""CHENGALPATTU BYPASS"", ""time"": ""07:25""}, {""city"": ""TRICHY"", ""landmark"": ""TRICHY KKBT"", ""time"": ""12:45""}]",2026-01-13T17:54:44.239933
0630KCBTRILB,,SETC,CHENNAI,TRICHY,,,6.15Hrs,31 Seats Available,Standard,Rs 313/482,16/01/2026,"[{""city"": ""&nbsp;"", ""landmark"": """", ""time"": ""Service&nbsp;Details""}, {""city"": ""0630KCBTRILB"", ""landmark"": ""Route&nbsp;No.&nbsp;:"", ""time"": ""123LB""}, {""city"": ""CHENNAI-KILAMBAKKAM-KCBT"", ""landmark"": ""To&nbsp;Place&nbsp;:"", ""time"": ""TRICHY""}, {""city"": ""16/01/2026"", ""landmark"": ""Journey&nbsp;Hours&nbsp;*:"", ""time"": ""6:15""}, {""city"": ""308.00"", ""landmark"": ""Corporation&nbsp;:"", ""time"": ""SETC""}, {""city"": ""&nbsp;"", ""landmark"": ""Adult&nbsp;Fare&nbsp;**"", ""time"": ""313""}, {""city"": ""City"", ""landmark"": ""Land&nbsp;Mark&nbsp;"", ""time"": ""Dep.&nbsp;Time&nbsp;""}, {""city"": ""CHENNAI-KILAMBAKKAM-KCBT"", ""landmark"": ""CHENNAI KALAIGNAR CBT"", ""time"": ""06:30""}, {""city"": ""CHENNAI-KILAMBAKKAM-KCBT"", ""landmark"": ""GUDUVANCHERY"", ""time"": ""06:35""}, {""city"": ""CHENNAI-KILAMBAKKAM-KCBT"", ""landmark"": ""SRM UNIVERSITY"", ""time"": ""06:40""}, {""city"": ""CHENNAI-KILAMBAKKAM-KCBT"", ""landmark"": ""MARAIMALAI NAGAR BUSSTOP"", ""time"": ""06:45""}, {""city"": ""CHENNAI-KILAMBAKKAM-KCBT"", ""landmark"": ""SINGAPERUMAL KOIL"", ""time"": ""06:50""}, {""city"": ""CHENNAI-KILAMBAKKAM-KCBT"", ""landmark"": ""MAHINDRA CITY"", ""time"": ""07:05""}, {""city"": ""CHENNAI-KILAMBAKKAM-KCBT"", ""landmark"": ""CHENGALPATTU TOLL"", ""time"": ""07:15""}, {""city"": ""CHENNAI-KILAMBAKKAM-KCBT"", ""landmark"": ""CHENGALPATTU BYPASS"", ""time"": ""07:25""}, {""city"": ""TRICHY"", ""landmark"": ""TRICHY KKBT"", ""time"": ""12:45""}]",2026-01-13T17:54:44.239933
0640KCBTRIVV01L,,SETC,CHENNAI,TRICHY,,,7.00Hrs,45 Seats Available,Standard,Rs 269,16/01/2026,"[{""city"": ""&nbsp;"", ""landmark"": """", ""time"": ""Service&nbsp;Details""}, {""city"": ""0640KCBTRIVV01L"", ""landmark"": ""Route&nbsp;No.&nbsp;:"", ""time"": ""308V""}, {""city"": ""CHENNAI-KILAMBAKKAM-KCBT"", ""landmark"": ""To&nbsp;Place&nbsp;:"", ""time"": ""TRICHY""}, {""city"": ""16/01/2026"", ""landmark"": ""Journey&nbsp;Hours&nbsp;*:"", ""time"": ""7:00""}, {""city"": ""311.00"", ""landmark"": ""Corporation&nbsp;:"", ""time"": ""VILLUPURAM""}, {""city"": ""&nbsp;"", ""landmark"": ""Adult&nbsp;Fare&nbsp;**"", ""time"": ""269""}, {""city"": ""City"", ""landmark"": ""Land&nbsp;Mark&nbsp;"", ""time"": ""Dep.&nbsp;Time&nbsp;""}, {""city"": ""CHENNAI-KILAMBAKKAM-KCBT"", ""landmark"": ""CHENNAI KALAIGNAR CBT"", ""time"": ""06:40""}, {""city"": ""TRICHY"", ""landmark"": ""TRICHY KKBT"", ""time"": ""13:10""}]",2026-01-13T17:54:44.239933
0640KCBTRIVV01L,,SETC,CHENNAI,TRICHY,,,7.00Hrs,45 Seats Available,Standard,Rs 269,16/01/2026,"[{""city"": ""&nbsp;"", ""landmark"": """", ""time"": ""Service&nbsp;Details""}, {""city"": ""0640KCBTRIVV01L"", ""landmark"": ""Route&nbsp;No.&nbsp;:"", ""time"": ""308V""}, {""city"": ""CHENNAI-KILAMBAKKAM-KCBT"", ""landmark"": ""To&nbsp;Place&nbsp;:"", ""time"": ""TRICHY""}, {""city"": ""16/01/2026"", ""landmark"": ""Journey&nbsp;Hours&nbsp;*:"", ""time"": ""7:00""}, {""city"": ""311.00"", ""landmark"": ""Corporation&nbsp;:"", ""time"": ""VILLUPURAM""}, {""city"": ""&nbsp;"", ""landmark"": ""Adult&nbsp;Fare&nbsp;**"", ""time"": ""269""}, {""city"": ""City"", ""landmark"": ""Land&nbsp;Mark&nbsp;"", ""time"": ""Dep.&nbsp;Time&nbsp;""}, {""city"": ""CHENNAI-KILAMBAKKAM-KCBT"", ""landmark"": ""CHENNAI KALAIGNAR CBT"", ""time"": ""06:40""}, {""city"": ""TRICHY"", ""landmark"": ""TRICHY KKBT"", ""time"": ""13:10""}]",2026-01-13T17:54:44.239933
0700KCBTRIVV01L,,SETC,CHENNAI,TRICHY,,,7.00Hrs,45 Seats Available,Standard,Rs 269,16/01/2026,"[{""city"": ""&nbsp;"", ""landmark"": """", ""time"": ""Service&nbsp;Details""}, {""city"": ""0700KCBTRIVV01L"", ""landmark"": ""Route&nbsp;No.&nbsp;:"", ""time"": ""308E""}, {""city"": ""CHENNAI-KILAMBAKKAM-KCBT"", ""landmark"": ""To&nbsp;Place&nbsp;:"", ""time"": ""TRICHY""}, {""city"": ""16/01/2026"", ""landmark"": ""Journey&nbsp;Hours&nbsp;*:"", ""time"": ""7:00""}, {""city"": ""311.00"", ""landmark"": ""Corporation&nbsp;:"", ""time"": ""VILLUPURAM""}, {""city"": ""&nbsp;"", ""landmark"": ""Adult&nbsp;Fare&nbsp;**"", ""time"": ""269""}, {""city"": ""City"", ""landmark"": ""Land&nbsp;Mark&nbsp;"", ""time"": ""Dep.&nbsp;Time&nbsp;""}, {""city"": ""CHENNAI-KILAMBAKKAM-KCBT"", ""landmark"": ""CHENNAI KALAIGNAR CBT"", ""time"": ""07:00""}, {""city"": ""TRICHY"", ""landmark"": ""TRICHY KKBT"", ""time"": ""13:30""}]",2026-01-13T17:54:44.239933
0700KCBTRIVV01L,,SETC,CHENNAI,TRICHY,,,7.00Hrs,45 Seats Available,Standard,Rs 269,16/01/2026,"[{""city"": ""&nbsp;"", ""landmark"": """", ""time"": ""Service&nbsp;Details""}, {""city"": ""0700KCBTRIVV01L"", ""landmark"": ""Route&nbsp;No.&nbsp;:"", ""time"": ""308E""}, {""city"": ""CHENNAI-KILAMBAKKAM-KCBT"", ""landmark"": ""To&nbsp;Place&nbsp;:"", ""time"": ""TRICHY""}, {""city"": ""16/01/2026"", ""landmark"": ""Journey&nbsp;Hours&nbsp;*:"", ""time"": ""7:00""}, {""city"": ""311.00"", ""landmark"": ""Corporation&nbsp;:"", ""time"": ""VILLUPURAM""}, {""city"": ""&nbsp;"", ""landmark"": ""Adult&nbsp;Fare&nbsp;**"", ""time"": ""269""}, {""city"": ""City"", ""landmark"": ""Land&nbsp;Mark&nbsp;"", ""time"": ""Dep.&nbsp;Time&nbsp;""}, {""city"": ""CHENNAI-KILAMBAKKAM-KCBT"", ""landmark"": ""CHENNAI KALAIGNAR CBT"", ""time"": ""07:00""}, {""city"": ""TRICHY"", ""landmark"": ""TRICHY KKBT"", ""time"": ""13:30""}]",2026-01-13T17:54:44.239933
0720KCBTRIVV01L,,SETC,CHENNAI,TRICHY,,,7.00Hrs,45 Seats Available,Standard,Rs 269,16/01/2026,"[{""city"": ""&nbsp;"", ""landmark"": """", ""time"": ""Service&nbsp;Details""}, {""city"": ""0720KCBTRIVV01L"", ""landmark"": ""Route&nbsp;No.&nbsp;:"", ""time"": ""308K""}, {""city"": ""CHENNAI-KILAMBAKKAM-KCBT"", ""landmark"": ""To&nbsp;Place&nbsp;:"", ""time"": ""TRICHY""}, {""city"": ""16/01/2026"", ""landmark"": ""Journey&nbsp;Hours&nbsp;*:"", ""time"": ""7:00""}, {""city"": ""311.00"", ""landmark"": ""Corporation&nbsp;:"", ""time"": ""VILLUPURAM""}, {""city"": ""&nbsp;"", ""landmark"": ""Adult&nbsp;Fare&nbsp;**"", ""time"": ""269""}, {""city"": ""City"", ""landmark"": ""Land&nbsp;Mark&nbsp;"", ""time"": ""Dep.&nbsp;Time&nbsp;""}, {""city"": ""CHENNAI-KILAMBAKKAM-KCBT"", ""landmark"": ""CHENNAI KALAIGNAR CBT"", ""time"": ""07:20""}, {""city"": ""TRICHY"", ""landmark"": ""TRICHY KKBT"", ""time"": ""13:50""}]",2026-01-13T17:54:44.239933
0720KCBTRIVV01L,,SETC,CHENNAI,TRICHY,,,7.00Hrs,45 Seats Available,Standard,Rs 269,16/01/2026,"[{""city"": ""&nbsp;"", ""landmark"": """", ""time"": ""Service&nbsp;Details""}, {""city"": ""0720KCBTRIVV01L"", ""landmark"": ""Route&nbsp;No.&nbsp;:"", ""time"": ""308K""}, {""city"": ""CHENNAI-KILAMBAKKAM-KCBT"", ""landmark"": ""To&nbsp;Place&nbsp;:"", ""time"": ""TRICHY""}, {""city"": ""16/01/2026"", ""landmark"": ""Journey&nbsp;Hours&nbsp;*:"", ""time"": ""7:00""}, {""city"": ""311.00"", ""landmark"": ""Corporation&nbsp;:"", ""time"": ""VILLUPURAM""}, {""city"": ""&nbsp;"", ""landmark"": ""Adult&nbsp;Fare&nbsp;**"", ""time"": ""269""}, {""city"": ""City"", ""landmark"": ""Land&nbsp;Mark&nbsp;"", ""time"": ""Dep.&nbsp;Time&nbsp;""}, {""city"": ""CHENNAI-KILAMBAKKAM-KCBT"", ""landmark"": ""CHENNAI KALAIGNAR CBT"", ""time"": ""07:20""}, {""city"": ""TRICHY"", ""landmark"": ""TRICHY KKBT"", ""time"": ""13:50""}]",2026-01-13T17:54:44.239933
0730KCBTRINS,,SETC,CHENNAI,TRICHY,,,6.15Hrs,28 Seats Available,Standard,Rs 313/482,16/01/2026,"[{""city"": ""&nbsp;"", ""landmark"": """", ""time"": ""Service&nbsp;Details""}, {""city"": ""0730KCBTRINS"", ""landmark"": ""Route&nbsp;No.&nbsp;:"", ""time"": ""123NS""}, {""city"": ""CHENNAI-KILAMBAKKAM-KCBT"", ""landmark"": ""To&nbsp;Place&nbsp;:"", ""time"": ""TRICHY""}, {""city"": ""16/01/2026"", ""landmark"": ""Journey&nbsp;Hours&nbsp;*:"", ""time"": ""6:15""}, {""city"": ""308.00"", ""landmark"": ""Corporation&nbsp;:"", ""time"": ""SETC""}, {""city"": ""&nbsp;"", ""landmark"": ""Adult&nbsp;Fare&nbsp;**"", ""time"": ""313""}, {""city"": ""City"", ""landmark"": ""Land&nbsp;Mark&nbsp;"", ""time"": ""Dep.&nbsp;Time&nbsp;""}, {""city"": ""CHENNAI-KILAMBAKKAM-KCBT"", ""landmark"": ""CHENNAI KALAIGNAR CBT"", ""time"": ""07:30""}, {""city"": ""CHENNAI-KILAMBAKKAM-KCBT"", ""landmark"": ""GUDUVANCHERY"", ""time"": ""07:35""}, {""city"": ""CHENNAI-KILAMBAKKAM-KCBT"", ""landmark"": ""SRM UNIVERSITY"", ""time"": ""07:40""}, {""city"": ""CHENNAI-KILAMBAKKAM-KCBT"", ""landmark"": ""MARAIMALAI NAGAR BUSSTOP"", ""time"": ""07:45""}, {""city"": ""CHENNAI-KILAMBAKKAM-KCBT"", ""landmark"": ""SINGAPERUMAL KOIL"", ""time"": ""07:50""}, {""city"": ""CHENNAI-KILAMBAKKAM-KCBT"", ""landmark"": ""MAHINDRA CITY"", ""time"": ""08:05""}, {""city"": ""CHENNAI-KILAMBAKKAM-KCBT"", ""landmark"": ""CHENGALPATTU TOLL"", ""time"": ""08:15""}, {""city"": ""CHENNAI-KILAMBAKKAM-KCBT"", ""landmark"": ""CHENGALPATTU BYPASS"", ""time"": ""08:25""}, {""city"": ""CHENNAI-KILAMBAKKAM-KCBT"", ""landmark"": ""MELMARUVATHUR BUS STOP"", ""time"": ""08:55""}, {""city"": ""CHENNAI-KILAMBAKKAM-KCBT"", ""landmark"": ""TINDIVANAM"", ""time"": ""09:10""}, {""city"": ""TRICHY"", ""landmark"": ""TRICHY KKBT"", ""time"": ""13:45""}]",2026-01-13T17:54:44.239933
0730KCBTRINS,,SETC,CHENNAI,TRICHY,,,6.15Hrs,28 Seats Available,Standard,Rs 313/482,16/01/2026,"[{""city"": ""&nbsp;"", ""landmark"": """", ""time"": ""Service&nbsp;Details""}, {""city"": ""0730KCBTRINS"", ""landmark"": ""Route&nbsp;No.&nbsp;:"", ""time"": ""123NS""}, {""city"": ""CHENNAI-KILAMBAKKAM-KCBT"", ""landmark"": ""To&nbsp;Place&nbsp;:"", ""time"": ""TRICHY""}, {""city"": ""16/01/2026"", ""landmark"": ""Journey&nbsp;Hours&nbsp;*:"", ""time"": ""6:15""}, {""city"": ""308.00"", ""landmark"": ""Corporation&nbsp;:"", ""time"": ""SETC""}, {""city"": ""&nbsp;"", ""landmark"": ""Adult&nbsp;Fare&nbsp;**"", ""time"": ""313""}, {""city"": ""City"", ""landmark"": ""Land&nbsp;Mark&nbsp;"", ""time"": ""Dep.&nbsp;Time&nbsp;""}, {""city"": ""CHENNAI-KILAMBAKKAM-KCBT"", ""landmark"": ""CHENNAI KALAIGNAR CBT"", ""time"": ""07:30""}, {""city"": ""CHENNAI-KILAMBAKKAM-KCBT"", ""landmark"": ""GUDUVANCHERY"", ""time"": ""07:35""}, {""city"": ""CHENNAI-KILAMBAKKAM-KCBT"", ""landmark"": ""SRM UNIVERSITY"", ""time"": ""07:40""}, {""city"": ""CHENNAI-KILAMBAKKAM-KCBT"", ""landmark"": ""MARAIMALAI NAGAR BUSSTOP"", ""time"": ""07:45""}, {""city"": ""CHENNAI-KILAMBAKKAM-KCBT"", ""landmark"": ""SINGAPERUMAL KOIL"", ""time"": ""07:50""}, {""city"": ""CHENNAI-KILAMBAKKAM-KCBT"", ""landmark"": ""MAHINDRA CITY"", ""time"": ""08:05""}, {""city"": ""CHENNAI-KILAMBAKKAM-KCBT"", ""landmark"": ""CHENGALPATTU TOLL"", ""time"": ""08:15""}, {""city"": ""CHENNAI-KILAMBAKKAM-KCBT"", ""landmark"": ""CHENGALPATTU BYPASS"", ""time"": ""08:25""}, {""city"": ""CHENNAI-KILAMBAKKAM-KCBT"", ""landmark"": ""MELMARUVATHUR BUS STOP"", ""time"": ""08:55""}, {""city"": ""CHENNAI-KILAMBAKKAM-KCBT"", ""landmark"": ""TINDIVANAM"", ""time"": ""09:10""}, {""city"": ""TRICHY"", ""landmark"": ""TRICHY KKBT"", ""time"": ""13:45""}]",2026-01-13T17:54:44.239933
0740KCBTRIVV01L,,SETC,CHENNAI,TRICHY,,,7.00Hrs,45 Seats Available,Standard,Rs 269,16/01/2026,"[{""city"": ""&nbsp;"", ""landmark"": """", ""time"": ""Service&nbsp;Details""}, {""city"": ""0740KCBTRIVV01L"", ""landmark"": ""Route&nbsp;No.&nbsp;:"", ""time"": ""308O""}, {""city"": ""CHENNAI-KILAMBAKKAM-KCBT"", ""landmark"": ""To&nbsp;Place&nbsp;:"", ""time"": ""TRICHY""}, {""city"": ""16/01/2026"", ""landmark"": ""Journey&nbsp;Hours&nbsp;*:"", ""time"": ""7:00""}, {""city"": ""311.00"", ""landmark"": ""Corporation&nbsp;:"", ""time"": ""VILLUPURAM""}, {""city"": ""&nbsp;"", ""landmark"": ""Adult&nbsp;Fare&nbsp;**"", ""time"": ""269""}, {""city"": ""City"", ""landmark"": ""Land&nbsp;Mark&nbsp;"", ""time"": ""Dep.&nbsp;Time&nbsp;""}, {""city"": ""CHENNAI-KILAMBAKKAM-KCBT"", ""landmark"": ""CHENNAI KALAIGNAR CBT"", ""time"": ""07:40""}, {""city"": ""TRICHY"", ""landmark"": ""TRICHY KKBT"", ""time"": ""14:10""}]",2026-01-13T17:54:44.239933
0740KCBTRIVV01L,,SETC,CHENNAI,TRICHY,,,7.00Hrs,45 Seats Available,Standard,Rs 269,16/01/2026,"[{""city"": ""&nbsp;"", ""landmark"": """", ""time"": ""Service&nbsp;Details""}, {""city"": ""0740KCBTRIVV01L"", ""landmark"": ""Route&nbsp;No.&nbsp;:"", ""time"": ""308O""}, {""city"": ""CHENNAI-KILAMBAKKAM-KCBT"", ""landmark"": ""To&nbsp;Place&nbsp;:"", ""time"": ""TRICHY""}, {""city"": ""16/01/2026"", ""landmark"": ""Journey&nbsp;Hours&nbsp;*:"", ""time"": ""7:00""}, {""city"": ""311.00"", ""landmark"": ""Corporation&nbsp;:"", ""time"": ""VILLUPURAM""}, {""city"": ""&nbsp;"", ""landmark"": ""Adult&nbsp;Fare&nbsp;**"", ""time"": ""269""}, {""city"": ""City"", ""landmark"": ""Land&nbsp;Mark&nbsp;"", ""time"": ""Dep.&nbsp;Time&nbsp;""}, {""city"": ""CHENNAI-KILAMBAKKAM-KCBT"", ""landmark"": ""CHENNAI KALAIGNAR CBT"", ""time"": ""07:40""}, {""city"": ""TRICHY"", ""landmark"": ""TRICHY KKBT"", ""time"": ""14:10""}]",2026-01-13T17:54:44.239933
0800KCBTRIAB,,SETC,CHENNAI,TRICHY,,,6.15Hrs,37 Seats Available,Standard,Rs 405/622,16/01/2026,"[{""city"": ""&nbsp;"", ""landmark"": """", ""time"": ""Service&nbsp;Details""}, {""city"": ""0800KCBTRIAB"", ""landmark"": ""Route&nbsp;No.&nbsp;:"", ""time"": ""123AB""}, {""city"": ""CHENNAI-KILAMBAKKAM-KCBT"", ""landmark"": ""To&nbsp;Place&nbsp;:"", ""time"": ""TRICHY""}, {""city"": ""16/01/2026"", ""landmark"": ""Journey&nbsp;Hours&nbsp;*:"", ""time"": ""6:15""}, {""city"": ""308.00"", ""landmark"": ""Corporation&nbsp;:"", ""time"": ""SETC""}, {""city"": ""&nbsp;"", ""landmark"": ""Adult&nbsp;Fare&nbsp;**"", ""time"": ""405""}, {""city"": ""City"", ""landmark"": ""Land&nbsp;Mark&nbsp;"", ""time"": ""Dep.&nbsp;Time&nbsp;""}, {""city"": ""CHENNAI-KILAMBAKKAM-KCBT"", ""landmark"": ""CHENNAI KALAIGNAR CBT"", ""time"": ""08:00""}, {""city"": ""CHENNAI-KILAMBAKKAM-KCBT"", ""landmark"": ""GUDUVANCHERY"", ""time"": ""08:05""}, {""city"": ""CHENNAI-KILAMBAKKAM-KCBT"", ""landmark"": ""SRM UNIVERSITY"", ""time"": ""08:10""}, {""city"": ""CHENNAI-KILAMBAKKAM-KCBT"", ""landmark"": ""MARAIMALAI NAGAR BUSSTOP"", ""time"": ""08:15""}, {""city"": ""CHENNAI-KILAMBAKKAM-KCBT"", ""landmark"": ""SINGAPERUMAL KOIL"", ""time"": ""08:20""}, {""city"": ""CHENNAI-KILAMBAKKAM-KCBT"", ""landmark"": ""MAHINDRA CITY"", ""time"": ""08:40""}, {""city"": ""CHENNAI-KILAMBAKKAM-KCBT"", ""landmark"": ""CHENGALPATTU TOLL"", ""time"": ""08:50""}, {""city"": ""CHENNAI-KILAMBAKKAM-KCBT"", ""landmark"": ""CHENGALPATTU BYPASS"", ""time"": ""09:00""}, {""city"": ""CHENNAI-KILAMBAKKAM-KCBT"", ""landmark"": ""MELMARUVATHUR BUS STOP"", ""time"": ""09:30""}, {""city"": ""CHENNAI-KILAMBAKKAM-KCBT"", ""landmark"": ""TINDIVANAM"", ""time"": ""10:05""}, {""city"": ""TRICHY"", ""landmark"": ""TRICHY KKBT"", ""time"": ""14:15""}]",2026-01-13T17:54:44.239933
0800KCBTRIAB,,SETC,CHENNAI,TRICHY,,,6.15Hrs,37 Seats Available,Standard,Rs 405/622,16/01/2026,"[{""city"": ""&nbsp;"", ""landmark"": """", ""time"": ""Service&nbsp;Details""}, {""city"": ""0800KCBTRIAB"", ""landmark"": ""Route&nbsp;No.&nbsp;:"", ""time"": ""123AB""}, {""city"": ""CHENNAI-KILAMBAKKAM-KCBT"", ""landmark"": ""To&nbsp;Place&nbsp;:"", ""time"": ""TRICHY""}, {""city"": ""16/01/2026"", ""landmark"": ""Journey&nbsp;Hours&nbsp;*:"", ""time"": ""6:15""}, {""city"": ""308.00"", ""landmark"": ""Corporation&nbsp;:"", ""time"": ""SETC""}, {""city"": ""&nbsp;"", ""landmark"": ""Adult&nbsp;Fare&nbsp;**"", ""time"": ""405""}, {""city"": ""City"", ""landmark"": ""Land&nbsp;Mark&nbsp;"", ""time"": ""Dep.&nbsp;Time&nbsp;""}, {""city"": ""CHENNAI-KILAMBAKKAM-KCBT"", ""landmark"": ""CHENNAI KALAIGNAR CBT"", ""time"": ""08:00""}, {""city"": ""CHENNAI-KILAMBAKKAM-KCBT"", ""landmark"": ""GUDUVANCHERY"", ""time"": ""08:05""}, {""city"": ""CHENNAI-KILAMBAKKAM-KCBT"", ""landmark"": ""SRM UNIVERSITY"", ""time"": ""08:10""}, {""city"": ""CHENNAI-KILAMBAKKAM-KCBT"", ""landmark"": ""MARAIMALAI NAGAR BUSSTOP"", ""time"": ""08:15""}, {""city"": ""CHENNAI-KILAMBAKKAM-KCBT"", ""landmark"": ""SINGAPERUMAL KOIL"", ""time"": ""08:20""}, {""city"": ""CHENNAI-KILAMBAKKAM-KCBT"", ""landmark"": ""MAHINDRA CITY"", ""time"": ""08:40""}, {""city"": ""CHENNAI-KILAMBAKKAM-KCBT"", ""landmark"": ""CHENGALPATTU TOLL"", ""time"": ""08:50""}, {""city"": ""CHENNAI-KILAMBAKKAM-KCBT"", ""landmark"": ""CHENGALPATTU BYPASS"", ""time"": ""09:00""}, {""city"": ""CHENNAI-KILAMBAKKAM-KCBT"", ""landmark"": ""MELMARUVATHUR BUS STOP"", ""time"": ""09:30""}, {""city"": ""CHENNAI-KILAMBAKKAM-KCBT"", ""landmark"": ""TINDIVANAM"", ""time"": ""10:05""}, {""city"": ""TRICHY"", ""landmark"": ""TRICHY KKBT"", ""time"": ""14:15""}]",2026-01-13T17:54:44.239933
0800KCBTRIVV01L,,SETC,CHENNAI,TRICHY,,,7.00Hrs,45 Seats Available,Standard,Rs 269,16/01/2026,"[{""city"": ""&nbsp;"", ""landmark"": """", ""time"": ""Service&nbsp;Details""}, {""city"": ""0800KCBTRIVV01L"", ""landmark"": ""Route&nbsp;No.&nbsp;:"", ""time"": ""308W""}, {""city"": ""CHENNAI-KILAMBAKKAM-KCBT"", ""landmark"": ""To&nbsp;Place&nbsp;:"", ""time"": ""TRICHY""}, {""city"": ""16/01/2026"", ""landmark"": ""Journey&nbsp;Hours&nbsp;*:"", ""time"": ""7:00""}, {""city"": ""311.00"", ""landmark"": ""Corporation&nbsp;:"", ""time"": ""VILLUPURAM""}, {""city"": ""&nbsp;"", ""landmark"": ""Adult&nbsp;Fare&nbsp;**"", ""time"": ""269""}, {""city"": ""City"", ""landmark"": ""Land&nbsp;Mark&nbsp;"", ""time"": ""Dep.&nbsp;Time&nbsp;""}, {""city"": ""CHENNAI-KILAMBAKKAM-KCBT"", ""landmark"": ""CHENNAI KALAIGNAR CBT"", ""time"": ""08:00""}, {""city"": ""TRICHY"", ""landmark"": ""TRICHY KKBT"", ""time"": ""14:30""}]",2026-01-13T17:54:44.239933
0800KCBTRIVV01L,,SETC,CHENNAI,TRICHY,,,7.00Hrs,45 Seats Available,Standard,Rs 269,16/01/2026,"[{""city"": ""&nbsp;"", ""landmark"": """", ""time"": ""Service&nbsp;Details""}, {""city"": ""0800KCBTRIVV01L"", ""landmark"": ""Route&nbsp;No.&nbsp;:"", ""time"": ""308W""}, {""city"": ""CHENNAI-KILAMBAKKAM-KCBT"", ""landmark"": ""To&nbsp;Place&nbsp;:"", ""time"": ""TRICHY""}, {""city"": ""16/01/2026"", ""landmark"": ""Journey&nbsp;Hours&nbsp;*:"", ""time"": ""7:00""}, {""city"": ""311.00"", ""landmark"": ""Corporation&nbsp;:"", ""time"": ""VILLUPURAM""}, {""city"": ""&nbsp;"", ""landmark"": ""Adult&nbsp;Fare&nbsp;**"", ""time"": ""269""}, {""city"": ""City"", ""landmark"": ""Land&nbsp;Mark&nbsp;"", ""time"": ""Dep.&nbsp;Time&nbsp;""}, {""city"": ""CHENNAI-KILAMBAKKAM-KCBT"", ""landmark"": ""CHENNAI KALAIGNAR CBT"", ""time"": ""08:00""}, {""city"": ""TRICHY"", ""landmark"": ""TRICHY KKBT"", ""time"": ""14:30""}]",2026-01-13T17:54:44.239933
0815KCBTRIKK01L,,SETC,CHENNAI,TRICHY,,,7.00Hrs,45 Seats Available,Standard,Rs 269,16/01/2026,"[{""city"": ""&nbsp;"", ""landmark"": """", ""time"": ""Service&nbsp;Details""}, {""city"": ""0815KCBTRIKK01L"", ""landmark"": ""Route&nbsp;No.&nbsp;:"", ""time"": ""504B""}, {""city"": ""CHENNAI-KILAMBAKKAM-KCBT"", ""landmark"": ""To&nbsp;Place&nbsp;:"", ""time"": ""TRICHY""}, {""city"": ""16/01/2026"", ""landmark"": ""Journey&nbsp;Hours&nbsp;*:"", ""time"": ""7:00""}, {""city"": ""311.00"", ""landmark"": ""Corporation&nbsp;:"", ""time"": ""KUMBAKONAM""}, {""city"": ""&nbsp;"", ""landmark"": ""Adult&nbsp;Fare&nbsp;**"", ""time"": ""269""}, {""city"": ""City"", ""landmark"": ""Land&nbsp;Mark&nbsp;"", ""time"": ""Dep.&nbsp;Time&nbsp;""}, {""city"": ""CHENNAI-KILAMBAKKAM-KCBT"", ""landmark"": ""CHENNAI KALAIGNAR CBT"", ""time"": ""08:15""}, {""city"": ""TRICHY"", ""landmark"": ""TRICHY KKBT"", ""time"": ""15:15""}]",2026-01-13T17:54:44.239933
0815KCBTRIKK01L,,SETC,CHENNAI,TRICHY,,,7.00Hrs,45 Seats Available,Standard,Rs 269,16/01/2026,"[{""city"": ""&nbsp;"", ""landmark"": """", ""time"": ""Service&nbsp;Details""}, {""city"": ""0815KCBTRIKK01L"", ""landmark"": ""Route&nbsp;No.&nbsp;:"", ""time"": ""504B""}, {""city"": ""CHENNAI-KILAMBAKKAM-KCBT"", ""landmark"": ""To&nbsp;Place&nbsp;:"", ""time"": ""TRICHY""}, {""city"": ""16/01/2026"", ""landmark"": ""Journey&nbsp;Hours&nbsp;*:"", ""time"": ""7:00""}, {""city"": ""311.00"", ""landmark"": ""Corporation&nbsp;:"", ""time"": ""KUMBAKONAM""}, {""city"": ""&nbsp;"", ""landmark"": ""Adult&nbsp;Fare&nbsp;**"", ""time"": ""269""}, {""city"": ""City"", ""landmark"": ""Land&nbsp;Mark&nbsp;"", ""time"": ""Dep.&nbsp;Time&nbsp;""}, {""city"": ""CHENNAI-KILAMBAKKAM-KCBT"", ""landmark"": ""CHENNAI KALAIGNAR CBT"", ""time"": ""08:15""}, {""city"": ""TRICHY"", ""landmark"": ""TRICHY KKBT"", ""time"": ""15:15""}]",2026-01-13T17:54:44.239933
0815KCBTRINS,,SETC,CHENNAI,TRICHY,,,6.15Hrs,33 Seats Available,Standard,Rs 313/482,16/01/2026,"[{""city"": ""&nbsp;"", ""landmark"": """", ""time"": ""Service&nbsp;Details""}, {""city"": ""0815KCBTRINS"", ""landmark"": ""Route&nbsp;No.&nbsp;:"", ""time"": ""123NS""}, {""city"": ""CHENNAI-KILAMBAKKAM-KCBT"", ""landmark"": ""To&nbsp;Place&nbsp;:"", ""time"": ""TRICHY""}, {""city"": ""16/01/2026"", ""landmark"": ""Journey&nbsp;Hours&nbsp;*:"", ""time"": ""6:15""}, {""city"": ""308.00"", ""landmark"": ""Corporation&nbsp;:"", ""time"": ""SETC""}, {""city"": ""&nbsp;"", ""landmark"": ""Adult&nbsp;Fare&nbsp;**"", ""time"": ""313""}, {""city"": ""City"", ""landmark"": ""Land&nbsp;Mark&nbsp;"", ""time"": ""Dep.&nbsp;Time&nbsp;""}, {""city"": ""CHENNAI-KILAMBAKKAM-KCBT"", ""landmark"": ""CHENNAI KALAIGNAR CBT"", ""time"": ""08:15""}, {""city"": ""CHENNAI-KILAMBAKKAM-KCBT"", ""landmark"": ""GUDUVANCHERY"", ""time"": ""08:20""}, {""city"": ""CHENNAI-KILAMBAKKAM-KCBT"", ""landmark"": ""SRM UNIVERSITY"", ""time"": ""08:25""}, {""city"": ""CHENNAI-KILAMBAKKAM-KCBT"", ""landmark"": ""MARAIMALAI NAGAR BUSSTOP"", ""time"": ""08:30""}, {""city"": ""CHENNAI-KILAMBAKKAM-KCBT"", ""landmark"": ""SINGAPERUMAL KOIL"", ""time"": ""08:35""}, {""city"": ""CHENNAI-KILAMBAKKAM-KCBT"", ""landmark"": ""MAHINDRA CITY"", ""time"": ""08:50""}, {""city"": ""CHENNAI-KILAMBAKKAM-KCBT"", ""landmark"": ""CHENGALPATTU TOLL"", ""time"": ""09:00""}, {""city"": ""CHENNAI-KILAMBAKKAM-KCBT"", ""landmark"": ""CHENGALPATTU BYPASS"", ""time"": ""09:10""}, {""city"": ""CHENNAI-KILAMBAKKAM-KCBT"", ""landmark"": ""MELMARUVATHUR BUS STOP"", ""time"": ""09:40""}, {""city"": ""CHENNAI-KILAMBAKKAM-KCBT"", ""landmark"": ""TINDIVANAM"", ""time"": ""09:55""}, {""city"": ""TRICHY"", ""landmark"": ""TRICHY KKBT"", ""time"": ""14:30""}]",2026-01-13T17:54:44.239933
0815KCBTRINS,,SETC,CHENNAI,TRICHY,,,6.15Hrs,33 Seats Available,Standard,Rs 313/482,16/01/2026,"[{""city"": ""&nbsp;"", ""landmark"": """", ""time"": ""Service&nbsp;Details""}, {""city"": ""0815KCBTRINS"", ""landmark"": ""Route&nbsp;No.&nbsp;:"", ""time"": ""123NS""}, {""city"": ""CHENNAI-KILAMBAKKAM-KCBT"", ""landmark"": ""To&nbsp;Place&nbsp;:"", ""time"": ""TRICHY""}, {""city"": ""16/01/2026"", ""landmark"": ""Journey&nbsp;Hours&nbsp;*:"", ""time"": ""6:15""}, {""city"": ""308.00"", ""landmark"": ""Corporation&nbsp;:"", ""time"": ""SETC""}, {""city"": ""&nbsp;"", ""landmark"": ""Adult&nbsp;Fare&nbsp;**"", ""time"": ""313""}, {""city"": ""City"", ""landmark"": ""Land&nbsp;Mark&nbsp;"", ""time"": ""Dep.&nbsp;Time&nbsp;""}, {""city"": ""CHENNAI-KILAMBAKKAM-KCBT"", ""landmark"": ""CHENNAI KALAIGNAR CBT"", ""time"": ""08:15""}, {""city"": ""CHENNAI-KILAMBAKKAM-KCBT"", ""landmark"": ""GUDUVANCHERY"", ""time"": ""08:20""}, {""city"": ""CHENNAI-KILAMBAKKAM-KCBT"", ""landmark"": ""SRM UNIVERSITY"", ""time"": ""08:25""}, {""city"": ""CHENNAI-KILAMBAKKAM-KCBT"", ""landmark"": ""MARAIMALAI NAGAR BUSSTOP"", ""time"": ""08:30""}, {""city"": ""CHENNAI-KILAMBAKKAM-KCBT"", ""landmark"": ""SINGAPERUMAL KOIL"", ""time"": ""08:35""}, {""city"": ""CHENNAI-KILAMBAKKAM-KCBT"", ""landmark"": ""MAHINDRA CITY"", ""time"": ""08:50""}, {""city"": ""CHENNAI-KILAMBAKKAM-KCBT"", ""landmark"": ""CHENGALPATTU TOLL"", ""time"": ""09:00""}, {""city"": ""CHENNAI-KILAMBAKKAM-KCBT"", ""landmark"": ""CHENGALPATTU BYPASS"", ""time"": ""09:10""}, {""city"": ""CHENNAI-KILAMBAKKAM-KCBT"", ""landmark"": ""MELMARUVATHUR BUS STOP"", ""time"": ""09:40""}, {""city"": ""CHENNAI-KILAMBAKKAM-KCBT"", ""landmark"": ""TINDIVANAM"", ""time"": ""09:55""}, {""city"": ""TRICHY"", ""landmark"": ""TRICHY KKBT"", ""time"": ""14:30""}]",2026-01-13T17:54:44.239933
0830KCBTRIKK01L,,SETC,CHENNAI,TRICHY,,,7.00Hrs,45 Seats Available,Standard,Rs 269,16/01/2026,"[{""city"": ""&nbsp;"", ""landmark"": """", ""time"": ""Service&nbsp;Details""}, {""city"": ""0830KCBTRIKK01L"", ""landmark"": ""Route&nbsp;No.&nbsp;:"", ""time"": ""506G""}, {""city"": ""CHENNAI-KILAMBAKKAM-KCBT"", ""landmark"": ""To&nbsp;Place&nbsp;:"", ""time"": ""TRICHY""}, {""city"": ""16/01/2026"", ""landmark"": ""Journey&nbsp;Hours&nbsp;*:"", ""time"": ""7:00""}, {""city"": ""311.00"", ""landmark"": ""Corporation&nbsp;:"", ""time"": ""KUMBAKONAM""}, {""city"": ""&nbsp;"", ""landmark"": ""Adult&nbsp;Fare&nbsp;**"", ""time"": ""269""}, {""city"": ""City"", ""landmark"": ""Land&nbsp;Mark&nbsp;"", ""time"": ""Dep.&nbsp;Time&nbsp;""}, {""city"": ""CHENNAI-KILAMBAKKAM-KCBT"", ""landmark"": ""CHENNAI KALAIGNAR CBT"", ""time"": ""08:30""}, {""city"": ""TRICHY"", ""landmark"": ""TRICHY KKBT"", ""time"": ""15:30""}]",2026-01-13T17:54:44.239933
0830KCBTRIKK01L,,SETC,CHENNAI,TRICHY,,,7.00Hrs,45 Seats Available,Standard,Rs 269,16/01/2026,"[{""city"": ""&nbsp;"", ""landmark"": """", ""time"": ""Service&nbsp;Details""}, {""city"": ""0830KCBTRIKK01L"", ""landmark"": ""Route&nbsp;No.&nbsp;:"", ""time"": ""506G""}, {""city"": ""CHENNAI-KILAMBAKKAM-KCBT"", ""landmark"": ""To&nbsp;Place&nbsp;:"", ""time"": ""TRICHY""}, {""city"": ""16/01/2026"", ""landmark"": ""Journey&nbsp;Hours&nbsp;*:"", ""time"": ""7:00""}, {""city"": ""311.00"", ""landmark"": ""Corporation&nbsp;:"", ""time"": ""KUMBAKONAM""}, {""city"": ""&nbsp;"", ""landmark"": ""Adult&nbsp;Fare&nbsp;**"", ""time"": ""269""}, {""city"": ""City"", ""landmark"": ""Land&nbsp;Mark&nbsp;"", ""time"": ""Dep.&nbsp;Time&nbsp;""}, {""city"": ""CHENNAI-KILAMBAKKAM-KCBT"", ""landmark"": ""CHENNAI KALAIGNAR CBT"", ""time"": ""08:30""}, {""city"": ""TRICHY"", ""landmark"": ""TRICHY KKBT"", ""time"": ""15:30""}]",2026-01-13T17:54:44.239933
0845KCBTRIAB,,SETC,CHENNAI,TRICHY,,,6.15Hrs,37 Seats Available,Standard,Rs 405/622,16/01/2026,"[{""city"": ""&nbsp;"", ""landmark"": """", ""time"": ""Service&nbsp;Details""}, {""city"": ""0845KCBTRIAB"", ""landmark"": ""Route&nbsp;No.&nbsp;:"", ""time"": ""123AB""}, {""city"": ""CHENNAI-KILAMBAKKAM-KCBT"", ""landmark"": ""To&nbsp;Place&nbsp;:"", ""time"": ""TRICHY""}, {""city"": ""16/01/2026"", ""landmark"": ""Journey&nbsp;Hours&nbsp;*:"", ""time"": ""6:15""}, {""city"": ""308.00"", ""landmark"": ""Corporation&nbsp;:"", ""time"": ""SETC""}, {""city"": ""&nbsp;"", ""landmark"": ""Adult&nbsp;Fare&nbsp;**"", ""time"": ""405""}, {""city"": ""City"", ""landmark"": ""Land&nbsp;Mark&nbsp;"", ""time"": ""Dep.&nbsp;Time&nbsp;""}, {""city"": ""CHENNAI-KILAMBAKKAM-KCBT"", ""landmark"": ""CHENNAI KALAIGNAR CBT"", ""time"": ""08:45""}, {""city"": ""CHENNAI-KILAMBAKKAM-KCBT"", ""landmark"": ""GUDUVANCHERY"", ""time"": ""08:50""}, {""city"": ""CHENNAI-KILAMBAKKAM-KCBT"", ""landmark"": ""SRM UNIVERSITY"", ""time"": ""08:55""}, {""city"": ""CHENNAI-KILAMBAKKAM-KCBT"", ""landmark"": ""MARAIMALAI NAGAR BUSSTOP"", ""time"": ""09:00""}, {""city"": ""CHENNAI-KILAMBAKKAM-KCBT"", ""landmark"": ""SINGAPERUMAL KOIL"", ""time"": ""09:05""}, {""city"": ""CHENNAI-KILAMBAKKAM-KCBT"", ""landmark"": ""MAHINDRA CITY"", ""time"": ""09:20""}, {""city"": ""CHENNAI-KILAMBAKKAM-KCBT"", ""landmark"": ""CHENGALPATTU TOLL"", ""time"": ""09:30""}, {""city"": ""CHENNAI-KILAMBAKKAM-KCBT"", ""landmark"": ""CHENGALPATTU BYPASS"", ""time"": ""09:40""}, {""city"": ""CHENNAI-KILAMBAKKAM-KCBT"", ""landmark"": ""MELMARUVATHUR BUS STOP"", ""time"": ""10:20""}, {""city"": ""CHENNAI-KILAMBAKKAM-KCBT"", ""landmark"": ""TINDIVANAM"", ""time"": ""10:50""}, {""city"": ""TRICHY"", ""landmark"": ""TRICHY KKBT"", ""time"": ""15:00""}]",2026-01-13T17:54:44.239933
0845KCBTRIAB,,SETC,CHENNAI,TRICHY,,,6.15Hrs,37 Seats Available,Standard,Rs 405/622,16/01/2026,"[{""city"": ""&nbsp;"", ""landmark"": """", ""time"": ""Service&nbsp;Details""}, {""city"": ""0845KCBTRIAB"", ""landmark"": ""Route&nbsp;No.&nbsp;:"", ""time"": ""123AB""}, {""city"": ""CHENNAI-KILAMBAKKAM-KCBT"", ""landmark"": ""To&nbsp;Place&nbsp;:"", ""time"": ""TRICHY""}, {""city"": ""16/01/2026"", ""landmark"": ""Journey&nbsp;Hours&nbsp;*:"", ""time"": ""6:15""}, {""city"": ""308.00"", ""landmark"": ""Corporation&nbsp;:"", ""time"": ""SETC""}, {""city"": ""&nbsp;"", ""landmark"": ""Adult&nbsp;Fare&nbsp;**"", ""time"": ""405""}, {""city"": ""City"", ""landmark"": ""Land&nbsp;Mark&nbsp;"", ""time"": ""Dep.&nbsp;Time&nbsp;""}, {""city"": ""CHENNAI-KILAMBAKKAM-KCBT"", ""landmark"": ""CHENNAI KALAIGNAR CBT"", ""time"": ""08:45""}, {""city"": ""CHENNAI-KILAMBAKKAM-KCBT"", ""landmark"": ""GUDUVANCHERY"", ""time"": ""08:50""}, {""city"": ""CHENNAI-KILAMBAKKAM-KCBT"", ""landmark"": ""SRM UNIVERSITY"", ""time"": ""08:55""}, {""city"": ""CHENNAI-KILAMBAKKAM-KCBT"", ""landmark"": ""MARAIMALAI NAGAR BUSSTOP"", ""time"": ""09:00""}, {""city"": ""CHENNAI-KILAMBAKKAM-KCBT"", ""landmark"": ""SINGAPERUMAL KOIL"", ""time"": ""09:05""}, {""city"": ""CHENNAI-KILAMBAKKAM-KCBT"", ""landmark"": ""MAHINDRA CITY"", ""time"": ""09:20""}, {""city"": ""CHENNAI-KILAMBAKKAM-KCBT"", ""landmark"": ""CHENGALPATTU TOLL"", ""time"": ""09:30""}, {""city"": ""CHENNAI-KILAMBAKKAM-KCBT"", ""landmark"": ""CHENGALPATTU BYPASS"", ""time"": ""09:40""}, {""city"": ""CHENNAI-KILAMBAKKAM-KCBT"", ""landmark"": ""MELMARUVATHUR BUS STOP"", ""time"": ""10:20""}, {""city"": ""CHENNAI-KILAMBAKKAM-KCBT"", ""landmark"": ""TINDIVANAM"", ""time"": ""10:50""}, {""city"": ""TRICHY"", ""landmark"": ""TRICHY KKBT"", ""time"": ""15:00""}]",2026-01-13T17:54:44.239933
0850KCBTRIKK01L,,SETC,CHENNAI,TRICHY,,,7.00Hrs,45 Seats Available,Standard,Rs 269,16/01/2026,"[{""city"": ""&nbsp;"", ""landmark"": """", ""time"": ""Service&nbsp;Details""}, {""city"": ""0850KCBTRIKK01L"", ""landmark"": ""Route&nbsp;No.&nbsp;:"", ""time"": ""505B""}, {""city"": ""CHENNAI-KILAMBAKKAM-KCBT"", ""landmark"": ""To&nbsp;Place&nbsp;:"", ""time"": ""TRICHY""}, {""city"": ""16/01/2026"", ""landmark"": ""Journey&nbsp;Hours&nbsp;*:"", ""time"": ""7:00""}, {""city"": ""311.00"", ""landmark"": ""Corporation&nbsp;:"", ""time"": ""KUMBAKONAM""}, {""city"": ""&nbsp;"", ""landmark"": ""Adult&nbsp;Fare&nbsp;**"", ""time"": ""269""}, {""city"": ""City"", ""landmark"": ""Land&nbsp;Mark&nbsp;"", ""time"": ""Dep.&nbsp;Time&nbsp;""}, {""city"": ""CHENNAI-KILAMBAKKAM-KCBT"", ""landmark"": ""CHENNAI KALAIGNAR CBT"", ""time"": ""08:50""}, {""city"": ""TRICHY"", ""landmark"": ""TRICHY KKBT"", ""time"": ""15:50""}]",2026-01-13T17:54:44.239933
0850KCBTRIKK01L,,SETC,CHENNAI,TRICHY,,,7.00Hrs,45 Seats Available,Standard,Rs 269,16/01/2026,"[{""city"": ""&nbsp;"", ""landmark"": """", ""time"": ""Service&nbsp;Details""}, {""city"": ""0850KCBTRIKK01L"", ""landmark"": ""Route&nbsp;No.&nbsp;:"", ""time"": ""505B""}, {""city"": ""CHENNAI-KILAMBAKKAM-KCBT"", ""landmark"": ""To&nbsp;Place&nbsp;:"", ""time"": ""TRICHY""}, {""city"": ""16/01/2026"", ""landmark"": ""Journey&nbsp;Hours&nbsp;*:"", ""time"": ""7:00""}, {""city"": ""311.00"", ""landmark"": ""Corporation&nbsp;:"", ""time"": ""KUMBAKONAM""}, {""city"": ""&nbsp;"", ""landmark"": ""Adult&nbsp;Fare&nbsp;**"", ""time"": ""269""}, {""city"": ""City"", ""landmark"": ""Land&nbsp;Mark&nbsp;"", ""time"": ""Dep.&nbsp;Time&nbsp;""}, {""city"": ""CHENNAI-KILAMBAKKAM-KCBT"", ""landmark"": ""CHENNAI KALAIGNAR CBT"", ""time"": ""08:50""}, {""city"": ""TRICHY"", ""landmark"": ""TRICHY KKBT"", ""time"": ""15:50""}]",2026-01-13T17:54:44.239933
0900KCBSRR,,SETC,CHENNAI,TRICHY,,,6.30Hrs,25 Seats Available,Standard,Rs 313,16/01/2026,"[{""city"": ""&nbsp;"", ""landmark"": """", ""time"": ""Service&nbsp;Details""}, {""city"": ""0900KCBSRR"", ""landmark"": ""Route&nbsp;No.&nbsp;:"", ""time"": ""123UD""}, {""city"": ""CHENNAI-KILAMBAKKAM-KCBT"", ""landmark"": ""To&nbsp;Place&nbsp;:"", ""time"": ""TRICHY""}, {""city"": ""16/01/2026"", ""landmark"": ""Journey&nbsp;Hours&nbsp;*:"", ""time"": ""6:30""}, {""city"": ""311.00"", ""landmark"": ""Corporation&nbsp;:"", ""time"": ""SETC""}, {""city"": ""&nbsp;"", ""landmark"": ""Adult&nbsp;Fare&nbsp;**"", ""time"": ""313""}, {""city"": ""City"", ""landmark"": ""Land&nbsp;Mark&nbsp;"", ""time"": ""Dep.&nbsp;Time&nbsp;""}, {""city"": ""CHENNAI-KILAMBAKKAM-KCBT"", ""landmark"": ""CHENNAI KALAIGNAR CBT"", ""time"": ""09:00""}, {""city"": ""CHENNAI-KILAMBAKKAM-KCBT"", ""landmark"": ""GUDUVANCHERY"", ""time"": ""09:05""}, {""city"": ""CHENNAI-KILAMBAKKAM-KCBT"", ""landmark"": ""SRM UNIVERSITY"", ""time"": ""09:10""}, {""city"": ""CHENNAI-KILAMBAKKAM-KCBT"", ""landmark"": ""MARAIMALAI NAGAR BUSSTOP"", ""time"": ""09:15""}, {""city"": ""CHENNAI-KILAMBAKKAM-KCBT"", ""landmark"": ""SINGAPERUMAL KOIL"", ""time"": ""09:20""}, {""city"": ""CHENNAI-KILAMBAKKAM-KCBT"", ""landmark"": ""MAHINDRA CITY"", ""time"": ""09:35""}, {""city"": ""CHENNAI-KILAMBAKKAM-KCBT"", ""landmark"": ""CHENGALPATTU TOLL"", ""time"": ""09:45""}, {""city"": ""CHENNAI-KILAMBAKKAM-KCBT"", ""landmark"": ""CHENGALPATTU BYPASS"", ""time"": ""09:55""}, {""city"": ""CHENNAI-KILAMBAKKAM-KCBT"", ""landmark"": ""MELMARUVATHUR BUS STOP"", ""time"": ""10:25""}, {""city"": ""CHENNAI-KILAMBAKKAM-KCBT"", ""landmark"": ""TINDIVANAM"", ""time"": ""10:55""}, {""city"": ""TRICHY"", ""landmark"": ""TRICHY KKBT"", ""time"": ""15:30""}, {""city"": ""SRIRANGAM"", ""landmark"": ""SRIRANGAM"", ""time"": ""16:00""}]",2026-01-13T17:54:44.239933
0900KCBSRR,,SETC,CHENNAI,TRICHY,,,6.30Hrs,25 Seats Available,Standard,Rs 313,16/01/2026,"[{""city"": ""&nbsp;"", ""landmark"": """", ""time"": ""Service&nbsp;Details""}, {""city"": ""0900KCBSRR"", ""landmark"": ""Route&nbsp;No.&nbsp;:"", ""time"": ""123UD""}, {""city"": ""CHENNAI-KILAMBAKKAM-KCBT"", ""landmark"": ""To&nbsp;Place&nbsp;:"", ""time"": ""TRICHY""}, {""city"": ""16/01/2026"", ""landmark"": ""Journey&nbsp;Hours&nbsp;*:"", ""time"": ""6:30""}, {""city"": ""311.00"", ""landmark"": ""Corporation&nbsp;:"", ""time"": ""SETC""}, {""city"": ""&nbsp;"", ""landmark"": ""Adult&nbsp;Fare&nbsp;**"", ""time"": ""313""}, {""city"": ""City"", ""landmark"": ""Land&nbsp;Mark&nbsp;"", ""time"": ""Dep.&nbsp;Time&nbsp;""}, {""city"": ""CHENNAI-KILAMBAKKAM-KCBT"", ""landmark"": ""CHENNAI KALAIGNAR CBT"", ""time"": ""09:00""}, {""city"": ""CHENNAI-KILAMBAKKAM-KCBT"", ""landmark"": ""GUDUVANCHERY"", ""time"": ""09:05""}, {""city"": ""CHENNAI-KILAMBAKKAM-KCBT"", ""landmark"": ""SRM UNIVERSITY"", ""time"": ""09:10""}, {""city"": ""CHENNAI-KILAMBAKKAM-KCBT"", ""landmark"": ""MARAIMALAI NAGAR BUSSTOP"", ""time"": ""09:15""}, {""city"": ""CHENNAI-KILAMBAKKAM-KCBT"", ""landmark"": ""SINGAPERUMAL KOIL"", ""time"": ""09:20""}, {""city"": ""CHENNAI-KILAMBAKKAM-KCBT"", ""landmark"": ""MAHINDRA CITY"", ""time"": ""09:35""}, {""city"": ""CHENNAI-KILAMBAKKAM-KCBT"", ""landmark"": ""CHENGALPATTU TOLL"", ""time"": ""09:45""}, {""city"": ""CHENNAI-KILAMBAKKAM-KCBT"", ""landmark"": ""CHENGALPATTU BYPASS"", ""time"": ""09:55""}, {""city"": ""CHENNAI-KILAMBAKKAM-KCBT"", ""landmark"": ""MELMARUVATHUR BUS STOP"", ""time"": ""10:25""}, {""city"": ""CHENNAI-KILAMBAKKAM-KCBT"", ""landmark"": ""TINDIVANAM"", ""time"": ""10:55""}, {""city"": ""TRICHY"", ""landmark"": ""TRICHY KKBT"", ""time"": ""15:30""}, {""city"": ""SRIRANGAM"", ""landmark"": ""SRIRANGAM"", ""time"": ""16:00""}]",2026-01-13T17:54:44.239933
0910KCBTRIVV01L,,SETC,CHENNAI,TRICHY,,,7.00Hrs,45 Seats Available,Standard,Rs 269,16/01/2026,"[{""city"": ""&nbsp;"", ""landmark"": """", ""time"": ""Service&nbsp;Details""}, {""city"": ""0910KCBTRIVV01L"", ""landmark"": ""Route&nbsp;No.&nbsp;:"", ""time"": ""308Z""}, {""city"": ""CHENNAI-KILAMBAKKAM-KCBT"", ""landmark"": ""To&nbsp;Place&nbsp;:"", ""time"": ""TRICHY""}, {""city"": ""16/01/2026"", ""landmark"": ""Journey&nbsp;Hours&nbsp;*:"", ""time"": ""7:00""}, {""city"": ""311.00"", ""landmark"": ""Corporation&nbsp;:"", ""time"": ""VILLUPURAM""}, {""city"": ""&nbsp;"", ""landmark"": ""Adult&nbsp;Fare&nbsp;**"", ""time"": ""269""}, {""city"": ""City"", ""landmark"": ""Land&nbsp;Mark&nbsp;"", ""time"": ""Dep.&nbsp;Time&nbsp;""}, {""city"": ""CHENNAI-KILAMBAKKAM-KCBT"", ""landmark"": ""CHENNAI KALAIGNAR CBT"", ""time"": ""09:10""}, {""city"": ""TRICHY"", ""landmark"": ""TRICHY KKBT"", ""time"": ""15:40""}]",2026-01-13T17:54:44.239933
0910KCBTRIVV01L,,SETC,CHENNAI,TRICHY,,,7.00Hrs,45 Seats Available,Standard,Rs 269,16/01/2026,"[{""city"": ""&nbsp;"", ""landmark"": """", ""time"": ""Service&nbsp;Details""}, {""city"": ""0910KCBTRIVV01L"", ""landmark"": ""Route&nbsp;No.&nbsp;:"", ""time"": ""308Z""}, {""city"": ""CHENNAI-KILAMBAKKAM-KCBT"", ""landmark"": ""To&nbsp;Place&nbsp;:"", ""time"": ""TRICHY""}, {""city"": ""16/01/2026"", ""landmark"": ""Journey&nbsp;Hours&nbsp;*:"", ""time"": ""7:00""}, {""city"": ""311.00"", ""landmark"": ""Corporation&nbsp;:"", ""time"": ""VILLUPURAM""}, {""city"": ""&nbsp;"", ""landmark"": ""Adult&nbsp;Fare&nbsp;**"", ""time"": ""269""}, {""city"": ""City"", ""landmark"": ""Land&nbsp;Mark&nbsp;"", ""time"": ""Dep.&nbsp;Time&nbsp;""}, {""city"": ""CHENNAI-KILAMBAKKAM-KCBT"", ""landmark"": ""CHENNAI KALAIGNAR CBT"", ""time"": ""09:10""}, {""city"": ""TRICHY"", ""landmark"": ""TRICHY KKBT"", ""time"": ""15:40""}]",2026-01-13T17:54:44.239933
0920KCBTRIVV01L,,SETC,CHENNAI,TRICHY,,,7.00Hrs,45 Seats Available,Standard,Rs 269,16/01/2026,"[{""city"": ""&nbsp;"", ""landmark"": """", ""time"": ""Service&nbsp;Details""}, {""city"": ""0920KCBTRIVV01L"", ""landmark"": ""Route&nbsp;No.&nbsp;:"", ""time"": ""308AB""}, {""city"": ""CHENNAI-KILAMBAKKAM-KCBT"", ""landmark"": ""To&nbsp;Place&nbsp;:"", ""time"": ""TRICHY""}, {""city"": ""16/01/2026"", ""landmark"": ""Journey&nbsp;Hours&nbsp;*:"", ""time"": ""7:00""}, {""city"": ""311.00"", ""landmark"": ""Corporation&nbsp;:"", ""time"": ""VILLUPURAM""}, {""city"": ""&nbsp;"", ""landmark"": ""Adult&nbsp;Fare&nbsp;**"", ""time"": ""269""}, {""city"": ""City"", ""landmark"": ""Land&nbsp;Mark&nbsp;"", ""time"": ""Dep.&nbsp;Time&nbsp;""}, {""city"": ""CHENNAI-KILAMBAKKAM-KCBT"", ""landmark"": ""CHENNAI KALAIGNAR CBT"", ""time"": ""09:20""}, {""city"": ""TRICHY"", ""landmark"": ""TRICHY KKBT"", ""time"": ""15:50""}]",2026-01-13T17:54:44.239933
0920KCBTRIVV01L,,SETC,CHENNAI,TRICHY,,,7.00Hrs,45 Seats Available,Standard,Rs 269,16/01/2026,"[{""city"": ""&nbsp;"", ""landmark"": """", ""time"": ""Service&nbsp;Details""}, {""city"": ""0920KCBTRIVV01L"", ""landmark"": ""Route&nbsp;No.&nbsp;:"", ""time"": ""308AB""}, {""city"": ""CHENNAI-KILAMBAKKAM-KCBT"", ""landmark"": ""To&nbsp;Place&nbsp;:"", ""time"": ""TRICHY""}, {""city"": ""16/01/2026"", ""landmark"": ""Journey&nbsp;Hours&nbsp;*:"", ""time"": ""7:00""}, {""city"": ""311.00"", ""landmark"": ""Corporation&nbsp;:"", ""time"": ""VILLUPURAM""}, {""city"": ""&nbsp;"", ""landmark"": ""Adult&nbsp;Fare&nbsp;**"", ""time"": ""269""}, {""city"": ""City"", ""landmark"": ""Land&nbsp;Mark&nbsp;"", ""time"": ""Dep.&nbsp;Time&nbsp;""}, {""city"": ""CHENNAI-KILAMBAKKAM-KCBT"", ""landmark"": ""CHENNAI KALAIGNAR CBT"", ""time"": ""09:20""}, {""city"": ""TRICHY"", ""landmark"": ""TRICHY KKBT"", ""time"": ""15:50""}]",2026-01-13T17:54:44.239933
0930KCBTRIVV01L,,SETC,CHENNAI,TRICHY,,,7.00Hrs,45 Seats Available,Standard,Rs 269,16/01/2026,"[{""city"": ""&nbsp;"", ""landmark"": """", ""time"": ""Service&nbsp;Details""}, {""city"": ""0930KCBTRIVV01L"", ""landmark"": ""Route&nbsp;No.&nbsp;:"", ""time"": ""308J""}, {""city"": ""CHENNAI-KILAMBAKKAM-KCBT"", ""landmark"": ""To&nbsp;Place&nbsp;:"", ""time"": ""TRICHY""}, {""city"": ""16/01/2026"", ""landmark"": ""Journey&nbsp;Hours&nbsp;*:"", ""time"": ""7:00""}, {""city"": ""311.00"", ""landmark"": ""Corporation&nbsp;:"", ""time"": ""VILLUPURAM""}, {""city"": ""&nbsp;"", ""landmark"": ""Adult&nbsp;Fare&nbsp;**"", ""time"": ""269""}, {""city"": ""City"", ""landmark"": ""Land&nbsp;Mark&nbsp;"", ""time"": ""Dep.&nbsp;Time&nbsp;""}, {""city"": ""CHENNAI-KILAMBAKKAM-KCBT"", ""landmark"": ""CHENNAI KALAIGNAR CBT"", ""time"": ""09:30""}, {""city"": ""TRICHY"", ""landmark"": ""TRICHY KKBT"", ""time"": ""16:00""}]",2026-01-13T17:54:44.239933
0930KCBTRIVV01L,,SETC,CHENNAI,TRICHY,,,7.00Hrs,45 Seats Available,Standard,Rs 269,16/01/2026,"[{""city"": ""&nbsp;"", ""landmark"": """", ""time"": ""Service&nbsp;Details""}, {""city"": ""0930KCBTRIVV01L"", ""landmark"": ""Route&nbsp;No.&nbsp;:"", ""time"": ""308J""}, {""city"": ""CHENNAI-KILAMBAKKAM-KCBT"", ""landmark"": ""To&nbsp;Place&nbsp;:"", ""time"": ""TRICHY""}, {""city"": ""16/01/2026"", ""landmark"": ""Journey&nbsp;Hours&nbsp;*:"", ""time"": ""7:00""}, {""city"": ""311.00"", ""landmark"": ""Corporation&nbsp;:"", ""time"": ""VILLUPURAM""}, {""city"": ""&nbsp;"", ""landmark"": ""Adult&nbsp;Fare&nbsp;**"", ""time"": ""269""}, {""city"": ""City"", ""landmark"": ""Land&nbsp;Mark&nbsp;"", ""time"": ""Dep.&nbsp;Time&nbsp;""}, {""city"": ""CHENNAI-KILAMBAKKAM-KCBT"", ""landmark"": ""CHENNAI KALAIGNAR CBT"", ""time"": ""09:30""}, {""city"": ""TRICHY"", ""landmark"": ""TRICHY KKBT"", ""time"": ""16:00""}]",2026-01-13T17:54:44.239933
0940KCBTRIKK01L,,SETC,CHENNAI,TRICHY,,,7.00Hrs,45 Seats Available,Standard,Rs 269,16/01/2026,"[{""city"": ""&nbsp;"", ""landmark"": """", ""time"": ""Service&nbsp;Details""}, {""city"": ""0940KCBTRIKK01L"", ""landmark"": ""Route&nbsp;No.&nbsp;:"", ""time"": ""501G""}, {""city"": ""CHENNAI-KILAMBAKKAM-KCBT"", ""landmark"": ""To&nbsp;Place&nbsp;:"", ""time"": ""TRICHY""}, {""city"": ""16/01/2026"", ""landmark"": ""Journey&nbsp;Hours&nbsp;*:"", ""time"": ""7:00""}, {""city"": ""311.00"", ""landmark"": ""Corporation&nbsp;:"", ""time"": ""KUMBAKONAM""}, {""city"": ""&nbsp;"", ""landmark"": ""Adult&nbsp;Fare&nbsp;**"", ""time"": ""269""}, {""city"": ""City"", ""landmark"": ""Land&nbsp;Mark&nbsp;"", ""time"": ""Dep.&nbsp;Time&nbsp;""}, {""city"": ""CHENNAI-KILAMBAKKAM-KCBT"", ""landmark"": ""CHENNAI KALAIGNAR CBT"", ""time"": ""09:40""}, {""city"": ""TRICHY"", ""landmark"": ""TRICHY KKBT"", ""time"": ""16:40""}]",2026-01-13T17:54:44.239933
0940KCBTRIKK01L,,SETC,CHENNAI,TRICHY,,,7.00Hrs,45 Seats Available,Standard,Rs 269,16/01/2026,"[{""city"": ""&nbsp;"", ""landmark"": """", ""time"": ""Service&nbsp;Details""}, {""city"": ""0940KCBTRIKK01L"", ""landmark"": ""Route&nbsp;No.&nbsp;:"", ""time"": ""501G""}, {""city"": ""CHENNAI-KILAMBAKKAM-KCBT"", ""landmark"": ""To&nbsp;Place&nbsp;:"", ""time"": ""TRICHY""}, {""city"": ""16/01/2026"", ""landmark"": ""Journey&nbsp;Hours&nbsp;*:"", ""time"": ""7:00""}, {""city"": ""311.00"", ""landmark"": ""Corporation&nbsp;:"", ""time"": ""KUMBAKONAM""}, {""city"": ""&nbsp;"", ""landmark"": ""Adult&nbsp;Fare&nbsp;**"", ""time"": ""269""}, {""city"": ""City"", ""landmark"": ""Land&nbsp;Mark&nbsp;"", ""time"": ""Dep.&nbsp;Time&nbsp;""}, {""city"": ""CHENNAI-KILAMBAKKAM-KCBT"", ""landmark"": ""CHENNAI KALAIGNAR CBT"", ""time"": ""09:40""}, {""city"": ""TRICHY"", ""landmark"": ""TRICHY KKBT"", ""time"": ""16:40""}]",2026-01-13T17:54:44.239933
0940KCBTRIAC,,SETC,CHENNAI,TRICHY,,,6.15Hrs,33 Seats Available,Standard,Rs 405,16/01/2026,"[{""city"": ""&nbsp;"", ""landmark"": """", ""time"": ""Service&nbsp;Details""}, {""city"": ""0940KCBTRIAC"", ""landmark"": ""Route&nbsp;No.&nbsp;:"", ""time"": ""123AC""}, {""city"": ""CHENNAI-KILAMBAKKAM-KCBT"", ""landmark"": ""To&nbsp;Place&nbsp;:"", ""time"": ""TRICHY""}, {""city"": ""16/01/2026"", ""landmark"": ""Journey&nbsp;Hours&nbsp;*:"", ""time"": ""6:15""}, {""city"": ""308.00"", ""landmark"": ""Corporation&nbsp;:"", ""time"": ""SETC""}, {""city"": ""&nbsp;"", ""landmark"": ""Adult&nbsp;Fare&nbsp;**"", ""time"": ""405""}, {""city"": ""City"", ""landmark"": ""Land&nbsp;Mark&nbsp;"", ""time"": ""Dep.&nbsp;Time&nbsp;""}, {""city"": ""CHENNAI-KILAMBAKKAM-KCBT"", ""landmark"": ""CHENNAI KALAIGNAR CBT"", ""time"": ""09:40""}, {""city"": ""CHENNAI-KILAMBAKKAM-KCBT"", ""landmark"": ""SINGAPERUMAL KOIL"", ""time"": ""10:00""}, {""city"": ""TRICHY"", ""landmark"": ""TRICHY KKBT"", ""time"": ""15:55""}]",2026-01-13T17:54:44.239933
0940KCBTRIAC,,SETC,CHENNAI,TRICHY,,,6.15Hrs,33 Seats Available,Standard,Rs 405,16/01/2026,"[{""city"": ""&nbsp;"", ""landmark"": """", ""time"": ""Service&nbsp;Details""}, {""city"": ""0940KCBTRIAC"", ""landmark"": ""Route&nbsp;No.&nbsp;:"", ""time"": ""123AC""}, {""city"": ""CHENNAI-KILAMBAKKAM-KCBT"", ""landmark"": ""To&nbsp;Place&nbsp;:"", ""time"": ""TRICHY""}, {""city"": ""16/01/2026"", ""landmark"": ""Journey&nbsp;Hours&nbsp;*:"", ""time"": ""6:15""}, {""city"": ""308.00"", ""landmark"": ""Corporation&nbsp;:"", ""time"": ""SETC""}, {""city"": ""&nbsp;"", ""landmark"": ""Adult&nbsp;Fare&nbsp;**"", ""time"": ""405""}, {""city"": ""City"", ""landmark"": ""Land&nbsp;Mark&nbsp;"", ""time"": ""Dep.&nbsp;Time&nbsp;""}, {""city"": ""CHENNAI-KILAMBAKKAM-KCBT"", ""landmark"": ""CHENNAI KALAIGNAR CBT"", ""time"": ""09:40""}, {""city"": ""CHENNAI-KILAMBAKKAM-KCBT"", ""landmark"": ""SINGAPERUMAL KOIL"", ""time"": ""10:00""}, {""city"": ""TRICHY"", ""landmark"": ""TRICHY KKBT"", ""time"": ""15:55""}]",2026-01-13T17:54:44.239933
0950KCBTRIKK01L,,SETC,CHENNAI,TRICHY,,,7.00Hrs,45 Seats Available,Standard,Rs 269,16/01/2026,"[{""city"": ""&nbsp;"", ""landmark"": """", ""time"": ""Service&nbsp;Details""}, {""city"": ""0950KCBTRIKK01L"", ""landmark"": ""Route&nbsp;No.&nbsp;:"", ""time"": ""501AJ""}, {""city"": ""CHENNAI-KILAMBAKKAM-KCBT"", ""landmark"": ""To&nbsp;Place&nbsp;:"", ""time"": ""TRICHY""}, {""city"": ""16/01/2026"", ""landmark"": ""Journey&nbsp;Hours&nbsp;*:"", ""time"": ""7:00""}, {""city"": ""311.00"", ""landmark"": ""Corporation&nbsp;:"", ""time"": ""KUMBAKONAM""}, {""city"": ""&nbsp;"", ""landmark"": ""Adult&nbsp;Fare&nbsp;**"", ""time"": ""269""}, {""city"": ""City"", ""landmark"": ""Land&nbsp;Mark&nbsp;"", ""time"": ""Dep.&nbsp;Time&nbsp;""}, {""city"": ""CHENNAI-KILAMBAKKAM-KCBT"", ""landmark"": ""CHENNAI KALAIGNAR CBT"", ""time"": ""09:50""}, {""city"": ""TRICHY"", ""landmark"": ""TRICHY KKBT"", ""time"": ""16:50""}]",2026-01-13T17:54:44.239933
0950KCBTRIKK01L,,SETC,CHENNAI,TRICHY,,,7.00Hrs,45 Seats Available,Standard,Rs 269,16/01/2026,"[{""city"": ""&nbsp;"", ""landmark"": """", ""time"": ""Service&nbsp;Details""}, {""city"": ""0950KCBTRIKK01L"", ""landmark"": ""Route&nbsp;No.&nbsp;:"", ""time"": ""501AJ""}, {""city"": ""CHENNAI-KILAMBAKKAM-KCBT"", ""landmark"": ""To&nbsp;Place&nbsp;:"", ""time"": ""TRICHY""}, {""city"": ""16/01/2026"", ""landmark"": ""Journey&nbsp;Hours&nbsp;*:"", ""time"": ""7:00""}, {""city"": ""311.00"", ""landmark"": ""Corporation&nbsp;:"", ""time"": ""KUMBAKONAM""}, {""city"": ""&nbsp;"", ""landmark"": ""Adult&nbsp;Fare&nbsp;**"", ""time"": ""269""}, {""city"": ""City"", ""landmark"": ""Land&nbsp;Mark&nbsp;"", ""time"": ""Dep.&nbsp;Time&nbsp;""}, {""city"": ""CHENNAI-KILAMBAKKAM-KCBT"", ""landmark"": ""CHENNAI KALAIGNAR CBT"", ""time"": ""09:50""}, {""city"": ""TRICHY"", ""landmark"": ""TRICHY KKBT"", ""time"": ""16:50""}]",2026-01-13T17:54:44.239933
1000KCBTRIKK02L,,SETC,CHENNAI,TRICHY,,,7.00Hrs,45 Seats Available,Standard,Rs 269,16/01/2026,"[{""city"": ""&nbsp;"", ""landmark"": """", ""time"": ""Service&nbsp;Details""}, {""city"": ""1000KCBTRIKK02L"", ""landmark"": ""Route&nbsp;No.&nbsp;:"", ""time"": ""503A""}, {""city"": ""CHENNAI-KILAMBAKKAM-KCBT"", ""landmark"": ""To&nbsp;Place&nbsp;:"", ""time"": ""TRICHY""}, {""city"": ""16/01/2026"", ""landmark"": ""Journey&nbsp;Hours&nbsp;*:"", ""time"": ""7:00""}, {""city"": ""311.00"", ""landmark"": ""Corporation&nbsp;:"", ""time"": ""KUMBAKONAM""}, {""city"": ""&nbsp;"", ""landmark"": ""Adult&nbsp;Fare&nbsp;**"", ""time"": ""269""}, {""city"": ""City"", ""landmark"": ""Land&nbsp;Mark&nbsp;"", ""time"": ""Dep.&nbsp;Time&nbsp;""}, {""city"": ""CHENNAI-KILAMBAKKAM-KCBT"", ""landmark"": ""CHENNAI KALAIGNAR CBT"", ""time"": ""10:00""}, {""city"": ""TRICHY"", ""landmark"": ""TRICHY KKBT"", ""time"": ""17:00""}]",2026-01-13T17:54:44.239933
1000KCBTRIKK02L,,SETC,CHENNAI,TRICHY,,,7.00Hrs,45 Seats Available,Standard,Rs 269,16/01/2026,"[{""city"": ""&nbsp;"", ""landmark"": """", ""time"": ""Service&nbsp;Details""}, {""city"": ""1000KCBTRIKK02L"", ""landmark"": ""Route&nbsp;No.&nbsp;:"", ""time"": ""503A""}, {""city"": ""CHENNAI-KILAMBAKKAM-KCBT"", ""landmark"": ""To&nbsp;Place&nbsp;:"", ""time"": ""TRICHY""}, {""city"": ""16/01/2026"", ""landmark"": ""Journey&nbsp;Hours&nbsp;*:"", ""time"": ""7:00""}, {""city"": ""311.00"", ""landmark"": ""Corporation&nbsp;:"", ""time"": ""KUMBAKONAM""}, {""city"": ""&nbsp;"", ""landmark"": ""Adult&nbsp;Fare&nbsp;**"", ""time"": ""269""}, {""city"": ""City"", ""landmark"": ""Land&nbsp;Mark&nbsp;"", ""time"": ""Dep.&nbsp;Time&nbsp;""}, {""city"": ""CHENNAI-KILAMBAKKAM-KCBT"", ""landmark"": ""CHENNAI KALAIGNAR CBT"", ""time"": ""10:00""}, {""city"": ""TRICHY"", ""landmark"": ""TRICHY KKBT"", ""time"": ""17:00""}]",2026-01-13T17:54:44.239933
1000KCBTRIMS,,SETC,CHENNAI,TRICHY,,,6.15Hrs,39 Seats Available,Standard,Rs 527,16/01/2026,"[{""city"": ""&nbsp;"", ""landmark"": """", ""time"": ""Service&nbsp;Details""}, {""city"": ""1000KCBTRIMS"", ""landmark"": ""Route&nbsp;No.&nbsp;:"", ""time"": ""123MS""}, {""city"": ""CHENNAI-KILAMBAKKAM-KCBT"", ""landmark"": ""To&nbsp;Place&nbsp;:"", ""time"": ""TRICHY""}, {""city"": ""16/01/2026"", ""landmark"": ""Journey&nbsp;Hours&nbsp;*:"", ""time"": ""6:15""}, {""city"": ""314.00"", ""landmark"": ""Corporation&nbsp;:"", ""time"": ""SETC""}, {""city"": ""&nbsp;"", ""landmark"": ""Adult&nbsp;Fare&nbsp;**"", ""time"": ""527""}, {""city"": ""City"", ""landmark"": ""Land&nbsp;Mark&nbsp;"", ""time"": ""Dep.&nbsp;Time&nbsp;""}, {""city"": ""CHENNAI-KILAMBAKKAM-KCBT"", ""landmark"": ""CHENNAI KALAIGNAR CBT"", ""time"": ""10:00""}, {""city"": ""CHENNAI-KILAMBAKKAM-KCBT"", ""landmark"": ""SINGAPERUMAL KOIL"", ""time"": ""10:20""}, {""city"": ""TRICHY"", ""landmark"": ""TRICHY KKBT"", ""time"": ""16:15""}]",2026-01-13T17:54:44.239933
1000KCBTRIMS,,SETC,CHENNAI,TRICHY,,,6.15Hrs,39 Seats Available,Standard,Rs 527,16/01/2026,"[{""city"": ""&nbsp;"", ""landmark"": """", ""time"": ""Service&nbsp;Details""}, {""city"": ""1000KCBTRIMS"", ""landmark"": ""Route&nbsp;No.&nbsp;:"", ""time"": ""123MS""}, {""city"": ""CHENNAI-KILAMBAKKAM-KCBT"", ""landmark"": ""To&nbsp;Place&nbsp;:"", ""time"": ""TRICHY""}, {""city"": ""16/01/2026"", ""landmark"": ""Journey&nbsp;Hours&nbsp;*:"", ""time"": ""6:15""}, {""city"": ""314.00"", ""landmark"": ""Corporation&nbsp;:"", ""time"": ""SETC""}, {""city"": ""&nbsp;"", ""landmark"": ""Adult&nbsp;Fare&nbsp;**"", ""time"": ""527""}, {""city"": ""City"", ""landmark"": ""Land&nbsp;Mark&nbsp;"", ""time"": ""Dep.&nbsp;Time&nbsp;""}, {""city"": ""CHENNAI-KILAMBAKKAM-KCBT"", ""landmark"": ""CHENNAI KALAIGNAR CBT"", ""time"": ""10:00""}, {""city"": ""CHENNAI-KILAMBAKKAM-KCBT"", ""landmark"": ""SINGAPERUMAL KOIL"", ""time"": ""10:20""}, {""city"": ""TRICHY"", ""landmark"": ""TRICHY KKBT"", ""time"": ""16:15""}]",2026-01-13T17:54:44.239933
1015KCBTRIKK01L,,SETC,CHENNAI,TRICHY,,,7.00Hrs,45 Seats Available,Standard,Rs 269,16/01/2026,"[{""city"": ""&nbsp;"", ""landmark"": """", ""time"": ""Service&nbsp;Details""}, {""city"": ""1015KCBTRIKK01L"", ""landmark"": ""Route&nbsp;No.&nbsp;:"", ""time"": ""511A""}, {""city"": ""CHENNAI-KILAMBAKKAM-KCBT"", ""landmark"": ""To&nbsp;Place&nbsp;:"", ""time"": ""TRICHY""}, {""city"": ""16/01/2026"", ""landmark"": ""Journey&nbsp;Hours&nbsp;*:"", ""time"": ""7:00""}, {""city"": ""311.00"", ""landmark"": ""Corporation&nbsp;:"", ""time"": ""KUMBAKONAM""}, {""city"": ""&nbsp;"", ""landmark"": ""Adult&nbsp;Fare&nbsp;**"", ""time"": ""269""}, {""city"": ""City"", ""landmark"": ""Land&nbsp;Mark&nbsp;"", ""time"": ""Dep.&nbsp;Time&nbsp;""}, {""city"": ""CHENNAI-KILAMBAKKAM-KCBT"", ""landmark"": ""CHENNAI KALAIGNAR CBT"", ""time"": ""10:15""}, {""city"": ""TRICHY"", ""landmark"": ""TRICHY KKBT"", ""time"": ""17:15""}]",2026-01-13T17:54:44.239933
1015KCBTRIKK01L,,SETC,CHENNAI,TRICHY,,,7.00Hrs,45 Seats Available,Standard,Rs 269,16/01/2026,"[{""city"": ""&nbsp;"", ""landmark"": """", ""time"": ""Service&nbsp;Details""}, {""city"": ""1015KCBTRIKK01L"", ""landmark"": ""Route&nbsp;No.&nbsp;:"", ""time"": ""511A""}, {""city"": ""CHENNAI-KILAMBAKKAM-KCBT"", ""landmark"": ""To&nbsp;Place&nbsp;:"", ""time"": ""TRICHY""}, {""city"": ""16/01/2026"", ""landmark"": ""Journey&nbsp;Hours&nbsp;*:"", ""time"": ""7:00""}, {""city"": ""311.00"", ""landmark"": ""Corporation&nbsp;:"", ""time"": ""KUMBAKONAM""}, {""city"": ""&nbsp;"", ""landmark"": ""Adult&nbsp;Fare&nbsp;**"", ""time"": ""269""}, {""city"": ""City"", ""landmark"": ""Land&nbsp;Mark&nbsp;"", ""time"": ""Dep.&nbsp;Time&nbsp;""}, {""city"": ""CHENNAI-KILAMBAKKAM-KCBT"", ""landmark"": ""CHENNAI KALAIGNAR CBT"", ""time"": ""10:15""}, {""city"": ""TRICHY"", ""landmark"": ""TRICHY KKBT"", ""time"": ""17:15""}]",2026-01-13T17:54:44.239933
1030KCBTRINS,,SETC,CHENNAI,TRICHY,,,6.15Hrs,30 Seats Available,Standard,Rs 313/482,16/01/2026,"[{""city"": ""&nbsp;"", ""landmark"": """", ""time"": ""Service&nbsp;Details""}, {""city"": ""1030KCBTRINS"", ""landmark"": ""Route&nbsp;No.&nbsp;:"", ""time"": ""123NS""}, {""city"": ""CHENNAI-KILAMBAKKAM-KCBT"", ""landmark"": ""To&nbsp;Place&nbsp;:"", ""time"": ""TRICHY""}, {""city"": ""16/01/2026"", ""landmark"": ""Journey&nbsp;Hours&nbsp;*:"", ""time"": ""6:15""}, {""city"": ""308.00"", ""landmark"": ""Corporation&nbsp;:"", ""time"": ""SETC""}, {""city"": ""&nbsp;"", ""landmark"": ""Adult&nbsp;Fare&nbsp;**"", ""time"": ""313""}, {""city"": ""City"", ""landmark"": ""Land&nbsp;Mark&nbsp;"", ""time"": ""Dep.&nbsp;Time&nbsp;""}, {""city"": ""CHENNAI-KILAMBAKKAM-KCBT"", ""landmark"": ""CHENNAI KALAIGNAR CBT"", ""time"": ""10:30""}, {""city"": ""CHENNAI-KILAMBAKKAM-KCBT"", ""landmark"": ""GUDUVANCHERY"", ""time"": ""10:35""}, {""city"": ""CHENNAI-KILAMBAKKAM-KCBT"", ""landmark"": ""SRM UNIVERSITY"", ""time"": ""10:40""}, {""city"": ""CHENNAI-KILAMBAKKAM-KCBT"", ""landmark"": ""MARAIMALAI NAGAR BUSSTOP"", ""time"": ""10:45""}, {""city"": ""CHENNAI-KILAMBAKKAM-KCBT"", ""landmark"": ""SINGAPERUMAL KOIL"", ""time"": ""10:50""}, {""city"": ""CHENNAI-KILAMBAKKAM-KCBT"", ""landmark"": ""MAHINDRA CITY"", ""time"": ""11:05""}, {""city"": ""CHENNAI-KILAMBAKKAM-KCBT"", ""landmark"": ""CHENGALPATTU TOLL"", ""time"": ""11:15""}, {""city"": ""CHENNAI-KILAMBAKKAM-KCBT"", ""landmark"": ""CHENGALPATTU BYPASS"", ""time"": ""11:25""}, {""city"": ""CHENNAI-KILAMBAKKAM-KCBT"", ""landmark"": ""MELMARUVATHUR BUS STOP"", ""time"": ""11:55""}, {""city"": ""CHENNAI-KILAMBAKKAM-KCBT"", ""landmark"": ""TINDIVANAM"", ""time"": ""12:10""}, {""city"": ""TRICHY"", ""landmark"": ""TRICHY KKBT"", ""time"": ""16:45""}]",2026-01-13T17:54:44.239933
1030KCBTRINS,,SETC,CHENNAI,TRICHY,,,6.15Hrs,30 Seats Available,Standard,Rs 313/482,16/01/2026,"[{""city"": ""&nbsp;"", ""landmark"": """", ""time"": ""Service&nbsp;Details""}, {""city"": ""1030KCBTRINS"", ""landmark"": ""Route&nbsp;No.&nbsp;:"", ""time"": ""123NS""}, {""city"": ""CHENNAI-KILAMBAKKAM-KCBT"", ""landmark"": ""To&nbsp;Place&nbsp;:"", ""time"": ""TRICHY""}, {""city"": ""16/01/2026"", ""landmark"": ""Journey&nbsp;Hours&nbsp;*:"", ""time"": ""6:15""}, {""city"": ""308.00"", ""landmark"": ""Corporation&nbsp;:"", ""time"": ""SETC""}, {""city"": ""&nbsp;"", ""landmark"": ""Adult&nbsp;Fare&nbsp;**"", ""time"": ""313""}, {""city"": ""City"", ""landmark"": ""Land&nbsp;Mark&nbsp;"", ""time"": ""Dep.&nbsp;Time&nbsp;""}, {""city"": ""CHENNAI-KILAMBAKKAM-KCBT"", ""landmark"": ""CHENNAI KALAIGNAR CBT"", ""time"": ""10:30""}, {""city"": ""CHENNAI-KILAMBAKKAM-KCBT"", ""landmark"": ""GUDUVANCHERY"", ""time"": ""10:35""}, {""city"": ""CHENNAI-KILAMBAKKAM-KCBT"", ""landmark"": ""SRM UNIVERSITY"", ""time"": ""10:40""}, {""city"": ""CHENNAI-KILAMBAKKAM-KCBT"", ""landmark"": ""MARAIMALAI NAGAR BUSSTOP"", ""time"": ""10:45""}, {""city"": ""CHENNAI-KILAMBAKKAM-KCBT"", ""landmark"": ""SINGAPERUMAL KOIL"", ""time"": ""10:50""}, {""city"": ""CHENNAI-KILAMBAKKAM-KCBT"", ""landmark"": ""MAHINDRA CITY"", ""time"": ""11:05""}, {""city"": ""CHENNAI-KILAMBAKKAM-KCBT"", ""landmark"": ""CHENGALPATTU TOLL"", ""time"": ""11:15""}, {""city"": ""CHENNAI-KILAMBAKKAM-KCBT"", ""landmark"": ""CHENGALPATTU BYPASS"", ""time"": ""11:25""}, {""city"": ""CHENNAI-KILAMBAKKAM-KCBT"", ""landmark"": ""MELMARUVATHUR BUS STOP"", ""time"": ""11:55""}, {""city"": ""CHENNAI-KILAMBAKKAM-KCBT"", ""landmark"": ""TINDIVANAM"", ""time"": ""12:10""}, {""city"": ""TRICHY"", ""landmark"": ""TRICHY KKBT"", ""time"": ""16:45""}]",2026-01-13T17:54:44.239933
1040KCBTRIVV01L,,SETC,CHENNAI,TRICHY,,,7.00Hrs,45 Seats Available,Standard,Rs 269,16/01/2026,"[{""city"": ""&nbsp;"", ""landmark"": """", ""time"": ""Service&nbsp;Details""}, {""city"": ""1040KCBTRIVV01L"", ""landmark"": ""Route&nbsp;No.&nbsp;:"", ""time"": ""308A""}, {""city"": ""CHENNAI-KILAMBAKKAM-KCBT"", ""landmark"": ""To&nbsp;Place&nbsp;:"", ""time"": ""TRICHY""}, {""city"": ""16/01/2026"", ""landmark"": ""Journey&nbsp;Hours&nbsp;*:"", ""time"": ""7:00""}, {""city"": ""311.00"", ""landmark"": ""Corporation&nbsp;:"", ""time"": ""VILLUPURAM""}, {""city"": ""&nbsp;"", ""landmark"": ""Adult&nbsp;Fare&nbsp;**"", ""time"": ""269""}, {""city"": ""City"", ""landmark"": ""Land&nbsp;Mark&nbsp;"", ""time"": ""Dep.&nbsp;Time&nbsp;""}, {""city"": ""CHENNAI-KILAMBAKKAM-KCBT"", ""landmark"": ""CHENNAI KALAIGNAR CBT"", ""time"": ""10:40""}, {""city"": ""TRICHY"", ""landmark"": ""TRICHY KKBT"", ""time"": ""17:10""}]",2026-01-13T17:54:44.239933
1040KCBTRIVV01L,,SETC,CHENNAI,TRICHY,,,7.00Hrs,45 Seats Available,Standard,Rs 269,16/01/2026,"[{""city"": ""&nbsp;"", ""landmark"": """", ""time"": ""Service&nbsp;Details""}, {""city"": ""1040KCBTRIVV01L"", ""landmark"": ""Route&nbsp;No.&nbsp;:"", ""time"": ""308A""}, {""city"": ""CHENNAI-KILAMBAKKAM-KCBT"", ""landmark"": ""To&nbsp;Place&nbsp;:"", ""time"": ""TRICHY""}, {""city"": ""16/01/2026"", ""landmark"": ""Journey&nbsp;Hours&nbsp;*:"", ""time"": ""7:00""}, {""city"": ""311.00"", ""landmark"": ""Corporation&nbsp;:"", ""time"": ""VILLUPURAM""}, {""city"": ""&nbsp;"", ""landmark"": ""Adult&nbsp;Fare&nbsp;**"", ""time"": ""269""}, {""city"": ""City"", ""landmark"": ""Land&nbsp;Mark&nbsp;"", ""time"": ""Dep.&nbsp;Time&nbsp;""}, {""city"": ""CHENNAI-KILAMBAKKAM-KCBT"", ""landmark"": ""CHENNAI KALAIGNAR CBT"", ""time"": ""10:40""}, {""city"": ""TRICHY"", ""landmark"": ""TRICHY KKBT"", ""time"": ""17:10""}]",2026-01-13T17:54:44.239933
1045KCBTRIKK01L,,SETC,CHENNAI,TRICHY,,,7.00Hrs,45 Seats Available,Standard,Rs 269,16/01/2026,"[{""city"": ""&nbsp;"", ""landmark"": """", ""time"": ""Service&nbsp;Details""}, {""city"": ""1045KCBTRIKK01L"", ""landmark"": ""Route&nbsp;No.&nbsp;:"", ""time"": ""502B""}, {""city"": ""CHENNAI-KILAMBAKKAM-KCBT"", ""landmark"": ""To&nbsp;Place&nbsp;:"", ""time"": ""TRICHY""}, {""city"": ""16/01/2026"", ""landmark"": ""Journey&nbsp;Hours&nbsp;*:"", ""time"": ""7:00""}, {""city"": ""311.00"", ""landmark"": ""Corporation&nbsp;:"", ""time"": ""KUMBAKONAM""}, {""city"": ""&nbsp;"", ""landmark"": ""Adult&nbsp;Fare&nbsp;**"", ""time"": ""269""}, {""city"": ""City"", ""landmark"": ""Land&nbsp;Mark&nbsp;"", ""time"": ""Dep.&nbsp;Time&nbsp;""}, {""city"": ""CHENNAI-KILAMBAKKAM-KCBT"", ""landmark"": ""CHENNAI KALAIGNAR CBT"", ""time"": ""10:45""}, {""city"": ""TRICHY"", ""landmark"": ""TRICHY KKBT"", ""time"": ""17:45""}]",2026-01-13T17:54:44.239933
1045KCBTRIKK01L,,SETC,CHENNAI,TRICHY,,,7.00Hrs,45 Seats Available,Standard,Rs 269,16/01/2026,"[{""city"": ""&nbsp;"", ""landmark"": """", ""time"": ""Service&nbsp;Details""}, {""city"": ""1045KCBTRIKK01L"", ""landmark"": ""Route&nbsp;No.&nbsp;:"", ""time"": ""502B""}, {""city"": ""CHENNAI-KILAMBAKKAM-KCBT"", ""landmark"": ""To&nbsp;Place&nbsp;:"", ""time"": ""TRICHY""}, {""city"": ""16/01/2026"", ""landmark"": ""Journey&nbsp;Hours&nbsp;*:"", ""time"": ""7:00""}, {""city"": ""311.00"", ""landmark"": ""Corporation&nbsp;:"", ""time"": ""KUMBAKONAM""}, {""city"": ""&nbsp;"", ""landmark"": ""Adult&nbsp;Fare&nbsp;**"", ""time"": ""269""}, {""city"": ""City"", ""landmark"": ""Land&nbsp;Mark&nbsp;"", ""time"": ""Dep.&nbsp;Time&nbsp;""}, {""city"": ""CHENNAI-KILAMBAKKAM-KCBT"", ""landmark"": ""CHENNAI KALAIGNAR CBT"", ""time"": ""10:45""}, {""city"": ""TRICHY"", ""landmark"": ""TRICHY KKBT"", ""time"": ""17:45""}]",2026-01-13T17:54:44.239933
1100KCBTRIAB,,SETC,CHENNAI,TRICHY,,,6.15Hrs,37 Seats Available,Standard,Rs 405/622,16/01/2026,"[{""city"": ""&nbsp;"", ""landmark"": """", ""time"": ""Service&nbsp;Details""}, {""city"": ""1100KCBTRIAB"", ""landmark"": ""Route&nbsp;No.&nbsp;:"", ""time"": ""123AB""}, {""city"": ""CHENNAI-KILAMBAKKAM-KCBT"", ""landmark"": ""To&nbsp;Place&nbsp;:"", ""time"": ""TRICHY""}, {""city"": ""16/01/2026"", ""landmark"": ""Journey&nbsp;Hours&nbsp;*:"", ""time"": ""6:15""}, {""city"": ""308.00"", ""landmark"": ""Corporation&nbsp;:"", ""time"": ""SETC""}, {""city"": ""&nbsp;"", ""landmark"": ""Adult&nbsp;Fare&nbsp;**"", ""time"": ""405""}, {""city"": ""City"", ""landmark"": ""Land&nbsp;Mark&nbsp;"", ""time"": ""Dep.&nbsp;Time&nbsp;""}, {""city"": ""CHENNAI-KILAMBAKKAM-KCBT"", ""landmark"": ""CHENNAI KALAIGNAR CBT"", ""time"": ""11:00""}, {""city"": ""CHENNAI-KILAMBAKKAM-KCBT"", ""landmark"": ""GUDUVANCHERY"", ""time"": ""11:05""}, {""city"": ""CHENNAI-KILAMBAKKAM-KCBT"", ""landmark"": ""SRM UNIVERSITY"", ""time"": ""11:10""}, {""city"": ""CHENNAI-KILAMBAKKAM-KCBT"", ""landmark"": ""MARAIMALAI NAGAR BUSSTOP"", ""time"": ""11:15""}, {""city"": ""CHENNAI-KILAMBAKKAM-KCBT"", ""landmark"": ""SINGAPERUMAL KOIL"", ""time"": ""11:20""}, {""city"": ""CHENNAI-KILAMBAKKAM-KCBT"", ""landmark"": ""MAHINDRA CITY"", ""time"": ""11:40""}, {""city"": ""CHENNAI-KILAMBAKKAM-KCBT"", ""landmark"": ""CHENGALPATTU TOLL"", ""time"": ""11:50""}, {""city"": ""CHENNAI-KILAMBAKKAM-KCBT"", ""landmark"": ""CHENGALPATTU BYPASS"", ""time"": ""12:00""}, {""city"": ""CHENNAI-KILAMBAKKAM-KCBT"", ""landmark"": ""MELMARUVATHUR BUS STOP"", ""time"": ""12:30""}, {""city"": ""CHENNAI-KILAMBAKKAM-KCBT"", ""landmark"": ""TINDIVANAM"", ""time"": ""13:05""}, {""city"": ""TRICHY"", ""landmark"": ""TRICHY KKBT"", ""time"": ""17:15""}]",2026-01-13T17:54:44.239933
1100KCBTRIAB,,SETC,CHENNAI,TRICHY,,,6.15Hrs,37 Seats Available,Standard,Rs 405/622,16/01/2026,"[{""city"": ""&nbsp;"", ""landmark"": """", ""time"": ""Service&nbsp;Details""}, {""city"": ""1100KCBTRIAB"", ""landmark"": ""Route&nbsp;No.&nbsp;:"", ""time"": ""123AB""}, {""city"": ""CHENNAI-KILAMBAKKAM-KCBT"", ""landmark"": ""To&nbsp;Place&nbsp;:"", ""time"": ""TRICHY""}, {""city"": ""16/01/2026"", ""landmark"": ""Journey&nbsp;Hours&nbsp;*:"", ""time"": ""6:15""}, {""city"": ""308.00"", ""landmark"": ""Corporation&nbsp;:"", ""time"": ""SETC""}, {""city"": ""&nbsp;"", ""landmark"": ""Adult&nbsp;Fare&nbsp;**"", ""time"": ""405""}, {""city"": ""City"", ""landmark"": ""Land&nbsp;Mark&nbsp;"", ""time"": ""Dep.&nbsp;Time&nbsp;""}, {""city"": ""CHENNAI-KILAMBAKKAM-KCBT"", ""landmark"": ""CHENNAI KALAIGNAR CBT"", ""time"": ""11:00""}, {""city"": ""CHENNAI-KILAMBAKKAM-KCBT"", ""landmark"": ""GUDUVANCHERY"", ""time"": ""11:05""}, {""city"": ""CHENNAI-KILAMBAKKAM-KCBT"", ""landmark"": ""SRM UNIVERSITY"", ""time"": ""11:10""}, {""city"": ""CHENNAI-KILAMBAKKAM-KCBT"", ""landmark"": ""MARAIMALAI NAGAR BUSSTOP"", ""time"": ""11:15""}, {""city"": ""CHENNAI-KILAMBAKKAM-KCBT"", ""landmark"": ""SINGAPERUMAL KOIL"", ""time"": ""11:20""}, {""city"": ""CHENNAI-KILAMBAKKAM-KCBT"", ""landmark"": ""MAHINDRA CITY"", ""time"": ""11:40""}, {""city"": ""CHENNAI-KILAMBAKKAM-KCBT"", ""landmark"": ""CHENGALPATTU TOLL"", ""time"": ""11:50""}, {""city"": ""CHENNAI-KILAMBAKKAM-KCBT"", ""landmark"": ""CHENGALPATTU BYPASS"", ""time"": ""12:00""}, {""city"": ""CHENNAI-KILAMBAKKAM-KCBT"", ""landmark"": ""MELMARUVATHUR BUS STOP"", ""time"": ""12:30""}, {""city"": ""CHENNAI-KILAMBAKKAM-KCBT"", ""landmark"": ""TINDIVANAM"", ""time"": ""13:05""}, {""city"": ""TRICHY"", ""landmark"": ""TRICHY KKBT"", ""time"": ""17:15""}]",2026-01-13T17:54:44.239933
1115KCBTRIVV01U,,SETC,CHENNAI,TRICHY,,,7.00Hrs,34 Seats Available,Standard,Rs 313,16/01/2026,"[{""city"": ""&nbsp;"", ""landmark"": """", ""time"": ""Service&nbsp;Details""}, {""city"": ""1115KCBTRIVV01U"", ""landmark"": ""Route&nbsp;No.&nbsp;:"", ""time"": ""308AE""}, {""city"": ""CHENNAI-KILAMBAKKAM-KCBT"", ""landmark"": ""To&nbsp;Place&nbsp;:"", ""time"": ""TRICHY""}, {""city"": ""16/01/2026"", ""landmark"": ""Journey&nbsp;Hours&nbsp;*:"", ""time"": ""7:00""}, {""city"": ""311.00"", ""landmark"": ""Corporation&nbsp;:"", ""time"": ""VILLUPURAM""}, {""city"": ""&nbsp;"", ""landmark"": ""Adult&nbsp;Fare&nbsp;**"", ""time"": ""313""}, {""city"": ""City"", ""landmark"": ""Land&nbsp;Mark&nbsp;"", ""time"": ""Dep.&nbsp;Time&nbsp;""}, {""city"": ""CHENNAI-KILAMBAKKAM-KCBT"", ""landmark"": ""CHENNAI KALAIGNAR CBT"", ""time"": ""11:15""}, {""city"": ""TRICHY"", ""landmark"": ""TRICHY KKBT"", ""time"": ""18:15""}]",2026-01-13T17:54:44.239933
1115KCBTRIVV01U,,SETC,CHENNAI,TRICHY,,,7.00Hrs,34 Seats Available,Standard,Rs 313,16/01/2026,"[{""city"": ""&nbsp;"", ""landmark"": """", ""time"": ""Service&nbsp;Details""}, {""city"": ""1115KCBTRIVV01U"", ""landmark"": ""Route&nbsp;No.&nbsp;:"", ""time"": ""308AE""}, {""city"": ""CHENNAI-KILAMBAKKAM-KCBT"", ""landmark"": ""To&nbsp;Place&nbsp;:"", ""time"": ""TRICHY""}, {""city"": ""16/01/2026"", ""landmark"": ""Journey&nbsp;Hours&nbsp;*:"", ""time"": ""7:00""}, {""city"": ""311.00"", ""landmark"": ""Corporation&nbsp;:"", ""time"": ""VILLUPURAM""}, {""city"": ""&nbsp;"", ""landmark"": ""Adult&nbsp;Fare&nbsp;**"", ""time"": ""313""}, {""city"": ""City"", ""landmark"": ""Land&nbsp;Mark&nbsp;"", ""time"": ""Dep.&nbsp;Time&nbsp;""}, {""city"": ""CHENNAI-KILAMBAKKAM-KCBT"", ""landmark"": ""CHENNAI KALAIGNAR CBT"", ""time"": ""11:15""}, {""city"": ""TRICHY"", ""landmark"": ""TRICHY KKBT"", ""time"": ""18:15""}]",2026-01-13T17:54:44.239933
1140KCBTRIVV01L,,SETC,CHENNAI,TRICHY,,,7.00Hrs,45 Seats Available,Standard,Rs 269,16/01/2026,"[{""city"": ""&nbsp;"", ""landmark"": """", ""time"": ""Service&nbsp;Details""}, {""city"": ""1140KCBTRIVV01L"", ""landmark"": ""Route&nbsp;No.&nbsp;:"", ""time"": ""308AC""}, {""city"": ""CHENNAI-KILAMBAKKAM-KCBT"", ""landmark"": ""To&nbsp;Place&nbsp;:"", ""time"": ""TRICHY""}, {""city"": ""16/01/2026"", ""landmark"": ""Journey&nbsp;Hours&nbsp;*:"", ""time"": ""7:00""}, {""city"": ""311.00"", ""landmark"": ""Corporation&nbsp;:"", ""time"": ""VILLUPURAM""}, {""city"": ""&nbsp;"", ""landmark"": ""Adult&nbsp;Fare&nbsp;**"", ""time"": ""269""}, {""city"": ""City"", ""landmark"": ""Land&nbsp;Mark&nbsp;"", ""time"": ""Dep.&nbsp;Time&nbsp;""}, {""city"": ""CHENNAI-KILAMBAKKAM-KCBT"", ""landmark"": ""CHENNAI KALAIGNAR CBT"", ""time"": ""11:40""}, {""city"": ""TRICHY"", ""landmark"": ""TRICHY KKBT"", ""time"": ""18:10""}]",2026-01-13T17:54:44.239933
1140KCBTRIVV01L,,SETC,CHENNAI,TRICHY,,,7.00Hrs,45 Seats Available,Standard,Rs 269,16/01/2026,"[{""city"": ""&nbsp;"", ""landmark"": """", ""time"": ""Service&nbsp;Details""}, {""city"": ""1140KCBTRIVV01L"", ""landmark"": ""Route&nbsp;No.&nbsp;:"", ""time"": ""308AC""}, {""city"": ""CHENNAI-KILAMBAKKAM-KCBT"", ""landmark"": ""To&nbsp;Place&nbsp;:"", ""time"": ""TRICHY""}, {""city"": ""16/01/2026"", ""landmark"": ""Journey&nbsp;Hours&nbsp;*:"", ""time"": ""7:00""}, {""city"": ""311.00"", ""landmark"": ""Corporation&nbsp;:"", ""time"": ""VILLUPURAM""}, {""city"": ""&nbsp;"", ""landmark"": ""Adult&nbsp;Fare&nbsp;**"", ""time"": ""269""}, {""city"": ""City"", ""landmark"": ""Land&nbsp;Mark&nbsp;"", ""time"": ""Dep.&nbsp;Time&nbsp;""}, {""city"": ""CHENNAI-KILAMBAKKAM-KCBT"", ""landmark"": ""CHENNAI KALAIGNAR CBT"", ""time"": ""11:40""}, {""city"": ""TRICHY"", ""landmark"": ""TRICHY KKBT"", ""time"": ""18:10""}]",2026-01-13T17:54:44.239933
1145KCBTRIVV01U,,SETC,CHENNAI,TRICHY,,,7.00Hrs,34 Seats Available,Standard,Rs 313,16/01/2026,"[{""city"": ""&nbsp;"", ""landmark"": """", ""time"": ""Service&nbsp;Details""}, {""city"": ""1145KCBTRIVV01U"", ""landmark"": ""Route&nbsp;No.&nbsp;:"", ""time"": ""182B""}, {""city"": ""CHENNAI-KILAMBAKKAM-KCBT"", ""landmark"": ""To&nbsp;Place&nbsp;:"", ""time"": ""TRICHY""}, {""city"": ""16/01/2026"", ""landmark"": ""Journey&nbsp;Hours&nbsp;*:"", ""time"": ""7:00""}, {""city"": ""311.00"", ""landmark"": ""Corporation&nbsp;:"", ""time"": ""VILLUPURAM""}, {""city"": ""&nbsp;"", ""landmark"": ""Adult&nbsp;Fare&nbsp;**"", ""time"": ""313""}, {""city"": ""City"", ""landmark"": ""Land&nbsp;Mark&nbsp;"", ""time"": ""Dep.&nbsp;Time&nbsp;""}, {""city"": ""CHENNAI-KILAMBAKKAM-KCBT"", ""landmark"": ""CHENNAI KALAIGNAR CBT"", ""time"": ""11:45""}, {""city"": ""TRICHY"", ""landmark"": ""TRICHY KKBT"", ""time"": ""18:45""}]",2026-01-13T17:54:44.239933
1145KCBTRIVV01U,,SETC,CHENNAI,TRICHY,,,7.00Hrs,34 Seats Available,Standard,Rs 313,16/01/2026,"[{""city"": ""&nbsp;"", ""landmark"": """", ""time"": ""Service&nbsp;Details""}, {""city"": ""1145KCBTRIVV01U"", ""landmark"": ""Route&nbsp;No.&nbsp;:"", ""time"": ""182B""}, {""city"": ""CHENNAI-KILAMBAKKAM-KCBT"", ""landmark"": ""To&nbsp;Place&nbsp;:"", ""time"": ""TRICHY""}, {""city"": ""16/01/2026"", ""landmark"": ""Journey&nbsp;Hours&nbsp;*:"", ""time"": ""7:00""}, {""city"": ""311.00"", ""landmark"": ""Corporation&nbsp;:"", ""time"": ""VILLUPURAM""}, {""city"": ""&nbsp;"", ""landmark"": ""Adult&nbsp;Fare&nbsp;**"", ""time"": ""313""}, {""city"": ""City"", ""landmark"": ""Land&nbsp;Mark&nbsp;"", ""time"": ""Dep.&nbsp;Time&nbsp;""}, {""city"": ""CHENNAI-KILAMBAKKAM-KCBT"", ""landmark"": ""CHENNAI KALAIGNAR CBT"", ""time"": ""11:45""}, {""city"": ""TRICHY"", ""landmark"": ""TRICHY KKBT"", ""time"": ""18:45""}]",2026-01-13T17:54:44.239933
1200KCBTRIAB,,SETC,CHENNAI,TRICHY,,,6.15Hrs,37 Seats Available,Standard,Rs 405/622,16/01/2026,"[{""city"": ""&nbsp;"", ""landmark"": """", ""time"": ""Service&nbsp;Details""}, {""city"": ""1200KCBTRIAB"", ""landmark"": ""Route&nbsp;No.&nbsp;:"", ""time"": ""123AB""}, {""city"": ""CHENNAI-KILAMBAKKAM-KCBT"", ""landmark"": ""To&nbsp;Place&nbsp;:"", ""time"": ""TRICHY""}, {""city"": ""16/01/2026"", ""landmark"": ""Journey&nbsp;Hours&nbsp;*:"", ""time"": ""6:15""}, {""city"": ""308.00"", ""landmark"": ""Corporation&nbsp;:"", ""time"": ""SETC""}, {""city"": ""&nbsp;"", ""landmark"": ""Adult&nbsp;Fare&nbsp;**"", ""time"": ""405""}, {""city"": ""City"", ""landmark"": ""Land&nbsp;Mark&nbsp;"", ""time"": ""Dep.&nbsp;Time&nbsp;""}, {""city"": ""CHENNAI-KILAMBAKKAM-KCBT"", ""landmark"": ""CHENNAI KALAIGNAR CBT"", ""time"": ""12:00""}, {""city"": ""CHENNAI-KILAMBAKKAM-KCBT"", ""landmark"": ""GUDUVANCHERY"", ""time"": ""12:05""}, {""city"": ""CHENNAI-KILAMBAKKAM-KCBT"", ""landmark"": ""SRM UNIVERSITY"", ""time"": ""12:10""}, {""city"": ""CHENNAI-KILAMBAKKAM-KCBT"", ""landmark"": ""MARAIMALAI NAGAR BUSSTOP"", ""time"": ""12:15""}, {""city"": ""CHENNAI-KILAMBAKKAM-KCBT"", ""landmark"": ""SINGAPERUMAL KOIL"", ""time"": ""12:20""}, {""city"": ""CHENNAI-KILAMBAKKAM-KCBT"", ""landmark"": ""MAHINDRA CITY"", ""time"": ""12:40""}, {""city"": ""CHENNAI-KILAMBAKKAM-KCBT"", ""landmark"": ""CHENGALPATTU TOLL"", ""time"": ""12:50""}, {""city"": ""CHENNAI-KILAMBAKKAM-KCBT"", ""landmark"": ""CHENGALPATTU BYPASS"", ""time"": ""13:00""}, {""city"": ""CHENNAI-KILAMBAKKAM-KCBT"", ""landmark"": ""MELMARUVATHUR BUS STOP"", ""time"": ""13:30""}, {""city"": ""CHENNAI-KILAMBAKKAM-KCBT"", ""landmark"": ""TINDIVANAM"", ""time"": ""14:05""}, {""city"": ""TRICHY"", ""landmark"": ""TRICHY KKBT"", ""time"": ""18:15""}]",2026-01-13T17:54:44.239933
1200KCBTRIAB,,SETC,CHENNAI,TRICHY,,,6.15Hrs,37 Seats Available,Standard,Rs 405/622,16/01/2026,"[{""city"": ""&nbsp;"", ""landmark"": """", ""time"": ""Service&nbsp;Details""}, {""city"": ""1200KCBTRIAB"", ""landmark"": ""Route&nbsp;No.&nbsp;:"", ""time"": ""123AB""}, {""city"": ""CHENNAI-KILAMBAKKAM-KCBT"", ""landmark"": ""To&nbsp;Place&nbsp;:"", ""time"": ""TRICHY""}, {""city"": ""16/01/2026"", ""landmark"": ""Journey&nbsp;Hours&nbsp;*:"", ""time"": ""6:15""}, {""city"": ""308.00"", ""landmark"": ""Corporation&nbsp;:"", ""time"": ""SETC""}, {""city"": ""&nbsp;"", ""landmark"": ""Adult&nbsp;Fare&nbsp;**"", ""time"": ""405""}, {""city"": ""City"", ""landmark"": ""Land&nbsp;Mark&nbsp;"", ""time"": ""Dep.&nbsp;Time&nbsp;""}, {""city"": ""CHENNAI-KILAMBAKKAM-KCBT"", ""landmark"": ""CHENNAI KALAIGNAR CBT"", ""time"": ""12:00""}, {""city"": ""CHENNAI-KILAMBAKKAM-KCBT"", ""landmark"": ""GUDUVANCHERY"", ""time"": ""12:05""}, {""city"": ""CHENNAI-KILAMBAKKAM-KCBT"", ""landmark"": ""SRM UNIVERSITY"", ""time"": ""12:10""}, {""city"": ""CHENNAI-KILAMBAKKAM-KCBT"", ""landmark"": ""MARAIMALAI NAGAR BUSSTOP"", ""time"": ""12:15""}, {""city"": ""CHENNAI-KILAMBAKKAM-KCBT"", ""landmark"": ""SINGAPERUMAL KOIL"", ""time"": ""12:20""}, {""city"": ""CHENNAI-KILAMBAKKAM-KCBT"", ""landmark"": ""MAHINDRA CITY"", ""time"": ""12:40""}, {""city"": ""CHENNAI-KILAMBAKKAM-KCBT"", ""landmark"": ""CHENGALPATTU TOLL"", ""time"": ""12:50""}, {""city"": ""CHENNAI-KILAMBAKKAM-KCBT"", ""landmark"": ""CHENGALPATTU BYPASS"", ""time"": ""13:00""}, {""city"": ""CHENNAI-KILAMBAKKAM-KCBT"", ""landmark"": ""MELMARUVATHUR BUS STOP"", ""time"": ""13:30""}, {""city"": ""CHENNAI-KILAMBAKKAM-KCBT"", ""landmark"": ""TINDIVANAM"", ""time"": ""14:05""}, {""city"": ""TRICHY"", ""landmark"": ""TRICHY KKBT"", ""time"": ""18:15""}]",2026-01-13T17:54:44.239933
1200KCBTRIVV01L,,SETC,CHENNAI,TRICHY,,,7.00Hrs,45 Seats Available,Standard,Rs 269,16/01/2026,"[{""city"": ""&nbsp;"", ""landmark"": """", ""time"": ""Service&nbsp;Details""}, {""city"": ""1200KCBTRIVV01L"", ""landmark"": ""Route&nbsp;No.&nbsp;:"", ""time"": ""308M""}, {""city"": ""CHENNAI-KILAMBAKKAM-KCBT"", ""landmark"": ""To&nbsp;Place&nbsp;:"", ""time"": ""TRICHY""}, {""city"": ""16/01/2026"", ""landmark"": ""Journey&nbsp;Hours&nbsp;*:"", ""time"": ""7:00""}, {""city"": ""311.00"", ""landmark"": ""Corporation&nbsp;:"", ""time"": ""VILLUPURAM""}, {""city"": ""&nbsp;"", ""landmark"": ""Adult&nbsp;Fare&nbsp;**"", ""time"": ""269""}, {""city"": ""City"", ""landmark"": ""Land&nbsp;Mark&nbsp;"", ""time"": ""Dep.&nbsp;Time&nbsp;""}, {""city"": ""CHENNAI-KILAMBAKKAM-KCBT"", ""landmark"": ""CHENNAI KALAIGNAR CBT"", ""time"": ""12:00""}, {""city"": ""TRICHY"", ""landmark"": ""TRICHY KKBT"", ""time"": ""18:30""}]",2026-01-13T17:54:44.239933
1200KCBTRIVV01L,,SETC,CHENNAI,TRICHY,,,7.00Hrs,45 Seats Available,Standard,Rs 269,16/01/2026,"[{""city"": ""&nbsp;"", ""landmark"": """", ""time"": ""Service&nbsp;Details""}, {""city"": ""1200KCBTRIVV01L"", ""landmark"": ""Route&nbsp;No.&nbsp;:"", ""time"": ""308M""}, {""city"": ""CHENNAI-KILAMBAKKAM-KCBT"", ""landmark"": ""To&nbsp;Place&nbsp;:"", ""time"": ""TRICHY""}, {""city"": ""16/01/2026"", ""landmark"": ""Journey&nbsp;Hours&nbsp;*:"", ""time"": ""7:00""}, {""city"": ""311.00"", ""landmark"": ""Corporation&nbsp;:"", ""time"": ""VILLUPURAM""}, {""city"": ""&nbsp;"", ""landmark"": ""Adult&nbsp;Fare&nbsp;**"", ""time"": ""269""}, {""city"": ""City"", ""landmark"": ""Land&nbsp;Mark&nbsp;"", ""time"": ""Dep.&nbsp;Time&nbsp;""}, {""city"": ""CHENNAI-KILAMBAKKAM-KCBT"", ""landmark"": ""CHENNAI KALAIGNAR CBT"", ""time"": ""12:00""}, {""city"": ""TRICHY"", ""landmark"": ""TRICHY KKBT"", ""time"": ""18:30""}]",2026-01-13T17:54:44.239933
1245KCBTRIVV01L,,SETC,CHENNAI,TRICHY,,,7.00Hrs,45 Seats Available,Standard,Rs 269,16/01/2026,"[{""city"": ""&nbsp;"", ""landmark"": """", ""time"": ""Service&nbsp;Details""}, {""city"": ""1245KCBTRIVV01L"", ""landmark"": ""Route&nbsp;No.&nbsp;:"", ""time"": ""308S""}, {""city"": ""CHENNAI-KILAMBAKKAM-KCBT"", ""landmark"": ""To&nbsp;Place&nbsp;:"", ""time"": ""TRICHY""}, {""city"": ""16/01/2026"", ""landmark"": ""Journey&nbsp;Hours&nbsp;*:"", ""time"": ""7:00""}, {""city"": ""311.00"", ""landmark"": ""Corporation&nbsp;:"", ""time"": ""VILLUPURAM""}, {""city"": ""&nbsp;"", ""landmark"": ""Adult&nbsp;Fare&nbsp;**"", ""time"": ""269""}, {""city"": ""City"", ""landmark"": ""Land&nbsp;Mark&nbsp;"", ""time"": ""Dep.&nbsp;Time&nbsp;""}, {""city"": ""CHENNAI-KILAMBAKKAM-KCBT"", ""landmark"": ""CHENNAI KALAIGNAR CBT"", ""time"": ""12:45""}, {""city"": ""TRICHY"", ""landmark"": ""TRICHY KKBT"", ""time"": ""19:15""}]",2026-01-13T17:54:44.239933
1245KCBTRIVV01L,,SETC,CHENNAI,TRICHY,,,7.00Hrs,45 Seats Available,Standard,Rs 269,16/01/2026,"[{""city"": ""&nbsp;"", ""landmark"": """", ""time"": ""Service&nbsp;Details""}, {""city"": ""1245KCBTRIVV01L"", ""landmark"": ""Route&nbsp;No.&nbsp;:"", ""time"": ""308S""}, {""city"": ""CHENNAI-KILAMBAKKAM-KCBT"", ""landmark"": ""To&nbsp;Place&nbsp;:"", ""time"": ""TRICHY""}, {""city"": ""16/01/2026"", ""landmark"": ""Journey&nbsp;Hours&nbsp;*:"", ""time"": ""7:00""}, {""city"": ""311.00"", ""landmark"": ""Corporation&nbsp;:"", ""time"": ""VILLUPURAM""}, {""city"": ""&nbsp;"", ""landmark"": ""Adult&nbsp;Fare&nbsp;**"", ""time"": ""269""}, {""city"": ""City"", ""landmark"": ""Land&nbsp;Mark&nbsp;"", ""time"": ""Dep.&nbsp;Time&nbsp;""}, {""city"": ""CHENNAI-KILAMBAKKAM-KCBT"", ""landmark"": ""CHENNAI KALAIGNAR CBT"", ""time"": ""12:45""}, {""city"": ""TRICHY"", ""landmark"": ""TRICHY KKBT"", ""time"": ""19:15""}]",2026-01-13T17:54:44.239933
1250KCBTRIAB,,SETC,CHENNAI,TRICHY,,,6.15Hrs,36 Seats Available,Standard,Rs 405/622,16/01/2026,"[{""city"": ""&nbsp;"", ""landmark"": """", ""time"": ""Service&nbsp;Details""}, {""city"": ""1250KCBTRIAB"", ""landmark"": ""Route&nbsp;No.&nbsp;:"", ""time"": ""123AB""}, {""city"": ""CHENNAI-KILAMBAKKAM-KCBT"", ""landmark"": ""To&nbsp;Place&nbsp;:"", ""time"": ""TRICHY""}, {""city"": ""16/01/2026"", ""landmark"": ""Journey&nbsp;Hours&nbsp;*:"", ""time"": ""6:15""}, {""city"": ""308.00"", ""landmark"": ""Corporation&nbsp;:"", ""time"": ""SETC""}, {""city"": ""&nbsp;"", ""landmark"": ""Adult&nbsp;Fare&nbsp;**"", ""time"": ""405""}, {""city"": ""City"", ""landmark"": ""Land&nbsp;Mark&nbsp;"", ""time"": ""Dep.&nbsp;Time&nbsp;""}, {""city"": ""CHENNAI-KILAMBAKKAM-KCBT"", ""landmark"": ""CHENNAI KALAIGNAR CBT"", ""time"": ""12:50""}, {""city"": ""CHENNAI-KILAMBAKKAM-KCBT"", ""landmark"": ""GUDUVANCHERY"", ""time"": ""12:55""}, {""city"": ""CHENNAI-KILAMBAKKAM-KCBT"", ""landmark"": ""SRM UNIVERSITY"", ""time"": ""13:00""}, {""city"": ""CHENNAI-KILAMBAKKAM-KCBT"", ""landmark"": ""MARAIMALAI NAGAR BUSSTOP"", ""time"": ""13:05""}, {""city"": ""CHENNAI-KILAMBAKKAM-KCBT"", ""landmark"": ""SINGAPERUMAL KOIL"", ""time"": ""13:10""}, {""city"": ""CHENNAI-KILAMBAKKAM-KCBT"", ""landmark"": ""MAHINDRA CITY"", ""time"": ""13:30""}, {""city"": ""CHENNAI-KILAMBAKKAM-KCBT"", ""landmark"": ""CHENGALPATTU TOLL"", ""time"": ""13:40""}, {""city"": ""CHENNAI-KILAMBAKKAM-KCBT"", ""landmark"": ""CHENGALPATTU BYPASS"", ""time"": ""13:50""}, {""city"": ""CHENNAI-KILAMBAKKAM-KCBT"", ""landmark"": ""MELMARUVATHUR BUS STOP"", ""time"": ""14:20""}, {""city"": ""CHENNAI-KILAMBAKKAM-KCBT"", ""landmark"": ""TINDIVANAM"", ""time"": ""14:55""}, {""city"": ""TRICHY"", ""landmark"": ""TRICHY KKBT"", ""time"": ""19:05""}]",2026-01-13T17:54:44.239933
1250KCBTRIAB,,SETC,CHENNAI,TRICHY,,,6.15Hrs,36 Seats Available,Standard,Rs 405/622,16/01/2026,"[{""city"": ""&nbsp;"", ""landmark"": """", ""time"": ""Service&nbsp;Details""}, {""city"": ""1250KCBTRIAB"", ""landmark"": ""Route&nbsp;No.&nbsp;:"", ""time"": ""123AB""}, {""city"": ""CHENNAI-KILAMBAKKAM-KCBT"", ""landmark"": ""To&nbsp;Place&nbsp;:"", ""time"": ""TRICHY""}, {""city"": ""16/01/2026"", ""landmark"": ""Journey&nbsp;Hours&nbsp;*:"", ""time"": ""6:15""}, {""city"": ""308.00"", ""landmark"": ""Corporation&nbsp;:"", ""time"": ""SETC""}, {""city"": ""&nbsp;"", ""landmark"": ""Adult&nbsp;Fare&nbsp;**"", ""time"": ""405""}, {""city"": ""City"", ""landmark"": ""Land&nbsp;Mark&nbsp;"", ""time"": ""Dep.&nbsp;Time&nbsp;""}, {""city"": ""CHENNAI-KILAMBAKKAM-KCBT"", ""landmark"": ""CHENNAI KALAIGNAR CBT"", ""time"": ""12:50""}, {""city"": ""CHENNAI-KILAMBAKKAM-KCBT"", ""landmark"": ""GUDUVANCHERY"", ""time"": ""12:55""}, {""city"": ""CHENNAI-KILAMBAKKAM-KCBT"", ""landmark"": ""SRM UNIVERSITY"", ""time"": ""13:00""}, {""city"": ""CHENNAI-KILAMBAKKAM-KCBT"", ""landmark"": ""MARAIMALAI NAGAR BUSSTOP"", ""time"": ""13:05""}, {""city"": ""CHENNAI-KILAMBAKKAM-KCBT"", ""landmark"": ""SINGAPERUMAL KOIL"", ""time"": ""13:10""}, {""city"": ""CHENNAI-KILAMBAKKAM-KCBT"", ""landmark"": ""MAHINDRA CITY"", ""time"": ""13:30""}, {""city"": ""CHENNAI-KILAMBAKKAM-KCBT"", ""landmark"": ""CHENGALPATTU TOLL"", ""time"": ""13:40""}, {""city"": ""CHENNAI-KILAMBAKKAM-KCBT"", ""landmark"": ""CHENGALPATTU BYPASS"", ""time"": ""13:50""}, {""city"": ""CHENNAI-KILAMBAKKAM-KCBT"", ""landmark"": ""MELMARUVATHUR BUS STOP"", ""time"": ""14:20""}, {""city"": ""CHENNAI-KILAMBAKKAM-KCBT"", ""landmark"": ""TINDIVANAM"", ""time"": ""14:55""}, {""city"": ""TRICHY"", ""landmark"": ""TRICHY KKBT"", ""time"": ""19:05""}]",2026-01-13T17:54:44.239933
1300KCBTRIVV01L,,SETC,CHENNAI,TRICHY,,,7.00Hrs,45 Seats Available,Standard,Rs 269,16/01/2026,"[{""city"": ""&nbsp;"", ""landmark"": """", ""time"": ""Service&nbsp;Details""}, {""city"": ""1300KCBTRIVV01L"", ""landmark"": ""Route&nbsp;No.&nbsp;:"", ""time"": ""308N""}, {""city"": ""CHENNAI-KILAMBAKKAM-KCBT"", ""landmark"": ""To&nbsp;Place&nbsp;:"", ""time"": ""TRICHY""}, {""city"": ""16/01/2026"", ""landmark"": ""Journey&nbsp;Hours&nbsp;*:"", ""time"": ""7:00""}, {""city"": ""311.00"", ""landmark"": ""Corporation&nbsp;:"", ""time"": ""VILLUPURAM""}, {""city"": ""&nbsp;"", ""landmark"": ""Adult&nbsp;Fare&nbsp;**"", ""time"": ""269""}, {""city"": ""City"", ""landmark"": ""Land&nbsp;Mark&nbsp;"", ""time"": ""Dep.&nbsp;Time&nbsp;""}, {""city"": ""CHENNAI-KILAMBAKKAM-KCBT"", ""landmark"": ""CHENNAI KALAIGNAR CBT"", ""time"": ""13:00""}, {""city"": ""TRICHY"", ""landmark"": ""TRICHY KKBT"", ""time"": ""19:30""}]",2026-01-13T17:54:44.239933
1300KCBTRIVV01L,,SETC,CHENNAI,TRICHY,,,7.00Hrs,45 Seats Available,Standard,Rs 269,16/01/2026,"[{""city"": ""&nbsp;"", ""landmark"": """", ""time"": ""Service&nbsp;Details""}, {""city"": ""1300KCBTRIVV01L"", ""landmark"": ""Route&nbsp;No.&nbsp;:"", ""time"": ""308N""}, {""city"": ""CHENNAI-KILAMBAKKAM-KCBT"", ""landmark"": ""To&nbsp;Place&nbsp;:"", ""time"": ""TRICHY""}, {""city"": ""16/01/2026"", ""landmark"": ""Journey&nbsp;Hours&nbsp;*:"", ""time"": ""7:00""}, {""city"": ""311.00"", ""landmark"": ""Corporation&nbsp;:"", ""time"": ""VILLUPURAM""}, {""city"": ""&nbsp;"", ""landmark"": ""Adult&nbsp;Fare&nbsp;**"", ""time"": ""269""}, {""city"": ""City"", ""landmark"": ""Land&nbsp;Mark&nbsp;"", ""time"": ""Dep.&nbsp;Time&nbsp;""}, {""city"": ""CHENNAI-KILAMBAKKAM-KCBT"", ""landmark"": ""CHENNAI KALAIGNAR CBT"", ""time"": ""13:00""}, {""city"": ""TRICHY"", ""landmark"": ""TRICHY KKBT"", ""time"": ""19:30""}]",2026-01-13T17:54:44.239933
1315KCBTRIVV01L,,SETC,CHENNAI,TRICHY,,,7.00Hrs,45 Seats Available,Standard,Rs 269,16/01/2026,"[{""city"": ""&nbsp;"", ""landmark"": """", ""time"": ""Service&nbsp;Details""}, {""city"": ""1315KCBTRIVV01L"", ""landmark"": ""Route&nbsp;No.&nbsp;:"", ""time"": ""308Y""}, {""city"": ""CHENNAI-KILAMBAKKAM-KCBT"", ""landmark"": ""To&nbsp;Place&nbsp;:"", ""time"": ""TRICHY""}, {""city"": ""16/01/2026"", ""landmark"": ""Journey&nbsp;Hours&nbsp;*:"", ""time"": ""7:00""}, {""city"": ""311.00"", ""landmark"": ""Corporation&nbsp;:"", ""time"": ""VILLUPURAM""}, {""city"": ""&nbsp;"", ""landmark"": ""Adult&nbsp;Fare&nbsp;**"", ""time"": ""269""}, {""city"": ""City"", ""landmark"": ""Land&nbsp;Mark&nbsp;"", ""time"": ""Dep.&nbsp;Time&nbsp;""}, {""city"": ""CHENNAI-KILAMBAKKAM-KCBT"", ""landmark"": ""CHENNAI KALAIGNAR CBT"", ""time"": ""13:15""}, {""city"": ""TRICHY"", ""landmark"": ""TRICHY KKBT"", ""time"": ""19:45""}]",2026-01-13T17:54:44.239933
1315KCBTRIVV01L,,SETC,CHENNAI,TRICHY,,,7.00Hrs,45 Seats Available,Standard,Rs 269,16/01/2026,"[{""city"": ""&nbsp;"", ""landmark"": """", ""time"": ""Service&nbsp;Details""}, {""city"": ""1315KCBTRIVV01L"", ""landmark"": ""Route&nbsp;No.&nbsp;:"", ""time"": ""308Y""}, {""city"": ""CHENNAI-KILAMBAKKAM-KCBT"", ""landmark"": ""To&nbsp;Place&nbsp;:"", ""time"": ""TRICHY""}, {""city"": ""16/01/2026"", ""landmark"": ""Journey&nbsp;Hours&nbsp;*:"", ""time"": ""7:00""}, {""city"": ""311.00"", ""landmark"": ""Corporation&nbsp;:"", ""time"": ""VILLUPURAM""}, {""city"": ""&nbsp;"", ""landmark"": ""Adult&nbsp;Fare&nbsp;**"", ""time"": ""269""}, {""city"": ""City"", ""landmark"": ""Land&nbsp;Mark&nbsp;"", ""time"": ""Dep.&nbsp;Time&nbsp;""}, {""city"": ""CHENNAI-KILAMBAKKAM-KCBT"", ""landmark"": ""CHENNAI KALAIGNAR CBT"", ""time"": ""13:15""}, {""city"": ""TRICHY"", ""landmark"": ""TRICHY KKBT"", ""time"": ""19:45""}]",2026-01-13T17:54:44.239933
1345KCBTRIVV01L,,SETC,CHENNAI,TRICHY,,,7.00Hrs,45 Seats Available,Standard,Rs 269,16/01/2026,"[{""city"": ""&nbsp;"", ""landmark"": """", ""time"": ""Service&nbsp;Details""}, {""city"": ""1345KCBTRIVV01L"", ""landmark"": ""Route&nbsp;No.&nbsp;:"", ""time"": ""308P""}, {""city"": ""CHENNAI-KILAMBAKKAM-KCBT"", ""landmark"": ""To&nbsp;Place&nbsp;:"", ""time"": ""TRICHY""}, {""city"": ""16/01/2026"", ""landmark"": ""Journey&nbsp;Hours&nbsp;*:"", ""time"": ""7:00""}, {""city"": ""311.00"", ""landmark"": ""Corporation&nbsp;:"", ""time"": ""VILLUPURAM""}, {""city"": ""&nbsp;"", ""landmark"": ""Adult&nbsp;Fare&nbsp;**"", ""time"": ""269""}, {""city"": ""City"", ""landmark"": ""Land&nbsp;Mark&nbsp;"", ""time"": ""Dep.&nbsp;Time&nbsp;""}, {""city"": ""CHENNAI-KILAMBAKKAM-KCBT"", ""landmark"": ""CHENNAI KALAIGNAR CBT"", ""time"": ""13:45""}, {""city"": ""TRICHY"", ""landmark"": ""TRICHY KKBT"", ""time"": ""20:15""}]",2026-01-13T17:54:44.239933
1345KCBTRIVV01L,,SETC,CHENNAI,TRICHY,,,7.00Hrs,45 Seats Available,Standard,Rs 269,16/01/2026,"[{""city"": ""&nbsp;"", ""landmark"": """", ""time"": ""Service&nbsp;Details""}, {""city"": ""1345KCBTRIVV01L"", ""landmark"": ""Route&nbsp;No.&nbsp;:"", ""time"": ""308P""}, {""city"": ""CHENNAI-KILAMBAKKAM-KCBT"", ""landmark"": ""To&nbsp;Place&nbsp;:"", ""time"": ""TRICHY""}, {""city"": ""16/01/2026"", ""landmark"": ""Journey&nbsp;Hours&nbsp;*:"", ""time"": ""7:00""}, {""city"": ""311.00"", ""landmark"": ""Corporation&nbsp;:"", ""time"": ""VILLUPURAM""}, {""city"": ""&nbsp;"", ""landmark"": ""Adult&nbsp;Fare&nbsp;**"", ""time"": ""269""}, {""city"": ""City"", ""landmark"": ""Land&nbsp;Mark&nbsp;"", ""time"": ""Dep.&nbsp;Time&nbsp;""}, {""city"": ""CHENNAI-KILAMBAKKAM-KCBT"", ""landmark"": ""CHENNAI KALAIGNAR CBT"", ""time"": ""13:45""}, {""city"": ""TRICHY"", ""landmark"": ""TRICHY KKBT"", ""time"": ""20:15""}]",2026-01-13T17:54:44.239933
1415KCBTRIVV01L,,SETC,CHENNAI,TRICHY,,,7.00Hrs,45 Seats Available,Standard,Rs 269,16/01/2026,"[{""city"": ""&nbsp;"", ""landmark"": """", ""time"": ""Service&nbsp;Details""}, {""city"": ""1415KCBTRIVV01L"", ""landmark"": ""Route&nbsp;No.&nbsp;:"", ""time"": ""308Z""}, {""city"": ""CHENNAI-KILAMBAKKAM-KCBT"", ""landmark"": ""To&nbsp;Place&nbsp;:"", ""time"": ""TRICHY""}, {""city"": ""16/01/2026"", ""landmark"": ""Journey&nbsp;Hours&nbsp;*:"", ""time"": ""7:00""}, {""city"": ""311.00"", ""landmark"": ""Corporation&nbsp;:"", ""time"": ""VILLUPURAM""}, {""city"": ""&nbsp;"", ""landmark"": ""Adult&nbsp;Fare&nbsp;**"", ""time"": ""269""}, {""city"": ""City"", ""landmark"": ""Land&nbsp;Mark&nbsp;"", ""time"": ""Dep.&nbsp;Time&nbsp;""}, {""city"": ""CHENNAI-KILAMBAKKAM-KCBT"", ""landmark"": ""CHENNAI KALAIGNAR CBT"", ""time"": ""14:15""}, {""city"": ""TRICHY"", ""landmark"": ""TRICHY KKBT"", ""time"": ""20:45""}]",2026-01-13T17:54:44.239933
1415KCBTRIVV01L,,SETC,CHENNAI,TRICHY,,,7.00Hrs,45 Seats Available,Standard,Rs 269,16/01/2026,"[{""city"": ""&nbsp;"", ""landmark"": """", ""time"": ""Service&nbsp;Details""}, {""city"": ""1415KCBTRIVV01L"", ""landmark"": ""Route&nbsp;No.&nbsp;:"", ""time"": ""308Z""}, {""city"": ""CHENNAI-KILAMBAKKAM-KCBT"", ""landmark"": ""To&nbsp;Place&nbsp;:"", ""time"": ""TRICHY""}, {""city"": ""16/01/2026"", ""landmark"": ""Journey&nbsp;Hours&nbsp;*:"", ""time"": ""7:00""}, {""city"": ""311.00"", ""landmark"": ""Corporation&nbsp;:"", ""time"": ""VILLUPURAM""}, {""city"": ""&nbsp;"", ""landmark"": ""Adult&nbsp;Fare&nbsp;**"", ""time"": ""269""}, {""city"": ""City"", ""landmark"": ""Land&nbsp;Mark&nbsp;"", ""time"": ""Dep.&nbsp;Time&nbsp;""}, {""city"": ""CHENNAI-KILAMBAKKAM-KCBT"", ""landmark"": ""CHENNAI KALAIGNAR CBT"", ""time"": ""14:15""}, {""city"": ""TRICHY"", ""landmark"": ""TRICHY KKBT"", ""time"": ""20:45""}]",2026-01-13T17:54:44.239933
1430KCBTRIVV01L,,SETC,CHENNAI,TRICHY,,,7.00Hrs,45 Seats Available,Standard,Rs 269,16/01/2026,"[{""city"": ""&nbsp;"", ""landmark"": """", ""time"": ""Service&nbsp;Details""}, {""city"": ""1430KCBTRIVV01L"", ""landmark"": ""Route&nbsp;No.&nbsp;:"", ""time"": ""308H""}, {""city"": ""CHENNAI-KILAMBAKKAM-KCBT"", ""landmark"": ""To&nbsp;Place&nbsp;:"", ""time"": ""TRICHY""}, {""city"": ""16/01/2026"", ""landmark"": ""Journey&nbsp;Hours&nbsp;*:"", ""time"": ""7:00""}, {""city"": ""311.00"", ""landmark"": ""Corporation&nbsp;:"", ""time"": ""VILLUPURAM""}, {""city"": ""&nbsp;"", ""landmark"": ""Adult&nbsp;Fare&nbsp;**"", ""time"": ""269""}, {""city"": ""City"", ""landmark"": ""Land&nbsp;Mark&nbsp;"", ""time"": ""Dep.&nbsp;Time&nbsp;""}, {""city"": ""CHENNAI-KILAMBAKKAM-KCBT"", ""landmark"": ""CHENNAI KALAIGNAR CBT"", ""time"": ""14:30""}, {""city"": ""TRICHY"", ""landmark"": ""TRICHY KKBT"", ""time"": ""21:00""}]",2026-01-13T17:54:44.239933
1430KCBTRIVV01L,,SETC,CHENNAI,TRICHY,,,7.00Hrs,45 Seats Available,Standard,Rs 269,16/01/2026,"[{""city"": ""&nbsp;"", ""landmark"": """", ""time"": ""Service&nbsp;Details""}, {""city"": ""1430KCBTRIVV01L"", ""landmark"": ""Route&nbsp;No.&nbsp;:"", ""time"": ""308H""}, {""city"": ""CHENNAI-KILAMBAKKAM-KCBT"", ""landmark"": ""To&nbsp;Place&nbsp;:"", ""time"": ""TRICHY""}, {""city"": ""16/01/2026"", ""landmark"": ""Journey&nbsp;Hours&nbsp;*:"", ""time"": ""7:00""}, {""city"": ""311.00"", ""landmark"": ""Corporation&nbsp;:"", ""time"": ""VILLUPURAM""}, {""city"": ""&nbsp;"", ""landmark"": ""Adult&nbsp;Fare&nbsp;**"", ""time"": ""269""}, {""city"": ""City"", ""landmark"": ""Land&nbsp;Mark&nbsp;"", ""time"": ""Dep.&nbsp;Time&nbsp;""}, {""city"": ""CHENNAI-KILAMBAKKAM-KCBT"", ""landmark"": ""CHENNAI KALAIGNAR CBT"", ""time"": ""14:30""}, {""city"": ""TRICHY"", ""landmark"": ""TRICHY KKBT"", ""time"": ""21:00""}]",2026-01-13T17:54:44.239933
1450KCBTRIVV01L,,SETC,CHENNAI,TRICHY,,,7.00Hrs,45 Seats Available,Standard,Rs 269,16/01/2026,"[{""city"": ""&nbsp;"", ""landmark"": """", ""time"": ""Service&nbsp;Details""}, {""city"": ""1450KCBTRIVV01L"", ""landmark"": ""Route&nbsp;No.&nbsp;:"", ""time"": ""308R""}, {""city"": ""CHENNAI-KILAMBAKKAM-KCBT"", ""landmark"": ""To&nbsp;Place&nbsp;:"", ""time"": ""TRICHY""}, {""city"": ""16/01/2026"", ""landmark"": ""Journey&nbsp;Hours&nbsp;*:"", ""time"": ""7:00""}, {""city"": ""311.00"", ""landmark"": ""Corporation&nbsp;:"", ""time"": ""VILLUPURAM""}, {""city"": ""&nbsp;"", ""landmark"": ""Adult&nbsp;Fare&nbsp;**"", ""time"": ""269""}, {""city"": ""City"", ""landmark"": ""Land&nbsp;Mark&nbsp;"", ""time"": ""Dep.&nbsp;Time&nbsp;""}, {""city"": ""CHENNAI-KILAMBAKKAM-KCBT"", ""landmark"": ""CHENNAI KALAIGNAR CBT"", ""time"": ""14:50""}, {""city"": ""TRICHY"", ""landmark"": ""TRICHY KKBT"", ""time"": ""21:20""}]",2026-01-13T17:54:44.239933
1450KCBTRIVV01L,,SETC,CHENNAI,TRICHY,,,7.00Hrs,45 Seats Available,Standard,Rs 269,16/01/2026,"[{""city"": ""&nbsp;"", ""landmark"": """", ""time"": ""Service&nbsp;Details""}, {""city"": ""1450KCBTRIVV01L"", ""landmark"": ""Route&nbsp;No.&nbsp;:"", ""time"": ""308R""}, {""city"": ""CHENNAI-KILAMBAKKAM-KCBT"", ""landmark"": ""To&nbsp;Place&nbsp;:"", ""time"": ""TRICHY""}, {""city"": ""16/01/2026"", ""landmark"": ""Journey&nbsp;Hours&nbsp;*:"", ""time"": ""7:00""}, {""city"": ""311.00"", ""landmark"": ""Corporation&nbsp;:"", ""time"": ""VILLUPURAM""}, {""city"": ""&nbsp;"", ""landmark"": ""Adult&nbsp;Fare&nbsp;**"", ""time"": ""269""}, {""city"": ""City"", ""landmark"": ""Land&nbsp;Mark&nbsp;"", ""time"": ""Dep.&nbsp;Time&nbsp;""}, {""city"": ""CHENNAI-KILAMBAKKAM-KCBT"", ""landmark"": ""CHENNAI KALAIGNAR CBT"", ""time"": ""14:50""}, {""city"": ""TRICHY"", ""landmark"": ""TRICHY KKBT"", ""time"": ""21:20""}]",2026-01-13T17:54:44.239933
1500KCBTRIKK02L,,SETC,CHENNAI,TRICHY,,,7.00Hrs,45 Seats Available,Standard,Rs 269,16/01/2026,"[{""city"": ""&nbsp;"", ""landmark"": """", ""time"": ""Service&nbsp;Details""}, {""city"": ""1500KCBTRIKK02L"", ""landmark"": ""Route&nbsp;No.&nbsp;:"", ""time"": ""501AB""}, {""city"": ""CHENNAI-KILAMBAKKAM-KCBT"", ""landmark"": ""To&nbsp;Place&nbsp;:"", ""time"": ""TRICHY""}, {""city"": ""16/01/2026"", ""landmark"": ""Journey&nbsp;Hours&nbsp;*:"", ""time"": ""7:00""}, {""city"": ""311.00"", ""landmark"": ""Corporation&nbsp;:"", ""time"": ""KUMBAKONAM""}, {""city"": ""&nbsp;"", ""landmark"": ""Adult&nbsp;Fare&nbsp;**"", ""time"": ""269""}, {""city"": ""City"", ""landmark"": ""Land&nbsp;Mark&nbsp;"", ""time"": ""Dep.&nbsp;Time&nbsp;""}, {""city"": ""CHENNAI-KILAMBAKKAM-KCBT"", ""landmark"": ""CHENNAI KALAIGNAR CBT"", ""time"": ""15:00""}, {""city"": ""TRICHY"", ""landmark"": ""TRICHY KKBT"", ""time"": ""22:00""}]",2026-01-13T17:54:44.239933
1500KCBTRIKK02L,,SETC,CHENNAI,TRICHY,,,7.00Hrs,45 Seats Available,Standard,Rs 269,16/01/2026,"[{""city"": ""&nbsp;"", ""landmark"": """", ""time"": ""Service&nbsp;Details""}, {""city"": ""1500KCBTRIKK02L"", ""landmark"": ""Route&nbsp;No.&nbsp;:"", ""time"": ""501AB""}, {""city"": ""CHENNAI-KILAMBAKKAM-KCBT"", ""landmark"": ""To&nbsp;Place&nbsp;:"", ""time"": ""TRICHY""}, {""city"": ""16/01/2026"", ""landmark"": ""Journey&nbsp;Hours&nbsp;*:"", ""time"": ""7:00""}, {""city"": ""311.00"", ""landmark"": ""Corporation&nbsp;:"", ""time"": ""KUMBAKONAM""}, {""city"": ""&nbsp;"", ""landmark"": ""Adult&nbsp;Fare&nbsp;**"", ""time"": ""269""}, {""city"": ""City"", ""landmark"": ""Land&nbsp;Mark&nbsp;"", ""time"": ""Dep.&nbsp;Time&nbsp;""}, {""city"": ""CHENNAI-KILAMBAKKAM-KCBT"", ""landmark"": ""CHENNAI KALAIGNAR CBT"", ""time"": ""15:00""}, {""city"": ""TRICHY"", ""landmark"": ""TRICHY KKBT"", ""time"": ""22:00""}]",2026-01-13T17:54:44.239933
1500KCBTRIAL,,SETC,CHENNAI,TRICHY,,,6.15Hrs,33 Seats Available,Standard,Rs 405/622,16/01/2026,"[{""city"": ""&nbsp;"", ""landmark"": """", ""time"": ""Service&nbsp;Details""}, {""city"": ""1500KCBTRIAL"", ""landmark"": ""Route&nbsp;No.&nbsp;:"", ""time"": ""123AL""}, {""city"": ""CHENNAI-KILAMBAKKAM-KCBT"", ""landmark"": ""To&nbsp;Place&nbsp;:"", ""time"": ""TRICHY""}, {""city"": ""16/01/2026"", ""landmark"": ""Journey&nbsp;Hours&nbsp;*:"", ""time"": ""6:15""}, {""city"": ""314.00"", ""landmark"": ""Corporation&nbsp;:"", ""time"": ""SETC""}, {""city"": ""&nbsp;"", ""landmark"": ""Adult&nbsp;Fare&nbsp;**"", ""time"": ""405""}, {""city"": ""City"", ""landmark"": ""Land&nbsp;Mark&nbsp;"", ""time"": ""Dep.&nbsp;Time&nbsp;""}, {""city"": ""CHENNAI-KILAMBAKKAM-KCBT"", ""landmark"": ""CHENNAI KALAIGNAR CBT"", ""time"": ""15:00""}, {""city"": ""CHENNAI-KILAMBAKKAM-KCBT"", ""landmark"": ""GUDUVANCHERY"", ""time"": ""15:05""}, {""city"": ""CHENNAI-KILAMBAKKAM-KCBT"", ""landmark"": ""SRM UNIVERSITY"", ""time"": ""15:10""}, {""city"": ""CHENNAI-KILAMBAKKAM-KCBT"", ""landmark"": ""MARAIMALAI NAGAR BUSSTOP"", ""time"": ""15:15""}, {""city"": ""CHENNAI-KILAMBAKKAM-KCBT"", ""landmark"": ""SINGAPERUMAL KOIL"", ""time"": ""15:20""}, {""city"": ""CHENNAI-KILAMBAKKAM-KCBT"", ""landmark"": ""MAHINDRA CITY"", ""time"": ""15:40""}, {""city"": ""CHENNAI-KILAMBAKKAM-KCBT"", ""landmark"": ""CHENGALPATTU TOLL"", ""time"": ""15:50""}, {""city"": ""CHENNAI-KILAMBAKKAM-KCBT"", ""landmark"": ""CHENGALPATTU BYPASS"", ""time"": ""16:00""}, {""city"": ""CHENNAI-KILAMBAKKAM-KCBT"", ""landmark"": ""MELMARUVATHUR BUS STOP"", ""time"": ""16:30""}, {""city"": ""CHENNAI-KILAMBAKKAM-KCBT"", ""landmark"": ""TINDIVANAM"", ""time"": ""17:05""}, {""city"": ""TRICHY"", ""landmark"": ""TRICHY KKBT"", ""time"": ""21:15""}]",2026-01-13T17:54:44.239933
1500KCBTRIAL,,SETC,CHENNAI,TRICHY,,,6.15Hrs,33 Seats Available,Standard,Rs 405/622,16/01/2026,"[{""city"": ""&nbsp;"", ""landmark"": """", ""time"": ""Service&nbsp;Details""}, {""city"": ""1500KCBTRIAL"", ""landmark"": ""Route&nbsp;No.&nbsp;:"", ""time"": ""123AL""}, {""city"": ""CHENNAI-KILAMBAKKAM-KCBT"", ""landmark"": ""To&nbsp;Place&nbsp;:"", ""time"": ""TRICHY""}, {""city"": ""16/01/2026"", ""landmark"": ""Journey&nbsp;Hours&nbsp;*:"", ""time"": ""6:15""}, {""city"": ""314.00"", ""landmark"": ""Corporation&nbsp;:"", ""time"": ""SETC""}, {""city"": ""&nbsp;"", ""landmark"": ""Adult&nbsp;Fare&nbsp;**"", ""time"": ""405""}, {""city"": ""City"", ""landmark"": ""Land&nbsp;Mark&nbsp;"", ""time"": ""Dep.&nbsp;Time&nbsp;""}, {""city"": ""CHENNAI-KILAMBAKKAM-KCBT"", ""landmark"": ""CHENNAI KALAIGNAR CBT"", ""time"": ""15:00""}, {""city"": ""CHENNAI-KILAMBAKKAM-KCBT"", ""landmark"": ""GUDUVANCHERY"", ""time"": ""15:05""}, {""city"": ""CHENNAI-KILAMBAKKAM-KCBT"", ""landmark"": ""SRM UNIVERSITY"", ""time"": ""15:10""}, {""city"": ""CHENNAI-KILAMBAKKAM-KCBT"", ""landmark"": ""MARAIMALAI NAGAR BUSSTOP"", ""time"": ""15:15""}, {""city"": ""CHENNAI-KILAMBAKKAM-KCBT"", ""landmark"": ""SINGAPERUMAL KOIL"", ""time"": ""15:20""}, {""city"": ""CHENNAI-KILAMBAKKAM-KCBT"", ""landmark"": ""MAHINDRA CITY"", ""time"": ""15:40""}, {""city"": ""CHENNAI-KILAMBAKKAM-KCBT"", ""landmark"": ""CHENGALPATTU TOLL"", ""time"": ""15:50""}, {""city"": ""CHENNAI-KILAMBAKKAM-KCBT"", ""landmark"": ""CHENGALPATTU BYPASS"", ""time"": ""16:00""}, {""city"": ""CHENNAI-KILAMBAKKAM-KCBT"", ""landmark"": ""MELMARUVATHUR BUS STOP"", ""time"": ""16:30""}, {""city"": ""CHENNAI-KILAMBAKKAM-KCBT"", ""landmark"": ""TINDIVANAM"", ""time"": ""17:05""}, {""city"": ""TRICHY"", ""landmark"": ""TRICHY KKBT"", ""time"": ""21:15""}]",2026-01-13T17:54:44.239933
1510KCBTRIVV01U,,SETC,CHENNAI,TRICHY,,,7.00Hrs,34 Seats Available,Standard,Rs 313,16/01/2026,"[{""city"": ""&nbsp;"", ""landmark"": """", ""time"": ""Service&nbsp;Details""}, {""city"": ""1510KCBTRIVV01U"", ""landmark"": ""Route&nbsp;No.&nbsp;:"", ""time"": ""308AD""}, {""city"": ""CHENNAI-KILAMBAKKAM-KCBT"", ""landmark"": ""To&nbsp;Place&nbsp;:"", ""time"": ""TRICHY""}, {""city"": ""16/01/2026"", ""landmark"": ""Journey&nbsp;Hours&nbsp;*:"", ""time"": ""7:00""}, {""city"": ""311.00"", ""landmark"": ""Corporation&nbsp;:"", ""time"": ""VILLUPURAM""}, {""city"": ""&nbsp;"", ""landmark"": ""Adult&nbsp;Fare&nbsp;**"", ""time"": ""313""}, {""city"": ""City"", ""landmark"": ""Land&nbsp;Mark&nbsp;"", ""time"": ""Dep.&nbsp;Time&nbsp;""}, {""city"": ""CHENNAI-KILAMBAKKAM-KCBT"", ""landmark"": ""CHENNAI KALAIGNAR CBT"", ""time"": ""15:10""}, {""city"": ""TRICHY"", ""landmark"": ""TRICHY KKBT"", ""time"": ""22:10""}]",2026-01-13T17:54:44.239933
1510KCBTRIVV01U,,SETC,CHENNAI,TRICHY,,,7.00Hrs,34 Seats Available,Standard,Rs 313,16/01/2026,"[{""city"": ""&nbsp;"", ""landmark"": """", ""time"": ""Service&nbsp;Details""}, {""city"": ""1510KCBTRIVV01U"", ""landmark"": ""Route&nbsp;No.&nbsp;:"", ""time"": ""308AD""}, {""city"": ""CHENNAI-KILAMBAKKAM-KCBT"", ""landmark"": ""To&nbsp;Place&nbsp;:"", ""time"": ""TRICHY""}, {""city"": ""16/01/2026"", ""landmark"": ""Journey&nbsp;Hours&nbsp;*:"", ""time"": ""7:00""}, {""city"": ""311.00"", ""landmark"": ""Corporation&nbsp;:"", ""time"": ""VILLUPURAM""}, {""city"": ""&nbsp;"", ""landmark"": ""Adult&nbsp;Fare&nbsp;**"", ""time"": ""313""}, {""city"": ""City"", ""landmark"": ""Land&nbsp;Mark&nbsp;"", ""time"": ""Dep.&nbsp;Time&nbsp;""}, {""city"": ""CHENNAI-KILAMBAKKAM-KCBT"", ""landmark"": ""CHENNAI KALAIGNAR CBT"", ""time"": ""15:10""}, {""city"": ""TRICHY"", ""landmark"": ""TRICHY KKBT"", ""time"": ""22:10""}]",2026-01-13T17:54:44.239933
1515KCBTRIVV01L,,SETC,CHENNAI,TRICHY,,,7.00Hrs,45 Seats Available,Standard,Rs 269,16/01/2026,"[{""city"": ""&nbsp;"", ""landmark"": """", ""time"": ""Service&nbsp;Details""}, {""city"": ""1515KCBTRIVV01L"", ""landmark"": ""Route&nbsp;No.&nbsp;:"", ""time"": ""308G""}, {""city"": ""CHENNAI-KILAMBAKKAM-KCBT"", ""landmark"": ""To&nbsp;Place&nbsp;:"", ""time"": ""TRICHY""}, {""city"": ""16/01/2026"", ""landmark"": ""Journey&nbsp;Hours&nbsp;*:"", ""time"": ""7:00""}, {""city"": ""311.00"", ""landmark"": ""Corporation&nbsp;:"", ""time"": ""VILLUPURAM""}, {""city"": ""&nbsp;"", ""landmark"": ""Adult&nbsp;Fare&nbsp;**"", ""time"": ""269""}, {""city"": ""City"", ""landmark"": ""Land&nbsp;Mark&nbsp;"", ""time"": ""Dep.&nbsp;Time&nbsp;""}, {""city"": ""CHENNAI-KILAMBAKKAM-KCBT"", ""landmark"": ""CHENNAI KALAIGNAR CBT"", ""time"": ""15:15""}, {""city"": ""TRICHY"", ""landmark"": ""TRICHY KKBT"", ""time"": ""21:45""}]",2026-01-13T17:54:44.239933
1515KCBTRIVV01L,,SETC,CHENNAI,TRICHY,,,7.00Hrs,45 Seats Available,Standard,Rs 269,16/01/2026,"[{""city"": ""&nbsp;"", ""landmark"": """", ""time"": ""Service&nbsp;Details""}, {""city"": ""1515KCBTRIVV01L"", ""landmark"": ""Route&nbsp;No.&nbsp;:"", ""time"": ""308G""}, {""city"": ""CHENNAI-KILAMBAKKAM-KCBT"", ""landmark"": ""To&nbsp;Place&nbsp;:"", ""time"": ""TRICHY""}, {""city"": ""16/01/2026"", ""landmark"": ""Journey&nbsp;Hours&nbsp;*:"", ""time"": ""7:00""}, {""city"": ""311.00"", ""landmark"": ""Corporation&nbsp;:"", ""time"": ""VILLUPURAM""}, {""city"": ""&nbsp;"", ""landmark"": ""Adult&nbsp;Fare&nbsp;**"", ""time"": ""269""}, {""city"": ""City"", ""landmark"": ""Land&nbsp;Mark&nbsp;"", ""time"": ""Dep.&nbsp;Time&nbsp;""}, {""city"": ""CHENNAI-KILAMBAKKAM-KCBT"", ""landmark"": ""CHENNAI KALAIGNAR CBT"", ""time"": ""15:15""}, {""city"": ""TRICHY"", ""landmark"": ""TRICHY KKBT"", ""time"": ""21:45""}]",2026-01-13T17:54:44.239933
1545KCBTRIVV01L,,SETC,CHENNAI,TRICHY,,,7.00Hrs,45 Seats Available,Standard,Rs 269,16/01/2026,"[{""city"": ""&nbsp;"", ""landmark"": """", ""time"": ""Service&nbsp;Details""}, {""city"": ""1545KCBTRIVV01L"", ""landmark"": ""Route&nbsp;No.&nbsp;:"", ""time"": ""308I""}, {""city"": ""CHENNAI-KILAMBAKKAM-KCBT"", ""landmark"": ""To&nbsp;Place&nbsp;:"", ""time"": ""TRICHY""}, {""city"": ""16/01/2026"", ""landmark"": ""Journey&nbsp;Hours&nbsp;*:"", ""time"": ""7:00""}, {""city"": ""311.00"", ""landmark"": ""Corporation&nbsp;:"", ""time"": ""VILLUPURAM""}, {""city"": ""&nbsp;"", ""landmark"": ""Adult&nbsp;Fare&nbsp;**"", ""time"": ""269""}, {""city"": ""City"", ""landmark"": ""Land&nbsp;Mark&nbsp;"", ""time"": ""Dep.&nbsp;Time&nbsp;""}, {""city"": ""CHENNAI-KILAMBAKKAM-KCBT"", ""landmark"": ""CHENNAI KALAIGNAR CBT"", ""time"": ""15:45""}, {""city"": ""TRICHY"", ""landmark"": ""TRICHY KKBT"", ""time"": ""22:15""}]",2026-01-13T17:54:44.239933
1545KCBTRIVV01L,,SETC,CHENNAI,TRICHY,,,7.00Hrs,45 Seats Available,Standard,Rs 269,16/01/2026,"[{""city"": ""&nbsp;"", ""landmark"": """", ""time"": ""Service&nbsp;Details""}, {""city"": ""1545KCBTRIVV01L"", ""landmark"": ""Route&nbsp;No.&nbsp;:"", ""time"": ""308I""}, {""city"": ""CHENNAI-KILAMBAKKAM-KCBT"", ""landmark"": ""To&nbsp;Place&nbsp;:"", ""time"": ""TRICHY""}, {""city"": ""16/01/2026"", ""landmark"": ""Journey&nbsp;Hours&nbsp;*:"", ""time"": ""7:00""}, {""city"": ""311.00"", ""landmark"": ""Corporation&nbsp;:"", ""time"": ""VILLUPURAM""}, {""city"": ""&nbsp;"", ""landmark"": ""Adult&nbsp;Fare&nbsp;**"", ""time"": ""269""}, {""city"": ""City"", ""landmark"": ""Land&nbsp;Mark&nbsp;"", ""time"": ""Dep.&nbsp;Time&nbsp;""}, {""city"": ""CHENNAI-KILAMBAKKAM-KCBT"", ""landmark"": ""CHENNAI KALAIGNAR CBT"", ""time"": ""15:45""}, {""city"": ""TRICHY"", ""landmark"": ""TRICHY KKBT"", ""time"": ""22:15""}]",2026-01-13T17:54:44.239933
1600KCBTRIVV01L,,SETC,CHENNAI,TRICHY,,,7.00Hrs,45 Seats Available,Standard,Rs 269,16/01/2026,"[{""city"": ""&nbsp;"", ""landmark"": """", ""time"": ""Service&nbsp;Details""}, {""city"": ""1600KCBTRIVV01L"", ""landmark"": ""Route&nbsp;No.&nbsp;:"", ""time"": ""308AA""}, {""city"": ""CHENNAI-KILAMBAKKAM-KCBT"", ""landmark"": ""To&nbsp;Place&nbsp;:"", ""time"": ""TRICHY""}, {""city"": ""16/01/2026"", ""landmark"": ""Journey&nbsp;Hours&nbsp;*:"", ""time"": ""7:00""}, {""city"": ""311.00"", ""landmark"": ""Corporation&nbsp;:"", ""time"": ""VILLUPURAM""}, {""city"": ""&nbsp;"", ""landmark"": ""Adult&nbsp;Fare&nbsp;**"", ""time"": ""269""}, {""city"": ""City"", ""landmark"": ""Land&nbsp;Mark&nbsp;"", ""time"": ""Dep.&nbsp;Time&nbsp;""}, {""city"": ""CHENNAI-KILAMBAKKAM-KCBT"", ""landmark"": ""CHENNAI KALAIGNAR CBT"", ""time"": ""16:00""}, {""city"": ""TRICHY"", ""landmark"": ""TRICHY KKBT"", ""time"": ""22:30""}]",2026-01-13T17:54:44.239933
1600KCBTRIVV01L,,SETC,CHENNAI,TRICHY,,,7.00Hrs,45 Seats Available,Standard,Rs 269,16/01/2026,"[{""city"": ""&nbsp;"", ""landmark"": """", ""time"": ""Service&nbsp;Details""}, {""city"": ""1600KCBTRIVV01L"", ""landmark"": ""Route&nbsp;No.&nbsp;:"", ""time"": ""308AA""}, {""city"": ""CHENNAI-KILAMBAKKAM-KCBT"", ""landmark"": ""To&nbsp;Place&nbsp;:"", ""time"": ""TRICHY""}, {""city"": ""16/01/2026"", ""landmark"": ""Journey&nbsp;Hours&nbsp;*:"", ""time"": ""7:00""}, {""city"": ""311.00"", ""landmark"": ""Corporation&nbsp;:"", ""time"": ""VILLUPURAM""}, {""city"": ""&nbsp;"", ""landmark"": ""Adult&nbsp;Fare&nbsp;**"", ""time"": ""269""}, {""city"": ""City"", ""landmark"": ""Land&nbsp;Mark&nbsp;"", ""time"": ""Dep.&nbsp;Time&nbsp;""}, {""city"": ""CHENNAI-KILAMBAKKAM-KCBT"", ""landmark"": ""CHENNAI KALAIGNAR CBT"", ""time"": ""16:00""}, {""city"": ""TRICHY"", ""landmark"": ""TRICHY KKBT"", ""time"": ""22:30""}]",2026-01-13T17:54:44.239933
1615KCBTRIVV01L,,SETC,CHENNAI,TRICHY,,,7.00Hrs,45 Seats Available,Standard,Rs 269,16/01/2026,"[{""city"": ""&nbsp;"", ""landmark"": """", ""time"": ""Service&nbsp;Details""}, {""city"": ""1615KCBTRIVV01L"", ""landmark"": ""Route&nbsp;No.&nbsp;:"", ""time"": ""308P""}, {""city"": ""CHENNAI-KILAMBAKKAM-KCBT"", ""landmark"": ""To&nbsp;Place&nbsp;:"", ""time"": ""TRICHY""}, {""city"": ""16/01/2026"", ""landmark"": ""Journey&nbsp;Hours&nbsp;*:"", ""time"": ""7:00""}, {""city"": ""311.00"", ""landmark"": ""Corporation&nbsp;:"", ""time"": ""VILLUPURAM""}, {""city"": ""&nbsp;"", ""landmark"": ""Adult&nbsp;Fare&nbsp;**"", ""time"": ""269""}, {""city"": ""City"", ""landmark"": ""Land&nbsp;Mark&nbsp;"", ""time"": ""Dep.&nbsp;Time&nbsp;""}, {""city"": ""CHENNAI-KILAMBAKKAM-KCBT"", ""landmark"": ""CHENNAI KALAIGNAR CBT"", ""time"": ""16:15""}, {""city"": ""TRICHY"", ""landmark"": ""TRICHY KKBT"", ""time"": ""22:45""}]",2026-01-13T17:54:44.239933
1615KCBTRIVV01L,,SETC,CHENNAI,TRICHY,,,7.00Hrs,45 Seats Available,Standard,Rs 269,16/01/2026,"[{""city"": ""&nbsp;"", ""landmark"": """", ""time"": ""Service&nbsp;Details""}, {""city"": ""1615KCBTRIVV01L"", ""landmark"": ""Route&nbsp;No.&nbsp;:"", ""time"": ""308P""}, {""city"": ""CHENNAI-KILAMBAKKAM-KCBT"", ""landmark"": ""To&nbsp;Place&nbsp;:"", ""time"": ""TRICHY""}, {""city"": ""16/01/2026"", ""landmark"": ""Journey&nbsp;Hours&nbsp;*:"", ""time"": ""7:00""}, {""city"": ""311.00"", ""landmark"": ""Corporation&nbsp;:"", ""time"": ""VILLUPURAM""}, {""city"": ""&nbsp;"", ""landmark"": ""Adult&nbsp;Fare&nbsp;**"", ""time"": ""269""}, {""city"": ""City"", ""landmark"": ""Land&nbsp;Mark&nbsp;"", ""time"": ""Dep.&nbsp;Time&nbsp;""}, {""city"": ""CHENNAI-KILAMBAKKAM-KCBT"", ""landmark"": ""CHENNAI KALAIGNAR CBT"", ""time"": ""16:15""}, {""city"": ""TRICHY"", ""landmark"": ""TRICHY KKBT"", ""time"": ""22:45""}]",2026-01-13T17:54:44.239933
1630KCBTRIVV01U,,SETC,CHENNAI,TRICHY,,,7.00Hrs,32 Seats Available,Standard,Rs 313,16/01/2026,"[{""city"": ""&nbsp;"", ""landmark"": """", ""time"": ""Service&nbsp;Details""}, {""city"": ""1630KCBTRIVV01U"", ""landmark"": ""Route&nbsp;No.&nbsp;:"", ""time"": ""308AG""}, {""city"": ""CHENNAI-KILAMBAKKAM-KCBT"", ""landmark"": ""To&nbsp;Place&nbsp;:"", ""time"": ""TRICHY""}, {""city"": ""16/01/2026"", ""landmark"": ""Journey&nbsp;Hours&nbsp;*:"", ""time"": ""7:00""}, {""city"": ""311.00"", ""landmark"": ""Corporation&nbsp;:"", ""time"": ""VILLUPURAM""}, {""city"": ""&nbsp;"", ""landmark"": ""Adult&nbsp;Fare&nbsp;**"", ""time"": ""313""}, {""city"": ""City"", ""landmark"": ""Land&nbsp;Mark&nbsp;"", ""time"": ""Dep.&nbsp;Time&nbsp;""}, {""city"": ""CHENNAI-KILAMBAKKAM-KCBT"", ""landmark"": ""CHENNAI KALAIGNAR CBT"", ""time"": ""16:30""}, {""city"": ""TRICHY"", ""landmark"": ""TRICHY KKBT"", ""time"": ""23:30""}]",2026-01-13T17:54:44.239933
1630KCBTRIVV01U,,SETC,CHENNAI,TRICHY,,,7.00Hrs,32 Seats Available,Standard,Rs 313,16/01/2026,"[{""city"": ""&nbsp;"", ""landmark"": """", ""time"": ""Service&nbsp;Details""}, {""city"": ""1630KCBTRIVV01U"", ""landmark"": ""Route&nbsp;No.&nbsp;:"", ""time"": ""308AG""}, {""city"": ""CHENNAI-KILAMBAKKAM-KCBT"", ""landmark"": ""To&nbsp;Place&nbsp;:"", ""time"": ""TRICHY""}, {""city"": ""16/01/2026"", ""landmark"": ""Journey&nbsp;Hours&nbsp;*:"", ""time"": ""7:00""}, {""city"": ""311.00"", ""landmark"": ""Corporation&nbsp;:"", ""time"": ""VILLUPURAM""}, {""city"": ""&nbsp;"", ""landmark"": ""Adult&nbsp;Fare&nbsp;**"", ""time"": ""313""}, {""city"": ""City"", ""landmark"": ""Land&nbsp;Mark&nbsp;"", ""time"": ""Dep.&nbsp;Time&nbsp;""}, {""city"": ""CHENNAI-KILAMBAKKAM-KCBT"", ""landmark"": ""CHENNAI KALAIGNAR CBT"", ""time"": ""16:30""}, {""city"": ""TRICHY"", ""landmark"": ""TRICHY KKBT"", ""time"": ""23:30""}]",2026-01-13T17:54:44.239933
1645KCBTRIVV01L,,SETC,CHENNAI,TRICHY,,,7.00Hrs,45 Seats Available,Standard,Rs 269,16/01/2026,"[{""city"": ""&nbsp;"", ""landmark"": """", ""time"": ""Service&nbsp;Details""}, {""city"": ""1645KCBTRIVV01L"", ""landmark"": ""Route&nbsp;No.&nbsp;:"", ""time"": ""308X""}, {""city"": ""CHENNAI-KILAMBAKKAM-KCBT"", ""landmark"": ""To&nbsp;Place&nbsp;:"", ""time"": ""TRICHY""}, {""city"": ""16/01/2026"", ""landmark"": ""Journey&nbsp;Hours&nbsp;*:"", ""time"": ""7:00""}, {""city"": ""311.00"", ""landmark"": ""Corporation&nbsp;:"", ""time"": ""VILLUPURAM""}, {""city"": ""&nbsp;"", ""landmark"": ""Adult&nbsp;Fare&nbsp;**"", ""time"": ""269""}, {""city"": ""City"", ""landmark"": ""Land&nbsp;Mark&nbsp;"", ""time"": ""Dep.&nbsp;Time&nbsp;""}, {""city"": ""CHENNAI-KILAMBAKKAM-KCBT"", ""landmark"": ""CHENNAI KALAIGNAR CBT"", ""time"": ""16:45""}, {""city"": ""TRICHY"", ""landmark"": ""TRICHY KKBT"", ""time"": ""23:15""}]",2026-01-13T17:54:44.239933
1645KCBTRIVV01L,,SETC,CHENNAI,TRICHY,,,7.00Hrs,45 Seats Available,Standard,Rs 269,16/01/2026,"[{""city"": ""&nbsp;"", ""landmark"": """", ""time"": ""Service&nbsp;Details""}, {""city"": ""1645KCBTRIVV01L"", ""landmark"": ""Route&nbsp;No.&nbsp;:"", ""time"": ""308X""}, {""city"": ""CHENNAI-KILAMBAKKAM-KCBT"", ""landmark"": ""To&nbsp;Place&nbsp;:"", ""time"": ""TRICHY""}, {""city"": ""16/01/2026"", ""landmark"": ""Journey&nbsp;Hours&nbsp;*:"", ""time"": ""7:00""}, {""city"": ""311.00"", ""landmark"": ""Corporation&nbsp;:"", ""time"": ""VILLUPURAM""}, {""city"": ""&nbsp;"", ""landmark"": ""Adult&nbsp;Fare&nbsp;**"", ""time"": ""269""}, {""city"": ""City"", ""landmark"": ""Land&nbsp;Mark&nbsp;"", ""time"": ""Dep.&nbsp;Time&nbsp;""}, {""city"": ""CHENNAI-KILAMBAKKAM-KCBT"", ""landmark"": ""CHENNAI KALAIGNAR CBT"", ""time"": ""16:45""}, {""city"": ""TRICHY"", ""landmark"": ""TRICHY KKBT"", ""time"": ""23:15""}]",2026-01-13T17:54:44.239933
1700KCBTRIVV01L,,SETC,CHENNAI,TRICHY,,,7.00Hrs,45 Seats Available,Standard,Rs 269,16/01/2026,"[{""city"": ""&nbsp;"", ""landmark"": """", ""time"": ""Service&nbsp;Details""}, {""city"": ""1700KCBTRIVV01L"", ""landmark"": ""Route&nbsp;No.&nbsp;:"", ""time"": ""182D""}, {""city"": ""CHENNAI-KILAMBAKKAM-KCBT"", ""landmark"": ""To&nbsp;Place&nbsp;:"", ""time"": ""TRICHY""}, {""city"": ""16/01/2026"", ""landmark"": ""Journey&nbsp;Hours&nbsp;*:"", ""time"": ""7:00""}, {""city"": ""311.00"", ""landmark"": ""Corporation&nbsp;:"", ""time"": ""VILLUPURAM""}, {""city"": ""&nbsp;"", ""landmark"": ""Adult&nbsp;Fare&nbsp;**"", ""time"": ""269""}, {""city"": ""City"", ""landmark"": ""Land&nbsp;Mark&nbsp;"", ""time"": ""Dep.&nbsp;Time&nbsp;""}, {""city"": ""CHENNAI-KILAMBAKKAM-KCBT"", ""landmark"": ""CHENNAI KALAIGNAR CBT"", ""time"": ""17:00""}, {""city"": ""TRICHY"", ""landmark"": ""TRICHY KKBT"", ""time"": ""23:30""}]",2026-01-13T17:54:44.239933
1700KCBTRIVV01L,,SETC,CHENNAI,TRICHY,,,7.00Hrs,45 Seats Available,Standard,Rs 269,16/01/2026,"[{""city"": ""&nbsp;"", ""landmark"": """", ""time"": ""Service&nbsp;Details""}, {""city"": ""1700KCBTRIVV01L"", ""landmark"": ""Route&nbsp;No.&nbsp;:"", ""time"": ""182D""}, {""city"": ""CHENNAI-KILAMBAKKAM-KCBT"", ""landmark"": ""To&nbsp;Place&nbsp;:"", ""time"": ""TRICHY""}, {""city"": ""16/01/2026"", ""landmark"": ""Journey&nbsp;Hours&nbsp;*:"", ""time"": ""7:00""}, {""city"": ""311.00"", ""landmark"": ""Corporation&nbsp;:"", ""time"": ""VILLUPURAM""}, {""city"": ""&nbsp;"", ""landmark"": ""Adult&nbsp;Fare&nbsp;**"", ""time"": ""269""}, {""city"": ""City"", ""landmark"": ""Land&nbsp;Mark&nbsp;"", ""time"": ""Dep.&nbsp;Time&nbsp;""}, {""city"": ""CHENNAI-KILAMBAKKAM-KCBT"", ""landmark"": ""CHENNAI KALAIGNAR CBT"", ""time"": ""17:00""}, {""city"": ""TRICHY"", ""landmark"": ""TRICHY KKBT"", ""time"": ""23:30""}]",2026-01-13T17:54:44.239933
1720KCBTRIVV04L,,SETC,CHENNAI,TRICHY,,,7.00Hrs,45 Seats Available,Standard,Rs 269,16/01/2026,"[{""city"": ""&nbsp;"", ""landmark"": """", ""time"": ""Service&nbsp;Details""}, {""city"": ""1720KCBTRIVV04L"", ""landmark"": ""Route&nbsp;No.&nbsp;:"", ""time"": ""308AF""}, {""city"": ""CHENNAI-KILAMBAKKAM-KCBT"", ""landmark"": ""To&nbsp;Place&nbsp;:"", ""time"": ""TRICHY""}, {""city"": ""16/01/2026"", ""landmark"": ""Journey&nbsp;Hours&nbsp;*:"", ""time"": ""7:00""}, {""city"": ""311.00"", ""landmark"": ""Corporation&nbsp;:"", ""time"": ""VILLUPURAM""}, {""city"": ""&nbsp;"", ""landmark"": ""Adult&nbsp;Fare&nbsp;**"", ""time"": ""269""}, {""city"": ""City"", ""landmark"": ""Land&nbsp;Mark&nbsp;"", ""time"": ""Dep.&nbsp;Time&nbsp;""}, {""city"": ""CHENNAI-KILAMBAKKAM-KCBT"", ""landmark"": ""CHENNAI KALAIGNAR CBT"", ""time"": ""17:20""}, {""city"": ""TRICHY"", ""landmark"": ""TRICHY KKBT"", ""time"": ""00:20""}]",2026-01-13T17:54:44.239933
1720KCBTRIVV04L,,SETC,CHENNAI,TRICHY,,,7.00Hrs,45 Seats Available,Standard,Rs 269,16/01/2026,"[{""city"": ""&nbsp;"", ""landmark"": """", ""time"": ""Service&nbsp;Details""}, {""city"": ""1720KCBTRIVV04L"", ""landmark"": ""Route&nbsp;No.&nbsp;:"", ""time"": ""308AF""}, {""city"": ""CHENNAI-KILAMBAKKAM-KCBT"", ""landmark"": ""To&nbsp;Place&nbsp;:"", ""time"": ""TRICHY""}, {""city"": ""16/01/2026"", ""landmark"": ""Journey&nbsp;Hours&nbsp;*:"", ""time"": ""7:00""}, {""city"": ""311.00"", ""landmark"": ""Corporation&nbsp;:"", ""time"": ""VILLUPURAM""}, {""city"": ""&nbsp;"", ""landmark"": ""Adult&nbsp;Fare&nbsp;**"", ""time"": ""269""}, {""city"": ""City"", ""landmark"": ""Land&nbsp;Mark&nbsp;"", ""time"": ""Dep.&nbsp;Time&nbsp;""}, {""city"": ""CHENNAI-KILAMBAKKAM-KCBT"", ""landmark"": ""CHENNAI KALAIGNAR CBT"", ""time"": ""17:20""}, {""city"": ""TRICHY"", ""landmark"": ""TRICHY KKBT"", ""time"": ""00:20""}]",2026-01-13T17:54:44.239933
1730KCBTRIVV01L,,SETC,CHENNAI,TRICHY,,,7.00Hrs,45 Seats Available,Standard,Rs 269,16/01/2026,"[{""city"": ""&nbsp;"", ""landmark"": """", ""time"": ""Service&nbsp;Details""}, {""city"": ""1730KCBTRIVV01L"", ""landmark"": ""Route&nbsp;No.&nbsp;:"", ""time"": ""308F""}, {""city"": ""CHENNAI-KILAMBAKKAM-KCBT"", ""landmark"": ""To&nbsp;Place&nbsp;:"", ""time"": ""TRICHY""}, {""city"": ""16/01/2026"", ""landmark"": ""Journey&nbsp;Hours&nbsp;*:"", ""time"": ""7:00""}, {""city"": ""311.00"", ""landmark"": ""Corporation&nbsp;:"", ""time"": ""VILLUPURAM""}, {""city"": ""&nbsp;"", ""landmark"": ""Adult&nbsp;Fare&nbsp;**"", ""time"": ""269""}, {""city"": ""City"", ""landmark"": ""Land&nbsp;Mark&nbsp;"", ""time"": ""Dep.&nbsp;Time&nbsp;""}, {""city"": ""CHENNAI-KILAMBAKKAM-KCBT"", ""landmark"": ""CHENNAI KALAIGNAR CBT"", ""time"": ""17:30""}, {""city"": ""TRICHY"", ""landmark"": ""TRICHY KKBT"", ""time"": ""00:00""}]",2026-01-13T17:54:44.239933
1730KCBTRIVV01L,,SETC,CHENNAI,TRICHY,,,7.00Hrs,45 Seats Available,Standard,Rs 269,16/01/2026,"[{""city"": ""&nbsp;"", ""landmark"": """", ""time"": ""Service&nbsp;Details""}, {""city"": ""1730KCBTRIVV01L"", ""landmark"": ""Route&nbsp;No.&nbsp;:"", ""time"": ""308F""}, {""city"": ""CHENNAI-KILAMBAKKAM-KCBT"", ""landmark"": ""To&nbsp;Place&nbsp;:"", ""time"": ""TRICHY""}, {""city"": ""16/01/2026"", ""landmark"": ""Journey&nbsp;Hours&nbsp;*:"", ""time"": ""7:00""}, {""city"": ""311.00"", ""landmark"": ""Corporation&nbsp;:"", ""time"": ""VILLUPURAM""}, {""city"": ""&nbsp;"", ""landmark"": ""Adult&nbsp;Fare&nbsp;**"", ""time"": ""269""}, {""city"": ""City"", ""landmark"": ""Land&nbsp;Mark&nbsp;"", ""time"": ""Dep.&nbsp;Time&nbsp;""}, {""city"": ""CHENNAI-KILAMBAKKAM-KCBT"", ""landmark"": ""CHENNAI KALAIGNAR CBT"", ""time"": ""17:30""}, {""city"": ""TRICHY"", ""landmark"": ""TRICHY KKBT"", ""time"": ""00:00""}]",2026-01-13T17:54:44.239933
1740KCBTRIVV01L,,SETC,CHENNAI,TRICHY,,,7.00Hrs,45 Seats Available,Standard,Rs 269,16/01/2026,"[{""city"": ""&nbsp;"", ""landmark"": """", ""time"": ""Service&nbsp;Details""}, {""city"": ""1740KCBTRIVV01L"", ""landmark"": ""Route&nbsp;No.&nbsp;:"", ""time"": ""182C""}, {""city"": ""CHENNAI-KILAMBAKKAM-KCBT"", ""landmark"": ""To&nbsp;Place&nbsp;:"", ""time"": ""TRICHY""}, {""city"": ""16/01/2026"", ""landmark"": ""Journey&nbsp;Hours&nbsp;*:"", ""time"": ""7:00""}, {""city"": ""311.00"", ""landmark"": ""Corporation&nbsp;:"", ""time"": ""VILLUPURAM""}, {""city"": ""&nbsp;"", ""landmark"": ""Adult&nbsp;Fare&nbsp;**"", ""time"": ""269""}, {""city"": ""City"", ""landmark"": ""Land&nbsp;Mark&nbsp;"", ""time"": ""Dep.&nbsp;Time&nbsp;""}, {""city"": ""CHENNAI-KILAMBAKKAM-KCBT"", ""landmark"": ""CHENNAI KALAIGNAR CBT"", ""time"": ""17:40""}, {""city"": ""TRICHY"", ""landmark"": ""TRICHY KKBT"", ""time"": ""00:10""}]",2026-01-13T17:54:44.239933
1740KCBTRIVV01L,,SETC,CHENNAI,TRICHY,,,7.00Hrs,45 Seats Available,Standard,Rs 269,16/01/2026,"[{""city"": ""&nbsp;"", ""landmark"": """", ""time"": ""Service&nbsp;Details""}, {""city"": ""1740KCBTRIVV01L"", ""landmark"": ""Route&nbsp;No.&nbsp;:"", ""time"": ""182C""}, {""city"": ""CHENNAI-KILAMBAKKAM-KCBT"", ""landmark"": ""To&nbsp;Place&nbsp;:"", ""time"": ""TRICHY""}, {""city"": ""16/01/2026"", ""landmark"": ""Journey&nbsp;Hours&nbsp;*:"", ""time"": ""7:00""}, {""city"": ""311.00"", ""landmark"": ""Corporation&nbsp;:"", ""time"": ""VILLUPURAM""}, {""city"": ""&nbsp;"", ""landmark"": ""Adult&nbsp;Fare&nbsp;**"", ""time"": ""269""}, {""city"": ""City"", ""landmark"": ""Land&nbsp;Mark&nbsp;"", ""time"": ""Dep.&nbsp;Time&nbsp;""}, {""city"": ""CHENNAI-KILAMBAKKAM-KCBT"", ""landmark"": ""CHENNAI KALAIGNAR CBT"", ""time"": ""17:40""}, {""city"": ""TRICHY"", ""landmark"": ""TRICHY KKBT"", ""time"": ""00:10""}]",2026-01-13T17:54:44.239933
1830KCBTRIVV01L,,SETC,CHENNAI,TRICHY,,,7.00Hrs,45 Seats Available,Standard,Rs 269,16/01/2026,"[{""city"": ""&nbsp;"", ""landmark"": """", ""time"": ""Service&nbsp;Details""}, {""city"": ""1830KCBTRIVV01L"", ""landmark"": ""Route&nbsp;No.&nbsp;:"", ""time"": ""308U""}, {""city"": ""CHENNAI-KILAMBAKKAM-KCBT"", ""landmark"": ""To&nbsp;Place&nbsp;:"", ""time"": ""TRICHY""}, {""city"": ""16/01/2026"", ""landmark"": ""Journey&nbsp;Hours&nbsp;*:"", ""time"": ""7:00""}, {""city"": ""311.00"", ""landmark"": ""Corporation&nbsp;:"", ""time"": ""VILLUPURAM""}, {""city"": ""&nbsp;"", ""landmark"": ""Adult&nbsp;Fare&nbsp;**"", ""time"": ""269""}, {""city"": ""City"", ""landmark"": ""Land&nbsp;Mark&nbsp;"", ""time"": ""Dep.&nbsp;Time&nbsp;""}, {""city"": ""CHENNAI-KILAMBAKKAM-KCBT"", ""landmark"": ""CHENNAI KALAIGNAR CBT"", ""time"": ""18:30""}, {""city"": ""TRICHY"", ""landmark"": ""TRICHY KKBT"", ""time"": ""01:00""}]",2026-01-13T17:54:44.239933
1830KCBTRIVV01L,,SETC,CHENNAI,TRICHY,,,7.00Hrs,45 Seats Available,Standard,Rs 269,16/01/2026,"[{""city"": ""&nbsp;"", ""landmark"": """", ""time"": ""Service&nbsp;Details""}, {""city"": ""1830KCBTRIVV01L"", ""landmark"": ""Route&nbsp;No.&nbsp;:"", ""time"": ""308U""}, {""city"": ""CHENNAI-KILAMBAKKAM-KCBT"", ""landmark"": ""To&nbsp;Place&nbsp;:"", ""time"": ""TRICHY""}, {""city"": ""16/01/2026"", ""landmark"": ""Journey&nbsp;Hours&nbsp;*:"", ""time"": ""7:00""}, {""city"": ""311.00"", ""landmark"": ""Corporation&nbsp;:"", ""time"": ""VILLUPURAM""}, {""city"": ""&nbsp;"", ""landmark"": ""Adult&nbsp;Fare&nbsp;**"", ""time"": ""269""}, {""city"": ""City"", ""landmark"": ""Land&nbsp;Mark&nbsp;"", ""time"": ""Dep.&nbsp;Time&nbsp;""}, {""city"": ""CHENNAI-KILAMBAKKAM-KCBT"", ""landmark"": ""CHENNAI KALAIGNAR CBT"", ""time"": ""18:30""}, {""city"": ""TRICHY"", ""landmark"": ""TRICHY KKBT"", ""time"": ""01:00""}]",2026-01-13T17:54:44.239933
1845KCBTRIKK01L,,SETC,CHENNAI,TRICHY,,,7.00Hrs,45 Seats Available,Standard,Rs 269,16/01/2026,"[{""city"": ""&nbsp;"", ""landmark"": """", ""time"": ""Service&nbsp;Details""}, {""city"": ""1845KCBTRIKK01L"", ""landmark"": ""Route&nbsp;No.&nbsp;:"", ""time"": ""501R""}, {""city"": ""CHENNAI-KILAMBAKKAM-KCBT"", ""landmark"": ""To&nbsp;Place&nbsp;:"", ""time"": ""TRICHY""}, {""city"": ""16/01/2026"", ""landmark"": ""Journey&nbsp;Hours&nbsp;*:"", ""time"": ""7:00""}, {""city"": ""311.00"", ""landmark"": ""Corporation&nbsp;:"", ""time"": ""KUMBAKONAM""}, {""city"": ""&nbsp;"", ""landmark"": ""Adult&nbsp;Fare&nbsp;**"", ""time"": ""269""}, {""city"": ""City"", ""landmark"": ""Land&nbsp;Mark&nbsp;"", ""time"": ""Dep.&nbsp;Time&nbsp;""}, {""city"": ""CHENNAI-KILAMBAKKAM-KCBT"", ""landmark"": ""CHENNAI KALAIGNAR CBT"", ""time"": ""18:45""}, {""city"": ""TRICHY"", ""landmark"": ""TRICHY KKBT"", ""time"": ""01:45""}]",2026-01-13T17:54:44.239933
1845KCBTRIKK01L,,SETC,CHENNAI,TRICHY,,,7.00Hrs,45 Seats Available,Standard,Rs 269,16/01/2026,"[{""city"": ""&nbsp;"", ""landmark"": """", ""time"": ""Service&nbsp;Details""}, {""city"": ""1845KCBTRIKK01L"", ""landmark"": ""Route&nbsp;No.&nbsp;:"", ""time"": ""501R""}, {""city"": ""CHENNAI-KILAMBAKKAM-KCBT"", ""landmark"": ""To&nbsp;Place&nbsp;:"", ""time"": ""TRICHY""}, {""city"": ""16/01/2026"", ""landmark"": ""Journey&nbsp;Hours&nbsp;*:"", ""time"": ""7:00""}, {""city"": ""311.00"", ""landmark"": ""Corporation&nbsp;:"", ""time"": ""KUMBAKONAM""}, {""city"": ""&nbsp;"", ""landmark"": ""Adult&nbsp;Fare&nbsp;**"", ""time"": ""269""}, {""city"": ""City"", ""landmark"": ""Land&nbsp;Mark&nbsp;"", ""time"": ""Dep.&nbsp;Time&nbsp;""}, {""city"": ""CHENNAI-KILAMBAKKAM-KCBT"", ""landmark"": ""CHENNAI KALAIGNAR CBT"", ""time"": ""18:45""}, {""city"": ""TRICHY"", ""landmark"": ""TRICHY KKBT"", ""time"": ""01:45""}]",2026-01-13T17:54:44.239933
1900KCBTRIKK01L,,SETC,CHENNAI,TRICHY,,,7.00Hrs,45 Seats Available,Standard,Rs 269,16/01/2026,"[{""city"": ""&nbsp;"", ""landmark"": """", ""time"": ""Service&nbsp;Details""}, {""city"": ""1900KCBTRIKK01L"", ""landmark"": ""Route&nbsp;No.&nbsp;:"", ""time"": ""506B""}, {""city"": ""CHENNAI-KILAMBAKKAM-KCBT"", ""landmark"": ""To&nbsp;Place&nbsp;:"", ""time"": ""TRICHY""}, {""city"": ""16/01/2026"", ""landmark"": ""Journey&nbsp;Hours&nbsp;*:"", ""time"": ""7:00""}, {""city"": ""311.00"", ""landmark"": ""Corporation&nbsp;:"", ""time"": ""KUMBAKONAM""}, {""city"": ""&nbsp;"", ""landmark"": ""Adult&nbsp;Fare&nbsp;**"", ""time"": ""269""}, {""city"": ""City"", ""landmark"": ""Land&nbsp;Mark&nbsp;"", ""time"": ""Dep.&nbsp;Time&nbsp;""}, {""city"": ""CHENNAI-KILAMBAKKAM-KCBT"", ""landmark"": ""CHENNAI KALAIGNAR CBT"", ""time"": ""19:00""}, {""city"": ""TRICHY"", ""landmark"": ""TRICHY KKBT"", ""time"": ""02:00""}]",2026-01-13T17:54:44.239933
1900KCBTRIKK01L,,SETC,CHENNAI,TRICHY,,,7.00Hrs,45 Seats Available,Standard,Rs 269,16/01/2026,"[{""city"": ""&nbsp;"", ""landmark"": """", ""time"": ""Service&nbsp;Details""}, {""city"": ""1900KCBTRIKK01L"", ""landmark"": ""Route&nbsp;No.&nbsp;:"", ""time"": ""506B""}, {""city"": ""CHENNAI-KILAMBAKKAM-KCBT"", ""landmark"": ""To&nbsp;Place&nbsp;:"", ""time"": ""TRICHY""}, {""city"": ""16/01/2026"", ""landmark"": ""Journey&nbsp;Hours&nbsp;*:"", ""time"": ""7:00""}, {""city"": ""311.00"", ""landmark"": ""Corporation&nbsp;:"", ""time"": ""KUMBAKONAM""}, {""city"": ""&nbsp;"", ""landmark"": ""Adult&nbsp;Fare&nbsp;**"", ""time"": ""269""}, {""city"": ""City"", ""landmark"": ""Land&nbsp;Mark&nbsp;"", ""time"": ""Dep.&nbsp;Time&nbsp;""}, {""city"": ""CHENNAI-KILAMBAKKAM-KCBT"", ""landmark"": ""CHENNAI KALAIGNAR CBT"", ""time"": ""19:00""}, {""city"": ""TRICHY"", ""landmark"": ""TRICHY KKBT"", ""time"": ""02:00""}]",2026-01-13T17:54:44.239933
1940KCBTRIKK01L,,SETC,CHENNAI,TRICHY,,,7.00Hrs,45 Seats Available,Standard,Rs 269,16/01/2026,"[{""city"": ""&nbsp;"", ""landmark"": """", ""time"": ""Service&nbsp;Details""}, {""city"": ""1940KCBTRIKK01L"", ""landmark"": ""Route&nbsp;No.&nbsp;:"", ""time"": ""510C""}, {""city"": ""CHENNAI-KILAMBAKKAM-KCBT"", ""landmark"": ""To&nbsp;Place&nbsp;:"", ""time"": ""TRICHY""}, {""city"": ""16/01/2026"", ""landmark"": ""Journey&nbsp;Hours&nbsp;*:"", ""time"": ""7:00""}, {""city"": ""311.00"", ""landmark"": ""Corporation&nbsp;:"", ""time"": ""KUMBAKONAM""}, {""city"": ""&nbsp;"", ""landmark"": ""Adult&nbsp;Fare&nbsp;**"", ""time"": ""269""}, {""city"": ""City"", ""landmark"": ""Land&nbsp;Mark&nbsp;"", ""time"": ""Dep.&nbsp;Time&nbsp;""}, {""city"": ""CHENNAI-KILAMBAKKAM-KCBT"", ""landmark"": ""CHENNAI KALAIGNAR CBT"", ""time"": ""19:40""}, {""city"": ""TRICHY"", ""landmark"": ""TRICHY KKBT"", ""time"": ""02:40""}]",2026-01-13T17:54:44.239933
1940KCBTRIKK01L,,SETC,CHENNAI,TRICHY,,,7.00Hrs,45 Seats Available,Standard,Rs 269,16/01/2026,"[{""city"": ""&nbsp;"", ""landmark"": """", ""time"": ""Service&nbsp;Details""}, {""city"": ""1940KCBTRIKK01L"", ""landmark"": ""Route&nbsp;No.&nbsp;:"", ""time"": ""510C""}, {""city"": ""CHENNAI-KILAMBAKKAM-KCBT"", ""landmark"": ""To&nbsp;Place&nbsp;:"", ""time"": ""TRICHY""}, {""city"": ""16/01/2026"", ""landmark"": ""Journey&nbsp;Hours&nbsp;*:"", ""time"": ""7:00""}, {""city"": ""311.00"", ""landmark"": ""Corporation&nbsp;:"", ""time"": ""KUMBAKONAM""}, {""city"": ""&nbsp;"", ""landmark"": ""Adult&nbsp;Fare&nbsp;**"", ""time"": ""269""}, {""city"": ""City"", ""landmark"": ""Land&nbsp;Mark&nbsp;"", ""time"": ""Dep.&nbsp;Time&nbsp;""}, {""city"": ""CHENNAI-KILAMBAKKAM-KCBT"", ""landmark"": ""CHENNAI KALAIGNAR CBT"", ""time"": ""19:40""}, {""city"": ""TRICHY"", ""landmark"": ""TRICHY KKBT"", ""time"": ""02:40""}]",2026-01-13T17:54:44.239933
2000KCBTRIKK01L,,SETC,CHENNAI,TRICHY,,,7.00Hrs,45 Seats Available,Standard,Rs 269,16/01/2026,"[{""city"": ""&nbsp;"", ""landmark"": """", ""time"": ""Service&nbsp;Details""}, {""city"": ""2000KCBTRIKK01L"", ""landmark"": ""Route&nbsp;No.&nbsp;:"", ""time"": ""501AD""}, {""city"": ""CHENNAI-KILAMBAKKAM-KCBT"", ""landmark"": ""To&nbsp;Place&nbsp;:"", ""time"": ""TRICHY""}, {""city"": ""16/01/2026"", ""landmark"": ""Journey&nbsp;Hours&nbsp;*:"", ""time"": ""7:00""}, {""city"": ""311.00"", ""landmark"": ""Corporation&nbsp;:"", ""time"": ""KUMBAKONAM""}, {""city"": ""&nbsp;"", ""landmark"": ""Adult&nbsp;Fare&nbsp;**"", ""time"": ""269""}, {""city"": ""City"", ""landmark"": ""Land&nbsp;Mark&nbsp;"", ""time"": ""Dep.&nbsp;Time&nbsp;""}, {""city"": ""CHENNAI-KILAMBAKKAM-KCBT"", ""landmark"": ""CHENNAI KALAIGNAR CBT"", ""time"": ""20:00""}, {""city"": ""TRICHY"", ""landmark"": ""TRICHY KKBT"", ""time"": ""03:00""}]",2026-01-13T17:54:44.239933
2000KCBTRIKK01L,,SETC,CHENNAI,TRICHY,,,7.00Hrs,45 Seats Available,Standard,Rs 269,16/01/2026,"[{""city"": ""&nbsp;"", ""landmark"": """", ""time"": ""Service&nbsp;Details""}, {""city"": ""2000KCBTRIKK01L"", ""landmark"": ""Route&nbsp;No.&nbsp;:"", ""time"": ""501AD""}, {""city"": ""CHENNAI-KILAMBAKKAM-KCBT"", ""landmark"": ""To&nbsp;Place&nbsp;:"", ""time"": ""TRICHY""}, {""city"": ""16/01/2026"", ""landmark"": ""Journey&nbsp;Hours&nbsp;*:"", ""time"": ""7:00""}, {""city"": ""311.00"", ""landmark"": ""Corporation&nbsp;:"", ""time"": ""KUMBAKONAM""}, {""city"": ""&nbsp;"", ""landmark"": ""Adult&nbsp;Fare&nbsp;**"", ""time"": ""269""}, {""city"": ""City"", ""landmark"": ""Land&nbsp;Mark&nbsp;"", ""time"": ""Dep.&nbsp;Time&nbsp;""}, {""city"": ""CHENNAI-KILAMBAKKAM-KCBT"", ""landmark"": ""CHENNAI KALAIGNAR CBT"", ""time"": ""20:00""}, {""city"": ""TRICHY"", ""landmark"": ""TRICHY KKBT"", ""time"": ""03:00""}]",2026-01-13T17:54:44.239933
2020KCBTRIKK01L,,SETC,CHENNAI,TRICHY,,,7.00Hrs,45 Seats Available,Standard,Rs 269,16/01/2026,"[{""city"": ""&nbsp;"", ""landmark"": """", ""time"": ""Service&nbsp;Details""}, {""city"": ""2020KCBTRIKK01L"", ""landmark"": ""Route&nbsp;No.&nbsp;:"", ""time"": ""505A""}, {""city"": ""CHENNAI-KILAMBAKKAM-KCBT"", ""landmark"": ""To&nbsp;Place&nbsp;:"", ""time"": ""TRICHY""}, {""city"": ""16/01/2026"", ""landmark"": ""Journey&nbsp;Hours&nbsp;*:"", ""time"": ""7:00""}, {""city"": ""311.00"", ""landmark"": ""Corporation&nbsp;:"", ""time"": ""KUMBAKONAM""}, {""city"": ""&nbsp;"", ""landmark"": ""Adult&nbsp;Fare&nbsp;**"", ""time"": ""269""}, {""city"": ""City"", ""landmark"": ""Land&nbsp;Mark&nbsp;"", ""time"": ""Dep.&nbsp;Time&nbsp;""}, {""city"": ""CHENNAI-KILAMBAKKAM-KCBT"", ""landmark"": ""CHENNAI KALAIGNAR CBT"", ""time"": ""20:20""}, {""city"": ""TRICHY"", ""landmark"": ""TRICHY KKBT"", ""time"": ""03:20""}]",2026-01-13T17:54:44.239933
2020KCBTRIKK01L,,SETC,CHENNAI,TRICHY,,,7.00Hrs,45 Seats Available,Standard,Rs 269,16/01/2026,"[{""city"": ""&nbsp;"", ""landmark"": """", ""time"": ""Service&nbsp;Details""}, {""city"": ""2020KCBTRIKK01L"", ""landmark"": ""Route&nbsp;No.&nbsp;:"", ""time"": ""505A""}, {""city"": ""CHENNAI-KILAMBAKKAM-KCBT"", ""landmark"": ""To&nbsp;Place&nbsp;:"", ""time"": ""TRICHY""}, {""city"": ""16/01/2026"", ""landmark"": ""Journey&nbsp;Hours&nbsp;*:"", ""time"": ""7:00""}, {""city"": ""311.00"", ""landmark"": ""Corporation&nbsp;:"", ""time"": ""KUMBAKONAM""}, {""city"": ""&nbsp;"", ""landmark"": ""Adult&nbsp;Fare&nbsp;**"", ""time"": ""269""}, {""city"": ""City"", ""landmark"": ""Land&nbsp;Mark&nbsp;"", ""time"": ""Dep.&nbsp;Time&nbsp;""}, {""city"": ""CHENNAI-KILAMBAKKAM-KCBT"", ""landmark"": ""CHENNAI KALAIGNAR CBT"", ""time"": ""20:20""}, {""city"": ""TRICHY"", ""landmark"": ""TRICHY KKBT"", ""time"": ""03:20""}]",2026-01-13T17:54:44.239933
2035KCBTRIKK01L,,SETC,CHENNAI,TRICHY,,,7.00Hrs,45 Seats Available,Standard,Rs 269,16/01/2026,"[{""city"": ""&nbsp;"", ""landmark"": """", ""time"": ""Service&nbsp;Details""}, {""city"": ""2035KCBTRIKK01L"", ""landmark"": ""Route&nbsp;No.&nbsp;:"", ""time"": ""508J""}, {""city"": ""CHENNAI-KILAMBAKKAM-KCBT"", ""landmark"": ""To&nbsp;Place&nbsp;:"", ""time"": ""TRICHY""}, {""city"": ""16/01/2026"", ""landmark"": ""Journey&nbsp;Hours&nbsp;*:"", ""time"": ""7:00""}, {""city"": ""311.00"", ""landmark"": ""Corporation&nbsp;:"", ""time"": ""KUMBAKONAM""}, {""city"": ""&nbsp;"", ""landmark"": ""Adult&nbsp;Fare&nbsp;**"", ""time"": ""269""}, {""city"": ""City"", ""landmark"": ""Land&nbsp;Mark&nbsp;"", ""time"": ""Dep.&nbsp;Time&nbsp;""}, {""city"": ""CHENNAI-KILAMBAKKAM-KCBT"", ""landmark"": ""CHENNAI KALAIGNAR CBT"", ""time"": ""20:35""}, {""city"": ""TRICHY"", ""landmark"": ""TRICHY KKBT"", ""time"": ""03:35""}]",2026-01-13T17:54:44.239933
2035KCBTRIKK01L,,SETC,CHENNAI,TRICHY,,,7.00Hrs,45 Seats Available,Standard,Rs 269,16/01/2026,"[{""city"": ""&nbsp;"", ""landmark"": """", ""time"": ""Service&nbsp;Details""}, {""city"": ""2035KCBTRIKK01L"", ""landmark"": ""Route&nbsp;No.&nbsp;:"", ""time"": ""508J""}, {""city"": ""CHENNAI-KILAMBAKKAM-KCBT"", ""landmark"": ""To&nbsp;Place&nbsp;:"", ""time"": ""TRICHY""}, {""city"": ""16/01/2026"", ""landmark"": ""Journey&nbsp;Hours&nbsp;*:"", ""time"": ""7:00""}, {""city"": ""311.00"", ""landmark"": ""Corporation&nbsp;:"", ""time"": ""KUMBAKONAM""}, {""city"": ""&nbsp;"", ""landmark"": ""Adult&nbsp;Fare&nbsp;**"", ""time"": ""269""}, {""city"": ""City"", ""landmark"": ""Land&nbsp;Mark&nbsp;"", ""time"": ""Dep.&nbsp;Time&nbsp;""}, {""city"": ""CHENNAI-KILAMBAKKAM-KCBT"", ""landmark"": ""CHENNAI KALAIGNAR CBT"", ""time"": ""20:35""}, {""city"": ""TRICHY"", ""landmark"": ""TRICHY KKBT"", ""time"": ""03:35""}]",2026-01-13T17:54:44.239933
2055KCBTRIKK01L,,SETC,CHENNAI,TRICHY,,,7.00Hrs,45 Seats Available,Standard,Rs 269,16/01/2026,"[{""city"": ""&nbsp;"", ""landmark"": """", ""time"": ""Service&nbsp;Details""}, {""city"": ""2055KCBTRIKK01L"", ""landmark"": ""Route&nbsp;No.&nbsp;:"", ""time"": ""510D""}, {""city"": ""CHENNAI-KILAMBAKKAM-KCBT"", ""landmark"": ""To&nbsp;Place&nbsp;:"", ""time"": ""TRICHY""}, {""city"": ""16/01/2026"", ""landmark"": ""Journey&nbsp;Hours&nbsp;*:"", ""time"": ""7:00""}, {""city"": ""311.00"", ""landmark"": ""Corporation&nbsp;:"", ""time"": ""KUMBAKONAM""}, {""city"": ""&nbsp;"", ""landmark"": ""Adult&nbsp;Fare&nbsp;**"", ""time"": ""269""}, {""city"": ""City"", ""landmark"": ""Land&nbsp;Mark&nbsp;"", ""time"": ""Dep.&nbsp;Time&nbsp;""}, {""city"": ""CHENNAI-KILAMBAKKAM-KCBT"", ""landmark"": ""CHENNAI KALAIGNAR CBT"", ""time"": ""20:55""}, {""city"": ""TRICHY"", ""landmark"": ""TRICHY KKBT"", ""time"": ""03:55""}]",2026-01-13T17:54:44.239933
2055KCBTRIKK01L,,SETC,CHENNAI,TRICHY,,,7.00Hrs,45 Seats Available,Standard,Rs 269,16/01/2026,"[{""city"": ""&nbsp;"", ""landmark"": """", ""time"": ""Service&nbsp;Details""}, {""city"": ""2055KCBTRIKK01L"", ""landmark"": ""Route&nbsp;No.&nbsp;:"", ""time"": ""510D""}, {""city"": ""CHENNAI-KILAMBAKKAM-KCBT"", ""landmark"": ""To&nbsp;Place&nbsp;:"", ""time"": ""TRICHY""}, {""city"": ""16/01/2026"", ""landmark"": ""Journey&nbsp;Hours&nbsp;*:"", ""time"": ""7:00""}, {""city"": ""311.00"", ""landmark"": ""Corporation&nbsp;:"", ""time"": ""KUMBAKONAM""}, {""city"": ""&nbsp;"", ""landmark"": ""Adult&nbsp;Fare&nbsp;**"", ""time"": ""269""}, {""city"": ""City"", ""landmark"": ""Land&nbsp;Mark&nbsp;"", ""time"": ""Dep.&nbsp;Time&nbsp;""}, {""city"": ""CHENNAI-KILAMBAKKAM-KCBT"", ""landmark"": ""CHENNAI KALAIGNAR CBT"", ""time"": ""20:55""}, {""city"": ""TRICHY"", ""landmark"": ""TRICHY KKBT"", ""time"": ""03:55""}]",2026-01-13T17:54:44.239933
2100KCBUPM,,SETC,CHENNAI,TRICHY,,,6.30Hrs,31 Seats Available,Standard,Rs 313,16/01/2026,"[{""city"": ""&nbsp;"", ""landmark"": """", ""time"": ""Service&nbsp;Details""}, {""city"": ""2100KCBUPM"", ""landmark"": ""Route&nbsp;No.&nbsp;:"", ""time"": ""123KUD""}, {""city"": ""CHENNAI-KILAMBAKKAM-KCBT"", ""landmark"": ""To&nbsp;Place&nbsp;:"", ""time"": ""TRICHY""}, {""city"": ""16/01/2026"", ""landmark"": ""Journey&nbsp;Hours&nbsp;*:"", ""time"": ""6:30""}, {""city"": ""311.00"", ""landmark"": ""Corporation&nbsp;:"", ""time"": ""SETC""}, {""city"": ""&nbsp;"", ""landmark"": ""Adult&nbsp;Fare&nbsp;**"", ""time"": ""313""}, {""city"": ""City"", ""landmark"": ""Land&nbsp;Mark&nbsp;"", ""time"": ""Dep.&nbsp;Time&nbsp;""}, {""city"": ""CHENNAI-KILAMBAKKAM-KCBT"", ""landmark"": ""CHENNAI KALAIGNAR CBT"", ""time"": ""21:00""}, {""city"": ""CHENNAI-KILAMBAKKAM-KCBT"", ""landmark"": ""GUDUVANCHERY"", ""time"": ""21:05""}, {""city"": ""CHENNAI-KILAMBAKKAM-KCBT"", ""landmark"": ""SRM UNIVERSITY"", ""time"": ""21:10""}, {""city"": ""CHENNAI-KILAMBAKKAM-KCBT"", ""landmark"": ""MARAIMALAI NAGAR BUSSTOP"", ""time"": ""21:15""}, {""city"": ""CHENNAI-KILAMBAKKAM-KCBT"", ""landmark"": ""SINGAPERUMAL KOIL"", ""time"": ""21:20""}, {""city"": ""CHENNAI-KILAMBAKKAM-KCBT"", ""landmark"": ""MAHINDRA CITY"", ""time"": ""21:35""}, {""city"": ""CHENNAI-KILAMBAKKAM-KCBT"", ""landmark"": ""CHENGALPATTU TOLL"", ""time"": ""21:45""}, {""city"": ""CHENNAI-KILAMBAKKAM-KCBT"", ""landmark"": ""CHENGALPATTU BYPASS"", ""time"": ""21:55""}, {""city"": ""CHENNAI-KILAMBAKKAM-KCBT"", ""landmark"": ""MELMARUVATHUR BUS STOP"", ""time"": ""22:25""}, {""city"": ""TRICHY"", ""landmark"": ""TRICHY KKBT"", ""time"": ""03:15""}, {""city"": ""GANDHARVAKOTTAI"", ""landmark"": ""GANDHARVAKOTTAI"", ""time"": ""05:00""}, {""city"": ""KARAMBAKKUDI"", ""landmark"": ""KARAMBAKKUDI BS"", ""time"": ""05:30""}, {""city"": ""URANIPURAM"", ""landmark"": ""URANIPURAM"", ""time"": ""06:00""}]",2026-01-13T17:54:44.239933
2100KCBUPM,,SETC,CHENNAI,TRICHY,,,6.30Hrs,31 Seats Available,Standard,Rs 313,16/01/2026,"[{""city"": ""&nbsp;"", ""landmark"": """", ""time"": ""Service&nbsp;Details""}, {""city"": ""2100KCBUPM"", ""landmark"": ""Route&nbsp;No.&nbsp;:"", ""time"": ""123KUD""}, {""city"": ""CHENNAI-KILAMBAKKAM-KCBT"", ""landmark"": ""To&nbsp;Place&nbsp;:"", ""time"": ""TRICHY""}, {""city"": ""16/01/2026"", ""landmark"": ""Journey&nbsp;Hours&nbsp;*:"", ""time"": ""6:30""}, {""city"": ""311.00"", ""landmark"": ""Corporation&nbsp;:"", ""time"": ""SETC""}, {""city"": ""&nbsp;"", ""landmark"": ""Adult&nbsp;Fare&nbsp;**"", ""time"": ""313""}, {""city"": ""City"", ""landmark"": ""Land&nbsp;Mark&nbsp;"", ""time"": ""Dep.&nbsp;Time&nbsp;""}, {""city"": ""CHENNAI-KILAMBAKKAM-KCBT"", ""landmark"": ""CHENNAI KALAIGNAR CBT"", ""time"": ""21:00""}, {""city"": ""CHENNAI-KILAMBAKKAM-KCBT"", ""landmark"": ""GUDUVANCHERY"", ""time"": ""21:05""}, {""city"": ""CHENNAI-KILAMBAKKAM-KCBT"", ""landmark"": ""SRM UNIVERSITY"", ""time"": ""21:10""}, {""city"": ""CHENNAI-KILAMBAKKAM-KCBT"", ""landmark"": ""MARAIMALAI NAGAR BUSSTOP"", ""time"": ""21:15""}, {""city"": ""CHENNAI-KILAMBAKKAM-KCBT"", ""landmark"": ""SINGAPERUMAL KOIL"", ""time"": ""21:20""}, {""city"": ""CHENNAI-KILAMBAKKAM-KCBT"", ""landmark"": ""MAHINDRA CITY"", ""time"": ""21:35""}, {""city"": ""CHENNAI-KILAMBAKKAM-KCBT"", ""landmark"": ""CHENGALPATTU TOLL"", ""time"": ""21:45""}, {""city"": ""CHENNAI-KILAMBAKKAM-KCBT"", ""landmark"": ""CHENGALPATTU BYPASS"", ""time"": ""21:55""}, {""city"": ""CHENNAI-KILAMBAKKAM-KCBT"", ""landmark"": ""MELMARUVATHUR BUS STOP"", ""time"": ""22:25""}, {""city"": ""TRICHY"", ""landmark"": ""TRICHY KKBT"", ""time"": ""03:15""}, {""city"": ""GANDHARVAKOTTAI"", ""landmark"": ""GANDHARVAKOTTAI"", ""time"": ""05:00""}, {""city"": ""KARAMBAKKUDI"", ""landmark"": ""KARAMBAKKUDI BS"", ""time"": ""05:30""}, {""city"": ""URANIPURAM"", ""landmark"": ""URANIPURAM"", ""time"": ""06:00""}]",2026-01-13T17:54:44.239933
2130KCBSRR,,SETC,CHENNAI,TRICHY,,,6.30Hrs,33 Seats Available,Standard,Rs 313,16/01/2026,"[{""city"": ""&nbsp;"", ""landmark"": """", ""time"": ""Service&nbsp;Details""}, {""city"": ""2130KCBSRR"", ""landmark"": ""Route&nbsp;No.&nbsp;:"", ""time"": ""123UD""}, {""city"": ""CHENNAI-KILAMBAKKAM-KCBT"", ""landmark"": ""To&nbsp;Place&nbsp;:"", ""time"": ""TRICHY""}, {""city"": ""16/01/2026"", ""landmark"": ""Journey&nbsp;Hours&nbsp;*:"", ""time"": ""6:30""}, {""city"": ""311.00"", ""landmark"": ""Corporation&nbsp;:"", ""time"": ""SETC""}, {""city"": ""&nbsp;"", ""landmark"": ""Adult&nbsp;Fare&nbsp;**"", ""time"": ""313""}, {""city"": ""City"", ""landmark"": ""Land&nbsp;Mark&nbsp;"", ""time"": ""Dep.&nbsp;Time&nbsp;""}, {""city"": ""CHENNAI-KILAMBAKKAM-KCBT"", ""landmark"": ""CHENNAI KALAIGNAR CBT"", ""time"": ""21:30""}, {""city"": ""CHENNAI-KILAMBAKKAM-KCBT"", ""landmark"": ""SINGAPERUMAL KOIL"", ""time"": ""21:50""}, {""city"": ""TRICHY"", ""landmark"": ""TRICHY KKBT"", ""time"": ""03:00""}, {""city"": ""SRIRANGAM"", ""landmark"": ""SRIRANGAM"", ""time"": ""03:15""}]",2026-01-13T17:54:44.239933
2130KCBSRR,,SETC,CHENNAI,TRICHY,,,6.30Hrs,33 Seats Available,Standard,Rs 313,16/01/2026,"[{""city"": ""&nbsp;"", ""landmark"": """", ""time"": ""Service&nbsp;Details""}, {""city"": ""2130KCBSRR"", ""landmark"": ""Route&nbsp;No.&nbsp;:"", ""time"": ""123UD""}, {""city"": ""CHENNAI-KILAMBAKKAM-KCBT"", ""landmark"": ""To&nbsp;Place&nbsp;:"", ""time"": ""TRICHY""}, {""city"": ""16/01/2026"", ""landmark"": ""Journey&nbsp;Hours&nbsp;*:"", ""time"": ""6:30""}, {""city"": ""311.00"", ""landmark"": ""Corporation&nbsp;:"", ""time"": ""SETC""}, {""city"": ""&nbsp;"", ""landmark"": ""Adult&nbsp;Fare&nbsp;**"", ""time"": ""313""}, {""city"": ""City"", ""landmark"": ""Land&nbsp;Mark&nbsp;"", ""time"": ""Dep.&nbsp;Time&nbsp;""}, {""city"": ""CHENNAI-KILAMBAKKAM-KCBT"", ""landmark"": ""CHENNAI KALAIGNAR CBT"", ""time"": ""21:30""}, {""city"": ""CHENNAI-KILAMBAKKAM-KCBT"", ""landmark"": ""SINGAPERUMAL KOIL"", ""time"": ""21:50""}, {""city"": ""TRICHY"", ""landmark"": ""TRICHY KKBT"", ""time"": ""03:00""}, {""city"": ""SRIRANGAM"", ""landmark"": ""SRIRANGAM"", ""time"": ""03:15""}]",2026-01-13T17:54:44.239933
2145KCBTRIAB,,SETC,CHENNAI,TRICHY,,,6.15Hrs,37 Seats Available,Standard,Rs 405/622,16/01/2026,"[{""city"": ""&nbsp;"", ""landmark"": """", ""time"": ""Service&nbsp;Details""}, {""city"": ""2145KCBTRIAB"", ""landmark"": ""Route&nbsp;No.&nbsp;:"", ""time"": ""123AB""}, {""city"": ""CHENNAI-KILAMBAKKAM-KCBT"", ""landmark"": ""To&nbsp;Place&nbsp;:"", ""time"": ""TRICHY""}, {""city"": ""16/01/2026"", ""landmark"": ""Journey&nbsp;Hours&nbsp;*:"", ""time"": ""6:15""}, {""city"": ""308.00"", ""landmark"": ""Corporation&nbsp;:"", ""time"": ""SETC""}, {""city"": ""&nbsp;"", ""landmark"": ""Adult&nbsp;Fare&nbsp;**"", ""time"": ""405""}, {""city"": ""City"", ""landmark"": ""Land&nbsp;Mark&nbsp;"", ""time"": ""Dep.&nbsp;Time&nbsp;""}, {""city"": ""CHENNAI-KILAMBAKKAM-KCBT"", ""landmark"": ""CHENNAI KALAIGNAR CBT"", ""time"": ""21:45""}, {""city"": ""CHENNAI-KILAMBAKKAM-KCBT"", ""landmark"": ""GUDUVANCHERY"", ""time"": ""21:50""}, {""city"": ""CHENNAI-KILAMBAKKAM-KCBT"", ""landmark"": ""SRM UNIVERSITY"", ""time"": ""21:55""}, {""city"": ""CHENNAI-KILAMBAKKAM-KCBT"", ""landmark"": ""MARAIMALAI NAGAR BUSSTOP"", ""time"": ""22:00""}, {""city"": ""CHENNAI-KILAMBAKKAM-KCBT"", ""landmark"": ""SINGAPERUMAL KOIL"", ""time"": ""22:05""}, {""city"": ""CHENNAI-KILAMBAKKAM-KCBT"", ""landmark"": ""MAHINDRA CITY"", ""time"": ""22:25""}, {""city"": ""CHENNAI-KILAMBAKKAM-KCBT"", ""landmark"": ""CHENGALPATTU TOLL"", ""time"": ""22:35""}, {""city"": ""CHENNAI-KILAMBAKKAM-KCBT"", ""landmark"": ""CHENGALPATTU BYPASS"", ""time"": ""22:45""}, {""city"": ""CHENNAI-KILAMBAKKAM-KCBT"", ""landmark"": ""MELMARUVATHUR BUS STOP"", ""time"": ""23:15""}, {""city"": ""CHENNAI-KILAMBAKKAM-KCBT"", ""landmark"": ""TINDIVANAM"", ""time"": ""23:50""}, {""city"": ""TRICHY"", ""landmark"": ""TRICHY KKBT"", ""time"": ""04:00""}]",2026-01-13T17:54:44.239933
2145KCBTRIAB,,SETC,CHENNAI,TRICHY,,,6.15Hrs,37 Seats Available,Standard,Rs 405/622,16/01/2026,"[{""city"": ""&nbsp;"", ""landmark"": """", ""time"": ""Service&nbsp;Details""}, {""city"": ""2145KCBTRIAB"", ""landmark"": ""Route&nbsp;No.&nbsp;:"", ""time"": ""123AB""}, {""city"": ""CHENNAI-KILAMBAKKAM-KCBT"", ""landmark"": ""To&nbsp;Place&nbsp;:"", ""time"": ""TRICHY""}, {""city"": ""16/01/2026"", ""landmark"": ""Journey&nbsp;Hours&nbsp;*:"", ""time"": ""6:15""}, {""city"": ""308.00"", ""landmark"": ""Corporation&nbsp;:"", ""time"": ""SETC""}, {""city"": ""&nbsp;"", ""landmark"": ""Adult&nbsp;Fare&nbsp;**"", ""time"": ""405""}, {""city"": ""City"", ""landmark"": ""Land&nbsp;Mark&nbsp;"", ""time"": ""Dep.&nbsp;Time&nbsp;""}, {""city"": ""CHENNAI-KILAMBAKKAM-KCBT"", ""landmark"": ""CHENNAI KALAIGNAR CBT"", ""time"": ""21:45""}, {""city"": ""CHENNAI-KILAMBAKKAM-KCBT"", ""landmark"": ""GUDUVANCHERY"", ""time"": ""21:50""}, {""city"": ""CHENNAI-KILAMBAKKAM-KCBT"", ""landmark"": ""SRM UNIVERSITY"", ""time"": ""21:55""}, {""city"": ""CHENNAI-KILAMBAKKAM-KCBT"", ""landmark"": ""MARAIMALAI NAGAR BUSSTOP"", ""time"": ""22:00""}, {""city"": ""CHENNAI-KILAMBAKKAM-KCBT"", ""landmark"": ""SINGAPERUMAL KOIL"", ""time"": ""22:05""}, {""city"": ""CHENNAI-KILAMBAKKAM-KCBT"", ""landmark"": ""MAHINDRA CITY"", ""time"": ""22:25""}, {""city"": ""CHENNAI-KILAMBAKKAM-KCBT"", ""landmark"": ""CHENGALPATTU TOLL"", ""time"": ""22:35""}, {""city"": ""CHENNAI-KILAMBAKKAM-KCBT"", ""landmark"": ""CHENGALPATTU BYPASS"", ""time"": ""22:45""}, {""city"": ""CHENNAI-KILAMBAKKAM-KCBT"", ""landmark"": ""MELMARUVATHUR BUS STOP"", ""time"": ""23:15""}, {""city"": ""CHENNAI-KILAMBAKKAM-KCBT"", ""landmark"": ""TINDIVANAM"", ""time"": ""23:50""}, {""city"": ""TRICHY"", ""landmark"": ""TRICHY KKBT"", ""time"": ""04:00""}]",2026-01-13T17:54:44.239933
2145KCBTRIKK01L,,SETC,CHENNAI,TRICHY,,,7.00Hrs,44 Seats Available,Standard,Rs 269,16/01/2026,"[{""city"": ""&nbsp;"", ""landmark"": """", ""time"": ""Service&nbsp;Details""}, {""city"": ""2145KCBTRIKK01L"", ""landmark"": ""Route&nbsp;No.&nbsp;:"", ""time"": ""511B""}, {""city"": ""CHENNAI-KILAMBAKKAM-KCBT"", ""landmark"": ""To&nbsp;Place&nbsp;:"", ""time"": ""TRICHY""}, {""city"": ""16/01/2026"", ""landmark"": ""Journey&nbsp;Hours&nbsp;*:"", ""time"": ""7:00""}, {""city"": ""311.00"", ""landmark"": ""Corporation&nbsp;:"", ""time"": ""KUMBAKONAM""}, {""city"": ""&nbsp;"", ""landmark"": ""Adult&nbsp;Fare&nbsp;**"", ""time"": ""269""}, {""city"": ""City"", ""landmark"": ""Land&nbsp;Mark&nbsp;"", ""time"": ""Dep.&nbsp;Time&nbsp;""}, {""city"": ""CHENNAI-KILAMBAKKAM-KCBT"", ""landmark"": ""CHENNAI KALAIGNAR CBT"", ""time"": ""21:45""}, {""city"": ""TRICHY"", ""landmark"": ""TRICHY KKBT"", ""time"": ""04:45""}]",2026-01-13T17:54:44.239933
2145KCBTRIKK01L,,SETC,CHENNAI,TRICHY,,,7.00Hrs,44 Seats Available,Standard,Rs 269,16/01/2026,"[{""city"": ""&nbsp;"", ""landmark"": """", ""time"": ""Service&nbsp;Details""}, {""city"": ""2145KCBTRIKK01L"", ""landmark"": ""Route&nbsp;No.&nbsp;:"", ""time"": ""511B""}, {""city"": ""CHENNAI-KILAMBAKKAM-KCBT"", ""landmark"": ""To&nbsp;Place&nbsp;:"", ""time"": ""TRICHY""}, {""city"": ""16/01/2026"", ""landmark"": ""Journey&nbsp;Hours&nbsp;*:"", ""time"": ""7:00""}, {""city"": ""311.00"", ""landmark"": ""Corporation&nbsp;:"", ""time"": ""KUMBAKONAM""}, {""city"": ""&nbsp;"", ""landmark"": ""Adult&nbsp;Fare&nbsp;**"", ""time"": ""269""}, {""city"": ""City"", ""landmark"": ""Land&nbsp;Mark&nbsp;"", ""time"": ""Dep.&nbsp;Time&nbsp;""}, {""city"": ""CHENNAI-KILAMBAKKAM-KCBT"", ""landmark"": ""CHENNAI KALAIGNAR CBT"", ""time"": ""21:45""}, {""city"": ""TRICHY"", ""landmark"": ""TRICHY KKBT"", ""time"": ""04:45""}]",2026-01-13T17:54:44.239933
2210KCBTRILB,,SETC,CHENNAI,TRICHY,,,6.15Hrs,23 Seats Available,Standard,Rs 313/482,16/01/2026,"[{""city"": ""&nbsp;"", ""landmark"": """", ""time"": ""Service&nbsp;Details""}, {""city"": ""2210KCBTRILB"", ""landmark"": ""Route&nbsp;No.&nbsp;:"", ""time"": ""123LB""}, {""city"": ""CHENNAI-KILAMBAKKAM-KCBT"", ""landmark"": ""To&nbsp;Place&nbsp;:"", ""time"": ""TRICHY""}, {""city"": ""16/01/2026"", ""landmark"": ""Journey&nbsp;Hours&nbsp;*:"", ""time"": ""6:15""}, {""city"": ""308.00"", ""landmark"": ""Corporation&nbsp;:"", ""time"": ""SETC""}, {""city"": ""&nbsp;"", ""landmark"": ""Adult&nbsp;Fare&nbsp;**"", ""time"": ""313""}, {""city"": ""City"", ""landmark"": ""Land&nbsp;Mark&nbsp;"", ""time"": ""Dep.&nbsp;Time&nbsp;""}, {""city"": ""CHENNAI-KILAMBAKKAM-KCBT"", ""landmark"": ""CHENNAI KALAIGNAR CBT"", ""time"": ""22:10""}, {""city"": ""CHENNAI-KILAMBAKKAM-KCBT"", ""landmark"": ""GUDUVANCHERY"", ""time"": ""22:15""}, {""city"": ""CHENNAI-KILAMBAKKAM-KCBT"", ""landmark"": ""SRM UNIVERSITY"", ""time"": ""22:20""}, {""city"": ""CHENNAI-KILAMBAKKAM-KCBT"", ""landmark"": ""MARAIMALAI NAGAR BUSSTOP"", ""time"": ""22:25""}, {""city"": ""CHENNAI-KILAMBAKKAM-KCBT"", ""landmark"": ""SINGAPERUMAL KOIL"", ""time"": ""22:30""}, {""city"": ""CHENNAI-KILAMBAKKAM-KCBT"", ""landmark"": ""MAHINDRA CITY"", ""time"": ""22:45""}, {""city"": ""CHENNAI-KILAMBAKKAM-KCBT"", ""landmark"": ""CHENGALPATTU TOLL"", ""time"": ""22:55""}, {""city"": ""CHENNAI-KILAMBAKKAM-KCBT"", ""landmark"": ""CHENGALPATTU BYPASS"", ""time"": ""23:05""}, {""city"": ""TRICHY"", ""landmark"": ""TRICHY KKBT"", ""time"": ""04:25""}]",2026-01-13T17:54:44.239933
2210KCBTRILB,,SETC,CHENNAI,TRICHY,,,6.15Hrs,23 Seats Available,Standard,Rs 313/482,16/01/2026,"[{""city"": ""&nbsp;"", ""landmark"": """", ""time"": ""Service&nbsp;Details""}, {""city"": ""2210KCBTRILB"", ""landmark"": ""Route&nbsp;No.&nbsp;:"", ""time"": ""123LB""}, {""city"": ""CHENNAI-KILAMBAKKAM-KCBT"", ""landmark"": ""To&nbsp;Place&nbsp;:"", ""time"": ""TRICHY""}, {""city"": ""16/01/2026"", ""landmark"": ""Journey&nbsp;Hours&nbsp;*:"", ""time"": ""6:15""}, {""city"": ""308.00"", ""landmark"": ""Corporation&nbsp;:"", ""time"": ""SETC""}, {""city"": ""&nbsp;"", ""landmark"": ""Adult&nbsp;Fare&nbsp;**"", ""time"": ""313""}, {""city"": ""City"", ""landmark"": ""Land&nbsp;Mark&nbsp;"", ""time"": ""Dep.&nbsp;Time&nbsp;""}, {""city"": ""CHENNAI-KILAMBAKKAM-KCBT"", ""landmark"": ""CHENNAI KALAIGNAR CBT"", ""time"": ""22:10""}, {""city"": ""CHENNAI-KILAMBAKKAM-KCBT"", ""landmark"": ""GUDUVANCHERY"", ""time"": ""22:15""}, {""city"": ""CHENNAI-KILAMBAKKAM-KCBT"", ""landmark"": ""SRM UNIVERSITY"", ""time"": ""22:20""}, {""city"": ""CHENNAI-KILAMBAKKAM-KCBT"", ""landmark"": ""MARAIMALAI NAGAR BUSSTOP"", ""time"": ""22:25""}, {""city"": ""CHENNAI-KILAMBAKKAM-KCBT"", ""landmark"": ""SINGAPERUMAL KOIL"", ""time"": ""22:30""}, {""city"": ""CHENNAI-KILAMBAKKAM-KCBT"", ""landmark"": ""MAHINDRA CITY"", ""time"": ""22:45""}, {""city"": ""CHENNAI-KILAMBAKKAM-KCBT"", ""landmark"": ""CHENGALPATTU TOLL"", ""time"": ""22:55""}, {""city"": ""CHENNAI-KILAMBAKKAM-KCBT"", ""landmark"": ""CHENGALPATTU BYPASS"", ""time"": ""23:05""}, {""city"": ""TRICHY"", ""landmark"": ""TRICHY KKBT"", ""time"": ""04:25""}]",2026-01-13T17:54:44.239933
2230KCBTRIAB,,SETC,CHENNAI,TRICHY,,,6.15Hrs,37 Seats Available,Standard,Rs 405/622,16/01/2026,"[{""city"": ""&nbsp;"", ""landmark"": """", ""time"": ""Service&nbsp;Details""}, {""city"": ""2230KCBTRIAB"", ""landmark"": ""Route&nbsp;No.&nbsp;:"", ""time"": ""123AB""}, {""city"": ""CHENNAI-KILAMBAKKAM-KCBT"", ""landmark"": ""To&nbsp;Place&nbsp;:"", ""time"": ""TRICHY""}, {""city"": ""16/01/2026"", ""landmark"": ""Journey&nbsp;Hours&nbsp;*:"", ""time"": ""6:15""}, {""city"": ""308.00"", ""landmark"": ""Corporation&nbsp;:"", ""time"": ""SETC""}, {""city"": ""&nbsp;"", ""landmark"": ""Adult&nbsp;Fare&nbsp;**"", ""time"": ""405""}, {""city"": ""City"", ""landmark"": ""Land&nbsp;Mark&nbsp;"", ""time"": ""Dep.&nbsp;Time&nbsp;""}, {""city"": ""CHENNAI-KILAMBAKKAM-KCBT"", ""landmark"": ""CHENNAI KALAIGNAR CBT"", ""time"": ""22:30""}, {""city"": ""CHENNAI-KILAMBAKKAM-KCBT"", ""landmark"": ""GUDUVANCHERY"", ""time"": ""22:35""}, {""city"": ""CHENNAI-KILAMBAKKAM-KCBT"", ""landmark"": ""SRM UNIVERSITY"", ""time"": ""22:40""}, {""city"": ""CHENNAI-KILAMBAKKAM-KCBT"", ""landmark"": ""MARAIMALAI NAGAR BUSSTOP"", ""time"": ""22:45""}, {""city"": ""CHENNAI-KILAMBAKKAM-KCBT"", ""landmark"": ""SINGAPERUMAL KOIL"", ""time"": ""22:50""}, {""city"": ""CHENNAI-KILAMBAKKAM-KCBT"", ""landmark"": ""MAHINDRA CITY"", ""time"": ""23:10""}, {""city"": ""CHENNAI-KILAMBAKKAM-KCBT"", ""landmark"": ""CHENGALPATTU TOLL"", ""time"": ""23:20""}, {""city"": ""CHENNAI-KILAMBAKKAM-KCBT"", ""landmark"": ""CHENGALPATTU BYPASS"", ""time"": ""23:30""}, {""city"": ""TRICHY"", ""landmark"": ""TRICHY KKBT"", ""time"": ""04:45""}]",2026-01-13T17:54:44.239933
2230KCBTRIAB,,SETC,CHENNAI,TRICHY,,,6.15Hrs,37 Seats Available,Standard,Rs 405/622,16/01/2026,"[{""city"": ""&nbsp;"", ""landmark"": """", ""time"": ""Service&nbsp;Details""}, {""city"": ""2230KCBTRIAB"", ""landmark"": ""Route&nbsp;No.&nbsp;:"", ""time"": ""123AB""}, {""city"": ""CHENNAI-KILAMBAKKAM-KCBT"", ""landmark"": ""To&nbsp;Place&nbsp;:"", ""time"": ""TRICHY""}, {""city"": ""16/01/2026"", ""landmark"": ""Journey&nbsp;Hours&nbsp;*:"", ""time"": ""6:15""}, {""city"": ""308.00"", ""landmark"": ""Corporation&nbsp;:"", ""time"": ""SETC""}, {""city"": ""&nbsp;"", ""landmark"": ""Adult&nbsp;Fare&nbsp;**"", ""time"": ""405""}, {""city"": ""City"", ""landmark"": ""Land&nbsp;Mark&nbsp;"", ""time"": ""Dep.&nbsp;Time&nbsp;""}, {""city"": ""CHENNAI-KILAMBAKKAM-KCBT"", ""landmark"": ""CHENNAI KALAIGNAR CBT"", ""time"": ""22:30""}, {""city"": ""CHENNAI-KILAMBAKKAM-KCBT"", ""landmark"": ""GUDUVANCHERY"", ""time"": ""22:35""}, {""city"": ""CHENNAI-KILAMBAKKAM-KCBT"", ""landmark"": ""SRM UNIVERSITY"", ""time"": ""22:40""}, {""city"": ""CHENNAI-KILAMBAKKAM-KCBT"", ""landmark"": ""MARAIMALAI NAGAR BUSSTOP"", ""time"": ""22:45""}, {""city"": ""CHENNAI-KILAMBAKKAM-KCBT"", ""landmark"": ""SINGAPERUMAL KOIL"", ""time"": ""22:50""}, {""city"": ""CHENNAI-KILAMBAKKAM-KCBT"", ""landmark"": ""MAHINDRA CITY"", ""time"": ""23:10""}, {""city"": ""CHENNAI-KILAMBAKKAM-KCBT"", ""landmark"": ""CHENGALPATTU TOLL"", ""time"": ""23:20""}, {""city"": ""CHENNAI-KILAMBAKKAM-KCBT"", ""landmark"": ""CHENGALPATTU BYPASS"", ""time"": ""23:30""}, {""city"": ""TRICHY"", ""landmark"": ""TRICHY KKBT"", ""time"": ""04:45""}]",2026-01-13T17:54:44.239933
2250KCBTRIAB,,SETC,CHENNAI,TRICHY,,,6.15Hrs,34 Seats Available,Standard,Rs 405/622,16/01/2026,"[{""city"": ""&nbsp;"", ""landmark"": """", ""time"": ""Service&nbsp;Details""}, {""city"": ""2250KCBTRIAB"", ""landmark"": ""Route&nbsp;No.&nbsp;:"", ""time"": ""123AB""}, {""city"": ""CHENNAI-KILAMBAKKAM-KCBT"", ""landmark"": ""To&nbsp;Place&nbsp;:"", ""time"": ""TRICHY""}, {""city"": ""16/01/2026"", ""landmark"": ""Journey&nbsp;Hours&nbsp;*:"", ""time"": ""6:15""}, {""city"": ""308.00"", ""landmark"": ""Corporation&nbsp;:"", ""time"": ""SETC""}, {""city"": ""&nbsp;"", ""landmark"": ""Adult&nbsp;Fare&nbsp;**"", ""time"": ""405""}, {""city"": ""City"", ""landmark"": ""Land&nbsp;Mark&nbsp;"", ""time"": ""Dep.&nbsp;Time&nbsp;""}, {""city"": ""CHENNAI-KILAMBAKKAM-KCBT"", ""landmark"": ""CHENNAI KALAIGNAR CBT"", ""time"": ""22:50""}, {""city"": ""CHENNAI-KILAMBAKKAM-KCBT"", ""landmark"": ""GUDUVANCHERY"", ""time"": ""22:55""}, {""city"": ""CHENNAI-KILAMBAKKAM-KCBT"", ""landmark"": ""SRM UNIVERSITY"", ""time"": ""23:00""}, {""city"": ""CHENNAI-KILAMBAKKAM-KCBT"", ""landmark"": ""MARAIMALAI NAGAR BUSSTOP"", ""time"": ""23:05""}, {""city"": ""CHENNAI-KILAMBAKKAM-KCBT"", ""landmark"": ""SINGAPERUMAL KOIL"", ""time"": ""23:10""}, {""city"": ""CHENNAI-KILAMBAKKAM-KCBT"", ""landmark"": ""MAHINDRA CITY"", ""time"": ""23:30""}, {""city"": ""CHENNAI-KILAMBAKKAM-KCBT"", ""landmark"": ""CHENGALPATTU TOLL"", ""time"": ""23:40""}, {""city"": ""CHENNAI-KILAMBAKKAM-KCBT"", ""landmark"": ""CHENGALPATTU BYPASS"", ""time"": ""23:50""}, {""city"": ""TRICHY"", ""landmark"": ""TRICHY KKBT"", ""time"": ""05:05""}]",2026-01-13T17:54:44.239933
2250KCBTRIAB,,SETC,CHENNAI,TRICHY,,,6.15Hrs,34 Seats Available,Standard,Rs 405/622,16/01/2026,"[{""city"": ""&nbsp;"", ""landmark"": """", ""time"": ""Service&nbsp;Details""}, {""city"": ""2250KCBTRIAB"", ""landmark"": ""Route&nbsp;No.&nbsp;:"", ""time"": ""123AB""}, {""city"": ""CHENNAI-KILAMBAKKAM-KCBT"", ""landmark"": ""To&nbsp;Place&nbsp;:"", ""time"": ""TRICHY""}, {""city"": ""16/01/2026"", ""landmark"": ""Journey&nbsp;Hours&nbsp;*:"", ""time"": ""6:15""}, {""city"": ""308.00"", ""landmark"": ""Corporation&nbsp;:"", ""time"": ""SETC""}, {""city"": ""&nbsp;"", ""landmark"": ""Adult&nbsp;Fare&nbsp;**"", ""time"": ""405""}, {""city"": ""City"", ""landmark"": ""Land&nbsp;Mark&nbsp;"", ""time"": ""Dep.&nbsp;Time&nbsp;""}, {""city"": ""CHENNAI-KILAMBAKKAM-KCBT"", ""landmark"": ""CHENNAI KALAIGNAR CBT"", ""time"": ""22:50""}, {""city"": ""CHENNAI-KILAMBAKKAM-KCBT"", ""landmark"": ""GUDUVANCHERY"", ""time"": ""22:55""}, {""city"": ""CHENNAI-KILAMBAKKAM-KCBT"", ""landmark"": ""SRM UNIVERSITY"", ""time"": ""23:00""}, {""city"": ""CHENNAI-KILAMBAKKAM-KCBT"", ""landmark"": ""MARAIMALAI NAGAR BUSSTOP"", ""time"": ""23:05""}, {""city"": ""CHENNAI-KILAMBAKKAM-KCBT"", ""landmark"": ""SINGAPERUMAL KOIL"", ""time"": ""23:10""}, {""city"": ""CHENNAI-KILAMBAKKAM-KCBT"", ""landmark"": ""MAHINDRA CITY"", ""time"": ""23:30""}, {""city"": ""CHENNAI-KILAMBAKKAM-KCBT"", ""landmark"": ""CHENGALPATTU TOLL"", ""time"": ""23:40""}, {""city"": ""CHENNAI-KILAMBAKKAM-KCBT"", ""landmark"": ""CHENGALPATTU BYPASS"", ""time"": ""23:50""}, {""city"": ""TRICHY"", ""landmark"": ""TRICHY KKBT"", ""time"": ""05:05""}]",2026-01-13T17:54:44.239933
2300KCBTRILB,,SETC,CHENNAI,TRICHY,,,6.15Hrs,28 Seats Available,Standard,Rs 313/482,16/01/2026,"[{""city"": ""&nbsp;"", ""landmark"": """", ""time"": ""Service&nbsp;Details""}, {""city"": ""2300KCBTRILB"", ""landmark"": ""Route&nbsp;No.&nbsp;:"", ""time"": ""123LB""}, {""city"": ""CHENNAI-KILAMBAKKAM-KCBT"", ""landmark"": ""To&nbsp;Place&nbsp;:"", ""time"": ""TRICHY""}, {""city"": ""16/01/2026"", ""landmark"": ""Journey&nbsp;Hours&nbsp;*:"", ""time"": ""6:15""}, {""city"": ""308.00"", ""landmark"": ""Corporation&nbsp;:"", ""time"": ""SETC""}, {""city"": ""&nbsp;"", ""landmark"": ""Adult&nbsp;Fare&nbsp;**"", ""time"": ""313""}, {""city"": ""City"", ""landmark"": ""Land&nbsp;Mark&nbsp;"", ""time"": ""Dep.&nbsp;Time&nbsp;""}, {""city"": ""CHENNAI-KILAMBAKKAM-KCBT"", ""landmark"": ""CHENNAI KALAIGNAR CBT"", ""time"": ""23:00""}, {""city"": ""CHENNAI-KILAMBAKKAM-KCBT"", ""landmark"": ""GUDUVANCHERY"", ""time"": ""23:05""}, {""city"": ""CHENNAI-KILAMBAKKAM-KCBT"", ""landmark"": ""SRM UNIVERSITY"", ""time"": ""23:10""}, {""city"": ""CHENNAI-KILAMBAKKAM-KCBT"", ""landmark"": ""MARAIMALAI NAGAR BUSSTOP"", ""time"": ""23:15""}, {""city"": ""CHENNAI-KILAMBAKKAM-KCBT"", ""landmark"": ""SINGAPERUMAL KOIL"", ""time"": ""23:20""}, {""city"": ""CHENNAI-KILAMBAKKAM-KCBT"", ""landmark"": ""MAHINDRA CITY"", ""time"": ""23:35""}, {""city"": ""CHENNAI-KILAMBAKKAM-KCBT"", ""landmark"": ""CHENGALPATTU TOLL"", ""time"": ""23:45""}, {""city"": ""CHENNAI-KILAMBAKKAM-KCBT"", ""landmark"": ""CHENGALPATTU BYPASS"", ""time"": ""23:55""}, {""city"": ""TRICHY"", ""landmark"": ""TRICHY KKBT"", ""time"": ""05:15""}]",2026-01-13T17:54:44.239933
2300KCBTRILB,,SETC,CHENNAI,TRICHY,,,6.15Hrs,28 Seats Available,Standard,Rs 313/482,16/01/2026,"[{""city"": ""&nbsp;"", ""landmark"": """", ""time"": ""Service&nbsp;Details""}, {""city"": ""2300KCBTRILB"", ""landmark"": ""Route&nbsp;No.&nbsp;:"", ""time"": ""123LB""}, {""city"": ""CHENNAI-KILAMBAKKAM-KCBT"", ""landmark"": ""To&nbsp;Place&nbsp;:"", ""time"": ""TRICHY""}, {""city"": ""16/01/2026"", ""landmark"": ""Journey&nbsp;Hours&nbsp;*:"", ""time"": ""6:15""}, {""city"": ""308.00"", ""landmark"": ""Corporation&nbsp;:"", ""time"": ""SETC""}, {""city"": ""&nbsp;"", ""landmark"": ""Adult&nbsp;Fare&nbsp;**"", ""time"": ""313""}, {""city"": ""City"", ""landmark"": ""Land&nbsp;Mark&nbsp;"", ""time"": ""Dep.&nbsp;Time&nbsp;""}, {""city"": ""CHENNAI-KILAMBAKKAM-KCBT"", ""landmark"": ""CHENNAI KALAIGNAR CBT"", ""time"": ""23:00""}, {""city"": ""CHENNAI-KILAMBAKKAM-KCBT"", ""landmark"": ""GUDUVANCHERY"", ""time"": ""23:05""}, {""city"": ""CHENNAI-KILAMBAKKAM-KCBT"", ""landmark"": ""SRM UNIVERSITY"", ""time"": ""23:10""}, {""city"": ""CHENNAI-KILAMBAKKAM-KCBT"", ""landmark"": ""MARAIMALAI NAGAR BUSSTOP"", ""time"": ""23:15""}, {""city"": ""CHENNAI-KILAMBAKKAM-KCBT"", ""landmark"": ""SINGAPERUMAL KOIL"", ""time"": ""23:20""}, {""city"": ""CHENNAI-KILAMBAKKAM-KCBT"", ""landmark"": ""MAHINDRA CITY"", ""time"": ""23:35""}, {""city"": ""CHENNAI-KILAMBAKKAM-KCBT"", ""landmark"": ""CHENGALPATTU TOLL"", ""time"": ""23:45""}, {""city"": ""CHENNAI-KILAMBAKKAM-KCBT"", ""landmark"": ""CHENGALPATTU BYPASS"", ""time"": ""23:55""}, {""city"": ""TRICHY"", ""landmark"": ""TRICHY KKBT"", ""time"": ""05:15""}]",2026-01-13T17:54:44.239933
2300KCBTRIMS,,SETC,CHENNAI,TRICHY,,,6.15Hrs,43 Seats Available,Standard,Rs 527,16/01/2026,"[{""city"": ""&nbsp;"", ""landmark"": """", ""time"": ""Service&nbsp;Details""}, {""city"": ""2300KCBTRIMS"", ""landmark"": ""Route&nbsp;No.&nbsp;:"", ""time"": ""123MS""}, {""city"": ""CHENNAI-KILAMBAKKAM-KCBT"", ""landmark"": ""To&nbsp;Place&nbsp;:"", ""time"": ""TRICHY""}, {""city"": ""16/01/2026"", ""landmark"": ""Journey&nbsp;Hours&nbsp;*:"", ""time"": ""6:15""}, {""city"": ""314.00"", ""landmark"": ""Corporation&nbsp;:"", ""time"": ""SETC""}, {""city"": ""&nbsp;"", ""landmark"": ""Adult&nbsp;Fare&nbsp;**"", ""time"": ""527""}, {""city"": ""City"", ""landmark"": ""Land&nbsp;Mark&nbsp;"", ""time"": ""Dep.&nbsp;Time&nbsp;""}, {""city"": ""CHENNAI-KILAMBAKKAM-KCBT"", ""landmark"": ""CHENNAI KALAIGNAR CBT"", ""time"": ""23:00""}, {""city"": ""CHENNAI-KILAMBAKKAM-KCBT"", ""landmark"": ""SINGAPERUMAL KOIL"", ""time"": ""23:20""}, {""city"": ""TRICHY"", ""landmark"": ""TRICHY KKBT"", ""time"": ""05:15""}]",2026-01-13T17:54:44.239933
2300KCBTRIMS,,SETC,CHENNAI,TRICHY,,,6.15Hrs,43 Seats Available,Standard,Rs 527,16/01/2026,"[{""city"": ""&nbsp;"", ""landmark"": """", ""time"": ""Service&nbsp;Details""}, {""city"": ""2300KCBTRIMS"", ""landmark"": ""Route&nbsp;No.&nbsp;:"", ""time"": ""123MS""}, {""city"": ""CHENNAI-KILAMBAKKAM-KCBT"", ""landmark"": ""To&nbsp;Place&nbsp;:"", ""time"": ""TRICHY""}, {""city"": ""16/01/2026"", ""landmark"": ""Journey&nbsp;Hours&nbsp;*:"", ""time"": ""6:15""}, {""city"": ""314.00"", ""landmark"": ""Corporation&nbsp;:"", ""time"": ""SETC""}, {""city"": ""&nbsp;"", ""landmark"": ""Adult&nbsp;Fare&nbsp;**"", ""time"": ""527""}, {""city"": ""City"", ""landmark"": ""Land&nbsp;Mark&nbsp;"", ""time"": ""Dep.&nbsp;Time&nbsp;""}, {""city"": ""CHENNAI-KILAMBAKKAM-KCBT"", ""landmark"": ""CHENNAI KALAIGNAR CBT"", ""time"": ""23:00""}, {""city"": ""CHENNAI-KILAMBAKKAM-KCBT"", ""landmark"": ""SINGAPERUMAL KOIL"", ""time"": ""23:20""}, {""city"": ""TRICHY"", ""landmark"": ""TRICHY KKBT"", ""time"": ""05:15""}]",2026-01-13T17:54:44.239933
2315KCBTRIKK01L,,SETC,CHENNAI,TRICHY,,,7.00Hrs,45 Seats Available,Standard,Rs 269,16/01/2026,"[{""city"": ""&nbsp;"", ""landmark"": """", ""time"": ""Service&nbsp;Details""}, {""city"": ""2315KCBTRIKK01L"", ""landmark"": ""Route&nbsp;No.&nbsp;:"", ""time"": ""506H""}, {""city"": ""CHENNAI-KILAMBAKKAM-KCBT"", ""landmark"": ""To&nbsp;Place&nbsp;:"", ""time"": ""TRICHY""}, {""city"": ""16/01/2026"", ""landmark"": ""Journey&nbsp;Hours&nbsp;*:"", ""time"": ""7:00""}, {""city"": ""311.00"", ""landmark"": ""Corporation&nbsp;:"", ""time"": ""KUMBAKONAM""}, {""city"": ""&nbsp;"", ""landmark"": ""Adult&nbsp;Fare&nbsp;**"", ""time"": ""269""}, {""city"": ""City"", ""landmark"": ""Land&nbsp;Mark&nbsp;"", ""time"": ""Dep.&nbsp;Time&nbsp;""}, {""city"": ""CHENNAI-KILAMBAKKAM-KCBT"", ""landmark"": ""CHENNAI KALAIGNAR CBT"", ""time"": ""23:15""}, {""city"": ""TRICHY"", ""landmark"": ""TRICHY KKBT"", ""time"": ""06:15""}]",2026-01-13T17:54:44.239933
2315KCBTRIKK01L,,SETC,CHENNAI,TRICHY,,,7.00Hrs,45 Seats Available,Standard,Rs 269,16/01/2026,"[{""city"": ""&nbsp;"", ""landmark"": """", ""time"": ""Service&nbsp;Details""}, {""city"": ""2315KCBTRIKK01L"", ""landmark"": ""Route&nbsp;No.&nbsp;:"", ""time"": ""506H""}, {""city"": ""CHENNAI-KILAMBAKKAM-KCBT"", ""landmark"": ""To&nbsp;Place&nbsp;:"", ""time"": ""TRICHY""}, {""city"": ""16/01/2026"", ""landmark"": ""Journey&nbsp;Hours&nbsp;*:"", ""time"": ""7:00""}, {""city"": ""311.00"", ""landmark"": ""Corporation&nbsp;:"", ""time"": ""KUMBAKONAM""}, {""city"": ""&nbsp;"", ""landmark"": ""Adult&nbsp;Fare&nbsp;**"", ""time"": ""269""}, {""city"": ""City"", ""landmark"": ""Land&nbsp;Mark&nbsp;"", ""time"": ""Dep.&nbsp;Time&nbsp;""}, {""city"": ""CHENNAI-KILAMBAKKAM-KCBT"", ""landmark"": ""CHENNAI KALAIGNAR CBT"", ""time"": ""23:15""}, {""city"": ""TRICHY"", ""landmark"": ""TRICHY KKBT"", ""time"": ""06:15""}]",2026-01-13T17:54:44.239933
2315KCBTRIAB,,SETC,CHENNAI,TRICHY,,,6.15Hrs,37 Seats Available,Standard,Rs 405/622,16/01/2026,"[{""city"": ""&nbsp;"", ""landmark"": """", ""time"": ""Service&nbsp;Details""}, {""city"": ""2315KCBTRIAB"", ""landmark"": ""Route&nbsp;No.&nbsp;:"", ""time"": ""123AB""}, {""city"": ""CHENNAI-KILAMBAKKAM-KCBT"", ""landmark"": ""To&nbsp;Place&nbsp;:"", ""time"": ""TRICHY""}, {""city"": ""16/01/2026"", ""landmark"": ""Journey&nbsp;Hours&nbsp;*:"", ""time"": ""6:15""}, {""city"": ""308.00"", ""landmark"": ""Corporation&nbsp;:"", ""time"": ""SETC""}, {""city"": ""&nbsp;"", ""landmark"": ""Adult&nbsp;Fare&nbsp;**"", ""time"": ""405""}, {""city"": ""City"", ""landmark"": ""Land&nbsp;Mark&nbsp;"", ""time"": ""Dep.&nbsp;Time&nbsp;""}, {""city"": ""CHENNAI-KILAMBAKKAM-KCBT"", ""landmark"": ""CHENNAI KALAIGNAR CBT"", ""time"": ""23:15""}, {""city"": ""CHENNAI-KILAMBAKKAM-KCBT"", ""landmark"": ""GUDUVANCHERY"", ""time"": ""23:20""}, {""city"": ""CHENNAI-KILAMBAKKAM-KCBT"", ""landmark"": ""SRM UNIVERSITY"", ""time"": ""23:25""}, {""city"": ""CHENNAI-KILAMBAKKAM-KCBT"", ""landmark"": ""SINGAPERUMAL KOIL"", ""time"": ""23:30""}, {""city"": ""TRICHY"", ""landmark"": ""TRICHY KKBT"", ""time"": ""05:30""}]",2026-01-13T17:54:44.239933
2315KCBTRIAB,,SETC,CHENNAI,TRICHY,,,6.15Hrs,37 Seats Available,Standard,Rs 405/622,16/01/2026,"[{""city"": ""&nbsp;"", ""landmark"": """", ""time"": ""Service&nbsp;Details""}, {""city"": ""2315KCBTRIAB"", ""landmark"": ""Route&nbsp;No.&nbsp;:"", ""time"": ""123AB""}, {""city"": ""CHENNAI-KILAMBAKKAM-KCBT"", ""landmark"": ""To&nbsp;Place&nbsp;:"", ""time"": ""TRICHY""}, {""city"": ""16/01/2026"", ""landmark"": ""Journey&nbsp;Hours&nbsp;*:"", ""time"": ""6:15""}, {""city"": ""308.00"", ""landmark"": ""Corporation&nbsp;:"", ""time"": ""SETC""}, {""city"": ""&nbsp;"", ""landmark"": ""Adult&nbsp;Fare&nbsp;**"", ""time"": ""405""}, {""city"": ""City"", ""landmark"": ""Land&nbsp;Mark&nbsp;"", ""time"": ""Dep.&nbsp;Time&nbsp;""}, {""city"": ""CHENNAI-KILAMBAKKAM-KCBT"", ""landmark"": ""CHENNAI KALAIGNAR CBT"", ""time"": ""23:15""}, {""city"": ""CHENNAI-KILAMBAKKAM-KCBT"", ""landmark"": ""GUDUVANCHERY"", ""time"": ""23:20""}, {""city"": ""CHENNAI-KILAMBAKKAM-KCBT"", ""landmark"": ""SRM UNIVERSITY"", ""time"": ""23:25""}, {""city"": ""CHENNAI-KILAMBAKKAM-KCBT"", ""landmark"": ""SINGAPERUMAL KOIL"", ""time"": ""23:30""}, {""city"": ""TRICHY"", ""landmark"": ""TRICHY KKBT"", ""time"": ""05:30""}]",2026-01-13T17:54:44.239933
2325KCBTRIAB,,SETC,CHENNAI,TRICHY,,,6.15Hrs,37 Seats Available,Standard,Rs 405/622,16/01/2026,"[{""city"": ""&nbsp;"", ""landmark"": """", ""time"": ""Service&nbsp;Details""}, {""city"": ""2325KCBTRIAB"", ""landmark"": ""Route&nbsp;No.&nbsp;:"", ""time"": ""123AB""}, {""city"": ""CHENNAI-KILAMBAKKAM-KCBT"", ""landmark"": ""To&nbsp;Place&nbsp;:"", ""time"": ""TRICHY""}, {""city"": ""16/01/2026"", ""landmark"": ""Journey&nbsp;Hours&nbsp;*:"", ""time"": ""6:15""}, {""city"": ""308.00"", ""landmark"": ""Corporation&nbsp;:"", ""time"": ""SETC""}, {""city"": ""&nbsp;"", ""landmark"": ""Adult&nbsp;Fare&nbsp;**"", ""time"": ""405""}, {""city"": ""City"", ""landmark"": ""Land&nbsp;Mark&nbsp;"", ""time"": ""Dep.&nbsp;Time&nbsp;""}, {""city"": ""CHENNAI-KILAMBAKKAM-KCBT"", ""landmark"": ""CHENNAI KALAIGNAR CBT"", ""time"": ""23:25""}, {""city"": ""CHENNAI-KILAMBAKKAM-KCBT"", ""landmark"": ""GUDUVANCHERY"", ""time"": ""23:30""}, {""city"": ""CHENNAI-KILAMBAKKAM-KCBT"", ""landmark"": ""SRM UNIVERSITY"", ""time"": ""23:35""}, {""city"": ""CHENNAI-KILAMBAKKAM-KCBT"", ""landmark"": ""MARAIMALAI NAGAR BUSSTOP"", ""time"": ""23:40""}, {""city"": ""CHENNAI-KILAMBAKKAM-KCBT"", ""landmark"": ""SINGAPERUMAL KOIL"", ""time"": ""23:45""}, {""city"": ""TRICHY"", ""landmark"": ""TRICHY KKBT"", ""time"": ""05:40""}]",2026-01-13T17:54:44.239933
2325KCBTRIAB,,SETC,CHENNAI,TRICHY,,,6.15Hrs,37 Seats Available,Standard,Rs 405/622,16/01/2026,"[{""city"": ""&nbsp;"", ""landmark"": """", ""time"": ""Service&nbsp;Details""}, {""city"": ""2325KCBTRIAB"", ""landmark"": ""Route&nbsp;No.&nbsp;:"", ""time"": ""123AB""}, {""city"": ""CHENNAI-KILAMBAKKAM-KCBT"", ""landmark"": ""To&nbsp;Place&nbsp;:"", ""time"": ""TRICHY""}, {""city"": ""16/01/2026"", ""landmark"": ""Journey&nbsp;Hours&nbsp;*:"", ""time"": ""6:15""}, {""city"": ""308.00"", ""landmark"": ""Corporation&nbsp;:"", ""time"": ""SETC""}, {""city"": ""&nbsp;"", ""landmark"": ""Adult&nbsp;Fare&nbsp;**"", ""time"": ""405""}, {""city"": ""City"", ""landmark"": ""Land&nbsp;Mark&nbsp;"", ""time"": ""Dep.&nbsp;Time&nbsp;""}, {""city"": ""CHENNAI-KILAMBAKKAM-KCBT"", ""landmark"": ""CHENNAI KALAIGNAR CBT"", ""time"": ""23:25""}, {""city"": ""CHENNAI-KILAMBAKKAM-KCBT"", ""landmark"": ""GUDUVANCHERY"", ""time"": ""23:30""}, {""city"": ""CHENNAI-KILAMBAKKAM-KCBT"", ""landmark"": ""SRM UNIVERSITY"", ""time"": ""23:35""}, {""city"": ""CHENNAI-KILAMBAKKAM-KCBT"", ""landmark"": ""MARAIMALAI NAGAR BUSSTOP"", ""time"": ""23:40""}, {""city"": ""CHENNAI-KILAMBAKKAM-KCBT"", ""landmark"": ""SINGAPERUMAL KOIL"", ""time"": ""23:45""}, {""city"": ""TRICHY"", ""landmark"": ""TRICHY KKBT"", ""time"": ""05:40""}]",2026-01-13T17:54:44.239933
2330KCBTRIAB,,SETC,CHENNAI,TRICHY,,,6.15Hrs,37 Seats Available,Standard,Rs 405/622,16/01/2026,"[{""city"": ""&nbsp;"", ""landmark"": """", ""time"": ""Service&nbsp;Details""}, {""city"": ""2330KCBTRIAB"", ""landmark"": ""Route&nbsp;No.&nbsp;:"", ""time"": ""123AB""}, {""city"": ""CHENNAI-KILAMBAKKAM-KCBT"", ""landmark"": ""To&nbsp;Place&nbsp;:"", ""time"": ""TRICHY""}, {""city"": ""16/01/2026"", ""landmark"": ""Journey&nbsp;Hours&nbsp;*:"", ""time"": ""6:15""}, {""city"": ""308.00"", ""landmark"": ""Corporation&nbsp;:"", ""time"": ""SETC""}, {""city"": ""&nbsp;"", ""landmark"": ""Adult&nbsp;Fare&nbsp;**"", ""time"": ""405""}, {""city"": ""City"", ""landmark"": ""Land&nbsp;Mark&nbsp;"", ""time"": ""Dep.&nbsp;Time&nbsp;""}, {""city"": ""CHENNAI-KILAMBAKKAM-KCBT"", ""landmark"": ""CHENNAI KALAIGNAR CBT"", ""time"": ""23:30""}, {""city"": ""CHENNAI-KILAMBAKKAM-KCBT"", ""landmark"": ""GUDUVANCHERY"", ""time"": ""23:35""}, {""city"": ""CHENNAI-KILAMBAKKAM-KCBT"", ""landmark"": ""SRM UNIVERSITY"", ""time"": ""23:40""}, {""city"": ""CHENNAI-KILAMBAKKAM-KCBT"", ""landmark"": ""SINGAPERUMAL KOIL"", ""time"": ""23:50""}, {""city"": ""TRICHY"", ""landmark"": ""TRICHY KKBT"", ""time"": ""05:45""}]",2026-01-13T17:54:44.239933
2330KCBTRIAB,,SETC,CHENNAI,TRICHY,,,6.15Hrs,37 Seats Available,Standard,Rs 405/622,16/01/2026,"[{""city"": ""&nbsp;"", ""landmark"": """", ""time"": ""Service&nbsp;Details""}, {""city"": ""2330KCBTRIAB"", ""landmark"": ""Route&nbsp;No.&nbsp;:"", ""time"": ""123AB""}, {""city"": ""CHENNAI-KILAMBAKKAM-KCBT"", ""landmark"": ""To&nbsp;Place&nbsp;:"", ""time"": ""TRICHY""}, {""city"": ""16/01/2026"", ""landmark"": ""Journey&nbsp;Hours&nbsp;*:"", ""time"": ""6:15""}, {""city"": ""308.00"", ""landmark"": ""Corporation&nbsp;:"", ""time"": ""SETC""}, {""city"": ""&nbsp;"", ""landmark"": ""Adult&nbsp;Fare&nbsp;**"", ""time"": ""405""}, {""city"": ""City"", ""landmark"": ""Land&nbsp;Mark&nbsp;"", ""time"": ""Dep.&nbsp;Time&nbsp;""}, {""city"": ""CHENNAI-KILAMBAKKAM-KCBT"", ""landmark"": ""CHENNAI KALAIGNAR CBT"", ""time"": ""23:30""}, {""city"": ""CHENNAI-KILAMBAKKAM-KCBT"", ""landmark"": ""GUDUVANCHERY"", ""time"": ""23:35""}, {""city"": ""CHENNAI-KILAMBAKKAM-KCBT"", ""landmark"": ""SRM UNIVERSITY"", ""time"": ""23:40""}, {""city"": ""CHENNAI-KILAMBAKKAM-KCBT"", ""landmark"": ""SINGAPERUMAL KOIL"", ""time"": ""23:50""}, {""city"": ""TRICHY"", ""landmark"": ""TRICHY KKBT"", ""time"": ""05:45""}]",2026-01-13T17:54:44.239933
2330KCBTRIKK01L,,SETC,CHENNAI,TRICHY,,,7.00Hrs,45 Seats Available,Standard,Rs 269,16/01/2026,"[{""city"": ""&nbsp;"", ""landmark"": """", ""time"": ""Service&nbsp;Details""}, {""city"": ""2330KCBTRIKK01L"", ""landmark"": ""Route&nbsp;No.&nbsp;:"", ""time"": ""501AC""}, {""city"": ""CHENNAI-KILAMBAKKAM-KCBT"", ""landmark"": ""To&nbsp;Place&nbsp;:"", ""time"": ""TRICHY""}, {""city"": ""16/01/2026"", ""landmark"": ""Journey&nbsp;Hours&nbsp;*:"", ""time"": ""7:00""}, {""city"": ""311.00"", ""landmark"": ""Corporation&nbsp;:"", ""time"": ""KUMBAKONAM""}, {""city"": ""&nbsp;"", ""landmark"": ""Adult&nbsp;Fare&nbsp;**"", ""time"": ""269""}, {""city"": ""City"", ""landmark"": ""Land&nbsp;Mark&nbsp;"", ""time"": ""Dep.&nbsp;Time&nbsp;""}, {""city"": ""CHENNAI-KILAMBAKKAM-KCBT"", ""landmark"": ""CHENNAI KALAIGNAR CBT"", ""time"": ""23:30""}, {""city"": ""TRICHY"", ""landmark"": ""TRICHY KKBT"", ""time"": ""06:30""}]",2026-01-13T17:54:44.239933
2330KCBTRIKK01L,,SETC,CHENNAI,TRICHY,,,7.00Hrs,45 Seats Available,Standard,Rs 269,16/01/2026,"[{""city"": ""&nbsp;"", ""landmark"": """", ""time"": ""Service&nbsp;Details""}, {""city"": ""2330KCBTRIKK01L"", ""landmark"": ""Route&nbsp;No.&nbsp;:"", ""time"": ""501AC""}, {""city"": ""CHENNAI-KILAMBAKKAM-KCBT"", ""landmark"": ""To&nbsp;Place&nbsp;:"", ""time"": ""TRICHY""}, {""city"": ""16/01/2026"", ""landmark"": ""Journey&nbsp;Hours&nbsp;*:"", ""time"": ""7:00""}, {""city"": ""311.00"", ""landmark"": ""Corporation&nbsp;:"", ""time"": ""KUMBAKONAM""}, {""city"": ""&nbsp;"", ""landmark"": ""Adult&nbsp;Fare&nbsp;**"", ""time"": ""269""}, {""city"": ""City"", ""landmark"": ""Land&nbsp;Mark&nbsp;"", ""time"": ""Dep.&nbsp;Time&nbsp;""}, {""city"": ""CHENNAI-KILAMBAKKAM-KCBT"", ""landmark"": ""CHENNAI KALAIGNAR CBT"", ""time"": ""23:30""}, {""city"": ""TRICHY"", ""landmark"": ""TRICHY KKBT"", ""time"": ""06:30""}]",2026-01-13T17:54:44.239933
2340KCBTRILB,,SETC,CHENNAI,TRICHY,,,6.15Hrs,30 Seats Available,Standard,Rs 313/482,16/01/2026,"[{""city"": ""&nbsp;"", ""landmark"": """", ""time"": ""Service&nbsp;Details""}, {""city"": ""2340KCBTRILB"", ""landmark"": ""Route&nbsp;No.&nbsp;:"", ""time"": ""123LB""}, {""city"": ""CHENNAI-KILAMBAKKAM-KCBT"", ""landmark"": ""To&nbsp;Place&nbsp;:"", ""time"": ""TRICHY""}, {""city"": ""16/01/2026"", ""landmark"": ""Journey&nbsp;Hours&nbsp;*:"", ""time"": ""6:15""}, {""city"": ""308.00"", ""landmark"": ""Corporation&nbsp;:"", ""time"": ""SETC""}, {""city"": ""&nbsp;"", ""landmark"": ""Adult&nbsp;Fare&nbsp;**"", ""time"": ""313""}, {""city"": ""City"", ""landmark"": ""Land&nbsp;Mark&nbsp;"", ""time"": ""Dep.&nbsp;Time&nbsp;""}, {""city"": ""CHENNAI-KILAMBAKKAM-KCBT"", ""landmark"": ""CHENNAI KALAIGNAR CBT"", ""time"": ""23:40""}, {""city"": ""CHENNAI-KILAMBAKKAM-KCBT"", ""landmark"": ""GUDUVANCHERY"", ""time"": ""23:45""}, {""city"": ""CHENNAI-KILAMBAKKAM-KCBT"", ""landmark"": ""SRM UNIVERSITY"", ""time"": ""23:50""}, {""city"": ""CHENNAI-KILAMBAKKAM-KCBT"", ""landmark"": ""SINGAPERUMAL KOIL"", ""time"": ""00:00""}, {""city"": ""TRICHY"", ""landmark"": ""TRICHY KKBT"", ""time"": ""05:55""}]",2026-01-13T17:54:44.239933
2340KCBTRILB,,SETC,CHENNAI,TRICHY,,,6.15Hrs,30 Seats Available,Standard,Rs 313/482,16/01/2026,"[{""city"": ""&nbsp;"", ""landmark"": """", ""time"": ""Service&nbsp;Details""}, {""city"": ""2340KCBTRILB"", ""landmark"": ""Route&nbsp;No.&nbsp;:"", ""time"": ""123LB""}, {""city"": ""CHENNAI-KILAMBAKKAM-KCBT"", ""landmark"": ""To&nbsp;Place&nbsp;:"", ""time"": ""TRICHY""}, {""city"": ""16/01/2026"", ""landmark"": ""Journey&nbsp;Hours&nbsp;*:"", ""time"": ""6:15""}, {""city"": ""308.00"", ""landmark"": ""Corporation&nbsp;:"", ""time"": ""SETC""}, {""city"": ""&nbsp;"", ""landmark"": ""Adult&nbsp;Fare&nbsp;**"", ""time"": ""313""}, {""city"": ""City"", ""landmark"": ""Land&nbsp;Mark&nbsp;"", ""time"": ""Dep.&nbsp;Time&nbsp;""}, {""city"": ""CHENNAI-KILAMBAKKAM-KCBT"", ""landmark"": ""CHENNAI KALAIGNAR CBT"", ""time"": ""23:40""}, {""city"": ""CHENNAI-KILAMBAKKAM-KCBT"", ""landmark"": ""GUDUVANCHERY"", ""time"": ""23:45""}, {""city"": ""CHENNAI-KILAMBAKKAM-KCBT"", ""landmark"": ""SRM UNIVERSITY"", ""time"": ""23:50""}, {""city"": ""CHENNAI-KILAMBAKKAM-KCBT"", ""landmark"": ""SINGAPERUMAL KOIL"", ""time"": ""00:00""}, {""city"": ""TRICHY"", ""landmark"": ""TRICHY KKBT"", ""time"": ""05:55""}]",2026-01-13T17:54:44.239933
2345KCBTRIKK01L,,SETC,CHENNAI,TRICHY,,,7.00Hrs,45 Seats Available,Standard,Rs 269,16/01/2026,"[{""city"": ""&nbsp;"", ""landmark"": """", ""time"": ""Service&nbsp;Details""}, {""city"": ""2345KCBTRIKK01L"", ""landmark"": ""Route&nbsp;No.&nbsp;:"", ""time"": ""508D""}, {""city"": ""CHENNAI-KILAMBAKKAM-KCBT"", ""landmark"": ""To&nbsp;Place&nbsp;:"", ""time"": ""TRICHY""}, {""city"": ""16/01/2026"", ""landmark"": ""Journey&nbsp;Hours&nbsp;*:"", ""time"": ""7:00""}, {""city"": ""311.00"", ""landmark"": ""Corporation&nbsp;:"", ""time"": ""KUMBAKONAM""}, {""city"": ""&nbsp;"", ""landmark"": ""Adult&nbsp;Fare&nbsp;**"", ""time"": ""269""}, {""city"": ""City"", ""landmark"": ""Land&nbsp;Mark&nbsp;"", ""time"": ""Dep.&nbsp;Time&nbsp;""}, {""city"": ""CHENNAI-KILAMBAKKAM-KCBT"", ""landmark"": ""CHENNAI KALAIGNAR CBT"", ""time"": ""23:45""}, {""city"": ""TRICHY"", ""landmark"": ""TRICHY KKBT"", ""time"": ""06:45""}]",2026-01-13T17:54:44.239933
2345KCBTRIKK01L,,SETC,CHENNAI,TRICHY,,,7.00Hrs,45 Seats Available,Standard,Rs 269,16/01/2026,"[{""city"": ""&nbsp;"", ""landmark"": """", ""time"": ""Service&nbsp;Details""}, {""city"": ""2345KCBTRIKK01L"", ""landmark"": ""Route&nbsp;No.&nbsp;:"", ""time"": ""508D""}, {""city"": ""CHENNAI-KILAMBAKKAM-KCBT"", ""landmark"": ""To&nbsp;Place&nbsp;:"", ""time"": ""TRICHY""}, {""city"": ""16/01/2026"", ""landmark"": ""Journey&nbsp;Hours&nbsp;*:"", ""time"": ""7:00""}, {""city"": ""311.00"", ""landmark"": ""Corporation&nbsp;:"", ""time"": ""KUMBAKONAM""}, {""city"": ""&nbsp;"", ""landmark"": ""Adult&nbsp;Fare&nbsp;**"", ""time"": ""269""}, {""city"": ""City"", ""landmark"": ""Land&nbsp;Mark&nbsp;"", ""time"": ""Dep.&nbsp;Time&nbsp;""}, {""city"": ""CHENNAI-KILAMBAKKAM-KCBT"", ""landmark"": ""CHENNAI KALAIGNAR CBT"", ""time"": ""23:45""}, {""city"": ""TRICHY"", ""landmark"": ""TRICHY KKBT"", ""time"": ""06:45""}]",2026-01-13T17:54:44.239933
2345KCBTRIAL,,SETC,CHENNAI,TRICHY,,,6.15Hrs,33 Seats Available,Standard,Rs 405/622,16/01/2026,"[{""city"": ""&nbsp;"", ""landmark"": """", ""time"": ""Service&nbsp;Details""}, {""city"": ""2345KCBTRIAL"", ""landmark"": ""Route&nbsp;No.&nbsp;:"", ""time"": ""123AL""}, {""city"": ""CHENNAI-KILAMBAKKAM-KCBT"", ""landmark"": ""To&nbsp;Place&nbsp;:"", ""time"": ""TRICHY""}, {""city"": ""16/01/2026"", ""landmark"": ""Journey&nbsp;Hours&nbsp;*:"", ""time"": ""6:15""}, {""city"": ""314.00"", ""landmark"": ""Corporation&nbsp;:"", ""time"": ""SETC""}, {""city"": ""&nbsp;"", ""landmark"": ""Adult&nbsp;Fare&nbsp;**"", ""time"": ""405""}, {""city"": ""City"", ""landmark"": ""Land&nbsp;Mark&nbsp;"", ""time"": ""Dep.&nbsp;Time&nbsp;""}, {""city"": ""CHENNAI-KILAMBAKKAM-KCBT"", ""landmark"": ""CHENNAI KALAIGNAR CBT"", ""time"": ""23:45""}, {""city"": ""CHENNAI-KILAMBAKKAM-KCBT"", ""landmark"": ""GUDUVANCHERY"", ""time"": ""23:50""}, {""city"": ""CHENNAI-KILAMBAKKAM-KCBT"", ""landmark"": ""SRM UNIVERSITY"", ""time"": ""23:55""}, {""city"": ""CHENNAI-KILAMBAKKAM-KCBT"", ""landmark"": ""MARAIMALAI NAGAR BUSSTOP"", ""time"": ""00:00""}, {""city"": ""CHENNAI-KILAMBAKKAM-KCBT"", ""landmark"": ""SINGAPERUMAL KOIL"", ""time"": ""00:05""}, {""city"": ""CHENNAI-KILAMBAKKAM-KCBT"", ""landmark"": ""MAHINDRA CITY"", ""time"": ""00:25""}, {""city"": ""CHENNAI-KILAMBAKKAM-KCBT"", ""landmark"": ""CHENGALPATTU TOLL"", ""time"": ""00:35""}, {""city"": ""CHENNAI-KILAMBAKKAM-KCBT"", ""landmark"": ""CHENGALPATTU BYPASS"", ""time"": ""00:45""}, {""city"": ""CHENNAI-KILAMBAKKAM-KCBT"", ""landmark"": ""MELMARUVATHUR BUS STOP"", ""time"": ""01:15""}, {""city"": ""CHENNAI-KILAMBAKKAM-KCBT"", ""landmark"": ""TINDIVANAM"", ""time"": ""01:50""}, {""city"": ""TRICHY"", ""landmark"": ""TRICHY KKBT"", ""time"": ""06:00""}]",2026-01-13T17:54:44.239933
2345KCBTRIAL,,SETC,CHENNAI,TRICHY,,,6.15Hrs,33 Seats Available,Standard,Rs 405/622,16/01/2026,"[{""city"": ""&nbsp;"", ""landmark"": """", ""time"": ""Service&nbsp;Details""}, {""city"": ""2345KCBTRIAL"", ""landmark"": ""Route&nbsp;No.&nbsp;:"", ""time"": ""123AL""}, {""city"": ""CHENNAI-KILAMBAKKAM-KCBT"", ""landmark"": ""To&nbsp;Place&nbsp;:"", ""time"": ""TRICHY""}, {""city"": ""16/01/2026"", ""landmark"": ""Journey&nbsp;Hours&nbsp;*:"", ""time"": ""6:15""}, {""city"": ""314.00"", ""landmark"": ""Corporation&nbsp;:"", ""time"": ""SETC""}, {""city"": ""&nbsp;"", ""landmark"": ""Adult&nbsp;Fare&nbsp;**"", ""time"": ""405""}, {""city"": ""City"", ""landmark"": ""Land&nbsp;Mark&nbsp;"", ""time"": ""Dep.&nbsp;Time&nbsp;""}, {""city"": ""CHENNAI-KILAMBAKKAM-KCBT"", ""landmark"": ""CHENNAI KALAIGNAR CBT"", ""time"": ""23:45""}, {""city"": ""CHENNAI-KILAMBAKKAM-KCBT"", ""landmark"": ""GUDUVANCHERY"", ""time"": ""23:50""}, {""city"": ""CHENNAI-KILAMBAKKAM-KCBT"", ""landmark"": ""SRM UNIVERSITY"", ""time"": ""23:55""}, {""city"": ""CHENNAI-KILAMBAKKAM-KCBT"", ""landmark"": ""MARAIMALAI NAGAR BUSSTOP"", ""time"": ""00:00""}, {""city"": ""CHENNAI-KILAMBAKKAM-KCBT"", ""landmark"": ""SINGAPERUMAL KOIL"", ""time"": ""00:05""}, {""city"": ""CHENNAI-KILAMBAKKAM-KCBT"", ""landmark"": ""MAHINDRA CITY"", ""time"": ""00:25""}, {""city"": ""CHENNAI-KILAMBAKKAM-KCBT"", ""landmark"": ""CHENGALPATTU TOLL"", ""time"": ""00:35""}, {""city"": ""CHENNAI-KILAMBAKKAM-KCBT"", ""landmark"": ""CHENGALPATTU BYPASS"", ""time"": ""00:45""}, {""city"": ""CHENNAI-KILAMBAKKAM-KCBT"", ""landmark"": ""MELMARUVATHUR BUS STOP"", ""time"": ""01:15""}, {""city"": ""CHENNAI-KILAMBAKKAM-KCBT"", ""landmark"": ""TINDIVANAM"", ""time"": ""01:50""}, {""city"": ""TRICHY"", ""landmark"": ""TRICHY KKBT"", ""time"": ""06:00""}]",2026-01-13T17:54:44.239933
2350KCBTRIAB,,SETC,CHENNAI,TRICHY,,,6.15Hrs,36 Seats Available,Standard,Rs 405/622,16/01/2026,"[{""city"": ""&nbsp;"", ""landmark"": """", ""time"": ""Service&nbsp;Details""}, {""city"": ""2350KCBTRIAB"", ""landmark"": ""Route&nbsp;No.&nbsp;:"", ""time"": ""123AB""}, {""city"": ""CHENNAI-KILAMBAKKAM-KCBT"", ""landmark"": ""To&nbsp;Place&nbsp;:"", ""time"": ""TRICHY""}, {""city"": ""16/01/2026"", ""landmark"": ""Journey&nbsp;Hours&nbsp;*:"", ""time"": ""6:15""}, {""city"": ""308.00"", ""landmark"": ""Corporation&nbsp;:"", ""time"": ""SETC""}, {""city"": ""&nbsp;"", ""landmark"": ""Adult&nbsp;Fare&nbsp;**"", ""time"": ""405""}, {""city"": ""City"", ""landmark"": ""Land&nbsp;Mark&nbsp;"", ""time"": ""Dep.&nbsp;Time&nbsp;""}, {""city"": ""CHENNAI-KILAMBAKKAM-KCBT"", ""landmark"": ""CHENNAI KALAIGNAR CBT"", ""time"": ""23:50""}, {""city"": ""CHENNAI-KILAMBAKKAM-KCBT"", ""landmark"": ""SINGAPERUMAL KOIL"", ""time"": ""00:10""}, {""city"": ""TRICHY"", ""landmark"": ""TRICHY KKBT"", ""time"": ""06:05""}]",2026-01-13T17:54:44.239933
2350KCBTRIAB,,SETC,CHENNAI,TRICHY,,,6.15Hrs,36 Seats Available,Standard,Rs 405/622,16/01/2026,"[{""city"": ""&nbsp;"", ""landmark"": """", ""time"": ""Service&nbsp;Details""}, {""city"": ""2350KCBTRIAB"", ""landmark"": ""Route&nbsp;No.&nbsp;:"", ""time"": ""123AB""}, {""city"": ""CHENNAI-KILAMBAKKAM-KCBT"", ""landmark"": ""To&nbsp;Place&nbsp;:"", ""time"": ""TRICHY""}, {""city"": ""16/01/2026"", ""landmark"": ""Journey&nbsp;Hours&nbsp;*:"", ""time"": ""6:15""}, {""city"": ""308.00"", ""landmark"": ""Corporation&nbsp;:"", ""time"": ""SETC""}, {""city"": ""&nbsp;"", ""landmark"": ""Adult&nbsp;Fare&nbsp;**"", ""time"": ""405""}, {""city"": ""City"", ""landmark"": ""Land&nbsp;Mark&nbsp;"", ""time"": ""Dep.&nbsp;Time&nbsp;""}, {""city"": ""CHENNAI-KILAMBAKKAM-KCBT"", ""landmark"": ""CHENNAI KALAIGNAR CBT"", ""time"": ""23:50""}, {""city"": ""CHENNAI-KILAMBAKKAM-KCBT"", ""landmark"": ""SINGAPERUMAL KOIL"", ""time"": ""00:10""}, {""city"": ""TRICHY"", ""landmark"": ""TRICHY KKBT"", ""time"": ""06:05""}]",2026-01-13T17:54:44.239933
2359KCBTRIAB,,SETC,CHENNAI,TRICHY,,,6.15Hrs,37 Seats Available,Standard,Rs 405/622,16/01/2026,"[{""city"": ""&nbsp;"", ""landmark"": """", ""time"": ""Service&nbsp;Details""}, {""city"": ""2359KCBTRIAB"", ""landmark"": ""Route&nbsp;No.&nbsp;:"", ""time"": ""123AB""}, {""city"": ""CHENNAI-KILAMBAKKAM-KCBT"", ""landmark"": ""To&nbsp;Place&nbsp;:"", ""time"": ""TRICHY""}, {""city"": ""16/01/2026"", ""landmark"": ""Journey&nbsp;Hours&nbsp;*:"", ""time"": ""6:15""}, {""city"": ""308.00"", ""landmark"": ""Corporation&nbsp;:"", ""time"": ""SETC""}, {""city"": ""&nbsp;"", ""landmark"": ""Adult&nbsp;Fare&nbsp;**"", ""time"": ""405""}, {""city"": ""City"", ""landmark"": ""Land&nbsp;Mark&nbsp;"", ""time"": ""Dep.&nbsp;Time&nbsp;""}, {""city"": ""CHENNAI-KILAMBAKKAM-KCBT"", ""landmark"": ""CHENNAI KALAIGNAR CBT"", ""time"": ""23:59""}, {""city"": ""CHENNAI-KILAMBAKKAM-KCBT"", ""landmark"": ""SINGAPERUMAL KOIL"", ""time"": ""00:20""}, {""city"": ""TRICHY"", ""landmark"": ""TRICHY KKBT"", ""time"": ""06:14""}]",2026-01-13T17:54:44.239933
2359KCBTRIAB,,SETC,CHENNAI,TRICHY,,,6.15Hrs,37 Seats Available,Standard,Rs 405/622,16/01/2026,"[{""city"": ""&nbsp;"", ""landmark"": """", ""time"": ""Service&nbsp;Details""}, {""city"": ""2359KCBTRIAB"", ""landmark"": ""Route&nbsp;No.&nbsp;:"", ""time"": ""123AB""}, {""city"": ""CHENNAI-KILAMBAKKAM-KCBT"", ""landmark"": ""To&nbsp;Place&nbsp;:"", ""time"": ""TRICHY""}, {""city"": ""16/01/2026"", ""landmark"": ""Journey&nbsp;Hours&nbsp;*:"", ""time"": ""6:15""}, {""city"": ""308.00"", ""landmark"": ""Corporation&nbsp;:"", ""time"": ""SETC""}, {""city"": ""&nbsp;"", ""landmark"": ""Adult&nbsp;Fare&nbsp;**"", ""time"": ""405""}, {""city"": ""City"", ""landmark"": ""Land&nbsp;Mark&nbsp;"", ""time"": ""Dep.&nbsp;Time&nbsp;""}, {""city"": ""CHENNAI-KILAMBAKKAM-KCBT"", ""landmark"": ""CHENNAI KALAIGNAR CBT"", ""time"": ""23:59""}, {""city"": ""CHENNAI-KILAMBAKKAM-KCBT"", ""landmark"": ""SINGAPERUMAL KOIL"", ""time"": ""00:20""}, {""city"": ""TRICHY"", ""landmark"": ""TRICHY KKBT"", ""time"": ""06:14""}]",2026-01-13T17:54:44.239933
