service_code,route_number,corporation,origin,destination,departure_time,arrival_time,duration,available_seats,bus_type,fare,journey_date,stops_json,scraped_at
0010SALKCBDD01L,,SETC,SALEM,CHENNAI,,,7.00Hrs,45 Seats Available,Standard,Rs 274,16/01/2026,"[{""city"": ""&nbsp;"", ""landmark"": """", ""time"": ""Service&nbsp;Details""}, {""city"": ""0010SALKCBDD01L"", ""landmark"": ""Route&nbsp;No.&nbsp;:"", ""time"": ""175M""}, {""city"": ""SALEM"", ""landmark"": ""To&nbsp;Place&nbsp;:"", ""time"": ""CHENNAI-KILAMBAKKAM-KCBT""}, {""city"": ""16/01/2026"", ""landmark"": ""Journey&nbsp;Hours&nbsp;*:"", ""time"": ""7:00""}, {""city"": ""317.00"", ""landmark"": ""Corporation&nbsp;:"", ""time"": ""SALEM""}, {""city"": ""&nbsp;"", ""landmark"": ""Adult&nbsp;Fare&nbsp;**"", ""time"": ""274""}, {""city"": ""City"", ""landmark"": ""Land&nbsp;Mark&nbsp;"", ""time"": ""Dep.&nbsp;Time&nbsp;""}, {""city"": ""SALEM"", ""landmark"": ""SALEM"", ""time"": ""00:10""}, {""city"": ""CHENNAI-KILAMBAKKAM-KCBT"", ""landmark"": ""CHENNAI KALAIGNAR CBT"", ""time"": ""07:10""}]",2026-01-13T18:16:06.601076
0010SALKCBDD01L,,SETC,SALEM,CHENNAI,,,7.00Hrs,45 Seats Available,Standard,Rs 274,16/01/2026,"[{""city"": ""&nbsp;"", ""landmark"": """", ""time"": ""Service&nbsp;Details""}, {""city"": ""0010SALKCBDD01L"", ""landmark"": ""Route&nbsp;No.&nbsp;:"", ""time"": ""175M""}, {""city"": ""SALEM"", ""landmark"": ""To&nbsp;Place&nbsp;:"", ""time"": ""CHENNAI-KILAMBAKKAM-KCBT""}, {""city"": ""16/01/2026"", ""landmark"": ""Journey&nbsp;Hours&nbsp;*:"", ""time"": ""7:00""}, {""city"": ""317.00"", ""landmark"": ""Corporation&nbsp;:"", ""time"": ""SALEM""}, {""city"": ""&nbsp;"", ""landmark"": ""Adult&nbsp;Fare&nbsp;**"", ""time"": ""274""}, {""city"": ""City"", ""landmark"": ""Land&nbsp;Mark&nbsp;"", ""time"": ""Dep.&nbsp;Time&nbsp;""}, {""city"": ""SALEM"", ""landmark"": ""SALEM"", ""time"": ""00:10""}, {""city"": ""CHENNAI-KILAMBAKKAM-KCBT"", ""landmark"": ""CHENNAI KALAIGNAR CBT"", ""time"": ""07:10""}]",2026-01-13T18:16:06.601076
0030SALKCBDD01L,,SETC,SALEM,CHENNAI,,,7.00Hrs,45 Seats Available,Standard,Rs 274,16/01/2026,"[{""city"": ""&nbsp;"", ""landmark"": """", ""time"": ""Service&nbsp;Details""}, {""city"": ""0030SALKCBDD01L"", ""landmark"": ""Route&nbsp;No.&nbsp;:"", ""time"": ""175N""}, {""city"": ""SALEM"", ""landmark"": ""To&nbsp;Place&nbsp;:"", ""time"": ""CHENNAI-KILAMBAKKAM-KCBT""}, {""city"": ""16/01/2026"", ""landmark"": ""Journey&nbsp;Hours&nbsp;*:"", ""time"": ""7:00""}, {""city"": ""317.00"", ""landmark"": ""Corporation&nbsp;:"", ""time"": ""SALEM""}, {""city"": ""&nbsp;"", ""landmark"": ""Adult&nbsp;Fare&nbsp;**"", ""time"": ""274""}, {""city"": ""City"", ""landmark"": ""Land&nbsp;Mark&nbsp;"", ""time"": ""Dep.&nbsp;Time&nbsp;""}, {""city"": ""SALEM"", ""landmark"": ""SALEM"", ""time"": ""00:30""}, {""city"": ""CHENNAI-KILAMBAKKAM-KCBT"", ""landmark"": ""CHENNAI KALAIGNAR CBT"", ""time"": ""07:30""}]",2026-01-13T18:16:06.601076
0030SALKCBDD01L,,SETC,SALEM,CHENNAI,,,7.00Hrs,45 Seats Available,Standard,Rs 274,16/01/2026,"[{""city"": ""&nbsp;"", ""landmark"": """", ""time"": ""Service&nbsp;Details""}, {""city"": ""0030SALKCBDD01L"", ""landmark"": ""Route&nbsp;No.&nbsp;:"", ""time"": ""175N""}, {""city"": ""SALEM"", ""landmark"": ""To&nbsp;Place&nbsp;:"", ""time"": ""CHENNAI-KILAMBAKKAM-KCBT""}, {""city"": ""16/01/2026"", ""landmark"": ""Journey&nbsp;Hours&nbsp;*:"", ""time"": ""7:00""}, {""city"": ""317.00"", ""landmark"": ""Corporation&nbsp;:"", ""time"": ""SALEM""}, {""city"": ""&nbsp;"", ""landmark"": ""Adult&nbsp;Fare&nbsp;**"", ""time"": ""274""}, {""city"": ""City"", ""landmark"": ""Land&nbsp;Mark&nbsp;"", ""time"": ""Dep.&nbsp;Time&nbsp;""}, {""city"": ""SALEM"", ""landmark"": ""SALEM"", ""time"": ""00:30""}, {""city"": ""CHENNAI-KILAMBAKKAM-KCBT"", ""landmark"": ""CHENNAI KALAIGNAR CBT"", ""time"": ""07:30""}]",2026-01-13T18:16:06.601076
0110SALKCBVV01L,,SETC,SALEM,CHENNAI,,,7.20Hrs,45 Seats Available,Standard,Rs 274,16/01/2026,"[{""city"": ""&nbsp;"", ""landmark"": """", ""time"": ""Service&nbsp;Details""}, {""city"": ""0110SALKCBVV01L"", ""landmark"": ""Route&nbsp;No.&nbsp;:"", ""time"": ""281M""}, {""city"": ""SALEM"", ""landmark"": ""To&nbsp;Place&nbsp;:"", ""time"": ""CHENNAI-KILAMBAKKAM-KCBT""}, {""city"": ""16/01/2026"", ""landmark"": ""Journey&nbsp;Hours&nbsp;*:"", ""time"": ""7:20""}, {""city"": ""317.00"", ""landmark"": ""Corporation&nbsp;:"", ""time"": ""VILLUPURAM""}, {""city"": ""&nbsp;"", ""landmark"": ""Adult&nbsp;Fare&nbsp;**"", ""time"": ""274""}, {""city"": ""City"", ""landmark"": ""Land&nbsp;Mark&nbsp;"", ""time"": ""Dep.&nbsp;Time&nbsp;""}, {""city"": ""SALEM"", ""landmark"": ""SALEM"", ""time"": ""01:10""}, {""city"": ""CHENNAI-KILAMBAKKAM-KCBT"", ""landmark"": ""CHENNAI KALAIGNAR CBT"", ""time"": ""08:30""}]",2026-01-13T18:16:06.601076
0110SALKCBVV01L,,SETC,SALEM,CHENNAI,,,7.20Hrs,45 Seats Available,Standard,Rs 274,16/01/2026,"[{""city"": ""&nbsp;"", ""landmark"": """", ""time"": ""Service&nbsp;Details""}, {""city"": ""0110SALKCBVV01L"", ""landmark"": ""Route&nbsp;No.&nbsp;:"", ""time"": ""281M""}, {""city"": ""SALEM"", ""landmark"": ""To&nbsp;Place&nbsp;:"", ""time"": ""CHENNAI-KILAMBAKKAM-KCBT""}, {""city"": ""16/01/2026"", ""landmark"": ""Journey&nbsp;Hours&nbsp;*:"", ""time"": ""7:20""}, {""city"": ""317.00"", ""landmark"": ""Corporation&nbsp;:"", ""time"": ""VILLUPURAM""}, {""city"": ""&nbsp;"", ""landmark"": ""Adult&nbsp;Fare&nbsp;**"", ""time"": ""274""}, {""city"": ""City"", ""landmark"": ""Land&nbsp;Mark&nbsp;"", ""time"": ""Dep.&nbsp;Time&nbsp;""}, {""city"": ""SALEM"", ""landmark"": ""SALEM"", ""time"": ""01:10""}, {""city"": ""CHENNAI-KILAMBAKKAM-KCBT"", ""landmark"": ""CHENNAI KALAIGNAR CBT"", ""time"": ""08:30""}]",2026-01-13T18:16:06.601076
0135SALKCBVV05L,,SETC,SALEM,CHENNAI,,,7.10Hrs,45 Seats Available,Standard,Rs 274,16/01/2026,"[{""city"": ""&nbsp;"", ""landmark"": """", ""time"": ""Service&nbsp;Details""}, {""city"": ""0135SALKCBVV05L"", ""landmark"": ""Route&nbsp;No.&nbsp;:"", ""time"": ""281AF""}, {""city"": ""SALEM"", ""landmark"": ""To&nbsp;Place&nbsp;:"", ""time"": ""CHENNAI-KILAMBAKKAM-KCBT""}, {""city"": ""16/01/2026"", ""landmark"": ""Journey&nbsp;Hours&nbsp;*:"", ""time"": ""7:10""}, {""city"": ""323.00"", ""landmark"": ""Corporation&nbsp;:"", ""time"": ""VILLUPURAM""}, {""city"": ""&nbsp;"", ""landmark"": ""Adult&nbsp;Fare&nbsp;**"", ""time"": ""274""}, {""city"": ""City"", ""landmark"": ""Land&nbsp;Mark&nbsp;"", ""time"": ""Dep.&nbsp;Time&nbsp;""}, {""city"": ""SALEM"", ""landmark"": ""SALEM"", ""time"": ""01:35""}, {""city"": ""CHENNAI-KILAMBAKKAM-KCBT"", ""landmark"": ""CHENNAI KALAIGNAR CBT"", ""time"": ""08:45""}]",2026-01-13T18:16:06.601076
0135SALKCBVV05L,,SETC,SALEM,CHENNAI,,,7.10Hrs,45 Seats Available,Standard,Rs 274,16/01/2026,"[{""city"": ""&nbsp;"", ""landmark"": """", ""time"": ""Service&nbsp;Details""}, {""city"": ""0135SALKCBVV05L"", ""landmark"": ""Route&nbsp;No.&nbsp;:"", ""time"": ""281AF""}, {""city"": ""SALEM"", ""landmark"": ""To&nbsp;Place&nbsp;:"", ""time"": ""CHENNAI-KILAMBAKKAM-KCBT""}, {""city"": ""16/01/2026"", ""landmark"": ""Journey&nbsp;Hours&nbsp;*:"", ""time"": ""7:10""}, {""city"": ""323.00"", ""landmark"": ""Corporation&nbsp;:"", ""time"": ""VILLUPURAM""}, {""city"": ""&nbsp;"", ""landmark"": ""Adult&nbsp;Fare&nbsp;**"", ""time"": ""274""}, {""city"": ""City"", ""landmark"": ""Land&nbsp;Mark&nbsp;"", ""time"": ""Dep.&nbsp;Time&nbsp;""}, {""city"": ""SALEM"", ""landmark"": ""SALEM"", ""time"": ""01:35""}, {""city"": ""CHENNAI-KILAMBAKKAM-KCBT"", ""landmark"": ""CHENNAI KALAIGNAR CBT"", ""time"": ""08:45""}]",2026-01-13T18:16:06.601076
0152SALKCBVV05L,,SETC,SALEM,CHENNAI,,,7.10Hrs,45 Seats Available,Standard,Rs 274,16/01/2026,"[{""city"": ""&nbsp;"", ""landmark"": """", ""time"": ""Service&nbsp;Details""}, {""city"": ""0152SALKCBVV05L"", ""landmark"": ""Route&nbsp;No.&nbsp;:"", ""time"": ""281Y""}, {""city"": ""SALEM"", ""landmark"": ""To&nbsp;Place&nbsp;:"", ""time"": ""CHENNAI-KILAMBAKKAM-KCBT""}, {""city"": ""16/01/2026"", ""landmark"": ""Journey&nbsp;Hours&nbsp;*:"", ""time"": ""7:10""}, {""city"": ""323.00"", ""landmark"": ""Corporation&nbsp;:"", ""time"": ""VILLUPURAM""}, {""city"": ""&nbsp;"", ""landmark"": ""Adult&nbsp;Fare&nbsp;**"", ""time"": ""274""}, {""city"": ""City"", ""landmark"": ""Land&nbsp;Mark&nbsp;"", ""time"": ""Dep.&nbsp;Time&nbsp;""}, {""city"": ""SALEM"", ""landmark"": ""SALEM"", ""time"": ""01:52""}, {""city"": ""CHENNAI-KILAMBAKKAM-KCBT"", ""landmark"": ""CHENNAI KALAIGNAR CBT"", ""time"": ""09:02""}]",2026-01-13T18:16:06.601076
0152SALKCBVV05L,,SETC,SALEM,CHENNAI,,,7.10Hrs,45 Seats Available,Standard,Rs 274,16/01/2026,"[{""city"": ""&nbsp;"", ""landmark"": """", ""time"": ""Service&nbsp;Details""}, {""city"": ""0152SALKCBVV05L"", ""landmark"": ""Route&nbsp;No.&nbsp;:"", ""time"": ""281Y""}, {""city"": ""SALEM"", ""landmark"": ""To&nbsp;Place&nbsp;:"", ""time"": ""CHENNAI-KILAMBAKKAM-KCBT""}, {""city"": ""16/01/2026"", ""landmark"": ""Journey&nbsp;Hours&nbsp;*:"", ""time"": ""7:10""}, {""city"": ""323.00"", ""landmark"": ""Corporation&nbsp;:"", ""time"": ""VILLUPURAM""}, {""city"": ""&nbsp;"", ""landmark"": ""Adult&nbsp;Fare&nbsp;**"", ""time"": ""274""}, {""city"": ""City"", ""landmark"": ""Land&nbsp;Mark&nbsp;"", ""time"": ""Dep.&nbsp;Time&nbsp;""}, {""city"": ""SALEM"", ""landmark"": ""SALEM"", ""time"": ""01:52""}, {""city"": ""CHENNAI-KILAMBAKKAM-KCBT"", ""landmark"": ""CHENNAI KALAIGNAR CBT"", ""time"": ""09:02""}]",2026-01-13T18:16:06.601076
0205SALKCBVV05L,,SETC,SALEM,CHENNAI,,,7.10Hrs,45 Seats Available,Standard,Rs 274,16/01/2026,"[{""city"": ""&nbsp;"", ""landmark"": """", ""time"": ""Service&nbsp;Details""}, {""city"": ""0205SALKCBVV05L"", ""landmark"": ""Route&nbsp;No.&nbsp;:"", ""time"": ""281Z""}, {""city"": ""SALEM"", ""landmark"": ""To&nbsp;Place&nbsp;:"", ""time"": ""CHENNAI-KILAMBAKKAM-KCBT""}, {""city"": ""16/01/2026"", ""landmark"": ""Journey&nbsp;Hours&nbsp;*:"", ""time"": ""7:10""}, {""city"": ""323.00"", ""landmark"": ""Corporation&nbsp;:"", ""time"": ""VILLUPURAM""}, {""city"": ""&nbsp;"", ""landmark"": ""Adult&nbsp;Fare&nbsp;**"", ""time"": ""274""}, {""city"": ""City"", ""landmark"": ""Land&nbsp;Mark&nbsp;"", ""time"": ""Dep.&nbsp;Time&nbsp;""}, {""city"": ""SALEM"", ""landmark"": ""SALEM"", ""time"": ""02:05""}, {""city"": ""CHENNAI-KILAMBAKKAM-KCBT"", ""landmark"": ""CHENNAI KALAIGNAR CBT"", ""time"": ""09:15""}]",2026-01-13T18:16:06.601076
0205SALKCBVV05L,,SETC,SALEM,CHENNAI,,,7.10Hrs,45 Seats Available,Standard,Rs 274,16/01/2026,"[{""city"": ""&nbsp;"", ""landmark"": """", ""time"": ""Service&nbsp;Details""}, {""city"": ""0205SALKCBVV05L"", ""landmark"": ""Route&nbsp;No.&nbsp;:"", ""time"": ""281Z""}, {""city"": ""SALEM"", ""landmark"": ""To&nbsp;Place&nbsp;:"", ""time"": ""CHENNAI-KILAMBAKKAM-KCBT""}, {""city"": ""16/01/2026"", ""landmark"": ""Journey&nbsp;Hours&nbsp;*:"", ""time"": ""7:10""}, {""city"": ""323.00"", ""landmark"": ""Corporation&nbsp;:"", ""time"": ""VILLUPURAM""}, {""city"": ""&nbsp;"", ""landmark"": ""Adult&nbsp;Fare&nbsp;**"", ""time"": ""274""}, {""city"": ""City"", ""landmark"": ""Land&nbsp;Mark&nbsp;"", ""time"": ""Dep.&nbsp;Time&nbsp;""}, {""city"": ""SALEM"", ""landmark"": ""SALEM"", ""time"": ""02:05""}, {""city"": ""CHENNAI-KILAMBAKKAM-KCBT"", ""landmark"": ""CHENNAI KALAIGNAR CBT"", ""time"": ""09:15""}]",2026-01-13T18:16:06.601076
0230SALKCBVV05L,,SETC,SALEM,CHENNAI,,,7.10Hrs,45 Seats Available,Standard,Rs 274,16/01/2026,"[{""city"": ""&nbsp;"", ""landmark"": """", ""time"": ""Service&nbsp;Details""}, {""city"": ""0230SALKCBVV05L"", ""landmark"": ""Route&nbsp;No.&nbsp;:"", ""time"": ""281AY""}, {""city"": ""SALEM"", ""landmark"": ""To&nbsp;Place&nbsp;:"", ""time"": ""CHENNAI-KILAMBAKKAM-KCBT""}, {""city"": ""16/01/2026"", ""landmark"": ""Journey&nbsp;Hours&nbsp;*:"", ""time"": ""7:10""}, {""city"": ""323.00"", ""landmark"": ""Corporation&nbsp;:"", ""time"": ""VILLUPURAM""}, {""city"": ""&nbsp;"", ""landmark"": ""Adult&nbsp;Fare&nbsp;**"", ""time"": ""274""}, {""city"": ""City"", ""landmark"": ""Land&nbsp;Mark&nbsp;"", ""time"": ""Dep.&nbsp;Time&nbsp;""}, {""city"": ""SALEM"", ""landmark"": ""SALEM"", ""time"": ""02:30""}, {""city"": ""CHENNAI-KILAMBAKKAM-KCBT"", ""landmark"": ""CHENNAI KALAIGNAR CBT"", ""time"": ""09:40""}]",2026-01-13T18:16:06.601076
0230SALKCBVV05L,,SETC,SALEM,CHENNAI,,,7.10Hrs,45 Seats Available,Standard,Rs 274,16/01/2026,"[{""city"": ""&nbsp;"", ""landmark"": """", ""time"": ""Service&nbsp;Details""}, {""city"": ""0230SALKCBVV05L"", ""landmark"": ""Route&nbsp;No.&nbsp;:"", ""time"": ""281AY""}, {""city"": ""SALEM"", ""landmark"": ""To&nbsp;Place&nbsp;:"", ""time"": ""CHENNAI-KILAMBAKKAM-KCBT""}, {""city"": ""16/01/2026"", ""landmark"": ""Journey&nbsp;Hours&nbsp;*:"", ""time"": ""7:10""}, {""city"": ""323.00"", ""landmark"": ""Corporation&nbsp;:"", ""time"": ""VILLUPURAM""}, {""city"": ""&nbsp;"", ""landmark"": ""Adult&nbsp;Fare&nbsp;**"", ""time"": ""274""}, {""city"": ""City"", ""landmark"": ""Land&nbsp;Mark&nbsp;"", ""time"": ""Dep.&nbsp;Time&nbsp;""}, {""city"": ""SALEM"", ""landmark"": ""SALEM"", ""time"": ""02:30""}, {""city"": ""CHENNAI-KILAMBAKKAM-KCBT"", ""landmark"": ""CHENNAI KALAIGNAR CBT"", ""time"": ""09:40""}]",2026-01-13T18:16:06.601076
0350SALKCBDD01L,,SETC,SALEM,CHENNAI,,,7.00Hrs,44 Seats Available,Standard,Rs 274,16/01/2026,"[{""city"": ""&nbsp;"", ""landmark"": """", ""time"": ""Service&nbsp;Details""}, {""city"": ""0350SALKCBDD01L"", ""landmark"": ""Route&nbsp;No.&nbsp;:"", ""time"": ""175O""}, {""city"": ""SALEM"", ""landmark"": ""To&nbsp;Place&nbsp;:"", ""time"": ""CHENNAI-KILAMBAKKAM-KCBT""}, {""city"": ""16/01/2026"", ""landmark"": ""Journey&nbsp;Hours&nbsp;*:"", ""time"": ""7:00""}, {""city"": ""317.00"", ""landmark"": ""Corporation&nbsp;:"", ""time"": ""SALEM""}, {""city"": ""&nbsp;"", ""landmark"": ""Adult&nbsp;Fare&nbsp;**"", ""time"": ""274""}, {""city"": ""City"", ""landmark"": ""Land&nbsp;Mark&nbsp;"", ""time"": ""Dep.&nbsp;Time&nbsp;""}, {""city"": ""SALEM"", ""landmark"": ""SALEM"", ""time"": ""03:50""}, {""city"": ""CHENNAI-KILAMBAKKAM-KCBT"", ""landmark"": ""CHENNAI KALAIGNAR CBT"", ""time"": ""10:50""}]",2026-01-13T18:16:06.601076
0350SALKCBDD01L,,SETC,SALEM,CHENNAI,,,7.00Hrs,44 Seats Available,Standard,Rs 274,16/01/2026,"[{""city"": ""&nbsp;"", ""landmark"": """", ""time"": ""Service&nbsp;Details""}, {""city"": ""0350SALKCBDD01L"", ""landmark"": ""Route&nbsp;No.&nbsp;:"", ""time"": ""175O""}, {""city"": ""SALEM"", ""landmark"": ""To&nbsp;Place&nbsp;:"", ""time"": ""CHENNAI-KILAMBAKKAM-KCBT""}, {""city"": ""16/01/2026"", ""landmark"": ""Journey&nbsp;Hours&nbsp;*:"", ""time"": ""7:00""}, {""city"": ""317.00"", ""landmark"": ""Corporation&nbsp;:"", ""time"": ""SALEM""}, {""city"": ""&nbsp;"", ""landmark"": ""Adult&nbsp;Fare&nbsp;**"", ""time"": ""274""}, {""city"": ""City"", ""landmark"": ""Land&nbsp;Mark&nbsp;"", ""time"": ""Dep.&nbsp;Time&nbsp;""}, {""city"": ""SALEM"", ""landmark"": ""SALEM"", ""time"": ""03:50""}, {""city"": ""CHENNAI-KILAMBAKKAM-KCBT"", ""landmark"": ""CHENNAI KALAIGNAR CBT"", ""time"": ""10:50""}]",2026-01-13T18:16:06.601076
0515SALKCBDD01L,,SETC,SALEM,CHENNAI,,,7.00Hrs,45 Seats Available,Standard,Rs 274,16/01/2026,"[{""city"": ""&nbsp;"", ""landmark"": """", ""time"": ""Service&nbsp;Details""}, {""city"": ""0515SALKCBDD01L"", ""landmark"": ""Route&nbsp;No.&nbsp;:"", ""time"": ""175V""}, {""city"": ""SALEM"", ""landmark"": ""To&nbsp;Place&nbsp;:"", ""time"": ""CHENNAI-KILAMBAKKAM-KCBT""}, {""city"": ""16/01/2026"", ""landmark"": ""Journey&nbsp;Hours&nbsp;*:"", ""time"": ""7:00""}, {""city"": ""317.00"", ""landmark"": ""Corporation&nbsp;:"", ""time"": ""SALEM""}, {""city"": ""&nbsp;"", ""landmark"": ""Adult&nbsp;Fare&nbsp;**"", ""time"": ""274""}, {""city"": ""City"", ""landmark"": ""Land&nbsp;Mark&nbsp;"", ""time"": ""Dep.&nbsp;Time&nbsp;""}, {""city"": ""SALEM"", ""landmark"": ""SALEM"", ""time"": ""05:15""}, {""city"": ""CHENNAI-KILAMBAKKAM-KCBT"", ""landmark"": ""CHENNAI KALAIGNAR CBT"", ""time"": ""12:15""}]",2026-01-13T18:16:06.601076
0515SALKCBDD01L,,SETC,SALEM,CHENNAI,,,7.00Hrs,45 Seats Available,Standard,Rs 274,16/01/2026,"[{""city"": ""&nbsp;"", ""landmark"": """", ""time"": ""Service&nbsp;Details""}, {""city"": ""0515SALKCBDD01L"", ""landmark"": ""Route&nbsp;No.&nbsp;:"", ""time"": ""175V""}, {""city"": ""SALEM"", ""landmark"": ""To&nbsp;Place&nbsp;:"", ""time"": ""CHENNAI-KILAMBAKKAM-KCBT""}, {""city"": ""16/01/2026"", ""landmark"": ""Journey&nbsp;Hours&nbsp;*:"", ""time"": ""7:00""}, {""city"": ""317.00"", ""landmark"": ""Corporation&nbsp;:"", ""time"": ""SALEM""}, {""city"": ""&nbsp;"", ""landmark"": ""Adult&nbsp;Fare&nbsp;**"", ""time"": ""274""}, {""city"": ""City"", ""landmark"": ""Land&nbsp;Mark&nbsp;"", ""time"": ""Dep.&nbsp;Time&nbsp;""}, {""city"": ""SALEM"", ""landmark"": ""SALEM"", ""time"": ""05:15""}, {""city"": ""CHENNAI-KILAMBAKKAM-KCBT"", ""landmark"": ""CHENNAI KALAIGNAR CBT"", ""time"": ""12:15""}]",2026-01-13T18:16:06.601076
0535SALKCBDD01L,,SETC,SALEM,CHENNAI,,,7.00Hrs,45 Seats Available,Standard,Rs 274,16/01/2026,"[{""city"": ""&nbsp;"", ""landmark"": """", ""time"": ""Service&nbsp;Details""}, {""city"": ""0535SALKCBDD01L"", ""landmark"": ""Route&nbsp;No.&nbsp;:"", ""time"": ""250A""}, {""city"": ""SALEM"", ""landmark"": ""To&nbsp;Place&nbsp;:"", ""time"": ""CHENNAI-KILAMBAKKAM-KCBT""}, {""city"": ""16/01/2026"", ""landmark"": ""Journey&nbsp;Hours&nbsp;*:"", ""time"": ""7:00""}, {""city"": ""317.00"", ""landmark"": ""Corporation&nbsp;:"", ""time"": ""SALEM""}, {""city"": ""&nbsp;"", ""landmark"": ""Adult&nbsp;Fare&nbsp;**"", ""time"": ""274""}, {""city"": ""City"", ""landmark"": ""Land&nbsp;Mark&nbsp;"", ""time"": ""Dep.&nbsp;Time&nbsp;""}, {""city"": ""SALEM"", ""landmark"": ""SALEM"", ""time"": ""05:35""}, {""city"": ""CHENNAI-KILAMBAKKAM-KCBT"", ""landmark"": ""CHENNAI KALAIGNAR CBT"", ""time"": ""12:35""}]",2026-01-13T18:16:06.601076
0535SALKCBDD01L,,SETC,SALEM,CHENNAI,,,7.00Hrs,45 Seats Available,Standard,Rs 274,16/01/2026,"[{""city"": ""&nbsp;"", ""landmark"": """", ""time"": ""Service&nbsp;Details""}, {""city"": ""0535SALKCBDD01L"", ""landmark"": ""Route&nbsp;No.&nbsp;:"", ""time"": ""250A""}, {""city"": ""SALEM"", ""landmark"": ""To&nbsp;Place&nbsp;:"", ""time"": ""CHENNAI-KILAMBAKKAM-KCBT""}, {""city"": ""16/01/2026"", ""landmark"": ""Journey&nbsp;Hours&nbsp;*:"", ""time"": ""7:00""}, {""city"": ""317.00"", ""landmark"": ""Corporation&nbsp;:"", ""time"": ""SALEM""}, {""city"": ""&nbsp;"", ""landmark"": ""Adult&nbsp;Fare&nbsp;**"", ""time"": ""274""}, {""city"": ""City"", ""landmark"": ""Land&nbsp;Mark&nbsp;"", ""time"": ""Dep.&nbsp;Time&nbsp;""}, {""city"": ""SALEM"", ""landmark"": ""SALEM"", ""time"": ""05:35""}, {""city"": ""CHENNAI-KILAMBAKKAM-KCBT"", ""landmark"": ""CHENNAI KALAIGNAR CBT"", ""time"": ""12:35""}]",2026-01-13T18:16:06.601076
0626SALKCBVV05L,,SETC,SALEM,CHENNAI,,,7.10Hrs,45 Seats Available,Standard,Rs 274,16/01/2026,"[{""city"": ""&nbsp;"", ""landmark"": """", ""time"": ""Service&nbsp;Details""}, {""city"": ""0626SALKCBVV05L"", ""landmark"": ""Route&nbsp;No.&nbsp;:"", ""time"": ""281AN""}, {""city"": ""SALEM"", ""landmark"": ""To&nbsp;Place&nbsp;:"", ""time"": ""CHENNAI-KILAMBAKKAM-KCBT""}, {""city"": ""16/01/2026"", ""landmark"": ""Journey&nbsp;Hours&nbsp;*:"", ""time"": ""7:10""}, {""city"": ""323.00"", ""landmark"": ""Corporation&nbsp;:"", ""time"": ""VILLUPURAM""}, {""city"": ""&nbsp;"", ""landmark"": ""Adult&nbsp;Fare&nbsp;**"", ""time"": ""274""}, {""city"": ""City"", ""landmark"": ""Land&nbsp;Mark&nbsp;"", ""time"": ""Dep.&nbsp;Time&nbsp;""}, {""city"": ""SALEM"", ""landmark"": ""SALEM"", ""time"": ""06:26""}, {""city"": ""CHENNAI-KILAMBAKKAM-KCBT"", ""landmark"": ""CHENNAI KALAIGNAR CBT"", ""time"": ""13:36""}]",2026-01-13T18:16:06.601076
0626SALKCBVV05L,,SETC,SALEM,CHENNAI,,,7.10Hrs,45 Seats Available,Standard,Rs 274,16/01/2026,"[{""city"": ""&nbsp;"", ""landmark"": """", ""time"": ""Service&nbsp;Details""}, {""city"": ""0626SALKCBVV05L"", ""landmark"": ""Route&nbsp;No.&nbsp;:"", ""time"": ""281AN""}, {""city"": ""SALEM"", ""landmark"": ""To&nbsp;Place&nbsp;:"", ""time"": ""CHENNAI-KILAMBAKKAM-KCBT""}, {""city"": ""16/01/2026"", ""landmark"": ""Journey&nbsp;Hours&nbsp;*:"", ""time"": ""7:10""}, {""city"": ""323.00"", ""landmark"": ""Corporation&nbsp;:"", ""time"": ""VILLUPURAM""}, {""city"": ""&nbsp;"", ""landmark"": ""Adult&nbsp;Fare&nbsp;**"", ""time"": ""274""}, {""city"": ""City"", ""landmark"": ""Land&nbsp;Mark&nbsp;"", ""time"": ""Dep.&nbsp;Time&nbsp;""}, {""city"": ""SALEM"", ""landmark"": ""SALEM"", ""time"": ""06:26""}, {""city"": ""CHENNAI-KILAMBAKKAM-KCBT"", ""landmark"": ""CHENNAI KALAIGNAR CBT"", ""time"": ""13:36""}]",2026-01-13T18:16:06.601076
0636SALKCBVV01L,,SETC,SALEM,CHENNAI,,,7.20Hrs,45 Seats Available,Standard,Rs 274,16/01/2026,"[{""city"": ""&nbsp;"", ""landmark"": """", ""time"": ""Service&nbsp;Details""}, {""city"": ""0636SALKCBVV01L"", ""landmark"": ""Route&nbsp;No.&nbsp;:"", ""time"": ""281I""}, {""city"": ""SALEM"", ""landmark"": ""To&nbsp;Place&nbsp;:"", ""time"": ""CHENNAI-KILAMBAKKAM-KCBT""}, {""city"": ""16/01/2026"", ""landmark"": ""Journey&nbsp;Hours&nbsp;*:"", ""time"": ""7:20""}, {""city"": ""317.00"", ""landmark"": ""Corporation&nbsp;:"", ""time"": ""VILLUPURAM""}, {""city"": ""&nbsp;"", ""landmark"": ""Adult&nbsp;Fare&nbsp;**"", ""time"": ""274""}, {""city"": ""City"", ""landmark"": ""Land&nbsp;Mark&nbsp;"", ""time"": ""Dep.&nbsp;Time&nbsp;""}, {""city"": ""SALEM"", ""landmark"": ""SALEM"", ""time"": ""06:36""}, {""city"": ""CHENNAI-KILAMBAKKAM-KCBT"", ""landmark"": ""CHENNAI KALAIGNAR CBT"", ""time"": ""13:56""}]",2026-01-13T18:16:06.601076
0636SALKCBVV01L,,SETC,SALEM,CHENNAI,,,7.20Hrs,45 Seats Available,Standard,Rs 274,16/01/2026,"[{""city"": ""&nbsp;"", ""landmark"": """", ""time"": ""Service&nbsp;Details""}, {""city"": ""0636SALKCBVV01L"", ""landmark"": ""Route&nbsp;No.&nbsp;:"", ""time"": ""281I""}, {""city"": ""SALEM"", ""landmark"": ""To&nbsp;Place&nbsp;:"", ""time"": ""CHENNAI-KILAMBAKKAM-KCBT""}, {""city"": ""16/01/2026"", ""landmark"": ""Journey&nbsp;Hours&nbsp;*:"", ""time"": ""7:20""}, {""city"": ""317.00"", ""landmark"": ""Corporation&nbsp;:"", ""time"": ""VILLUPURAM""}, {""city"": ""&nbsp;"", ""landmark"": ""Adult&nbsp;Fare&nbsp;**"", ""time"": ""274""}, {""city"": ""City"", ""landmark"": ""Land&nbsp;Mark&nbsp;"", ""time"": ""Dep.&nbsp;Time&nbsp;""}, {""city"": ""SALEM"", ""landmark"": ""SALEM"", ""time"": ""06:36""}, {""city"": ""CHENNAI-KILAMBAKKAM-KCBT"", ""landmark"": ""CHENNAI KALAIGNAR CBT"", ""time"": ""13:56""}]",2026-01-13T18:16:06.601076
0800SALKCBNS,,SETC,SALEM,CHENNAI,,,7.30Hrs,34 Seats Available,Standard,Rs 318/492,16/01/2026,"[{""city"": ""&nbsp;"", ""landmark"": """", ""time"": ""Service&nbsp;Details""}, {""city"": ""0800SALKCBNS"", ""landmark"": ""Route&nbsp;No.&nbsp;:"", ""time"": ""422NS""}, {""city"": ""SALEM"", ""landmark"": ""To&nbsp;Place&nbsp;:"", ""time"": ""CHENNAI-KILAMBAKKAM-KCBT""}, {""city"": ""16/01/2026"", ""landmark"": ""Journey&nbsp;Hours&nbsp;*:"", ""time"": ""7:30""}, {""city"": ""317.00"", ""landmark"": ""Corporation&nbsp;:"", ""time"": ""SETC""}, {""city"": ""&nbsp;"", ""landmark"": ""Adult&nbsp;Fare&nbsp;**"", ""time"": ""318""}, {""city"": ""City"", ""landmark"": ""Land&nbsp;Mark&nbsp;"", ""time"": ""Dep.&nbsp;Time&nbsp;""}, {""city"": ""SALEM"", ""landmark"": ""SALEM"", ""time"": ""08:00""}, {""city"": ""SALEM"", ""landmark"": ""KONDALAMPATTI BYE PASS"", ""time"": ""08:10""}, {""city"": ""SALEM"", ""landmark"": ""SEELANAICKENPATTI BYE PASS"", ""time"": ""08:20""}, {""city"": ""SALEM"", ""landmark"": ""AYOTHIYAPATTINAM BYE PASS"", ""time"": ""08:30""}, {""city"": ""SALEM"", ""landmark"": ""METTUPATTI TOLL"", ""time"": ""08:45""}, {""city"": ""SALEM"", ""landmark"": ""ATHUR BYPASS"", ""time"": ""09:15""}, {""city"": ""SALEM"", ""landmark"": ""THALAIVASAL TOLLGATE"", ""time"": ""09:30""}, {""city"": ""CHENNAI-KILAMBAKKAM-KCBT"", ""landmark"": ""CHENNAI KALAIGNAR CBT"", ""time"": ""14:00""}]",2026-01-13T18:16:06.601076
0800SALKCBNS,,SETC,SALEM,CHENNAI,,,7.30Hrs,34 Seats Available,Standard,Rs 318/492,16/01/2026,"[{""city"": ""&nbsp;"", ""landmark"": """", ""time"": ""Service&nbsp;Details""}, {""city"": ""0800SALKCBNS"", ""landmark"": ""Route&nbsp;No.&nbsp;:"", ""time"": ""422NS""}, {""city"": ""SALEM"", ""landmark"": ""To&nbsp;Place&nbsp;:"", ""time"": ""CHENNAI-KILAMBAKKAM-KCBT""}, {""city"": ""16/01/2026"", ""landmark"": ""Journey&nbsp;Hours&nbsp;*:"", ""time"": ""7:30""}, {""city"": ""317.00"", ""landmark"": ""Corporation&nbsp;:"", ""time"": ""SETC""}, {""city"": ""&nbsp;"", ""landmark"": ""Adult&nbsp;Fare&nbsp;**"", ""time"": ""318""}, {""city"": ""City"", ""landmark"": ""Land&nbsp;Mark&nbsp;"", ""time"": ""Dep.&nbsp;Time&nbsp;""}, {""city"": ""SALEM"", ""landmark"": ""SALEM"", ""time"": ""08:00""}, {""city"": ""SALEM"", ""landmark"": ""KONDALAMPATTI BYE PASS"", ""time"": ""08:10""}, {""city"": ""SALEM"", ""landmark"": ""SEELANAICKENPATTI BYE PASS"", ""time"": ""08:20""}, {""city"": ""SALEM"", ""landmark"": ""AYOTHIYAPATTINAM BYE PASS"", ""time"": ""08:30""}, {""city"": ""SALEM"", ""landmark"": ""METTUPATTI TOLL"", ""time"": ""08:45""}, {""city"": ""SALEM"", ""landmark"": ""ATHUR BYPASS"", ""time"": ""09:15""}, {""city"": ""SALEM"", ""landmark"": ""THALAIVASAL TOLLGATE"", ""time"": ""09:30""}, {""city"": ""CHENNAI-KILAMBAKKAM-KCBT"", ""landmark"": ""CHENNAI KALAIGNAR CBT"", ""time"": ""14:00""}]",2026-01-13T18:16:06.601076
0805SALKCBDD01L,,SETC,SALEM,CHENNAI,,,7.00Hrs,45 Seats Available,Standard,Rs 274,16/01/2026,"[{""city"": ""&nbsp;"", ""landmark"": """", ""time"": ""Service&nbsp;Details""}, {""city"": ""0805SALKCBDD01L"", ""landmark"": ""Route&nbsp;No.&nbsp;:"", ""time"": ""175D""}, {""city"": ""SALEM"", ""landmark"": ""To&nbsp;Place&nbsp;:"", ""time"": ""CHENNAI-KILAMBAKKAM-KCBT""}, {""city"": ""16/01/2026"", ""landmark"": ""Journey&nbsp;Hours&nbsp;*:"", ""time"": ""7:00""}, {""city"": ""317.00"", ""landmark"": ""Corporation&nbsp;:"", ""time"": ""SALEM""}, {""city"": ""&nbsp;"", ""landmark"": ""Adult&nbsp;Fare&nbsp;**"", ""time"": ""274""}, {""city"": ""City"", ""landmark"": ""Land&nbsp;Mark&nbsp;"", ""time"": ""Dep.&nbsp;Time&nbsp;""}, {""city"": ""SALEM"", ""landmark"": ""SALEM"", ""time"": ""08:05""}, {""city"": ""CHENNAI-KILAMBAKKAM-KCBT"", ""landmark"": ""CHENNAI KALAIGNAR CBT"", ""time"": ""15:05""}]",2026-01-13T18:16:06.601076
0805SALKCBDD01L,,SETC,SALEM,CHENNAI,,,7.00Hrs,45 Seats Available,Standard,Rs 274,16/01/2026,"[{""city"": ""&nbsp;"", ""landmark"": """", ""time"": ""Service&nbsp;Details""}, {""city"": ""0805SALKCBDD01L"", ""landmark"": ""Route&nbsp;No.&nbsp;:"", ""time"": ""175D""}, {""city"": ""SALEM"", ""landmark"": ""To&nbsp;Place&nbsp;:"", ""time"": ""CHENNAI-KILAMBAKKAM-KCBT""}, {""city"": ""16/01/2026"", ""landmark"": ""Journey&nbsp;Hours&nbsp;*:"", ""time"": ""7:00""}, {""city"": ""317.00"", ""landmark"": ""Corporation&nbsp;:"", ""time"": ""SALEM""}, {""city"": ""&nbsp;"", ""landmark"": ""Adult&nbsp;Fare&nbsp;**"", ""time"": ""274""}, {""city"": ""City"", ""landmark"": ""Land&nbsp;Mark&nbsp;"", ""time"": ""Dep.&nbsp;Time&nbsp;""}, {""city"": ""SALEM"", ""landmark"": ""SALEM"", ""time"": ""08:05""}, {""city"": ""CHENNAI-KILAMBAKKAM-KCBT"", ""landmark"": ""CHENNAI KALAIGNAR CBT"", ""time"": ""15:05""}]",2026-01-13T18:16:06.601076
0845SALKCBVV05L,,SETC,SALEM,CHENNAI,,,7.10Hrs,45 Seats Available,Standard,Rs 274,16/01/2026,"[{""city"": ""&nbsp;"", ""landmark"": """", ""time"": ""Service&nbsp;Details""}, {""city"": ""0845SALKCBVV05L"", ""landmark"": ""Route&nbsp;No.&nbsp;:"", ""time"": ""213A""}, {""city"": ""SALEM"", ""landmark"": ""To&nbsp;Place&nbsp;:"", ""time"": ""CHENNAI-KILAMBAKKAM-KCBT""}, {""city"": ""16/01/2026"", ""landmark"": ""Journey&nbsp;Hours&nbsp;*:"", ""time"": ""7:10""}, {""city"": ""323.00"", ""landmark"": ""Corporation&nbsp;:"", ""time"": ""VILLUPURAM""}, {""city"": ""&nbsp;"", ""landmark"": ""Adult&nbsp;Fare&nbsp;**"", ""time"": ""274""}, {""city"": ""City"", ""landmark"": ""Land&nbsp;Mark&nbsp;"", ""time"": ""Dep.&nbsp;Time&nbsp;""}, {""city"": ""SALEM"", ""landmark"": ""SALEM"", ""time"": ""08:45""}, {""city"": ""CHENNAI-KILAMBAKKAM-KCBT"", ""landmark"": ""CHENNAI KALAIGNAR CBT"", ""time"": ""15:55""}]",2026-01-13T18:16:06.601076
0845SALKCBVV05L,,SETC,SALEM,CHENNAI,,,7.10Hrs,45 Seats Available,Standard,Rs 274,16/01/2026,"[{""city"": ""&nbsp;"", ""landmark"": """", ""time"": ""Service&nbsp;Details""}, {""city"": ""0845SALKCBVV05L"", ""landmark"": ""Route&nbsp;No.&nbsp;:"", ""time"": ""213A""}, {""city"": ""SALEM"", ""landmark"": ""To&nbsp;Place&nbsp;:"", ""time"": ""CHENNAI-KILAMBAKKAM-KCBT""}, {""city"": ""16/01/2026"", ""landmark"": ""Journey&nbsp;Hours&nbsp;*:"", ""time"": ""7:10""}, {""city"": ""323.00"", ""landmark"": ""Corporation&nbsp;:"", ""time"": ""VILLUPURAM""}, {""city"": ""&nbsp;"", ""landmark"": ""Adult&nbsp;Fare&nbsp;**"", ""time"": ""274""}, {""city"": ""City"", ""landmark"": ""Land&nbsp;Mark&nbsp;"", ""time"": ""Dep.&nbsp;Time&nbsp;""}, {""city"": ""SALEM"", ""landmark"": ""SALEM"", ""time"": ""08:45""}, {""city"": ""CHENNAI-KILAMBAKKAM-KCBT"", ""landmark"": ""CHENNAI KALAIGNAR CBT"", ""time"": ""15:55""}]",2026-01-13T18:16:06.601076
0915SALKCBVV01L,,SETC,SALEM,CHENNAI,,,7.20Hrs,45 Seats Available,Standard,Rs 274,16/01/2026,"[{""city"": ""&nbsp;"", ""landmark"": """", ""time"": ""Service&nbsp;Details""}, {""city"": ""0915SALKCBVV01L"", ""landmark"": ""Route&nbsp;No.&nbsp;:"", ""time"": ""281P""}, {""city"": ""SALEM"", ""landmark"": ""To&nbsp;Place&nbsp;:"", ""time"": ""CHENNAI-KILAMBAKKAM-KCBT""}, {""city"": ""16/01/2026"", ""landmark"": ""Journey&nbsp;Hours&nbsp;*:"", ""time"": ""7:20""}, {""city"": ""317.00"", ""landmark"": ""Corporation&nbsp;:"", ""time"": ""VILLUPURAM""}, {""city"": ""&nbsp;"", ""landmark"": ""Adult&nbsp;Fare&nbsp;**"", ""time"": ""274""}, {""city"": ""City"", ""landmark"": ""Land&nbsp;Mark&nbsp;"", ""time"": ""Dep.&nbsp;Time&nbsp;""}, {""city"": ""SALEM"", ""landmark"": ""SALEM"", ""time"": ""09:15""}, {""city"": ""CHENNAI-KILAMBAKKAM-KCBT"", ""landmark"": ""CHENNAI KALAIGNAR CBT"", ""time"": ""16:35""}]",2026-01-13T18:16:06.601076
0915SALKCBVV01L,,SETC,SALEM,CHENNAI,,,7.20Hrs,45 Seats Available,Standard,Rs 274,16/01/2026,"[{""city"": ""&nbsp;"", ""landmark"": """", ""time"": ""Service&nbsp;Details""}, {""city"": ""0915SALKCBVV01L"", ""landmark"": ""Route&nbsp;No.&nbsp;:"", ""time"": ""281P""}, {""city"": ""SALEM"", ""landmark"": ""To&nbsp;Place&nbsp;:"", ""time"": ""CHENNAI-KILAMBAKKAM-KCBT""}, {""city"": ""16/01/2026"", ""landmark"": ""Journey&nbsp;Hours&nbsp;*:"", ""time"": ""7:20""}, {""city"": ""317.00"", ""landmark"": ""Corporation&nbsp;:"", ""time"": ""VILLUPURAM""}, {""city"": ""&nbsp;"", ""landmark"": ""Adult&nbsp;Fare&nbsp;**"", ""time"": ""274""}, {""city"": ""City"", ""landmark"": ""Land&nbsp;Mark&nbsp;"", ""time"": ""Dep.&nbsp;Time&nbsp;""}, {""city"": ""SALEM"", ""landmark"": ""SALEM"", ""time"": ""09:15""}, {""city"": ""CHENNAI-KILAMBAKKAM-KCBT"", ""landmark"": ""CHENNAI KALAIGNAR CBT"", ""time"": ""16:35""}]",2026-01-13T18:16:06.601076
0931SALKCBDD01L,,SETC,SALEM,CHENNAI,,,7.00Hrs,45 Seats Available,Standard,Rs 274,16/01/2026,"[{""city"": ""&nbsp;"", ""landmark"": """", ""time"": ""Service&nbsp;Details""}, {""city"": ""0931SALKCBDD01L"", ""landmark"": ""Route&nbsp;No.&nbsp;:"", ""time"": ""175Q""}, {""city"": ""SALEM"", ""landmark"": ""To&nbsp;Place&nbsp;:"", ""time"": ""CHENNAI-KILAMBAKKAM-KCBT""}, {""city"": ""16/01/2026"", ""landmark"": ""Journey&nbsp;Hours&nbsp;*:"", ""time"": ""7:00""}, {""city"": ""317.00"", ""landmark"": ""Corporation&nbsp;:"", ""time"": ""SALEM""}, {""city"": ""&nbsp;"", ""landmark"": ""Adult&nbsp;Fare&nbsp;**"", ""time"": ""274""}, {""city"": ""City"", ""landmark"": ""Land&nbsp;Mark&nbsp;"", ""time"": ""Dep.&nbsp;Time&nbsp;""}, {""city"": ""SALEM"", ""landmark"": ""SALEM"", ""time"": ""09:31""}, {""city"": ""CHENNAI-KILAMBAKKAM-KCBT"", ""landmark"": ""CHENNAI KALAIGNAR CBT"", ""time"": ""16:31""}]",2026-01-13T18:16:06.601076
0931SALKCBDD01L,,SETC,SALEM,CHENNAI,,,7.00Hrs,45 Seats Available,Standard,Rs 274,16/01/2026,"[{""city"": ""&nbsp;"", ""landmark"": """", ""time"": ""Service&nbsp;Details""}, {""city"": ""0931SALKCBDD01L"", ""landmark"": ""Route&nbsp;No.&nbsp;:"", ""time"": ""175Q""}, {""city"": ""SALEM"", ""landmark"": ""To&nbsp;Place&nbsp;:"", ""time"": ""CHENNAI-KILAMBAKKAM-KCBT""}, {""city"": ""16/01/2026"", ""landmark"": ""Journey&nbsp;Hours&nbsp;*:"", ""time"": ""7:00""}, {""city"": ""317.00"", ""landmark"": ""Corporation&nbsp;:"", ""time"": ""SALEM""}, {""city"": ""&nbsp;"", ""landmark"": ""Adult&nbsp;Fare&nbsp;**"", ""time"": ""274""}, {""city"": ""City"", ""landmark"": ""Land&nbsp;Mark&nbsp;"", ""time"": ""Dep.&nbsp;Time&nbsp;""}, {""city"": ""SALEM"", ""landmark"": ""SALEM"", ""time"": ""09:31""}, {""city"": ""CHENNAI-KILAMBAKKAM-KCBT"", ""landmark"": ""CHENNAI KALAIGNAR CBT"", ""time"": ""16:31""}]",2026-01-13T18:16:06.601076
0955SALKCBDD01L,,SETC,SALEM,CHENNAI,,,7.00Hrs,45 Seats Available,Standard,Rs 274,16/01/2026,"[{""city"": ""&nbsp;"", ""landmark"": """", ""time"": ""Service&nbsp;Details""}, {""city"": ""0955SALKCBDD01L"", ""landmark"": ""Route&nbsp;No.&nbsp;:"", ""time"": ""275A""}, {""city"": ""SALEM"", ""landmark"": ""To&nbsp;Place&nbsp;:"", ""time"": ""CHENNAI-KILAMBAKKAM-KCBT""}, {""city"": ""16/01/2026"", ""landmark"": ""Journey&nbsp;Hours&nbsp;*:"", ""time"": ""7:00""}, {""city"": ""317.00"", ""landmark"": ""Corporation&nbsp;:"", ""time"": ""SALEM""}, {""city"": ""&nbsp;"", ""landmark"": ""Adult&nbsp;Fare&nbsp;**"", ""time"": ""274""}, {""city"": ""City"", ""landmark"": ""Land&nbsp;Mark&nbsp;"", ""time"": ""Dep.&nbsp;Time&nbsp;""}, {""city"": ""SALEM"", ""landmark"": ""SALEM"", ""time"": ""09:55""}, {""city"": ""CHENNAI-KILAMBAKKAM-KCBT"", ""landmark"": ""CHENNAI KALAIGNAR CBT"", ""time"": ""16:55""}]",2026-01-13T18:16:06.601076
0955SALKCBDD01L,,SETC,SALEM,CHENNAI,,,7.00Hrs,45 Seats Available,Standard,Rs 274,16/01/2026,"[{""city"": ""&nbsp;"", ""landmark"": """", ""time"": ""Service&nbsp;Details""}, {""city"": ""0955SALKCBDD01L"", ""landmark"": ""Route&nbsp;No.&nbsp;:"", ""time"": ""275A""}, {""city"": ""SALEM"", ""landmark"": ""To&nbsp;Place&nbsp;:"", ""time"": ""CHENNAI-KILAMBAKKAM-KCBT""}, {""city"": ""16/01/2026"", ""landmark"": ""Journey&nbsp;Hours&nbsp;*:"", ""time"": ""7:00""}, {""city"": ""317.00"", ""landmark"": ""Corporation&nbsp;:"", ""time"": ""SALEM""}, {""city"": ""&nbsp;"", ""landmark"": ""Adult&nbsp;Fare&nbsp;**"", ""time"": ""274""}, {""city"": ""City"", ""landmark"": ""Land&nbsp;Mark&nbsp;"", ""time"": ""Dep.&nbsp;Time&nbsp;""}, {""city"": ""SALEM"", ""landmark"": ""SALEM"", ""time"": ""09:55""}, {""city"": ""CHENNAI-KILAMBAKKAM-KCBT"", ""landmark"": ""CHENNAI KALAIGNAR CBT"", ""time"": ""16:55""}]",2026-01-13T18:16:06.601076
1020SALKCBVV05L,,SETC,SALEM,CHENNAI,,,7.10Hrs,45 Seats Available,Standard,Rs 274,16/01/2026,"[{""city"": ""&nbsp;"", ""landmark"": """", ""time"": ""Service&nbsp;Details""}, {""city"": ""1020SALKCBVV05L"", ""landmark"": ""Route&nbsp;No.&nbsp;:"", ""time"": ""281AO""}, {""city"": ""SALEM"", ""landmark"": ""To&nbsp;Place&nbsp;:"", ""time"": ""CHENNAI-KILAMBAKKAM-KCBT""}, {""city"": ""16/01/2026"", ""landmark"": ""Journey&nbsp;Hours&nbsp;*:"", ""time"": ""7:10""}, {""city"": ""323.00"", ""landmark"": ""Corporation&nbsp;:"", ""time"": ""VILLUPURAM""}, {""city"": ""&nbsp;"", ""landmark"": ""Adult&nbsp;Fare&nbsp;**"", ""time"": ""274""}, {""city"": ""City"", ""landmark"": ""Land&nbsp;Mark&nbsp;"", ""time"": ""Dep.&nbsp;Time&nbsp;""}, {""city"": ""SALEM"", ""landmark"": ""SALEM"", ""time"": ""10:20""}, {""city"": ""CHENNAI-KILAMBAKKAM-KCBT"", ""landmark"": ""CHENNAI KALAIGNAR CBT"", ""time"": ""17:30""}]",2026-01-13T18:16:06.601076
1020SALKCBVV05L,,SETC,SALEM,CHENNAI,,,7.10Hrs,45 Seats Available,Standard,Rs 274,16/01/2026,"[{""city"": ""&nbsp;"", ""landmark"": """", ""time"": ""Service&nbsp;Details""}, {""city"": ""1020SALKCBVV05L"", ""landmark"": ""Route&nbsp;No.&nbsp;:"", ""time"": ""281AO""}, {""city"": ""SALEM"", ""landmark"": ""To&nbsp;Place&nbsp;:"", ""time"": ""CHENNAI-KILAMBAKKAM-KCBT""}, {""city"": ""16/01/2026"", ""landmark"": ""Journey&nbsp;Hours&nbsp;*:"", ""time"": ""7:10""}, {""city"": ""323.00"", ""landmark"": ""Corporation&nbsp;:"", ""time"": ""VILLUPURAM""}, {""city"": ""&nbsp;"", ""landmark"": ""Adult&nbsp;Fare&nbsp;**"", ""time"": ""274""}, {""city"": ""City"", ""landmark"": ""Land&nbsp;Mark&nbsp;"", ""time"": ""Dep.&nbsp;Time&nbsp;""}, {""city"": ""SALEM"", ""landmark"": ""SALEM"", ""time"": ""10:20""}, {""city"": ""CHENNAI-KILAMBAKKAM-KCBT"", ""landmark"": ""CHENNAI KALAIGNAR CBT"", ""time"": ""17:30""}]",2026-01-13T18:16:06.601076
1030SALKCBAB,,SETC,SALEM,CHENNAI,,,7.30Hrs,37 Seats Available,Standard,Rs 410/631,16/01/2026,"[{""city"": ""&nbsp;"", ""landmark"": """", ""time"": ""Service&nbsp;Details""}, {""city"": ""1030SALKCBAB"", ""landmark"": ""Route&nbsp;No.&nbsp;:"", ""time"": ""422AB""}, {""city"": ""SALEM"", ""landmark"": ""To&nbsp;Place&nbsp;:"", ""time"": ""CHENNAI-KILAMBAKKAM-KCBT""}, {""city"": ""16/01/2026"", ""landmark"": ""Journey&nbsp;Hours&nbsp;*:"", ""time"": ""7:30""}, {""city"": ""317.00"", ""landmark"": ""Corporation&nbsp;:"", ""time"": ""SETC""}, {""city"": ""&nbsp;"", ""landmark"": ""Adult&nbsp;Fare&nbsp;**"", ""time"": ""410""}, {""city"": ""City"", ""landmark"": ""Land&nbsp;Mark&nbsp;"", ""time"": ""Dep.&nbsp;Time&nbsp;""}, {""city"": ""SALEM"", ""landmark"": ""SALEM"", ""time"": ""10:30""}, {""city"": ""SALEM"", ""landmark"": ""KONDALAMPATTI BYE PASS"", ""time"": ""10:40""}, {""city"": ""SALEM"", ""landmark"": ""SEELANAICKENPATTI BYE PASS"", ""time"": ""10:50""}, {""city"": ""SALEM"", ""landmark"": ""AYOTHIYAPATTINAM BYE PASS"", ""time"": ""11:00""}, {""city"": ""SALEM"", ""landmark"": ""METTUPATTI TOLL"", ""time"": ""11:15""}, {""city"": ""SALEM"", ""landmark"": ""ATHUR BYPASS"", ""time"": ""11:45""}, {""city"": ""SALEM"", ""landmark"": ""THALAIVASAL TOLLGATE"", ""time"": ""12:00""}, {""city"": ""CHENNAI-KILAMBAKKAM-KCBT"", ""landmark"": ""CHENNAI KALAIGNAR CBT"", ""time"": ""16:30""}]",2026-01-13T18:16:06.601076
1030SALKCBAB,,SETC,SALEM,CHENNAI,,,7.30Hrs,37 Seats Available,Standard,Rs 410/631,16/01/2026,"[{""city"": ""&nbsp;"", ""landmark"": """", ""time"": ""Service&nbsp;Details""}, {""city"": ""1030SALKCBAB"", ""landmark"": ""Route&nbsp;No.&nbsp;:"", ""time"": ""422AB""}, {""city"": ""SALEM"", ""landmark"": ""To&nbsp;Place&nbsp;:"", ""time"": ""CHENNAI-KILAMBAKKAM-KCBT""}, {""city"": ""16/01/2026"", ""landmark"": ""Journey&nbsp;Hours&nbsp;*:"", ""time"": ""7:30""}, {""city"": ""317.00"", ""landmark"": ""Corporation&nbsp;:"", ""time"": ""SETC""}, {""city"": ""&nbsp;"", ""landmark"": ""Adult&nbsp;Fare&nbsp;**"", ""time"": ""410""}, {""city"": ""City"", ""landmark"": ""Land&nbsp;Mark&nbsp;"", ""time"": ""Dep.&nbsp;Time&nbsp;""}, {""city"": ""SALEM"", ""landmark"": ""SALEM"", ""time"": ""10:30""}, {""city"": ""SALEM"", ""landmark"": ""KONDALAMPATTI BYE PASS"", ""time"": ""10:40""}, {""city"": ""SALEM"", ""landmark"": ""SEELANAICKENPATTI BYE PASS"", ""time"": ""10:50""}, {""city"": ""SALEM"", ""landmark"": ""AYOTHIYAPATTINAM BYE PASS"", ""time"": ""11:00""}, {""city"": ""SALEM"", ""landmark"": ""METTUPATTI TOLL"", ""time"": ""11:15""}, {""city"": ""SALEM"", ""landmark"": ""ATHUR BYPASS"", ""time"": ""11:45""}, {""city"": ""SALEM"", ""landmark"": ""THALAIVASAL TOLLGATE"", ""time"": ""12:00""}, {""city"": ""CHENNAI-KILAMBAKKAM-KCBT"", ""landmark"": ""CHENNAI KALAIGNAR CBT"", ""time"": ""16:30""}]",2026-01-13T18:16:06.601076
1040SALKCBVV05L,,SETC,SALEM,CHENNAI,,,7.10Hrs,45 Seats Available,Standard,Rs 274,16/01/2026,"[{""city"": ""&nbsp;"", ""landmark"": """", ""time"": ""Service&nbsp;Details""}, {""city"": ""1040SALKCBVV05L"", ""landmark"": ""Route&nbsp;No.&nbsp;:"", ""time"": ""281AH""}, {""city"": ""SALEM"", ""landmark"": ""To&nbsp;Place&nbsp;:"", ""time"": ""CHENNAI-KILAMBAKKAM-KCBT""}, {""city"": ""16/01/2026"", ""landmark"": ""Journey&nbsp;Hours&nbsp;*:"", ""time"": ""7:10""}, {""city"": ""323.00"", ""landmark"": ""Corporation&nbsp;:"", ""time"": ""VILLUPURAM""}, {""city"": ""&nbsp;"", ""landmark"": ""Adult&nbsp;Fare&nbsp;**"", ""time"": ""274""}, {""city"": ""City"", ""landmark"": ""Land&nbsp;Mark&nbsp;"", ""time"": ""Dep.&nbsp;Time&nbsp;""}, {""city"": ""SALEM"", ""landmark"": ""SALEM"", ""time"": ""10:40""}, {""city"": ""CHENNAI-KILAMBAKKAM-KCBT"", ""landmark"": ""CHENNAI KALAIGNAR CBT"", ""time"": ""17:50""}]",2026-01-13T18:16:06.601076
1040SALKCBVV05L,,SETC,SALEM,CHENNAI,,,7.10Hrs,45 Seats Available,Standard,Rs 274,16/01/2026,"[{""city"": ""&nbsp;"", ""landmark"": """", ""time"": ""Service&nbsp;Details""}, {""city"": ""1040SALKCBVV05L"", ""landmark"": ""Route&nbsp;No.&nbsp;:"", ""time"": ""281AH""}, {""city"": ""SALEM"", ""landmark"": ""To&nbsp;Place&nbsp;:"", ""time"": ""CHENNAI-KILAMBAKKAM-KCBT""}, {""city"": ""16/01/2026"", ""landmark"": ""Journey&nbsp;Hours&nbsp;*:"", ""time"": ""7:10""}, {""city"": ""323.00"", ""landmark"": ""Corporation&nbsp;:"", ""time"": ""VILLUPURAM""}, {""city"": ""&nbsp;"", ""landmark"": ""Adult&nbsp;Fare&nbsp;**"", ""time"": ""274""}, {""city"": ""City"", ""landmark"": ""Land&nbsp;Mark&nbsp;"", ""time"": ""Dep.&nbsp;Time&nbsp;""}, {""city"": ""SALEM"", ""landmark"": ""SALEM"", ""time"": ""10:40""}, {""city"": ""CHENNAI-KILAMBAKKAM-KCBT"", ""landmark"": ""CHENNAI KALAIGNAR CBT"", ""time"": ""17:50""}]",2026-01-13T18:16:06.601076
1110SALKCBDD01L,,SETC,SALEM,CHENNAI,,,7.00Hrs,45 Seats Available,Standard,Rs 274,16/01/2026,"[{""city"": ""&nbsp;"", ""landmark"": """", ""time"": ""Service&nbsp;Details""}, {""city"": ""1110SALKCBDD01L"", ""landmark"": ""Route&nbsp;No.&nbsp;:"", ""time"": ""575A""}, {""city"": ""SALEM"", ""landmark"": ""To&nbsp;Place&nbsp;:"", ""time"": ""CHENNAI-KILAMBAKKAM-KCBT""}, {""city"": ""16/01/2026"", ""landmark"": ""Journey&nbsp;Hours&nbsp;*:"", ""time"": ""7:00""}, {""city"": ""317.00"", ""landmark"": ""Corporation&nbsp;:"", ""time"": ""SALEM""}, {""city"": ""&nbsp;"", ""landmark"": ""Adult&nbsp;Fare&nbsp;**"", ""time"": ""274""}, {""city"": ""City"", ""landmark"": ""Land&nbsp;Mark&nbsp;"", ""time"": ""Dep.&nbsp;Time&nbsp;""}, {""city"": ""SALEM"", ""landmark"": ""SALEM"", ""time"": ""11:10""}, {""city"": ""CHENNAI-KILAMBAKKAM-KCBT"", ""landmark"": ""CHENNAI KALAIGNAR CBT"", ""time"": ""18:10""}]",2026-01-13T18:16:06.601076
1110SALKCBDD01L,,SETC,SALEM,CHENNAI,,,7.00Hrs,45 Seats Available,Standard,Rs 274,16/01/2026,"[{""city"": ""&nbsp;"", ""landmark"": """", ""time"": ""Service&nbsp;Details""}, {""city"": ""1110SALKCBDD01L"", ""landmark"": ""Route&nbsp;No.&nbsp;:"", ""time"": ""575A""}, {""city"": ""SALEM"", ""landmark"": ""To&nbsp;Place&nbsp;:"", ""time"": ""CHENNAI-KILAMBAKKAM-KCBT""}, {""city"": ""16/01/2026"", ""landmark"": ""Journey&nbsp;Hours&nbsp;*:"", ""time"": ""7:00""}, {""city"": ""317.00"", ""landmark"": ""Corporation&nbsp;:"", ""time"": ""SALEM""}, {""city"": ""&nbsp;"", ""landmark"": ""Adult&nbsp;Fare&nbsp;**"", ""time"": ""274""}, {""city"": ""City"", ""landmark"": ""Land&nbsp;Mark&nbsp;"", ""time"": ""Dep.&nbsp;Time&nbsp;""}, {""city"": ""SALEM"", ""landmark"": ""SALEM"", ""time"": ""11:10""}, {""city"": ""CHENNAI-KILAMBAKKAM-KCBT"", ""landmark"": ""CHENNAI KALAIGNAR CBT"", ""time"": ""18:10""}]",2026-01-13T18:16:06.601076
1122SALKCBDD01L,,SETC,SALEM,CHENNAI,,,7.00Hrs,45 Seats Available,Standard,Rs 274,16/01/2026,"[{""city"": ""&nbsp;"", ""landmark"": """", ""time"": ""Service&nbsp;Details""}, {""city"": ""1122SALKCBDD01L"", ""landmark"": ""Route&nbsp;No.&nbsp;:"", ""time"": ""175E""}, {""city"": ""SALEM"", ""landmark"": ""To&nbsp;Place&nbsp;:"", ""time"": ""CHENNAI-KILAMBAKKAM-KCBT""}, {""city"": ""16/01/2026"", ""landmark"": ""Journey&nbsp;Hours&nbsp;*:"", ""time"": ""7:00""}, {""city"": ""317.00"", ""landmark"": ""Corporation&nbsp;:"", ""time"": ""SALEM""}, {""city"": ""&nbsp;"", ""landmark"": ""Adult&nbsp;Fare&nbsp;**"", ""time"": ""274""}, {""city"": ""City"", ""landmark"": ""Land&nbsp;Mark&nbsp;"", ""time"": ""Dep.&nbsp;Time&nbsp;""}, {""city"": ""SALEM"", ""landmark"": ""SALEM"", ""time"": ""11:22""}, {""city"": ""CHENNAI-KILAMBAKKAM-KCBT"", ""landmark"": ""CHENNAI KALAIGNAR CBT"", ""time"": ""18:22""}]",2026-01-13T18:16:06.601076
1122SALKCBDD01L,,SETC,SALEM,CHENNAI,,,7.00Hrs,45 Seats Available,Standard,Rs 274,16/01/2026,"[{""city"": ""&nbsp;"", ""landmark"": """", ""time"": ""Service&nbsp;Details""}, {""city"": ""1122SALKCBDD01L"", ""landmark"": ""Route&nbsp;No.&nbsp;:"", ""time"": ""175E""}, {""city"": ""SALEM"", ""landmark"": ""To&nbsp;Place&nbsp;:"", ""time"": ""CHENNAI-KILAMBAKKAM-KCBT""}, {""city"": ""16/01/2026"", ""landmark"": ""Journey&nbsp;Hours&nbsp;*:"", ""time"": ""7:00""}, {""city"": ""317.00"", ""landmark"": ""Corporation&nbsp;:"", ""time"": ""SALEM""}, {""city"": ""&nbsp;"", ""landmark"": ""Adult&nbsp;Fare&nbsp;**"", ""time"": ""274""}, {""city"": ""City"", ""landmark"": ""Land&nbsp;Mark&nbsp;"", ""time"": ""Dep.&nbsp;Time&nbsp;""}, {""city"": ""SALEM"", ""landmark"": ""SALEM"", ""time"": ""11:22""}, {""city"": ""CHENNAI-KILAMBAKKAM-KCBT"", ""landmark"": ""CHENNAI KALAIGNAR CBT"", ""time"": ""18:22""}]",2026-01-13T18:16:06.601076
1130SALKCBNS,,SETC,SALEM,CHENNAI,,,7.30Hrs,35 Seats Available,Standard,Rs 318/492,16/01/2026,"[{""city"": ""&nbsp;"", ""landmark"": """", ""time"": ""Service&nbsp;Details""}, {""city"": ""1130SALKCBNS"", ""landmark"": ""Route&nbsp;No.&nbsp;:"", ""time"": ""422NS""}, {""city"": ""SALEM"", ""landmark"": ""To&nbsp;Place&nbsp;:"", ""time"": ""CHENNAI-KILAMBAKKAM-KCBT""}, {""city"": ""16/01/2026"", ""landmark"": ""Journey&nbsp;Hours&nbsp;*:"", ""time"": ""7:30""}, {""city"": ""317.00"", ""landmark"": ""Corporation&nbsp;:"", ""time"": ""SETC""}, {""city"": ""&nbsp;"", ""landmark"": ""Adult&nbsp;Fare&nbsp;**"", ""time"": ""318""}, {""city"": ""City"", ""landmark"": ""Land&nbsp;Mark&nbsp;"", ""time"": ""Dep.&nbsp;Time&nbsp;""}, {""city"": ""SALEM"", ""landmark"": ""SALEM"", ""time"": ""11:30""}, {""city"": ""SALEM"", ""landmark"": ""KONDALAMPATTI BYE PASS"", ""time"": ""11:40""}, {""city"": ""SALEM"", ""landmark"": ""SEELANAICKENPATTI BYE PASS"", ""time"": ""11:50""}, {""city"": ""SALEM"", ""landmark"": ""AYOTHIYAPATTINAM BYE PASS"", ""time"": ""12:00""}, {""city"": ""SALEM"", ""landmark"": ""METTUPATTI TOLL"", ""time"": ""12:15""}, {""city"": ""SALEM"", ""landmark"": ""ATHUR BYPASS"", ""time"": ""12:45""}, {""city"": ""SALEM"", ""landmark"": ""THALAIVASAL TOLLGATE"", ""time"": ""13:00""}, {""city"": ""CHENNAI-KILAMBAKKAM-KCBT"", ""landmark"": ""CHENNAI KALAIGNAR CBT"", ""time"": ""17:30""}]",2026-01-13T18:16:06.601076
1130SALKCBNS,,SETC,SALEM,CHENNAI,,,7.30Hrs,35 Seats Available,Standard,Rs 318/492,16/01/2026,"[{""city"": ""&nbsp;"", ""landmark"": """", ""time"": ""Service&nbsp;Details""}, {""city"": ""1130SALKCBNS"", ""landmark"": ""Route&nbsp;No.&nbsp;:"", ""time"": ""422NS""}, {""city"": ""SALEM"", ""landmark"": ""To&nbsp;Place&nbsp;:"", ""time"": ""CHENNAI-KILAMBAKKAM-KCBT""}, {""city"": ""16/01/2026"", ""landmark"": ""Journey&nbsp;Hours&nbsp;*:"", ""time"": ""7:30""}, {""city"": ""317.00"", ""landmark"": ""Corporation&nbsp;:"", ""time"": ""SETC""}, {""city"": ""&nbsp;"", ""landmark"": ""Adult&nbsp;Fare&nbsp;**"", ""time"": ""318""}, {""city"": ""City"", ""landmark"": ""Land&nbsp;Mark&nbsp;"", ""time"": ""Dep.&nbsp;Time&nbsp;""}, {""city"": ""SALEM"", ""landmark"": ""SALEM"", ""time"": ""11:30""}, {""city"": ""SALEM"", ""landmark"": ""KONDALAMPATTI BYE PASS"", ""time"": ""11:40""}, {""city"": ""SALEM"", ""landmark"": ""SEELANAICKENPATTI BYE PASS"", ""time"": ""11:50""}, {""city"": ""SALEM"", ""landmark"": ""AYOTHIYAPATTINAM BYE PASS"", ""time"": ""12:00""}, {""city"": ""SALEM"", ""landmark"": ""METTUPATTI TOLL"", ""time"": ""12:15""}, {""city"": ""SALEM"", ""landmark"": ""ATHUR BYPASS"", ""time"": ""12:45""}, {""city"": ""SALEM"", ""landmark"": ""THALAIVASAL TOLLGATE"", ""time"": ""13:00""}, {""city"": ""CHENNAI-KILAMBAKKAM-KCBT"", ""landmark"": ""CHENNAI KALAIGNAR CBT"", ""time"": ""17:30""}]",2026-01-13T18:16:06.601076
1130SALKCBAL,,SETC,SALEM,CHENNAI,,,6.00Hrs,33 Seats Available,Standard,Rs 410/631,16/01/2026,"[{""city"": ""&nbsp;"", ""landmark"": """", ""time"": ""Service&nbsp;Details""}, {""city"": ""1130SALKCBAL"", ""landmark"": ""Route&nbsp;No.&nbsp;:"", ""time"": ""422AL""}, {""city"": ""SALEM"", ""landmark"": ""To&nbsp;Place&nbsp;:"", ""time"": ""CHENNAI-KILAMBAKKAM-KCBT""}, {""city"": ""16/01/2026"", ""landmark"": ""Journey&nbsp;Hours&nbsp;*:"", ""time"": ""6:00""}, {""city"": ""323.00"", ""landmark"": ""Corporation&nbsp;:"", ""time"": ""SETC""}, {""city"": ""&nbsp;"", ""landmark"": ""Adult&nbsp;Fare&nbsp;**"", ""time"": ""410""}, {""city"": ""City"", ""landmark"": ""Land&nbsp;Mark&nbsp;"", ""time"": ""Dep.&nbsp;Time&nbsp;""}, {""city"": ""SALEM"", ""landmark"": ""SALEM"", ""time"": ""11:30""}, {""city"": ""SALEM"", ""landmark"": ""KONDALAMPATTI BYE PASS"", ""time"": ""11:40""}, {""city"": ""SALEM"", ""landmark"": ""SEELANAICKENPATTI BYE PASS"", ""time"": ""11:50""}, {""city"": ""SALEM"", ""landmark"": ""AYOTHIYAPATTINAM BYE PASS"", ""time"": ""12:00""}, {""city"": ""CHENNAI-KILAMBAKKAM-KCBT"", ""landmark"": ""CHENNAI KALAIGNAR CBT"", ""time"": ""17:30""}]",2026-01-13T18:16:06.601076
1130SALKCBAL,,SETC,SALEM,CHENNAI,,,6.00Hrs,33 Seats Available,Standard,Rs 410/631,16/01/2026,"[{""city"": ""&nbsp;"", ""landmark"": """", ""time"": ""Service&nbsp;Details""}, {""city"": ""1130SALKCBAL"", ""landmark"": ""Route&nbsp;No.&nbsp;:"", ""time"": ""422AL""}, {""city"": ""SALEM"", ""landmark"": ""To&nbsp;Place&nbsp;:"", ""time"": ""CHENNAI-KILAMBAKKAM-KCBT""}, {""city"": ""16/01/2026"", ""landmark"": ""Journey&nbsp;Hours&nbsp;*:"", ""time"": ""6:00""}, {""city"": ""323.00"", ""landmark"": ""Corporation&nbsp;:"", ""time"": ""SETC""}, {""city"": ""&nbsp;"", ""landmark"": ""Adult&nbsp;Fare&nbsp;**"", ""time"": ""410""}, {""city"": ""City"", ""landmark"": ""Land&nbsp;Mark&nbsp;"", ""time"": ""Dep.&nbsp;Time&nbsp;""}, {""city"": ""SALEM"", ""landmark"": ""SALEM"", ""time"": ""11:30""}, {""city"": ""SALEM"", ""landmark"": ""KONDALAMPATTI BYE PASS"", ""time"": ""11:40""}, {""city"": ""SALEM"", ""landmark"": ""SEELANAICKENPATTI BYE PASS"", ""time"": ""11:50""}, {""city"": ""SALEM"", ""landmark"": ""AYOTHIYAPATTINAM BYE PASS"", ""time"": ""12:00""}, {""city"": ""CHENNAI-KILAMBAKKAM-KCBT"", ""landmark"": ""CHENNAI KALAIGNAR CBT"", ""time"": ""17:30""}]",2026-01-13T18:16:06.601076
1142SALKCBDD01L,,SETC,SALEM,CHENNAI,,,7.00Hrs,45 Seats Available,Standard,Rs 274,16/01/2026,"[{""city"": ""&nbsp;"", ""landmark"": """", ""time"": ""Service&nbsp;Details""}, {""city"": ""1142SALKCBDD01L"", ""landmark"": ""Route&nbsp;No.&nbsp;:"", ""time"": ""175A""}, {""city"": ""SALEM"", ""landmark"": ""To&nbsp;Place&nbsp;:"", ""time"": ""CHENNAI-KILAMBAKKAM-KCBT""}, {""city"": ""16/01/2026"", ""landmark"": ""Journey&nbsp;Hours&nbsp;*:"", ""time"": ""7:00""}, {""city"": ""317.00"", ""landmark"": ""Corporation&nbsp;:"", ""time"": ""SALEM""}, {""city"": ""&nbsp;"", ""landmark"": ""Adult&nbsp;Fare&nbsp;**"", ""time"": ""274""}, {""city"": ""City"", ""landmark"": ""Land&nbsp;Mark&nbsp;"", ""time"": ""Dep.&nbsp;Time&nbsp;""}, {""city"": ""SALEM"", ""landmark"": ""SALEM"", ""time"": ""11:42""}, {""city"": ""CHENNAI-KILAMBAKKAM-KCBT"", ""landmark"": ""CHENNAI KALAIGNAR CBT"", ""time"": ""18:42""}]",2026-01-13T18:16:06.601076
1142SALKCBDD01L,,SETC,SALEM,CHENNAI,,,7.00Hrs,45 Seats Available,Standard,Rs 274,16/01/2026,"[{""city"": ""&nbsp;"", ""landmark"": """", ""time"": ""Service&nbsp;Details""}, {""city"": ""1142SALKCBDD01L"", ""landmark"": ""Route&nbsp;No.&nbsp;:"", ""time"": ""175A""}, {""city"": ""SALEM"", ""landmark"": ""To&nbsp;Place&nbsp;:"", ""time"": ""CHENNAI-KILAMBAKKAM-KCBT""}, {""city"": ""16/01/2026"", ""landmark"": ""Journey&nbsp;Hours&nbsp;*:"", ""time"": ""7:00""}, {""city"": ""317.00"", ""landmark"": ""Corporation&nbsp;:"", ""time"": ""SALEM""}, {""city"": ""&nbsp;"", ""landmark"": ""Adult&nbsp;Fare&nbsp;**"", ""time"": ""274""}, {""city"": ""City"", ""landmark"": ""Land&nbsp;Mark&nbsp;"", ""time"": ""Dep.&nbsp;Time&nbsp;""}, {""city"": ""SALEM"", ""landmark"": ""SALEM"", ""time"": ""11:42""}, {""city"": ""CHENNAI-KILAMBAKKAM-KCBT"", ""landmark"": ""CHENNAI KALAIGNAR CBT"", ""time"": ""18:42""}]",2026-01-13T18:16:06.601076
1145SALKCBAC,,SETC,SALEM,CHENNAI,,,7.30Hrs,33 Seats Available,Standard,Rs 410,16/01/2026,"[{""city"": ""&nbsp;"", ""landmark"": """", ""time"": ""Service&nbsp;Details""}, {""city"": ""1145SALKCBAC"", ""landmark"": ""Route&nbsp;No.&nbsp;:"", ""time"": ""422AC""}, {""city"": ""SALEM"", ""landmark"": ""To&nbsp;Place&nbsp;:"", ""time"": ""CHENNAI-KILAMBAKKAM-KCBT""}, {""city"": ""16/01/2026"", ""landmark"": ""Journey&nbsp;Hours&nbsp;*:"", ""time"": ""7:30""}, {""city"": ""317.00"", ""landmark"": ""Corporation&nbsp;:"", ""time"": ""SETC""}, {""city"": ""&nbsp;"", ""landmark"": ""Adult&nbsp;Fare&nbsp;**"", ""time"": ""410""}, {""city"": ""City"", ""landmark"": ""Land&nbsp;Mark&nbsp;"", ""time"": ""Dep.&nbsp;Time&nbsp;""}, {""city"": ""SALEM"", ""landmark"": ""SALEM"", ""time"": ""11:45""}, {""city"": ""SALEM"", ""landmark"": ""ATHUR BYPASS"", ""time"": ""12:45""}, {""city"": ""SALEM"", ""landmark"": ""THALAIVASAL TOLLGATE"", ""time"": ""13:00""}, {""city"": ""CHENNAI-KILAMBAKKAM-KCBT"", ""landmark"": ""CHENNAI KALAIGNAR CBT"", ""time"": ""17:45""}]",2026-01-13T18:16:06.601076
1145SALKCBAC,,SETC,SALEM,CHENNAI,,,7.30Hrs,33 Seats Available,Standard,Rs 410,16/01/2026,"[{""city"": ""&nbsp;"", ""landmark"": """", ""time"": ""Service&nbsp;Details""}, {""city"": ""1145SALKCBAC"", ""landmark"": ""Route&nbsp;No.&nbsp;:"", ""time"": ""422AC""}, {""city"": ""SALEM"", ""landmark"": ""To&nbsp;Place&nbsp;:"", ""time"": ""CHENNAI-KILAMBAKKAM-KCBT""}, {""city"": ""16/01/2026"", ""landmark"": ""Journey&nbsp;Hours&nbsp;*:"", ""time"": ""7:30""}, {""city"": ""317.00"", ""landmark"": ""Corporation&nbsp;:"", ""time"": ""SETC""}, {""city"": ""&nbsp;"", ""landmark"": ""Adult&nbsp;Fare&nbsp;**"", ""time"": ""410""}, {""city"": ""City"", ""landmark"": ""Land&nbsp;Mark&nbsp;"", ""time"": ""Dep.&nbsp;Time&nbsp;""}, {""city"": ""SALEM"", ""landmark"": ""SALEM"", ""time"": ""11:45""}, {""city"": ""SALEM"", ""landmark"": ""ATHUR BYPASS"", ""time"": ""12:45""}, {""city"": ""SALEM"", ""landmark"": ""THALAIVASAL TOLLGATE"", ""time"": ""13:00""}, {""city"": ""CHENNAI-KILAMBAKKAM-KCBT"", ""landmark"": ""CHENNAI KALAIGNAR CBT"", ""time"": ""17:45""}]",2026-01-13T18:16:06.601076
1155SALKCBDD01L,,SETC,SALEM,CHENNAI,,,7.00Hrs,45 Seats Available,Standard,Rs 274,16/01/2026,"[{""city"": ""&nbsp;"", ""landmark"": """", ""time"": ""Service&nbsp;Details""}, {""city"": ""1155SALKCBDD01L"", ""landmark"": ""Route&nbsp;No.&nbsp;:"", ""time"": ""775A""}, {""city"": ""SALEM"", ""landmark"": ""To&nbsp;Place&nbsp;:"", ""time"": ""CHENNAI-KILAMBAKKAM-KCBT""}, {""city"": ""16/01/2026"", ""landmark"": ""Journey&nbsp;Hours&nbsp;*:"", ""time"": ""7:00""}, {""city"": ""317.00"", ""landmark"": ""Corporation&nbsp;:"", ""time"": ""SALEM""}, {""city"": ""&nbsp;"", ""landmark"": ""Adult&nbsp;Fare&nbsp;**"", ""time"": ""274""}, {""city"": ""City"", ""landmark"": ""Land&nbsp;Mark&nbsp;"", ""time"": ""Dep.&nbsp;Time&nbsp;""}, {""city"": ""SALEM"", ""landmark"": ""SALEM"", ""time"": ""11:55""}, {""city"": ""CHENNAI-KILAMBAKKAM-KCBT"", ""landmark"": ""CHENNAI KALAIGNAR CBT"", ""time"": ""18:55""}]",2026-01-13T18:16:06.601076
1155SALKCBDD01L,,SETC,SALEM,CHENNAI,,,7.00Hrs,45 Seats Available,Standard,Rs 274,16/01/2026,"[{""city"": ""&nbsp;"", ""landmark"": """", ""time"": ""Service&nbsp;Details""}, {""city"": ""1155SALKCBDD01L"", ""landmark"": ""Route&nbsp;No.&nbsp;:"", ""time"": ""775A""}, {""city"": ""SALEM"", ""landmark"": ""To&nbsp;Place&nbsp;:"", ""time"": ""CHENNAI-KILAMBAKKAM-KCBT""}, {""city"": ""16/01/2026"", ""landmark"": ""Journey&nbsp;Hours&nbsp;*:"", ""time"": ""7:00""}, {""city"": ""317.00"", ""landmark"": ""Corporation&nbsp;:"", ""time"": ""SALEM""}, {""city"": ""&nbsp;"", ""landmark"": ""Adult&nbsp;Fare&nbsp;**"", ""time"": ""274""}, {""city"": ""City"", ""landmark"": ""Land&nbsp;Mark&nbsp;"", ""time"": ""Dep.&nbsp;Time&nbsp;""}, {""city"": ""SALEM"", ""landmark"": ""SALEM"", ""time"": ""11:55""}, {""city"": ""CHENNAI-KILAMBAKKAM-KCBT"", ""landmark"": ""CHENNAI KALAIGNAR CBT"", ""time"": ""18:55""}]",2026-01-13T18:16:06.601076
1200SALKCB,,SETC,SALEM,CHENNAI,,,7.30Hrs,33 Seats Available,Standard,Rs 318,16/01/2026,"[{""city"": ""&nbsp;"", ""landmark"": """", ""time"": ""Service&nbsp;Details""}, {""city"": ""1200SALKCB"", ""landmark"": ""Route&nbsp;No.&nbsp;:"", ""time"": ""422UD""}, {""city"": ""SALEM"", ""landmark"": ""To&nbsp;Place&nbsp;:"", ""time"": ""CHENNAI-KILAMBAKKAM-KCBT""}, {""city"": ""16/01/2026"", ""landmark"": ""Journey&nbsp;Hours&nbsp;*:"", ""time"": ""7:30""}, {""city"": ""317.00"", ""landmark"": ""Corporation&nbsp;:"", ""time"": ""SETC""}, {""city"": ""&nbsp;"", ""landmark"": ""Adult&nbsp;Fare&nbsp;**"", ""time"": ""318""}, {""city"": ""City"", ""landmark"": ""Land&nbsp;Mark&nbsp;"", ""time"": ""Dep.&nbsp;Time&nbsp;""}, {""city"": ""SALEM"", ""landmark"": ""SALEM"", ""time"": ""12:00""}, {""city"": ""CHENNAI-KILAMBAKKAM-KCBT"", ""landmark"": ""CHENNAI KALAIGNAR CBT"", ""time"": ""18:30""}]",2026-01-13T18:16:06.601076
1200SALKCB,,SETC,SALEM,CHENNAI,,,7.30Hrs,33 Seats Available,Standard,Rs 318,16/01/2026,"[{""city"": ""&nbsp;"", ""landmark"": """", ""time"": ""Service&nbsp;Details""}, {""city"": ""1200SALKCB"", ""landmark"": ""Route&nbsp;No.&nbsp;:"", ""time"": ""422UD""}, {""city"": ""SALEM"", ""landmark"": ""To&nbsp;Place&nbsp;:"", ""time"": ""CHENNAI-KILAMBAKKAM-KCBT""}, {""city"": ""16/01/2026"", ""landmark"": ""Journey&nbsp;Hours&nbsp;*:"", ""time"": ""7:30""}, {""city"": ""317.00"", ""landmark"": ""Corporation&nbsp;:"", ""time"": ""SETC""}, {""city"": ""&nbsp;"", ""landmark"": ""Adult&nbsp;Fare&nbsp;**"", ""time"": ""318""}, {""city"": ""City"", ""landmark"": ""Land&nbsp;Mark&nbsp;"", ""time"": ""Dep.&nbsp;Time&nbsp;""}, {""city"": ""SALEM"", ""landmark"": ""SALEM"", ""time"": ""12:00""}, {""city"": ""CHENNAI-KILAMBAKKAM-KCBT"", ""landmark"": ""CHENNAI KALAIGNAR CBT"", ""time"": ""18:30""}]",2026-01-13T18:16:06.601076
1215SALKCBDD01L,,SETC,SALEM,CHENNAI,,,7.00Hrs,45 Seats Available,Standard,Rs 274,16/01/2026,"[{""city"": ""&nbsp;"", ""landmark"": """", ""time"": ""Service&nbsp;Details""}, {""city"": ""1215SALKCBDD01L"", ""landmark"": ""Route&nbsp;No.&nbsp;:"", ""time"": ""575B""}, {""city"": ""SALEM"", ""landmark"": ""To&nbsp;Place&nbsp;:"", ""time"": ""CHENNAI-KILAMBAKKAM-KCBT""}, {""city"": ""16/01/2026"", ""landmark"": ""Journey&nbsp;Hours&nbsp;*:"", ""time"": ""7:00""}, {""city"": ""317.00"", ""landmark"": ""Corporation&nbsp;:"", ""time"": ""SALEM""}, {""city"": ""&nbsp;"", ""landmark"": ""Adult&nbsp;Fare&nbsp;**"", ""time"": ""274""}, {""city"": ""City"", ""landmark"": ""Land&nbsp;Mark&nbsp;"", ""time"": ""Dep.&nbsp;Time&nbsp;""}, {""city"": ""SALEM"", ""landmark"": ""SALEM"", ""time"": ""12:15""}, {""city"": ""CHENNAI-KILAMBAKKAM-KCBT"", ""landmark"": ""CHENNAI KALAIGNAR CBT"", ""time"": ""19:15""}]",2026-01-13T18:16:06.601076
1215SALKCBDD01L,,SETC,SALEM,CHENNAI,,,7.00Hrs,45 Seats Available,Standard,Rs 274,16/01/2026,"[{""city"": ""&nbsp;"", ""landmark"": """", ""time"": ""Service&nbsp;Details""}, {""city"": ""1215SALKCBDD01L"", ""landmark"": ""Route&nbsp;No.&nbsp;:"", ""time"": ""575B""}, {""city"": ""SALEM"", ""landmark"": ""To&nbsp;Place&nbsp;:"", ""time"": ""CHENNAI-KILAMBAKKAM-KCBT""}, {""city"": ""16/01/2026"", ""landmark"": ""Journey&nbsp;Hours&nbsp;*:"", ""time"": ""7:00""}, {""city"": ""317.00"", ""landmark"": ""Corporation&nbsp;:"", ""time"": ""SALEM""}, {""city"": ""&nbsp;"", ""landmark"": ""Adult&nbsp;Fare&nbsp;**"", ""time"": ""274""}, {""city"": ""City"", ""landmark"": ""Land&nbsp;Mark&nbsp;"", ""time"": ""Dep.&nbsp;Time&nbsp;""}, {""city"": ""SALEM"", ""landmark"": ""SALEM"", ""time"": ""12:15""}, {""city"": ""CHENNAI-KILAMBAKKAM-KCBT"", ""landmark"": ""CHENNAI KALAIGNAR CBT"", ""time"": ""19:15""}]",2026-01-13T18:16:06.601076
1230SALKCBAB,,SETC,SALEM,CHENNAI,,,7.30Hrs,37 Seats Available,Standard,Rs 410/631,16/01/2026,"[{""city"": ""&nbsp;"", ""landmark"": """", ""time"": ""Service&nbsp;Details""}, {""city"": ""1230SALKCBAB"", ""landmark"": ""Route&nbsp;No.&nbsp;:"", ""time"": ""422AB""}, {""city"": ""SALEM"", ""landmark"": ""To&nbsp;Place&nbsp;:"", ""time"": ""CHENNAI-KILAMBAKKAM-KCBT""}, {""city"": ""16/01/2026"", ""landmark"": ""Journey&nbsp;Hours&nbsp;*:"", ""time"": ""7:30""}, {""city"": ""317.00"", ""landmark"": ""Corporation&nbsp;:"", ""time"": ""SETC""}, {""city"": ""&nbsp;"", ""landmark"": ""Adult&nbsp;Fare&nbsp;**"", ""time"": ""410""}, {""city"": ""City"", ""landmark"": ""Land&nbsp;Mark&nbsp;"", ""time"": ""Dep.&nbsp;Time&nbsp;""}, {""city"": ""SALEM"", ""landmark"": ""SALEM"", ""time"": ""12:30""}, {""city"": ""SALEM"", ""landmark"": ""KONDALAMPATTI BYE PASS"", ""time"": ""12:40""}, {""city"": ""SALEM"", ""landmark"": ""SEELANAICKENPATTI BYE PASS"", ""time"": ""12:50""}, {""city"": ""SALEM"", ""landmark"": ""AYOTHIYAPATTINAM BYE PASS"", ""time"": ""13:00""}, {""city"": ""SALEM"", ""landmark"": ""METTUPATTI TOLL"", ""time"": ""13:15""}, {""city"": ""SALEM"", ""landmark"": ""ATHUR BYPASS"", ""time"": ""13:45""}, {""city"": ""SALEM"", ""landmark"": ""THALAIVASAL TOLLGATE"", ""time"": ""14:00""}, {""city"": ""CHENNAI-KILAMBAKKAM-KCBT"", ""landmark"": ""CHENNAI KALAIGNAR CBT"", ""time"": ""18:30""}]",2026-01-13T18:16:06.601076
1230SALKCBAB,,SETC,SALEM,CHENNAI,,,7.30Hrs,37 Seats Available,Standard,Rs 410/631,16/01/2026,"[{""city"": ""&nbsp;"", ""landmark"": """", ""time"": ""Service&nbsp;Details""}, {""city"": ""1230SALKCBAB"", ""landmark"": ""Route&nbsp;No.&nbsp;:"", ""time"": ""422AB""}, {""city"": ""SALEM"", ""landmark"": ""To&nbsp;Place&nbsp;:"", ""time"": ""CHENNAI-KILAMBAKKAM-KCBT""}, {""city"": ""16/01/2026"", ""landmark"": ""Journey&nbsp;Hours&nbsp;*:"", ""time"": ""7:30""}, {""city"": ""317.00"", ""landmark"": ""Corporation&nbsp;:"", ""time"": ""SETC""}, {""city"": ""&nbsp;"", ""landmark"": ""Adult&nbsp;Fare&nbsp;**"", ""time"": ""410""}, {""city"": ""City"", ""landmark"": ""Land&nbsp;Mark&nbsp;"", ""time"": ""Dep.&nbsp;Time&nbsp;""}, {""city"": ""SALEM"", ""landmark"": ""SALEM"", ""time"": ""12:30""}, {""city"": ""SALEM"", ""landmark"": ""KONDALAMPATTI BYE PASS"", ""time"": ""12:40""}, {""city"": ""SALEM"", ""landmark"": ""SEELANAICKENPATTI BYE PASS"", ""time"": ""12:50""}, {""city"": ""SALEM"", ""landmark"": ""AYOTHIYAPATTINAM BYE PASS"", ""time"": ""13:00""}, {""city"": ""SALEM"", ""landmark"": ""METTUPATTI TOLL"", ""time"": ""13:15""}, {""city"": ""SALEM"", ""landmark"": ""ATHUR BYPASS"", ""time"": ""13:45""}, {""city"": ""SALEM"", ""landmark"": ""THALAIVASAL TOLLGATE"", ""time"": ""14:00""}, {""city"": ""CHENNAI-KILAMBAKKAM-KCBT"", ""landmark"": ""CHENNAI KALAIGNAR CBT"", ""time"": ""18:30""}]",2026-01-13T18:16:06.601076
1231SALKCBDD01L,,SETC,SALEM,CHENNAI,,,7.00Hrs,45 Seats Available,Standard,Rs 274,16/01/2026,"[{""city"": ""&nbsp;"", ""landmark"": """", ""time"": ""Service&nbsp;Details""}, {""city"": ""1231SALKCBDD01L"", ""landmark"": ""Route&nbsp;No.&nbsp;:"", ""time"": ""175F""}, {""city"": ""SALEM"", ""landmark"": ""To&nbsp;Place&nbsp;:"", ""time"": ""CHENNAI-KILAMBAKKAM-KCBT""}, {""city"": ""16/01/2026"", ""landmark"": ""Journey&nbsp;Hours&nbsp;*:"", ""time"": ""7:00""}, {""city"": ""317.00"", ""landmark"": ""Corporation&nbsp;:"", ""time"": ""SALEM""}, {""city"": ""&nbsp;"", ""landmark"": ""Adult&nbsp;Fare&nbsp;**"", ""time"": ""274""}, {""city"": ""City"", ""landmark"": ""Land&nbsp;Mark&nbsp;"", ""time"": ""Dep.&nbsp;Time&nbsp;""}, {""city"": ""SALEM"", ""landmark"": ""SALEM"", ""time"": ""12:31""}, {""city"": ""CHENNAI-KILAMBAKKAM-KCBT"", ""landmark"": ""CHENNAI KALAIGNAR CBT"", ""time"": ""19:31""}]",2026-01-13T18:16:06.601076
1231SALKCBDD01L,,SETC,SALEM,CHENNAI,,,7.00Hrs,45 Seats Available,Standard,Rs 274,16/01/2026,"[{""city"": ""&nbsp;"", ""landmark"": """", ""time"": ""Service&nbsp;Details""}, {""city"": ""1231SALKCBDD01L"", ""landmark"": ""Route&nbsp;No.&nbsp;:"", ""time"": ""175F""}, {""city"": ""SALEM"", ""landmark"": ""To&nbsp;Place&nbsp;:"", ""time"": ""CHENNAI-KILAMBAKKAM-KCBT""}, {""city"": ""16/01/2026"", ""landmark"": ""Journey&nbsp;Hours&nbsp;*:"", ""time"": ""7:00""}, {""city"": ""317.00"", ""landmark"": ""Corporation&nbsp;:"", ""time"": ""SALEM""}, {""city"": ""&nbsp;"", ""landmark"": ""Adult&nbsp;Fare&nbsp;**"", ""time"": ""274""}, {""city"": ""City"", ""landmark"": ""Land&nbsp;Mark&nbsp;"", ""time"": ""Dep.&nbsp;Time&nbsp;""}, {""city"": ""SALEM"", ""landmark"": ""SALEM"", ""time"": ""12:31""}, {""city"": ""CHENNAI-KILAMBAKKAM-KCBT"", ""landmark"": ""CHENNAI KALAIGNAR CBT"", ""time"": ""19:31""}]",2026-01-13T18:16:06.601076
1245SALKCBDD01L,,SETC,SALEM,CHENNAI,,,7.00Hrs,45 Seats Available,Standard,Rs 274,16/01/2026,"[{""city"": ""&nbsp;"", ""landmark"": """", ""time"": ""Service&nbsp;Details""}, {""city"": ""1245SALKCBDD01L"", ""landmark"": ""Route&nbsp;No.&nbsp;:"", ""time"": ""475B""}, {""city"": ""SALEM"", ""landmark"": ""To&nbsp;Place&nbsp;:"", ""time"": ""CHENNAI-KILAMBAKKAM-KCBT""}, {""city"": ""16/01/2026"", ""landmark"": ""Journey&nbsp;Hours&nbsp;*:"", ""time"": ""7:00""}, {""city"": ""317.00"", ""landmark"": ""Corporation&nbsp;:"", ""time"": ""SALEM""}, {""city"": ""&nbsp;"", ""landmark"": ""Adult&nbsp;Fare&nbsp;**"", ""time"": ""274""}, {""city"": ""City"", ""landmark"": ""Land&nbsp;Mark&nbsp;"", ""time"": ""Dep.&nbsp;Time&nbsp;""}, {""city"": ""SALEM"", ""landmark"": ""SALEM"", ""time"": ""12:45""}, {""city"": ""CHENNAI-KILAMBAKKAM-KCBT"", ""landmark"": ""CHENNAI KALAIGNAR CBT"", ""time"": ""19:45""}]",2026-01-13T18:16:06.601076
1245SALKCBDD01L,,SETC,SALEM,CHENNAI,,,7.00Hrs,45 Seats Available,Standard,Rs 274,16/01/2026,"[{""city"": ""&nbsp;"", ""landmark"": """", ""time"": ""Service&nbsp;Details""}, {""city"": ""1245SALKCBDD01L"", ""landmark"": ""Route&nbsp;No.&nbsp;:"", ""time"": ""475B""}, {""city"": ""SALEM"", ""landmark"": ""To&nbsp;Place&nbsp;:"", ""time"": ""CHENNAI-KILAMBAKKAM-KCBT""}, {""city"": ""16/01/2026"", ""landmark"": ""Journey&nbsp;Hours&nbsp;*:"", ""time"": ""7:00""}, {""city"": ""317.00"", ""landmark"": ""Corporation&nbsp;:"", ""time"": ""SALEM""}, {""city"": ""&nbsp;"", ""landmark"": ""Adult&nbsp;Fare&nbsp;**"", ""time"": ""274""}, {""city"": ""City"", ""landmark"": ""Land&nbsp;Mark&nbsp;"", ""time"": ""Dep.&nbsp;Time&nbsp;""}, {""city"": ""SALEM"", ""landmark"": ""SALEM"", ""time"": ""12:45""}, {""city"": ""CHENNAI-KILAMBAKKAM-KCBT"", ""landmark"": ""CHENNAI KALAIGNAR CBT"", ""time"": ""19:45""}]",2026-01-13T18:16:06.601076
1300SALKCBNS,,SETC,SALEM,CHENNAI,,,7.30Hrs,33 Seats Available,Standard,Rs 318/492,16/01/2026,"[{""city"": ""&nbsp;"", ""landmark"": """", ""time"": ""Service&nbsp;Details""}, {""city"": ""1300SALKCBNS"", ""landmark"": ""Route&nbsp;No.&nbsp;:"", ""time"": ""422NS""}, {""city"": ""SALEM"", ""landmark"": ""To&nbsp;Place&nbsp;:"", ""time"": ""CHENNAI-KILAMBAKKAM-KCBT""}, {""city"": ""16/01/2026"", ""landmark"": ""Journey&nbsp;Hours&nbsp;*:"", ""time"": ""7:30""}, {""city"": ""317.00"", ""landmark"": ""Corporation&nbsp;:"", ""time"": ""SETC""}, {""city"": ""&nbsp;"", ""landmark"": ""Adult&nbsp;Fare&nbsp;**"", ""time"": ""318""}, {""city"": ""City"", ""landmark"": ""Land&nbsp;Mark&nbsp;"", ""time"": ""Dep.&nbsp;Time&nbsp;""}, {""city"": ""SALEM"", ""landmark"": ""SALEM"", ""time"": ""13:00""}, {""city"": ""SALEM"", ""landmark"": ""KONDALAMPATTI BYE PASS"", ""time"": ""13:10""}, {""city"": ""SALEM"", ""landmark"": ""SEELANAICKENPATTI BYE PASS"", ""time"": ""13:20""}, {""city"": ""SALEM"", ""landmark"": ""AYOTHIYAPATTINAM BYE PASS"", ""time"": ""13:30""}, {""city"": ""SALEM"", ""landmark"": ""METTUPATTI TOLL"", ""time"": ""13:45""}, {""city"": ""SALEM"", ""landmark"": ""ATHUR BYPASS"", ""time"": ""14:15""}, {""city"": ""SALEM"", ""landmark"": ""THALAIVASAL TOLLGATE"", ""time"": ""14:30""}, {""city"": ""CHENNAI-KILAMBAKKAM-KCBT"", ""landmark"": ""CHENNAI KALAIGNAR CBT"", ""time"": ""19:00""}]",2026-01-13T18:16:06.601076
1300SALKCBNS,,SETC,SALEM,CHENNAI,,,7.30Hrs,33 Seats Available,Standard,Rs 318/492,16/01/2026,"[{""city"": ""&nbsp;"", ""landmark"": """", ""time"": ""Service&nbsp;Details""}, {""city"": ""1300SALKCBNS"", ""landmark"": ""Route&nbsp;No.&nbsp;:"", ""time"": ""422NS""}, {""city"": ""SALEM"", ""landmark"": ""To&nbsp;Place&nbsp;:"", ""time"": ""CHENNAI-KILAMBAKKAM-KCBT""}, {""city"": ""16/01/2026"", ""landmark"": ""Journey&nbsp;Hours&nbsp;*:"", ""time"": ""7:30""}, {""city"": ""317.00"", ""landmark"": ""Corporation&nbsp;:"", ""time"": ""SETC""}, {""city"": ""&nbsp;"", ""landmark"": ""Adult&nbsp;Fare&nbsp;**"", ""time"": ""318""}, {""city"": ""City"", ""landmark"": ""Land&nbsp;Mark&nbsp;"", ""time"": ""Dep.&nbsp;Time&nbsp;""}, {""city"": ""SALEM"", ""landmark"": ""SALEM"", ""time"": ""13:00""}, {""city"": ""SALEM"", ""landmark"": ""KONDALAMPATTI BYE PASS"", ""time"": ""13:10""}, {""city"": ""SALEM"", ""landmark"": ""SEELANAICKENPATTI BYE PASS"", ""time"": ""13:20""}, {""city"": ""SALEM"", ""landmark"": ""AYOTHIYAPATTINAM BYE PASS"", ""time"": ""13:30""}, {""city"": ""SALEM"", ""landmark"": ""METTUPATTI TOLL"", ""time"": ""13:45""}, {""city"": ""SALEM"", ""landmark"": ""ATHUR BYPASS"", ""time"": ""14:15""}, {""city"": ""SALEM"", ""landmark"": ""THALAIVASAL TOLLGATE"", ""time"": ""14:30""}, {""city"": ""CHENNAI-KILAMBAKKAM-KCBT"", ""landmark"": ""CHENNAI KALAIGNAR CBT"", ""time"": ""19:00""}]",2026-01-13T18:16:06.601076
1300SALKCBMS,,SETC,SALEM,CHENNAI,,,6.00Hrs,43 Seats Available,Standard,Rs 536,16/01/2026,"[{""city"": ""&nbsp;"", ""landmark"": """", ""time"": ""Service&nbsp;Details""}, {""city"": ""1300SALKCBMS"", ""landmark"": ""Route&nbsp;No.&nbsp;:"", ""time"": ""422MS""}, {""city"": ""SALEM"", ""landmark"": ""To&nbsp;Place&nbsp;:"", ""time"": ""CHENNAI-KILAMBAKKAM-KCBT""}, {""city"": ""16/01/2026"", ""landmark"": ""Journey&nbsp;Hours&nbsp;*:"", ""time"": ""6:00""}, {""city"": ""323.00"", ""landmark"": ""Corporation&nbsp;:"", ""time"": ""SETC""}, {""city"": ""&nbsp;"", ""landmark"": ""Adult&nbsp;Fare&nbsp;**"", ""time"": ""536""}, {""city"": ""City"", ""landmark"": ""Land&nbsp;Mark&nbsp;"", ""time"": ""Dep.&nbsp;Time&nbsp;""}, {""city"": ""SALEM"", ""landmark"": ""SALEM"", ""time"": ""13:00""}, {""city"": ""SALEM"", ""landmark"": ""KONDALAMPATTI BYE PASS"", ""time"": ""13:10""}, {""city"": ""SALEM"", ""landmark"": ""SEELANAICKENPATTI BYE PASS"", ""time"": ""13:20""}, {""city"": ""SALEM"", ""landmark"": ""AYOTHIYAPATTINAM BYE PASS"", ""time"": ""13:30""}, {""city"": ""CHENNAI-KILAMBAKKAM-KCBT"", ""landmark"": ""CHENNAI KALAIGNAR CBT"", ""time"": ""19:00""}]",2026-01-13T18:16:06.601076
1300SALKCBMS,,SETC,SALEM,CHENNAI,,,6.00Hrs,43 Seats Available,Standard,Rs 536,16/01/2026,"[{""city"": ""&nbsp;"", ""landmark"": """", ""time"": ""Service&nbsp;Details""}, {""city"": ""1300SALKCBMS"", ""landmark"": ""Route&nbsp;No.&nbsp;:"", ""time"": ""422MS""}, {""city"": ""SALEM"", ""landmark"": ""To&nbsp;Place&nbsp;:"", ""time"": ""CHENNAI-KILAMBAKKAM-KCBT""}, {""city"": ""16/01/2026"", ""landmark"": ""Journey&nbsp;Hours&nbsp;*:"", ""time"": ""6:00""}, {""city"": ""323.00"", ""landmark"": ""Corporation&nbsp;:"", ""time"": ""SETC""}, {""city"": ""&nbsp;"", ""landmark"": ""Adult&nbsp;Fare&nbsp;**"", ""time"": ""536""}, {""city"": ""City"", ""landmark"": ""Land&nbsp;Mark&nbsp;"", ""time"": ""Dep.&nbsp;Time&nbsp;""}, {""city"": ""SALEM"", ""landmark"": ""SALEM"", ""time"": ""13:00""}, {""city"": ""SALEM"", ""landmark"": ""KONDALAMPATTI BYE PASS"", ""time"": ""13:10""}, {""city"": ""SALEM"", ""landmark"": ""SEELANAICKENPATTI BYE PASS"", ""time"": ""13:20""}, {""city"": ""SALEM"", ""landmark"": ""AYOTHIYAPATTINAM BYE PASS"", ""time"": ""13:30""}, {""city"": ""CHENNAI-KILAMBAKKAM-KCBT"", ""landmark"": ""CHENNAI KALAIGNAR CBT"", ""time"": ""19:00""}]",2026-01-13T18:16:06.601076
1310SALKCBDD01L,,SETC,SALEM,CHENNAI,,,7.00Hrs,45 Seats Available,Standard,Rs 274,16/01/2026,"[{""city"": ""&nbsp;"", ""landmark"": """", ""time"": ""Service&nbsp;Details""}, {""city"": ""1310SALKCBDD01L"", ""landmark"": ""Route&nbsp;No.&nbsp;:"", ""time"": ""375A""}, {""city"": ""SALEM"", ""landmark"": ""To&nbsp;Place&nbsp;:"", ""time"": ""CHENNAI-KILAMBAKKAM-KCBT""}, {""city"": ""16/01/2026"", ""landmark"": ""Journey&nbsp;Hours&nbsp;*:"", ""time"": ""7:00""}, {""city"": ""317.00"", ""landmark"": ""Corporation&nbsp;:"", ""time"": ""SALEM""}, {""city"": ""&nbsp;"", ""landmark"": ""Adult&nbsp;Fare&nbsp;**"", ""time"": ""274""}, {""city"": ""City"", ""landmark"": ""Land&nbsp;Mark&nbsp;"", ""time"": ""Dep.&nbsp;Time&nbsp;""}, {""city"": ""SALEM"", ""landmark"": ""SALEM"", ""time"": ""13:10""}, {""city"": ""CHENNAI-KILAMBAKKAM-KCBT"", ""landmark"": ""CHENNAI KALAIGNAR CBT"", ""time"": ""20:10""}]",2026-01-13T18:16:06.601076
1310SALKCBDD01L,,SETC,SALEM,CHENNAI,,,7.00Hrs,45 Seats Available,Standard,Rs 274,16/01/2026,"[{""city"": ""&nbsp;"", ""landmark"": """", ""time"": ""Service&nbsp;Details""}, {""city"": ""1310SALKCBDD01L"", ""landmark"": ""Route&nbsp;No.&nbsp;:"", ""time"": ""375A""}, {""city"": ""SALEM"", ""landmark"": ""To&nbsp;Place&nbsp;:"", ""time"": ""CHENNAI-KILAMBAKKAM-KCBT""}, {""city"": ""16/01/2026"", ""landmark"": ""Journey&nbsp;Hours&nbsp;*:"", ""time"": ""7:00""}, {""city"": ""317.00"", ""landmark"": ""Corporation&nbsp;:"", ""time"": ""SALEM""}, {""city"": ""&nbsp;"", ""landmark"": ""Adult&nbsp;Fare&nbsp;**"", ""time"": ""274""}, {""city"": ""City"", ""landmark"": ""Land&nbsp;Mark&nbsp;"", ""time"": ""Dep.&nbsp;Time&nbsp;""}, {""city"": ""SALEM"", ""landmark"": ""SALEM"", ""time"": ""13:10""}, {""city"": ""CHENNAI-KILAMBAKKAM-KCBT"", ""landmark"": ""CHENNAI KALAIGNAR CBT"", ""time"": ""20:10""}]",2026-01-13T18:16:06.601076
1329SALKCBDD01L,,SETC,SALEM,CHENNAI,,,7.00Hrs,39 Seats Available,Standard,Rs 274,16/01/2026,"[{""city"": ""&nbsp;"", ""landmark"": """", ""time"": ""Service&nbsp;Details""}, {""city"": ""1329SALKCBDD01L"", ""landmark"": ""Route&nbsp;No.&nbsp;:"", ""time"": ""475C""}, {""city"": ""SALEM"", ""landmark"": ""To&nbsp;Place&nbsp;:"", ""time"": ""CHENNAI-KILAMBAKKAM-KCBT""}, {""city"": ""16/01/2026"", ""landmark"": ""Journey&nbsp;Hours&nbsp;*:"", ""time"": ""7:00""}, {""city"": ""317.00"", ""landmark"": ""Corporation&nbsp;:"", ""time"": ""SALEM""}, {""city"": ""&nbsp;"", ""landmark"": ""Adult&nbsp;Fare&nbsp;**"", ""time"": ""274""}, {""city"": ""City"", ""landmark"": ""Land&nbsp;Mark&nbsp;"", ""time"": ""Dep.&nbsp;Time&nbsp;""}, {""city"": ""SALEM"", ""landmark"": ""SALEM"", ""time"": ""13:29""}, {""city"": ""CHENNAI-KILAMBAKKAM-KCBT"", ""landmark"": ""CHENNAI KALAIGNAR CBT"", ""time"": ""20:29""}]",2026-01-13T18:16:06.601076
1329SALKCBDD01L,,SETC,SALEM,CHENNAI,,,7.00Hrs,39 Seats Available,Standard,Rs 274,16/01/2026,"[{""city"": ""&nbsp;"", ""landmark"": """", ""time"": ""Service&nbsp;Details""}, {""city"": ""1329SALKCBDD01L"", ""landmark"": ""Route&nbsp;No.&nbsp;:"", ""time"": ""475C""}, {""city"": ""SALEM"", ""landmark"": ""To&nbsp;Place&nbsp;:"", ""time"": ""CHENNAI-KILAMBAKKAM-KCBT""}, {""city"": ""16/01/2026"", ""landmark"": ""Journey&nbsp;Hours&nbsp;*:"", ""time"": ""7:00""}, {""city"": ""317.00"", ""landmark"": ""Corporation&nbsp;:"", ""time"": ""SALEM""}, {""city"": ""&nbsp;"", ""landmark"": ""Adult&nbsp;Fare&nbsp;**"", ""time"": ""274""}, {""city"": ""City"", ""landmark"": ""Land&nbsp;Mark&nbsp;"", ""time"": ""Dep.&nbsp;Time&nbsp;""}, {""city"": ""SALEM"", ""landmark"": ""SALEM"", ""time"": ""13:29""}, {""city"": ""CHENNAI-KILAMBAKKAM-KCBT"", ""landmark"": ""CHENNAI KALAIGNAR CBT"", ""time"": ""20:29""}]",2026-01-13T18:16:06.601076
1330SALKCBAB,,SETC,SALEM,CHENNAI,,,7.30Hrs,36 Seats Available,Standard,Rs 410/631,16/01/2026,"[{""city"": ""&nbsp;"", ""landmark"": """", ""time"": ""Service&nbsp;Details""}, {""city"": ""1330SALKCBAB"", ""landmark"": ""Route&nbsp;No.&nbsp;:"", ""time"": ""422AB""}, {""city"": ""SALEM"", ""landmark"": ""To&nbsp;Place&nbsp;:"", ""time"": ""CHENNAI-KILAMBAKKAM-KCBT""}, {""city"": ""16/01/2026"", ""landmark"": ""Journey&nbsp;Hours&nbsp;*:"", ""time"": ""7:30""}, {""city"": ""317.00"", ""landmark"": ""Corporation&nbsp;:"", ""time"": ""SETC""}, {""city"": ""&nbsp;"", ""landmark"": ""Adult&nbsp;Fare&nbsp;**"", ""time"": ""410""}, {""city"": ""City"", ""landmark"": ""Land&nbsp;Mark&nbsp;"", ""time"": ""Dep.&nbsp;Time&nbsp;""}, {""city"": ""SALEM"", ""landmark"": ""SALEM"", ""time"": ""13:30""}, {""city"": ""SALEM"", ""landmark"": ""KONDALAMPATTI BYE PASS"", ""time"": ""13:40""}, {""city"": ""SALEM"", ""landmark"": ""SEELANAICKENPATTI BYE PASS"", ""time"": ""13:50""}, {""city"": ""SALEM"", ""landmark"": ""AYOTHIYAPATTINAM BYE PASS"", ""time"": ""14:00""}, {""city"": ""SALEM"", ""landmark"": ""METTUPATTI TOLL"", ""time"": ""14:15""}, {""city"": ""SALEM"", ""landmark"": ""ATHUR BYPASS"", ""time"": ""14:45""}, {""city"": ""SALEM"", ""landmark"": ""THALAIVASAL TOLLGATE"", ""time"": ""15:00""}, {""city"": ""CHENNAI-KILAMBAKKAM-KCBT"", ""landmark"": ""CHENNAI KALAIGNAR CBT"", ""time"": ""19:30""}]",2026-01-13T18:16:06.601076
1330SALKCBAB,,SETC,SALEM,CHENNAI,,,7.30Hrs,36 Seats Available,Standard,Rs 410/631,16/01/2026,"[{""city"": ""&nbsp;"", ""landmark"": """", ""time"": ""Service&nbsp;Details""}, {""city"": ""1330SALKCBAB"", ""landmark"": ""Route&nbsp;No.&nbsp;:"", ""time"": ""422AB""}, {""city"": ""SALEM"", ""landmark"": ""To&nbsp;Place&nbsp;:"", ""time"": ""CHENNAI-KILAMBAKKAM-KCBT""}, {""city"": ""16/01/2026"", ""landmark"": ""Journey&nbsp;Hours&nbsp;*:"", ""time"": ""7:30""}, {""city"": ""317.00"", ""landmark"": ""Corporation&nbsp;:"", ""time"": ""SETC""}, {""city"": ""&nbsp;"", ""landmark"": ""Adult&nbsp;Fare&nbsp;**"", ""time"": ""410""}, {""city"": ""City"", ""landmark"": ""Land&nbsp;Mark&nbsp;"", ""time"": ""Dep.&nbsp;Time&nbsp;""}, {""city"": ""SALEM"", ""landmark"": ""SALEM"", ""time"": ""13:30""}, {""city"": ""SALEM"", ""landmark"": ""KONDALAMPATTI BYE PASS"", ""time"": ""13:40""}, {""city"": ""SALEM"", ""landmark"": ""SEELANAICKENPATTI BYE PASS"", ""time"": ""13:50""}, {""city"": ""SALEM"", ""landmark"": ""AYOTHIYAPATTINAM BYE PASS"", ""time"": ""14:00""}, {""city"": ""SALEM"", ""landmark"": ""METTUPATTI TOLL"", ""time"": ""14:15""}, {""city"": ""SALEM"", ""landmark"": ""ATHUR BYPASS"", ""time"": ""14:45""}, {""city"": ""SALEM"", ""landmark"": ""THALAIVASAL TOLLGATE"", ""time"": ""15:00""}, {""city"": ""CHENNAI-KILAMBAKKAM-KCBT"", ""landmark"": ""CHENNAI KALAIGNAR CBT"", ""time"": ""19:30""}]",2026-01-13T18:16:06.601076
1351SALKCBVV05L,,SETC,SALEM,CHENNAI,,,7.10Hrs,45 Seats Available,Standard,Rs 274,16/01/2026,"[{""city"": ""&nbsp;"", ""landmark"": """", ""time"": ""Service&nbsp;Details""}, {""city"": ""1351SALKCBVV05L"", ""landmark"": ""Route&nbsp;No.&nbsp;:"", ""time"": ""281AS""}, {""city"": ""SALEM"", ""landmark"": ""To&nbsp;Place&nbsp;:"", ""time"": ""CHENNAI-KILAMBAKKAM-KCBT""}, {""city"": ""16/01/2026"", ""landmark"": ""Journey&nbsp;Hours&nbsp;*:"", ""time"": ""7:10""}, {""city"": ""323.00"", ""landmark"": ""Corporation&nbsp;:"", ""time"": ""VILLUPURAM""}, {""city"": ""&nbsp;"", ""landmark"": ""Adult&nbsp;Fare&nbsp;**"", ""time"": ""274""}, {""city"": ""City"", ""landmark"": ""Land&nbsp;Mark&nbsp;"", ""time"": ""Dep.&nbsp;Time&nbsp;""}, {""city"": ""SALEM"", ""landmark"": ""SALEM"", ""time"": ""13:51""}, {""city"": ""CHENNAI-KILAMBAKKAM-KCBT"", ""landmark"": ""CHENNAI KALAIGNAR CBT"", ""time"": ""21:01""}]",2026-01-13T18:16:06.601076
1351SALKCBVV05L,,SETC,SALEM,CHENNAI,,,7.10Hrs,45 Seats Available,Standard,Rs 274,16/01/2026,"[{""city"": ""&nbsp;"", ""landmark"": """", ""time"": ""Service&nbsp;Details""}, {""city"": ""1351SALKCBVV05L"", ""landmark"": ""Route&nbsp;No.&nbsp;:"", ""time"": ""281AS""}, {""city"": ""SALEM"", ""landmark"": ""To&nbsp;Place&nbsp;:"", ""time"": ""CHENNAI-KILAMBAKKAM-KCBT""}, {""city"": ""16/01/2026"", ""landmark"": ""Journey&nbsp;Hours&nbsp;*:"", ""time"": ""7:10""}, {""city"": ""323.00"", ""landmark"": ""Corporation&nbsp;:"", ""time"": ""VILLUPURAM""}, {""city"": ""&nbsp;"", ""landmark"": ""Adult&nbsp;Fare&nbsp;**"", ""time"": ""274""}, {""city"": ""City"", ""landmark"": ""Land&nbsp;Mark&nbsp;"", ""time"": ""Dep.&nbsp;Time&nbsp;""}, {""city"": ""SALEM"", ""landmark"": ""SALEM"", ""time"": ""13:51""}, {""city"": ""CHENNAI-KILAMBAKKAM-KCBT"", ""landmark"": ""CHENNAI KALAIGNAR CBT"", ""time"": ""21:01""}]",2026-01-13T18:16:06.601076
1405SALKCBVV01L,,SETC,SALEM,CHENNAI,,,7.20Hrs,45 Seats Available,Standard,Rs 274,16/01/2026,"[{""city"": ""&nbsp;"", ""landmark"": """", ""time"": ""Service&nbsp;Details""}, {""city"": ""1405SALKCBVV01L"", ""landmark"": ""Route&nbsp;No.&nbsp;:"", ""time"": ""281AX""}, {""city"": ""SALEM"", ""landmark"": ""To&nbsp;Place&nbsp;:"", ""time"": ""CHENNAI-KILAMBAKKAM-KCBT""}, {""city"": ""16/01/2026"", ""landmark"": ""Journey&nbsp;Hours&nbsp;*:"", ""time"": ""7:20""}, {""city"": ""317.00"", ""landmark"": ""Corporation&nbsp;:"", ""time"": ""VILLUPURAM""}, {""city"": ""&nbsp;"", ""landmark"": ""Adult&nbsp;Fare&nbsp;**"", ""time"": ""274""}, {""city"": ""City"", ""landmark"": ""Land&nbsp;Mark&nbsp;"", ""time"": ""Dep.&nbsp;Time&nbsp;""}, {""city"": ""SALEM"", ""landmark"": ""SALEM"", ""time"": ""14:05""}, {""city"": ""CHENNAI-KILAMBAKKAM-KCBT"", ""landmark"": ""CHENNAI KALAIGNAR CBT"", ""time"": ""21:25""}]",2026-01-13T18:16:06.601076
1405SALKCBVV01L,,SETC,SALEM,CHENNAI,,,7.20Hrs,45 Seats Available,Standard,Rs 274,16/01/2026,"[{""city"": ""&nbsp;"", ""landmark"": """", ""time"": ""Service&nbsp;Details""}, {""city"": ""1405SALKCBVV01L"", ""landmark"": ""Route&nbsp;No.&nbsp;:"", ""time"": ""281AX""}, {""city"": ""SALEM"", ""landmark"": ""To&nbsp;Place&nbsp;:"", ""time"": ""CHENNAI-KILAMBAKKAM-KCBT""}, {""city"": ""16/01/2026"", ""landmark"": ""Journey&nbsp;Hours&nbsp;*:"", ""time"": ""7:20""}, {""city"": ""317.00"", ""landmark"": ""Corporation&nbsp;:"", ""time"": ""VILLUPURAM""}, {""city"": ""&nbsp;"", ""landmark"": ""Adult&nbsp;Fare&nbsp;**"", ""time"": ""274""}, {""city"": ""City"", ""landmark"": ""Land&nbsp;Mark&nbsp;"", ""time"": ""Dep.&nbsp;Time&nbsp;""}, {""city"": ""SALEM"", ""landmark"": ""SALEM"", ""time"": ""14:05""}, {""city"": ""CHENNAI-KILAMBAKKAM-KCBT"", ""landmark"": ""CHENNAI KALAIGNAR CBT"", ""time"": ""21:25""}]",2026-01-13T18:16:06.601076
1430SALKCBAB,,SETC,SALEM,CHENNAI,,,7.30Hrs,37 Seats Available,Standard,Rs 410/631,16/01/2026,"[{""city"": ""&nbsp;"", ""landmark"": """", ""time"": ""Service&nbsp;Details""}, {""city"": ""1430SALKCBAB"", ""landmark"": ""Route&nbsp;No.&nbsp;:"", ""time"": ""422AB""}, {""city"": ""SALEM"", ""landmark"": ""To&nbsp;Place&nbsp;:"", ""time"": ""CHENNAI-KILAMBAKKAM-KCBT""}, {""city"": ""16/01/2026"", ""landmark"": ""Journey&nbsp;Hours&nbsp;*:"", ""time"": ""7:30""}, {""city"": ""317.00"", ""landmark"": ""Corporation&nbsp;:"", ""time"": ""SETC""}, {""city"": ""&nbsp;"", ""landmark"": ""Adult&nbsp;Fare&nbsp;**"", ""time"": ""410""}, {""city"": ""City"", ""landmark"": ""Land&nbsp;Mark&nbsp;"", ""time"": ""Dep.&nbsp;Time&nbsp;""}, {""city"": ""SALEM"", ""landmark"": ""SALEM"", ""time"": ""14:30""}, {""city"": ""SALEM"", ""landmark"": ""KONDALAMPATTI BYE PASS"", ""time"": ""14:40""}, {""city"": ""SALEM"", ""landmark"": ""SEELANAICKENPATTI BYE PASS"", ""time"": ""14:50""}, {""city"": ""SALEM"", ""landmark"": ""AYOTHIYAPATTINAM BYE PASS"", ""time"": ""15:00""}, {""city"": ""SALEM"", ""landmark"": ""METTUPATTI TOLL"", ""time"": ""15:15""}, {""city"": ""SALEM"", ""landmark"": ""ATHUR BYPASS"", ""time"": ""15:45""}, {""city"": ""SALEM"", ""landmark"": ""THALAIVASAL TOLLGATE"", ""time"": ""16:00""}, {""city"": ""CHENNAI-KILAMBAKKAM-KCBT"", ""landmark"": ""CHENNAI KALAIGNAR CBT"", ""time"": ""20:30""}]",2026-01-13T18:16:06.601076
1430SALKCBAB,,SETC,SALEM,CHENNAI,,,7.30Hrs,37 Seats Available,Standard,Rs 410/631,16/01/2026,"[{""city"": ""&nbsp;"", ""landmark"": """", ""time"": ""Service&nbsp;Details""}, {""city"": ""1430SALKCBAB"", ""landmark"": ""Route&nbsp;No.&nbsp;:"", ""time"": ""422AB""}, {""city"": ""SALEM"", ""landmark"": ""To&nbsp;Place&nbsp;:"", ""time"": ""CHENNAI-KILAMBAKKAM-KCBT""}, {""city"": ""16/01/2026"", ""landmark"": ""Journey&nbsp;Hours&nbsp;*:"", ""time"": ""7:30""}, {""city"": ""317.00"", ""landmark"": ""Corporation&nbsp;:"", ""time"": ""SETC""}, {""city"": ""&nbsp;"", ""landmark"": ""Adult&nbsp;Fare&nbsp;**"", ""time"": ""410""}, {""city"": ""City"", ""landmark"": ""Land&nbsp;Mark&nbsp;"", ""time"": ""Dep.&nbsp;Time&nbsp;""}, {""city"": ""SALEM"", ""landmark"": ""SALEM"", ""time"": ""14:30""}, {""city"": ""SALEM"", ""landmark"": ""KONDALAMPATTI BYE PASS"", ""time"": ""14:40""}, {""city"": ""SALEM"", ""landmark"": ""SEELANAICKENPATTI BYE PASS"", ""time"": ""14:50""}, {""city"": ""SALEM"", ""landmark"": ""AYOTHIYAPATTINAM BYE PASS"", ""time"": ""15:00""}, {""city"": ""SALEM"", ""landmark"": ""METTUPATTI TOLL"", ""time"": ""15:15""}, {""city"": ""SALEM"", ""landmark"": ""ATHUR BYPASS"", ""time"": ""15:45""}, {""city"": ""SALEM"", ""landmark"": ""THALAIVASAL TOLLGATE"", ""time"": ""16:00""}, {""city"": ""CHENNAI-KILAMBAKKAM-KCBT"", ""landmark"": ""CHENNAI KALAIGNAR CBT"", ""time"": ""20:30""}]",2026-01-13T18:16:06.601076
1430SALKCBVV01L,,SETC,SALEM,CHENNAI,,,7.20Hrs,45 Seats Available,Standard,Rs 274,16/01/2026,"[{""city"": ""&nbsp;"", ""landmark"": """", ""time"": ""Service&nbsp;Details""}, {""city"": ""1430SALKCBVV01L"", ""landmark"": ""Route&nbsp;No.&nbsp;:"", ""time"": ""281AB""}, {""city"": ""SALEM"", ""landmark"": ""To&nbsp;Place&nbsp;:"", ""time"": ""CHENNAI-KILAMBAKKAM-KCBT""}, {""city"": ""16/01/2026"", ""landmark"": ""Journey&nbsp;Hours&nbsp;*:"", ""time"": ""7:20""}, {""city"": ""317.00"", ""landmark"": ""Corporation&nbsp;:"", ""time"": ""VILLUPURAM""}, {""city"": ""&nbsp;"", ""landmark"": ""Adult&nbsp;Fare&nbsp;**"", ""time"": ""274""}, {""city"": ""City"", ""landmark"": ""Land&nbsp;Mark&nbsp;"", ""time"": ""Dep.&nbsp;Time&nbsp;""}, {""city"": ""SALEM"", ""landmark"": ""SALEM"", ""time"": ""14:30""}, {""city"": ""CHENNAI-KILAMBAKKAM-KCBT"", ""landmark"": ""CHENNAI KALAIGNAR CBT"", ""time"": ""21:50""}]",2026-01-13T18:16:06.601076
1430SALKCBVV01L,,SETC,SALEM,CHENNAI,,,7.20Hrs,45 Seats Available,Standard,Rs 274,16/01/2026,"[{""city"": ""&nbsp;"", ""landmark"": """", ""time"": ""Service&nbsp;Details""}, {""city"": ""1430SALKCBVV01L"", ""landmark"": ""Route&nbsp;No.&nbsp;:"", ""time"": ""281AB""}, {""city"": ""SALEM"", ""landmark"": ""To&nbsp;Place&nbsp;:"", ""time"": ""CHENNAI-KILAMBAKKAM-KCBT""}, {""city"": ""16/01/2026"", ""landmark"": ""Journey&nbsp;Hours&nbsp;*:"", ""time"": ""7:20""}, {""city"": ""317.00"", ""landmark"": ""Corporation&nbsp;:"", ""time"": ""VILLUPURAM""}, {""city"": ""&nbsp;"", ""landmark"": ""Adult&nbsp;Fare&nbsp;**"", ""time"": ""274""}, {""city"": ""City"", ""landmark"": ""Land&nbsp;Mark&nbsp;"", ""time"": ""Dep.&nbsp;Time&nbsp;""}, {""city"": ""SALEM"", ""landmark"": ""SALEM"", ""time"": ""14:30""}, {""city"": ""CHENNAI-KILAMBAKKAM-KCBT"", ""landmark"": ""CHENNAI KALAIGNAR CBT"", ""time"": ""21:50""}]",2026-01-13T18:16:06.601076
1445SALKCBVV05L,,SETC,SALEM,CHENNAI,,,7.10Hrs,45 Seats Available,Standard,Rs 274,16/01/2026,"[{""city"": ""&nbsp;"", ""landmark"": """", ""time"": ""Service&nbsp;Details""}, {""city"": ""1445SALKCBVV05L"", ""landmark"": ""Route&nbsp;No.&nbsp;:"", ""time"": ""281AV""}, {""city"": ""SALEM"", ""landmark"": ""To&nbsp;Place&nbsp;:"", ""time"": ""CHENNAI-KILAMBAKKAM-KCBT""}, {""city"": ""16/01/2026"", ""landmark"": ""Journey&nbsp;Hours&nbsp;*:"", ""time"": ""7:10""}, {""city"": ""323.00"", ""landmark"": ""Corporation&nbsp;:"", ""time"": ""VILLUPURAM""}, {""city"": ""&nbsp;"", ""landmark"": ""Adult&nbsp;Fare&nbsp;**"", ""time"": ""274""}, {""city"": ""City"", ""landmark"": ""Land&nbsp;Mark&nbsp;"", ""time"": ""Dep.&nbsp;Time&nbsp;""}, {""city"": ""SALEM"", ""landmark"": ""SALEM"", ""time"": ""14:45""}, {""city"": ""CHENNAI-KILAMBAKKAM-KCBT"", ""landmark"": ""CHENNAI KALAIGNAR CBT"", ""time"": ""21:55""}]",2026-01-13T18:16:06.601076
1445SALKCBVV05L,,SETC,SALEM,CHENNAI,,,7.10Hrs,45 Seats Available,Standard,Rs 274,16/01/2026,"[{""city"": ""&nbsp;"", ""landmark"": """", ""time"": ""Service&nbsp;Details""}, {""city"": ""1445SALKCBVV05L"", ""landmark"": ""Route&nbsp;No.&nbsp;:"", ""time"": ""281AV""}, {""city"": ""SALEM"", ""landmark"": ""To&nbsp;Place&nbsp;:"", ""time"": ""CHENNAI-KILAMBAKKAM-KCBT""}, {""city"": ""16/01/2026"", ""landmark"": ""Journey&nbsp;Hours&nbsp;*:"", ""time"": ""7:10""}, {""city"": ""323.00"", ""landmark"": ""Corporation&nbsp;:"", ""time"": ""VILLUPURAM""}, {""city"": ""&nbsp;"", ""landmark"": ""Adult&nbsp;Fare&nbsp;**"", ""time"": ""274""}, {""city"": ""City"", ""landmark"": ""Land&nbsp;Mark&nbsp;"", ""time"": ""Dep.&nbsp;Time&nbsp;""}, {""city"": ""SALEM"", ""landmark"": ""SALEM"", ""time"": ""14:45""}, {""city"": ""CHENNAI-KILAMBAKKAM-KCBT"", ""landmark"": ""CHENNAI KALAIGNAR CBT"", ""time"": ""21:55""}]",2026-01-13T18:16:06.601076
1500SALKCBAC,,SETC,SALEM,CHENNAI,,,7.30Hrs,29 Seats Available,Standard,Rs 410,16/01/2026,"[{""city"": ""&nbsp;"", ""landmark"": """", ""time"": ""Service&nbsp;Details""}, {""city"": ""1500SALKCBAC"", ""landmark"": ""Route&nbsp;No.&nbsp;:"", ""time"": ""422AC""}, {""city"": ""SALEM"", ""landmark"": ""To&nbsp;Place&nbsp;:"", ""time"": ""CHENNAI-KILAMBAKKAM-KCBT""}, {""city"": ""16/01/2026"", ""landmark"": ""Journey&nbsp;Hours&nbsp;*:"", ""time"": ""7:30""}, {""city"": ""317.00"", ""landmark"": ""Corporation&nbsp;:"", ""time"": ""SETC""}, {""city"": ""&nbsp;"", ""landmark"": ""Adult&nbsp;Fare&nbsp;**"", ""time"": ""410""}, {""city"": ""City"", ""landmark"": ""Land&nbsp;Mark&nbsp;"", ""time"": ""Dep.&nbsp;Time&nbsp;""}, {""city"": ""SALEM"", ""landmark"": ""SALEM"", ""time"": ""15:00""}, {""city"": ""SALEM"", ""landmark"": ""ATHUR BYPASS"", ""time"": ""16:00""}, {""city"": ""SALEM"", ""landmark"": ""THALAIVASAL TOLLGATE"", ""time"": ""16:15""}, {""city"": ""CHENNAI-KILAMBAKKAM-KCBT"", ""landmark"": ""CHENNAI KALAIGNAR CBT"", ""time"": ""21:00""}]",2026-01-13T18:16:06.601076
1500SALKCBAC,,SETC,SALEM,CHENNAI,,,7.30Hrs,29 Seats Available,Standard,Rs 410,16/01/2026,"[{""city"": ""&nbsp;"", ""landmark"": """", ""time"": ""Service&nbsp;Details""}, {""city"": ""1500SALKCBAC"", ""landmark"": ""Route&nbsp;No.&nbsp;:"", ""time"": ""422AC""}, {""city"": ""SALEM"", ""landmark"": ""To&nbsp;Place&nbsp;:"", ""time"": ""CHENNAI-KILAMBAKKAM-KCBT""}, {""city"": ""16/01/2026"", ""landmark"": ""Journey&nbsp;Hours&nbsp;*:"", ""time"": ""7:30""}, {""city"": ""317.00"", ""landmark"": ""Corporation&nbsp;:"", ""time"": ""SETC""}, {""city"": ""&nbsp;"", ""landmark"": ""Adult&nbsp;Fare&nbsp;**"", ""time"": ""410""}, {""city"": ""City"", ""landmark"": ""Land&nbsp;Mark&nbsp;"", ""time"": ""Dep.&nbsp;Time&nbsp;""}, {""city"": ""SALEM"", ""landmark"": ""SALEM"", ""time"": ""15:00""}, {""city"": ""SALEM"", ""landmark"": ""ATHUR BYPASS"", ""time"": ""16:00""}, {""city"": ""SALEM"", ""landmark"": ""THALAIVASAL TOLLGATE"", ""time"": ""16:15""}, {""city"": ""CHENNAI-KILAMBAKKAM-KCBT"", ""landmark"": ""CHENNAI KALAIGNAR CBT"", ""time"": ""21:00""}]",2026-01-13T18:16:06.601076
1500SALKCBVV05L,,SETC,SALEM,CHENNAI,,,7.10Hrs,45 Seats Available,Standard,Rs 274,16/01/2026,"[{""city"": ""&nbsp;"", ""landmark"": """", ""time"": ""Service&nbsp;Details""}, {""city"": ""1500SALKCBVV05L"", ""landmark"": ""Route&nbsp;No.&nbsp;:"", ""time"": ""281AU""}, {""city"": ""SALEM"", ""landmark"": ""To&nbsp;Place&nbsp;:"", ""time"": ""CHENNAI-KILAMBAKKAM-KCBT""}, {""city"": ""16/01/2026"", ""landmark"": ""Journey&nbsp;Hours&nbsp;*:"", ""time"": ""7:10""}, {""city"": ""323.00"", ""landmark"": ""Corporation&nbsp;:"", ""time"": ""VILLUPURAM""}, {""city"": ""&nbsp;"", ""landmark"": ""Adult&nbsp;Fare&nbsp;**"", ""time"": ""274""}, {""city"": ""City"", ""landmark"": ""Land&nbsp;Mark&nbsp;"", ""time"": ""Dep.&nbsp;Time&nbsp;""}, {""city"": ""SALEM"", ""landmark"": ""SALEM"", ""time"": ""15:00""}, {""city"": ""CHENNAI-KILAMBAKKAM-KCBT"", ""landmark"": ""CHENNAI KALAIGNAR CBT"", ""time"": ""22:10""}]",2026-01-13T18:16:06.601076
1500SALKCBVV05L,,SETC,SALEM,CHENNAI,,,7.10Hrs,45 Seats Available,Standard,Rs 274,16/01/2026,"[{""city"": ""&nbsp;"", ""landmark"": """", ""time"": ""Service&nbsp;Details""}, {""city"": ""1500SALKCBVV05L"", ""landmark"": ""Route&nbsp;No.&nbsp;:"", ""time"": ""281AU""}, {""city"": ""SALEM"", ""landmark"": ""To&nbsp;Place&nbsp;:"", ""time"": ""CHENNAI-KILAMBAKKAM-KCBT""}, {""city"": ""16/01/2026"", ""landmark"": ""Journey&nbsp;Hours&nbsp;*:"", ""time"": ""7:10""}, {""city"": ""323.00"", ""landmark"": ""Corporation&nbsp;:"", ""time"": ""VILLUPURAM""}, {""city"": ""&nbsp;"", ""landmark"": ""Adult&nbsp;Fare&nbsp;**"", ""time"": ""274""}, {""city"": ""City"", ""landmark"": ""Land&nbsp;Mark&nbsp;"", ""time"": ""Dep.&nbsp;Time&nbsp;""}, {""city"": ""SALEM"", ""landmark"": ""SALEM"", ""time"": ""15:00""}, {""city"": ""CHENNAI-KILAMBAKKAM-KCBT"", ""landmark"": ""CHENNAI KALAIGNAR CBT"", ""time"": ""22:10""}]",2026-01-13T18:16:06.601076
1507SALKCBVV05L,,SETC,SALEM,CHENNAI,,,7.10Hrs,45 Seats Available,Standard,Rs 274,16/01/2026,"[{""city"": ""&nbsp;"", ""landmark"": """", ""time"": ""Service&nbsp;Details""}, {""city"": ""1507SALKCBVV05L"", ""landmark"": ""Route&nbsp;No.&nbsp;:"", ""time"": ""281AG""}, {""city"": ""SALEM"", ""landmark"": ""To&nbsp;Place&nbsp;:"", ""time"": ""CHENNAI-KILAMBAKKAM-KCBT""}, {""city"": ""16/01/2026"", ""landmark"": ""Journey&nbsp;Hours&nbsp;*:"", ""time"": ""7:10""}, {""city"": ""323.00"", ""landmark"": ""Corporation&nbsp;:"", ""time"": ""VILLUPURAM""}, {""city"": ""&nbsp;"", ""landmark"": ""Adult&nbsp;Fare&nbsp;**"", ""time"": ""274""}, {""city"": ""City"", ""landmark"": ""Land&nbsp;Mark&nbsp;"", ""time"": ""Dep.&nbsp;Time&nbsp;""}, {""city"": ""SALEM"", ""landmark"": ""SALEM"", ""time"": ""15:07""}, {""city"": ""CHENNAI-KILAMBAKKAM-KCBT"", ""landmark"": ""CHENNAI KALAIGNAR CBT"", ""time"": ""22:17""}]",2026-01-13T18:16:06.601076
1507SALKCBVV05L,,SETC,SALEM,CHENNAI,,,7.10Hrs,45 Seats Available,Standard,Rs 274,16/01/2026,"[{""city"": ""&nbsp;"", ""landmark"": """", ""time"": ""Service&nbsp;Details""}, {""city"": ""1507SALKCBVV05L"", ""landmark"": ""Route&nbsp;No.&nbsp;:"", ""time"": ""281AG""}, {""city"": ""SALEM"", ""landmark"": ""To&nbsp;Place&nbsp;:"", ""time"": ""CHENNAI-KILAMBAKKAM-KCBT""}, {""city"": ""16/01/2026"", ""landmark"": ""Journey&nbsp;Hours&nbsp;*:"", ""time"": ""7:10""}, {""city"": ""323.00"", ""landmark"": ""Corporation&nbsp;:"", ""time"": ""VILLUPURAM""}, {""city"": ""&nbsp;"", ""landmark"": ""Adult&nbsp;Fare&nbsp;**"", ""time"": ""274""}, {""city"": ""City"", ""landmark"": ""Land&nbsp;Mark&nbsp;"", ""time"": ""Dep.&nbsp;Time&nbsp;""}, {""city"": ""SALEM"", ""landmark"": ""SALEM"", ""time"": ""15:07""}, {""city"": ""CHENNAI-KILAMBAKKAM-KCBT"", ""landmark"": ""CHENNAI KALAIGNAR CBT"", ""time"": ""22:17""}]",2026-01-13T18:16:06.601076
1522SALKCBVV01L,,SETC,SALEM,CHENNAI,,,7.20Hrs,45 Seats Available,Standard,Rs 274,16/01/2026,"[{""city"": ""&nbsp;"", ""landmark"": """", ""time"": ""Service&nbsp;Details""}, {""city"": ""1522SALKCBVV01L"", ""landmark"": ""Route&nbsp;No.&nbsp;:"", ""time"": ""281A""}, {""city"": ""SALEM"", ""landmark"": ""To&nbsp;Place&nbsp;:"", ""time"": ""CHENNAI-KILAMBAKKAM-KCBT""}, {""city"": ""16/01/2026"", ""landmark"": ""Journey&nbsp;Hours&nbsp;*:"", ""time"": ""7:20""}, {""city"": ""317.00"", ""landmark"": ""Corporation&nbsp;:"", ""time"": ""VILLUPURAM""}, {""city"": ""&nbsp;"", ""landmark"": ""Adult&nbsp;Fare&nbsp;**"", ""time"": ""274""}, {""city"": ""City"", ""landmark"": ""Land&nbsp;Mark&nbsp;"", ""time"": ""Dep.&nbsp;Time&nbsp;""}, {""city"": ""SALEM"", ""landmark"": ""SALEM"", ""time"": ""15:22""}, {""city"": ""CHENNAI-KILAMBAKKAM-KCBT"", ""landmark"": ""CHENNAI KALAIGNAR CBT"", ""time"": ""22:42""}]",2026-01-13T18:16:06.601076
1522SALKCBVV01L,,SETC,SALEM,CHENNAI,,,7.20Hrs,45 Seats Available,Standard,Rs 274,16/01/2026,"[{""city"": ""&nbsp;"", ""landmark"": """", ""time"": ""Service&nbsp;Details""}, {""city"": ""1522SALKCBVV01L"", ""landmark"": ""Route&nbsp;No.&nbsp;:"", ""time"": ""281A""}, {""city"": ""SALEM"", ""landmark"": ""To&nbsp;Place&nbsp;:"", ""time"": ""CHENNAI-KILAMBAKKAM-KCBT""}, {""city"": ""16/01/2026"", ""landmark"": ""Journey&nbsp;Hours&nbsp;*:"", ""time"": ""7:20""}, {""city"": ""317.00"", ""landmark"": ""Corporation&nbsp;:"", ""time"": ""VILLUPURAM""}, {""city"": ""&nbsp;"", ""landmark"": ""Adult&nbsp;Fare&nbsp;**"", ""time"": ""274""}, {""city"": ""City"", ""landmark"": ""Land&nbsp;Mark&nbsp;"", ""time"": ""Dep.&nbsp;Time&nbsp;""}, {""city"": ""SALEM"", ""landmark"": ""SALEM"", ""time"": ""15:22""}, {""city"": ""CHENNAI-KILAMBAKKAM-KCBT"", ""landmark"": ""CHENNAI KALAIGNAR CBT"", ""time"": ""22:42""}]",2026-01-13T18:16:06.601076
1550SALKCBDD01L,,SETC,SALEM,CHENNAI,,,7.00Hrs,45 Seats Available,Standard,Rs 274,16/01/2026,"[{""city"": ""&nbsp;"", ""landmark"": """", ""time"": ""Service&nbsp;Details""}, {""city"": ""1550SALKCBDD01L"", ""landmark"": ""Route&nbsp;No.&nbsp;:"", ""time"": ""175U""}, {""city"": ""SALEM"", ""landmark"": ""To&nbsp;Place&nbsp;:"", ""time"": ""CHENNAI-KILAMBAKKAM-KCBT""}, {""city"": ""16/01/2026"", ""landmark"": ""Journey&nbsp;Hours&nbsp;*:"", ""time"": ""7:00""}, {""city"": ""317.00"", ""landmark"": ""Corporation&nbsp;:"", ""time"": ""SALEM""}, {""city"": ""&nbsp;"", ""landmark"": ""Adult&nbsp;Fare&nbsp;**"", ""time"": ""274""}, {""city"": ""City"", ""landmark"": ""Land&nbsp;Mark&nbsp;"", ""time"": ""Dep.&nbsp;Time&nbsp;""}, {""city"": ""SALEM"", ""landmark"": ""SALEM"", ""time"": ""15:50""}, {""city"": ""CHENNAI-KILAMBAKKAM-KCBT"", ""landmark"": ""CHENNAI KALAIGNAR CBT"", ""time"": ""22:50""}]",2026-01-13T18:16:06.601076
1550SALKCBDD01L,,SETC,SALEM,CHENNAI,,,7.00Hrs,45 Seats Available,Standard,Rs 274,16/01/2026,"[{""city"": ""&nbsp;"", ""landmark"": """", ""time"": ""Service&nbsp;Details""}, {""city"": ""1550SALKCBDD01L"", ""landmark"": ""Route&nbsp;No.&nbsp;:"", ""time"": ""175U""}, {""city"": ""SALEM"", ""landmark"": ""To&nbsp;Place&nbsp;:"", ""time"": ""CHENNAI-KILAMBAKKAM-KCBT""}, {""city"": ""16/01/2026"", ""landmark"": ""Journey&nbsp;Hours&nbsp;*:"", ""time"": ""7:00""}, {""city"": ""317.00"", ""landmark"": ""Corporation&nbsp;:"", ""time"": ""SALEM""}, {""city"": ""&nbsp;"", ""landmark"": ""Adult&nbsp;Fare&nbsp;**"", ""time"": ""274""}, {""city"": ""City"", ""landmark"": ""Land&nbsp;Mark&nbsp;"", ""time"": ""Dep.&nbsp;Time&nbsp;""}, {""city"": ""SALEM"", ""landmark"": ""SALEM"", ""time"": ""15:50""}, {""city"": ""CHENNAI-KILAMBAKKAM-KCBT"", ""landmark"": ""CHENNAI KALAIGNAR CBT"", ""time"": ""22:50""}]",2026-01-13T18:16:06.601076
1610SALKCBDD01L,,SETC,SALEM,CHENNAI,,,7.00Hrs,44 Seats Available,Standard,Rs 274,16/01/2026,"[{""city"": ""&nbsp;"", ""landmark"": """", ""time"": ""Service&nbsp;Details""}, {""city"": ""1610SALKCBDD01L"", ""landmark"": ""Route&nbsp;No.&nbsp;:"", ""time"": ""975B""}, {""city"": ""SALEM"", ""landmark"": ""To&nbsp;Place&nbsp;:"", ""time"": ""CHENNAI-KILAMBAKKAM-KCBT""}, {""city"": ""16/01/2026"", ""landmark"": ""Journey&nbsp;Hours&nbsp;*:"", ""time"": ""7:00""}, {""city"": ""317.00"", ""landmark"": ""Corporation&nbsp;:"", ""time"": ""SALEM""}, {""city"": ""&nbsp;"", ""landmark"": ""Adult&nbsp;Fare&nbsp;**"", ""time"": ""274""}, {""city"": ""City"", ""landmark"": ""Land&nbsp;Mark&nbsp;"", ""time"": ""Dep.&nbsp;Time&nbsp;""}, {""city"": ""SALEM"", ""landmark"": ""SALEM"", ""time"": ""16:10""}, {""city"": ""CHENNAI-KILAMBAKKAM-KCBT"", ""landmark"": ""CHENNAI KALAIGNAR CBT"", ""time"": ""23:10""}]",2026-01-13T18:16:06.601076
1610SALKCBDD01L,,SETC,SALEM,CHENNAI,,,7.00Hrs,44 Seats Available,Standard,Rs 274,16/01/2026,"[{""city"": ""&nbsp;"", ""landmark"": """", ""time"": ""Service&nbsp;Details""}, {""city"": ""1610SALKCBDD01L"", ""landmark"": ""Route&nbsp;No.&nbsp;:"", ""time"": ""975B""}, {""city"": ""SALEM"", ""landmark"": ""To&nbsp;Place&nbsp;:"", ""time"": ""CHENNAI-KILAMBAKKAM-KCBT""}, {""city"": ""16/01/2026"", ""landmark"": ""Journey&nbsp;Hours&nbsp;*:"", ""time"": ""7:00""}, {""city"": ""317.00"", ""landmark"": ""Corporation&nbsp;:"", ""time"": ""SALEM""}, {""city"": ""&nbsp;"", ""landmark"": ""Adult&nbsp;Fare&nbsp;**"", ""time"": ""274""}, {""city"": ""City"", ""landmark"": ""Land&nbsp;Mark&nbsp;"", ""time"": ""Dep.&nbsp;Time&nbsp;""}, {""city"": ""SALEM"", ""landmark"": ""SALEM"", ""time"": ""16:10""}, {""city"": ""CHENNAI-KILAMBAKKAM-KCBT"", ""landmark"": ""CHENNAI KALAIGNAR CBT"", ""time"": ""23:10""}]",2026-01-13T18:16:06.601076
1635SALKCBVV01L,,SETC,SALEM,CHENNAI,,,7.20Hrs,45 Seats Available,Standard,Rs 274,16/01/2026,"[{""city"": ""&nbsp;"", ""landmark"": """", ""time"": ""Service&nbsp;Details""}, {""city"": ""1635SALKCBVV01L"", ""landmark"": ""Route&nbsp;No.&nbsp;:"", ""time"": ""281K""}, {""city"": ""SALEM"", ""landmark"": ""To&nbsp;Place&nbsp;:"", ""time"": ""CHENNAI-KILAMBAKKAM-KCBT""}, {""city"": ""16/01/2026"", ""landmark"": ""Journey&nbsp;Hours&nbsp;*:"", ""time"": ""7:20""}, {""city"": ""317.00"", ""landmark"": ""Corporation&nbsp;:"", ""time"": ""VILLUPURAM""}, {""city"": ""&nbsp;"", ""landmark"": ""Adult&nbsp;Fare&nbsp;**"", ""time"": ""274""}, {""city"": ""City"", ""landmark"": ""Land&nbsp;Mark&nbsp;"", ""time"": ""Dep.&nbsp;Time&nbsp;""}, {""city"": ""SALEM"", ""landmark"": ""SALEM"", ""time"": ""16:35""}, {""city"": ""CHENNAI-KILAMBAKKAM-KCBT"", ""landmark"": ""CHENNAI KALAIGNAR CBT"", ""time"": ""23:55""}]",2026-01-13T18:16:06.601076
1635SALKCBVV01L,,SETC,SALEM,CHENNAI,,,7.20Hrs,45 Seats Available,Standard,Rs 274,16/01/2026,"[{""city"": ""&nbsp;"", ""landmark"": """", ""time"": ""Service&nbsp;Details""}, {""city"": ""1635SALKCBVV01L"", ""landmark"": ""Route&nbsp;No.&nbsp;:"", ""time"": ""281K""}, {""city"": ""SALEM"", ""landmark"": ""To&nbsp;Place&nbsp;:"", ""time"": ""CHENNAI-KILAMBAKKAM-KCBT""}, {""city"": ""16/01/2026"", ""landmark"": ""Journey&nbsp;Hours&nbsp;*:"", ""time"": ""7:20""}, {""city"": ""317.00"", ""landmark"": ""Corporation&nbsp;:"", ""time"": ""VILLUPURAM""}, {""city"": ""&nbsp;"", ""landmark"": ""Adult&nbsp;Fare&nbsp;**"", ""time"": ""274""}, {""city"": ""City"", ""landmark"": ""Land&nbsp;Mark&nbsp;"", ""time"": ""Dep.&nbsp;Time&nbsp;""}, {""city"": ""SALEM"", ""landmark"": ""SALEM"", ""time"": ""16:35""}, {""city"": ""CHENNAI-KILAMBAKKAM-KCBT"", ""landmark"": ""CHENNAI KALAIGNAR CBT"", ""time"": ""23:55""}]",2026-01-13T18:16:06.601076
1655SALKCBVV01L,,SETC,SALEM,CHENNAI,,,7.20Hrs,45 Seats Available,Standard,Rs 274,16/01/2026,"[{""city"": ""&nbsp;"", ""landmark"": """", ""time"": ""Service&nbsp;Details""}, {""city"": ""1655SALKCBVV01L"", ""landmark"": ""Route&nbsp;No.&nbsp;:"", ""time"": ""281AJ""}, {""city"": ""SALEM"", ""landmark"": ""To&nbsp;Place&nbsp;:"", ""time"": ""CHENNAI-KILAMBAKKAM-KCBT""}, {""city"": ""16/01/2026"", ""landmark"": ""Journey&nbsp;Hours&nbsp;*:"", ""time"": ""7:20""}, {""city"": ""317.00"", ""landmark"": ""Corporation&nbsp;:"", ""time"": ""VILLUPURAM""}, {""city"": ""&nbsp;"", ""landmark"": ""Adult&nbsp;Fare&nbsp;**"", ""time"": ""274""}, {""city"": ""City"", ""landmark"": ""Land&nbsp;Mark&nbsp;"", ""time"": ""Dep.&nbsp;Time&nbsp;""}, {""city"": ""SALEM"", ""landmark"": ""SALEM"", ""time"": ""16:55""}, {""city"": ""CHENNAI-KILAMBAKKAM-KCBT"", ""landmark"": ""CHENNAI KALAIGNAR CBT"", ""time"": ""00:15""}]",2026-01-13T18:16:06.601076
1655SALKCBVV01L,,SETC,SALEM,CHENNAI,,,7.20Hrs,45 Seats Available,Standard,Rs 274,16/01/2026,"[{""city"": ""&nbsp;"", ""landmark"": """", ""time"": ""Service&nbsp;Details""}, {""city"": ""1655SALKCBVV01L"", ""landmark"": ""Route&nbsp;No.&nbsp;:"", ""time"": ""281AJ""}, {""city"": ""SALEM"", ""landmark"": ""To&nbsp;Place&nbsp;:"", ""time"": ""CHENNAI-KILAMBAKKAM-KCBT""}, {""city"": ""16/01/2026"", ""landmark"": ""Journey&nbsp;Hours&nbsp;*:"", ""time"": ""7:20""}, {""city"": ""317.00"", ""landmark"": ""Corporation&nbsp;:"", ""time"": ""VILLUPURAM""}, {""city"": ""&nbsp;"", ""landmark"": ""Adult&nbsp;Fare&nbsp;**"", ""time"": ""274""}, {""city"": ""City"", ""landmark"": ""Land&nbsp;Mark&nbsp;"", ""time"": ""Dep.&nbsp;Time&nbsp;""}, {""city"": ""SALEM"", ""landmark"": ""SALEM"", ""time"": ""16:55""}, {""city"": ""CHENNAI-KILAMBAKKAM-KCBT"", ""landmark"": ""CHENNAI KALAIGNAR CBT"", ""time"": ""00:15""}]",2026-01-13T18:16:06.601076
1730SALKCBVV01L,,SETC,SALEM,CHENNAI,,,7.20Hrs,45 Seats Available,Standard,Rs 274,16/01/2026,"[{""city"": ""&nbsp;"", ""landmark"": """", ""time"": ""Service&nbsp;Details""}, {""city"": ""1730SALKCBVV01L"", ""landmark"": ""Route&nbsp;No.&nbsp;:"", ""time"": ""281B""}, {""city"": ""SALEM"", ""landmark"": ""To&nbsp;Place&nbsp;:"", ""time"": ""CHENNAI-KILAMBAKKAM-KCBT""}, {""city"": ""16/01/2026"", ""landmark"": ""Journey&nbsp;Hours&nbsp;*:"", ""time"": ""7:20""}, {""city"": ""317.00"", ""landmark"": ""Corporation&nbsp;:"", ""time"": ""VILLUPURAM""}, {""city"": ""&nbsp;"", ""landmark"": ""Adult&nbsp;Fare&nbsp;**"", ""time"": ""274""}, {""city"": ""City"", ""landmark"": ""Land&nbsp;Mark&nbsp;"", ""time"": ""Dep.&nbsp;Time&nbsp;""}, {""city"": ""SALEM"", ""landmark"": ""SALEM"", ""time"": ""17:30""}, {""city"": ""CHENNAI-KILAMBAKKAM-KCBT"", ""landmark"": ""CHENNAI KALAIGNAR CBT"", ""time"": ""00:50""}]",2026-01-13T18:16:06.601076
1730SALKCBVV01L,,SETC,SALEM,CHENNAI,,,7.20Hrs,45 Seats Available,Standard,Rs 274,16/01/2026,"[{""city"": ""&nbsp;"", ""landmark"": """", ""time"": ""Service&nbsp;Details""}, {""city"": ""1730SALKCBVV01L"", ""landmark"": ""Route&nbsp;No.&nbsp;:"", ""time"": ""281B""}, {""city"": ""SALEM"", ""landmark"": ""To&nbsp;Place&nbsp;:"", ""time"": ""CHENNAI-KILAMBAKKAM-KCBT""}, {""city"": ""16/01/2026"", ""landmark"": ""Journey&nbsp;Hours&nbsp;*:"", ""time"": ""7:20""}, {""city"": ""317.00"", ""landmark"": ""Corporation&nbsp;:"", ""time"": ""VILLUPURAM""}, {""city"": ""&nbsp;"", ""landmark"": ""Adult&nbsp;Fare&nbsp;**"", ""time"": ""274""}, {""city"": ""City"", ""landmark"": ""Land&nbsp;Mark&nbsp;"", ""time"": ""Dep.&nbsp;Time&nbsp;""}, {""city"": ""SALEM"", ""landmark"": ""SALEM"", ""time"": ""17:30""}, {""city"": ""CHENNAI-KILAMBAKKAM-KCBT"", ""landmark"": ""CHENNAI KALAIGNAR CBT"", ""time"": ""00:50""}]",2026-01-13T18:16:06.601076
1750SALKCBVV01L,,SETC,SALEM,CHENNAI,,,7.20Hrs,45 Seats Available,Standard,Rs 274,16/01/2026,"[{""city"": ""&nbsp;"", ""landmark"": """", ""time"": ""Service&nbsp;Details""}, {""city"": ""1750SALKCBVV01L"", ""landmark"": ""Route&nbsp;No.&nbsp;:"", ""time"": ""281L""}, {""city"": ""SALEM"", ""landmark"": ""To&nbsp;Place&nbsp;:"", ""time"": ""CHENNAI-KILAMBAKKAM-KCBT""}, {""city"": ""16/01/2026"", ""landmark"": ""Journey&nbsp;Hours&nbsp;*:"", ""time"": ""7:20""}, {""city"": ""317.00"", ""landmark"": ""Corporation&nbsp;:"", ""time"": ""VILLUPURAM""}, {""city"": ""&nbsp;"", ""landmark"": ""Adult&nbsp;Fare&nbsp;**"", ""time"": ""274""}, {""city"": ""City"", ""landmark"": ""Land&nbsp;Mark&nbsp;"", ""time"": ""Dep.&nbsp;Time&nbsp;""}, {""city"": ""SALEM"", ""landmark"": ""SALEM"", ""time"": ""17:50""}, {""city"": ""CHENNAI-KILAMBAKKAM-KCBT"", ""landmark"": ""CHENNAI KALAIGNAR CBT"", ""time"": ""01:10""}]",2026-01-13T18:16:06.601076
1750SALKCBVV01L,,SETC,SALEM,CHENNAI,,,7.20Hrs,45 Seats Available,Standard,Rs 274,16/01/2026,"[{""city"": ""&nbsp;"", ""landmark"": """", ""time"": ""Service&nbsp;Details""}, {""city"": ""1750SALKCBVV01L"", ""landmark"": ""Route&nbsp;No.&nbsp;:"", ""time"": ""281L""}, {""city"": ""SALEM"", ""landmark"": ""To&nbsp;Place&nbsp;:"", ""time"": ""CHENNAI-KILAMBAKKAM-KCBT""}, {""city"": ""16/01/2026"", ""landmark"": ""Journey&nbsp;Hours&nbsp;*:"", ""time"": ""7:20""}, {""city"": ""317.00"", ""landmark"": ""Corporation&nbsp;:"", ""time"": ""VILLUPURAM""}, {""city"": ""&nbsp;"", ""landmark"": ""Adult&nbsp;Fare&nbsp;**"", ""time"": ""274""}, {""city"": ""City"", ""landmark"": ""Land&nbsp;Mark&nbsp;"", ""time"": ""Dep.&nbsp;Time&nbsp;""}, {""city"": ""SALEM"", ""landmark"": ""SALEM"", ""time"": ""17:50""}, {""city"": ""CHENNAI-KILAMBAKKAM-KCBT"", ""landmark"": ""CHENNAI KALAIGNAR CBT"", ""time"": ""01:10""}]",2026-01-13T18:16:06.601076
1815SALKCBVV01L,,SETC,SALEM,CHENNAI,,,7.20Hrs,45 Seats Available,Standard,Rs 274,16/01/2026,"[{""city"": ""&nbsp;"", ""landmark"": """", ""time"": ""Service&nbsp;Details""}, {""city"": ""1815SALKCBVV01L"", ""landmark"": ""Route&nbsp;No.&nbsp;:"", ""time"": ""281E""}, {""city"": ""SALEM"", ""landmark"": ""To&nbsp;Place&nbsp;:"", ""time"": ""CHENNAI-KILAMBAKKAM-KCBT""}, {""city"": ""16/01/2026"", ""landmark"": ""Journey&nbsp;Hours&nbsp;*:"", ""time"": ""7:20""}, {""city"": ""317.00"", ""landmark"": ""Corporation&nbsp;:"", ""time"": ""VILLUPURAM""}, {""city"": ""&nbsp;"", ""landmark"": ""Adult&nbsp;Fare&nbsp;**"", ""time"": ""274""}, {""city"": ""City"", ""landmark"": ""Land&nbsp;Mark&nbsp;"", ""time"": ""Dep.&nbsp;Time&nbsp;""}, {""city"": ""SALEM"", ""landmark"": ""SALEM"", ""time"": ""18:15""}, {""city"": ""CHENNAI-KILAMBAKKAM-KCBT"", ""landmark"": ""CHENNAI KALAIGNAR CBT"", ""time"": ""01:35""}]",2026-01-13T18:16:06.601076
1815SALKCBVV01L,,SETC,SALEM,CHENNAI,,,7.20Hrs,45 Seats Available,Standard,Rs 274,16/01/2026,"[{""city"": ""&nbsp;"", ""landmark"": """", ""time"": ""Service&nbsp;Details""}, {""city"": ""1815SALKCBVV01L"", ""landmark"": ""Route&nbsp;No.&nbsp;:"", ""time"": ""281E""}, {""city"": ""SALEM"", ""landmark"": ""To&nbsp;Place&nbsp;:"", ""time"": ""CHENNAI-KILAMBAKKAM-KCBT""}, {""city"": ""16/01/2026"", ""landmark"": ""Journey&nbsp;Hours&nbsp;*:"", ""time"": ""7:20""}, {""city"": ""317.00"", ""landmark"": ""Corporation&nbsp;:"", ""time"": ""VILLUPURAM""}, {""city"": ""&nbsp;"", ""landmark"": ""Adult&nbsp;Fare&nbsp;**"", ""time"": ""274""}, {""city"": ""City"", ""landmark"": ""Land&nbsp;Mark&nbsp;"", ""time"": ""Dep.&nbsp;Time&nbsp;""}, {""city"": ""SALEM"", ""landmark"": ""SALEM"", ""time"": ""18:15""}, {""city"": ""CHENNAI-KILAMBAKKAM-KCBT"", ""landmark"": ""CHENNAI KALAIGNAR CBT"", ""time"": ""01:35""}]",2026-01-13T18:16:06.601076
1830SALKCBVV01L,,SETC,SALEM,CHENNAI,,,7.20Hrs,45 Seats Available,Standard,Rs 274,16/01/2026,"[{""city"": ""&nbsp;"", ""landmark"": """", ""time"": ""Service&nbsp;Details""}, {""city"": ""1830SALKCBVV01L"", ""landmark"": ""Route&nbsp;No.&nbsp;:"", ""time"": ""281AI""}, {""city"": ""SALEM"", ""landmark"": ""To&nbsp;Place&nbsp;:"", ""time"": ""CHENNAI-KILAMBAKKAM-KCBT""}, {""city"": ""16/01/2026"", ""landmark"": ""Journey&nbsp;Hours&nbsp;*:"", ""time"": ""7:20""}, {""city"": ""317.00"", ""landmark"": ""Corporation&nbsp;:"", ""time"": ""VILLUPURAM""}, {""city"": ""&nbsp;"", ""landmark"": ""Adult&nbsp;Fare&nbsp;**"", ""time"": ""274""}, {""city"": ""City"", ""landmark"": ""Land&nbsp;Mark&nbsp;"", ""time"": ""Dep.&nbsp;Time&nbsp;""}, {""city"": ""SALEM"", ""landmark"": ""SALEM"", ""time"": ""18:30""}, {""city"": ""CHENNAI-KILAMBAKKAM-KCBT"", ""landmark"": ""CHENNAI KALAIGNAR CBT"", ""time"": ""01:50""}]",2026-01-13T18:16:06.601076
1830SALKCBVV01L,,SETC,SALEM,CHENNAI,,,7.20Hrs,45 Seats Available,Standard,Rs 274,16/01/2026,"[{""city"": ""&nbsp;"", ""landmark"": """", ""time"": ""Service&nbsp;Details""}, {""city"": ""1830SALKCBVV01L"", ""landmark"": ""Route&nbsp;No.&nbsp;:"", ""time"": ""281AI""}, {""city"": ""SALEM"", ""landmark"": ""To&nbsp;Place&nbsp;:"", ""time"": ""CHENNAI-KILAMBAKKAM-KCBT""}, {""city"": ""16/01/2026"", ""landmark"": ""Journey&nbsp;Hours&nbsp;*:"", ""time"": ""7:20""}, {""city"": ""317.00"", ""landmark"": ""Corporation&nbsp;:"", ""time"": ""VILLUPURAM""}, {""city"": ""&nbsp;"", ""landmark"": ""Adult&nbsp;Fare&nbsp;**"", ""time"": ""274""}, {""city"": ""City"", ""landmark"": ""Land&nbsp;Mark&nbsp;"", ""time"": ""Dep.&nbsp;Time&nbsp;""}, {""city"": ""SALEM"", ""landmark"": ""SALEM"", ""time"": ""18:30""}, {""city"": ""CHENNAI-KILAMBAKKAM-KCBT"", ""landmark"": ""CHENNAI KALAIGNAR CBT"", ""time"": ""01:50""}]",2026-01-13T18:16:06.601076
1850SALKCBVV01L,,SETC,SALEM,CHENNAI,,,7.20Hrs,45 Seats Available,Standard,Rs 274,16/01/2026,"[{""city"": ""&nbsp;"", ""landmark"": """", ""time"": ""Service&nbsp;Details""}, {""city"": ""1850SALKCBVV01L"", ""landmark"": ""Route&nbsp;No.&nbsp;:"", ""time"": ""281H""}, {""city"": ""SALEM"", ""landmark"": ""To&nbsp;Place&nbsp;:"", ""time"": ""CHENNAI-KILAMBAKKAM-KCBT""}, {""city"": ""16/01/2026"", ""landmark"": ""Journey&nbsp;Hours&nbsp;*:"", ""time"": ""7:20""}, {""city"": ""317.00"", ""landmark"": ""Corporation&nbsp;:"", ""time"": ""VILLUPURAM""}, {""city"": ""&nbsp;"", ""landmark"": ""Adult&nbsp;Fare&nbsp;**"", ""time"": ""274""}, {""city"": ""City"", ""landmark"": ""Land&nbsp;Mark&nbsp;"", ""time"": ""Dep.&nbsp;Time&nbsp;""}, {""city"": ""SALEM"", ""landmark"": ""SALEM"", ""time"": ""18:50""}, {""city"": ""CHENNAI-KILAMBAKKAM-KCBT"", ""landmark"": ""CHENNAI KALAIGNAR CBT"", ""time"": ""02:10""}]",2026-01-13T18:16:06.601076
1850SALKCBVV01L,,SETC,SALEM,CHENNAI,,,7.20Hrs,45 Seats Available,Standard,Rs 274,16/01/2026,"[{""city"": ""&nbsp;"", ""landmark"": """", ""time"": ""Service&nbsp;Details""}, {""city"": ""1850SALKCBVV01L"", ""landmark"": ""Route&nbsp;No.&nbsp;:"", ""time"": ""281H""}, {""city"": ""SALEM"", ""landmark"": ""To&nbsp;Place&nbsp;:"", ""time"": ""CHENNAI-KILAMBAKKAM-KCBT""}, {""city"": ""16/01/2026"", ""landmark"": ""Journey&nbsp;Hours&nbsp;*:"", ""time"": ""7:20""}, {""city"": ""317.00"", ""landmark"": ""Corporation&nbsp;:"", ""time"": ""VILLUPURAM""}, {""city"": ""&nbsp;"", ""landmark"": ""Adult&nbsp;Fare&nbsp;**"", ""time"": ""274""}, {""city"": ""City"", ""landmark"": ""Land&nbsp;Mark&nbsp;"", ""time"": ""Dep.&nbsp;Time&nbsp;""}, {""city"": ""SALEM"", ""landmark"": ""SALEM"", ""time"": ""18:50""}, {""city"": ""CHENNAI-KILAMBAKKAM-KCBT"", ""landmark"": ""CHENNAI KALAIGNAR CBT"", ""time"": ""02:10""}]",2026-01-13T18:16:06.601076
1930SALKCBVV01L,,SETC,SALEM,CHENNAI,,,7.00Hrs,45 Seats Available,Standard,Rs 274,16/01/2026,"[{""city"": ""&nbsp;"", ""landmark"": """", ""time"": ""Service&nbsp;Details""}, {""city"": ""1930SALKCBVV01L"", ""landmark"": ""Route&nbsp;No.&nbsp;:"", ""time"": ""281AE""}, {""city"": ""SALEM"", ""landmark"": ""To&nbsp;Place&nbsp;:"", ""time"": ""CHENNAI-KILAMBAKKAM-KCBT""}, {""city"": ""16/01/2026"", ""landmark"": ""Journey&nbsp;Hours&nbsp;*:"", ""time"": ""7:00""}, {""city"": ""317.00"", ""landmark"": ""Corporation&nbsp;:"", ""time"": ""VILLUPURAM""}, {""city"": ""&nbsp;"", ""landmark"": ""Adult&nbsp;Fare&nbsp;**"", ""time"": ""274""}, {""city"": ""City"", ""landmark"": ""Land&nbsp;Mark&nbsp;"", ""time"": ""Dep.&nbsp;Time&nbsp;""}, {""city"": ""SALEM"", ""landmark"": ""SALEM"", ""time"": ""19:30""}, {""city"": ""CHENNAI-KILAMBAKKAM-KCBT"", ""landmark"": ""CHENNAI KALAIGNAR CBT"", ""time"": ""02:30""}]",2026-01-13T18:16:06.601076
1930SALKCBVV01L,,SETC,SALEM,CHENNAI,,,7.00Hrs,45 Seats Available,Standard,Rs 274,16/01/2026,"[{""city"": ""&nbsp;"", ""landmark"": """", ""time"": ""Service&nbsp;Details""}, {""city"": ""1930SALKCBVV01L"", ""landmark"": ""Route&nbsp;No.&nbsp;:"", ""time"": ""281AE""}, {""city"": ""SALEM"", ""landmark"": ""To&nbsp;Place&nbsp;:"", ""time"": ""CHENNAI-KILAMBAKKAM-KCBT""}, {""city"": ""16/01/2026"", ""landmark"": ""Journey&nbsp;Hours&nbsp;*:"", ""time"": ""7:00""}, {""city"": ""317.00"", ""landmark"": ""Corporation&nbsp;:"", ""time"": ""VILLUPURAM""}, {""city"": ""&nbsp;"", ""landmark"": ""Adult&nbsp;Fare&nbsp;**"", ""time"": ""274""}, {""city"": ""City"", ""landmark"": ""Land&nbsp;Mark&nbsp;"", ""time"": ""Dep.&nbsp;Time&nbsp;""}, {""city"": ""SALEM"", ""landmark"": ""SALEM"", ""time"": ""19:30""}, {""city"": ""CHENNAI-KILAMBAKKAM-KCBT"", ""landmark"": ""CHENNAI KALAIGNAR CBT"", ""time"": ""02:30""}]",2026-01-13T18:16:06.601076
1940SALKCBVV01L,,SETC,SALEM,CHENNAI,,,7.20Hrs,39 Seats Available,Standard,Rs 274,16/01/2026,"[{""city"": ""&nbsp;"", ""landmark"": """", ""time"": ""Service&nbsp;Details""}, {""city"": ""1940SALKCBVV01L"", ""landmark"": ""Route&nbsp;No.&nbsp;:"", ""time"": ""281J""}, {""city"": ""SALEM"", ""landmark"": ""To&nbsp;Place&nbsp;:"", ""time"": ""CHENNAI-KILAMBAKKAM-KCBT""}, {""city"": ""16/01/2026"", ""landmark"": ""Journey&nbsp;Hours&nbsp;*:"", ""time"": ""7:20""}, {""city"": ""317.00"", ""landmark"": ""Corporation&nbsp;:"", ""time"": ""VILLUPURAM""}, {""city"": ""&nbsp;"", ""landmark"": ""Adult&nbsp;Fare&nbsp;**"", ""time"": ""274""}, {""city"": ""City"", ""landmark"": ""Land&nbsp;Mark&nbsp;"", ""time"": ""Dep.&nbsp;Time&nbsp;""}, {""city"": ""SALEM"", ""landmark"": ""SALEM"", ""time"": ""19:40""}, {""city"": ""CHENNAI-KILAMBAKKAM-KCBT"", ""landmark"": ""CHENNAI KALAIGNAR CBT"", ""time"": ""03:00""}]",2026-01-13T18:16:06.601076
1940SALKCBVV01L,,SETC,SALEM,CHENNAI,,,7.20Hrs,39 Seats Available,Standard,Rs 274,16/01/2026,"[{""city"": ""&nbsp;"", ""landmark"": """", ""time"": ""Service&nbsp;Details""}, {""city"": ""1940SALKCBVV01L"", ""landmark"": ""Route&nbsp;No.&nbsp;:"", ""time"": ""281J""}, {""city"": ""SALEM"", ""landmark"": ""To&nbsp;Place&nbsp;:"", ""time"": ""CHENNAI-KILAMBAKKAM-KCBT""}, {""city"": ""16/01/2026"", ""landmark"": ""Journey&nbsp;Hours&nbsp;*:"", ""time"": ""7:20""}, {""city"": ""317.00"", ""landmark"": ""Corporation&nbsp;:"", ""time"": ""VILLUPURAM""}, {""city"": ""&nbsp;"", ""landmark"": ""Adult&nbsp;Fare&nbsp;**"", ""time"": ""274""}, {""city"": ""City"", ""landmark"": ""Land&nbsp;Mark&nbsp;"", ""time"": ""Dep.&nbsp;Time&nbsp;""}, {""city"": ""SALEM"", ""landmark"": ""SALEM"", ""time"": ""19:40""}, {""city"": ""CHENNAI-KILAMBAKKAM-KCBT"", ""landmark"": ""CHENNAI KALAIGNAR CBT"", ""time"": ""03:00""}]",2026-01-13T18:16:06.601076
1945SALKCBVV01L,,SETC,SALEM,CHENNAI,,,7.20Hrs,45 Seats Available,Standard,Rs 274,16/01/2026,"[{""city"": ""&nbsp;"", ""landmark"": """", ""time"": ""Service&nbsp;Details""}, {""city"": ""1945SALKCBVV01L"", ""landmark"": ""Route&nbsp;No.&nbsp;:"", ""time"": ""281C""}, {""city"": ""SALEM"", ""landmark"": ""To&nbsp;Place&nbsp;:"", ""time"": ""CHENNAI-KILAMBAKKAM-KCBT""}, {""city"": ""16/01/2026"", ""landmark"": ""Journey&nbsp;Hours&nbsp;*:"", ""time"": ""7:20""}, {""city"": ""317.00"", ""landmark"": ""Corporation&nbsp;:"", ""time"": ""VILLUPURAM""}, {""city"": ""&nbsp;"", ""landmark"": ""Adult&nbsp;Fare&nbsp;**"", ""time"": ""274""}, {""city"": ""City"", ""landmark"": ""Land&nbsp;Mark&nbsp;"", ""time"": ""Dep.&nbsp;Time&nbsp;""}, {""city"": ""SALEM"", ""landmark"": ""SALEM"", ""time"": ""19:45""}, {""city"": ""CHENNAI-KILAMBAKKAM-KCBT"", ""landmark"": ""CHENNAI KALAIGNAR CBT"", ""time"": ""03:05""}]",2026-01-13T18:16:06.601076
1945SALKCBVV01L,,SETC,SALEM,CHENNAI,,,7.20Hrs,45 Seats Available,Standard,Rs 274,16/01/2026,"[{""city"": ""&nbsp;"", ""landmark"": """", ""time"": ""Service&nbsp;Details""}, {""city"": ""1945SALKCBVV01L"", ""landmark"": ""Route&nbsp;No.&nbsp;:"", ""time"": ""281C""}, {""city"": ""SALEM"", ""landmark"": ""To&nbsp;Place&nbsp;:"", ""time"": ""CHENNAI-KILAMBAKKAM-KCBT""}, {""city"": ""16/01/2026"", ""landmark"": ""Journey&nbsp;Hours&nbsp;*:"", ""time"": ""7:20""}, {""city"": ""317.00"", ""landmark"": ""Corporation&nbsp;:"", ""time"": ""VILLUPURAM""}, {""city"": ""&nbsp;"", ""landmark"": ""Adult&nbsp;Fare&nbsp;**"", ""time"": ""274""}, {""city"": ""City"", ""landmark"": ""Land&nbsp;Mark&nbsp;"", ""time"": ""Dep.&nbsp;Time&nbsp;""}, {""city"": ""SALEM"", ""landmark"": ""SALEM"", ""time"": ""19:45""}, {""city"": ""CHENNAI-KILAMBAKKAM-KCBT"", ""landmark"": ""CHENNAI KALAIGNAR CBT"", ""time"": ""03:05""}]",2026-01-13T18:16:06.601076
2000SALKCBVV01L,,SETC,SALEM,CHENNAI,,,7.20Hrs,45 Seats Available,Standard,Rs 274,16/01/2026,"[{""city"": ""&nbsp;"", ""landmark"": """", ""time"": ""Service&nbsp;Details""}, {""city"": ""2000SALKCBVV01L"", ""landmark"": ""Route&nbsp;No.&nbsp;:"", ""time"": ""281D""}, {""city"": ""SALEM"", ""landmark"": ""To&nbsp;Place&nbsp;:"", ""time"": ""CHENNAI-KILAMBAKKAM-KCBT""}, {""city"": ""16/01/2026"", ""landmark"": ""Journey&nbsp;Hours&nbsp;*:"", ""time"": ""7:20""}, {""city"": ""317.00"", ""landmark"": ""Corporation&nbsp;:"", ""time"": ""VILLUPURAM""}, {""city"": ""&nbsp;"", ""landmark"": ""Adult&nbsp;Fare&nbsp;**"", ""time"": ""274""}, {""city"": ""City"", ""landmark"": ""Land&nbsp;Mark&nbsp;"", ""time"": ""Dep.&nbsp;Time&nbsp;""}, {""city"": ""SALEM"", ""landmark"": ""SALEM"", ""time"": ""20:00""}, {""city"": ""CHENNAI-KILAMBAKKAM-KCBT"", ""landmark"": ""CHENNAI KALAIGNAR CBT"", ""time"": ""03:20""}]",2026-01-13T18:16:06.601076
2000SALKCBVV01L,,SETC,SALEM,CHENNAI,,,7.20Hrs,45 Seats Available,Standard,Rs 274,16/01/2026,"[{""city"": ""&nbsp;"", ""landmark"": """", ""time"": ""Service&nbsp;Details""}, {""city"": ""2000SALKCBVV01L"", ""landmark"": ""Route&nbsp;No.&nbsp;:"", ""time"": ""281D""}, {""city"": ""SALEM"", ""landmark"": ""To&nbsp;Place&nbsp;:"", ""time"": ""CHENNAI-KILAMBAKKAM-KCBT""}, {""city"": ""16/01/2026"", ""landmark"": ""Journey&nbsp;Hours&nbsp;*:"", ""time"": ""7:20""}, {""city"": ""317.00"", ""landmark"": ""Corporation&nbsp;:"", ""time"": ""VILLUPURAM""}, {""city"": ""&nbsp;"", ""landmark"": ""Adult&nbsp;Fare&nbsp;**"", ""time"": ""274""}, {""city"": ""City"", ""landmark"": ""Land&nbsp;Mark&nbsp;"", ""time"": ""Dep.&nbsp;Time&nbsp;""}, {""city"": ""SALEM"", ""landmark"": ""SALEM"", ""time"": ""20:00""}, {""city"": ""CHENNAI-KILAMBAKKAM-KCBT"", ""landmark"": ""CHENNAI KALAIGNAR CBT"", ""time"": ""03:20""}]",2026-01-13T18:16:06.601076
2040SALKCBDD01L,,SETC,SALEM,CHENNAI,,,7.00Hrs,45 Seats Available,Standard,Rs 274,16/01/2026,"[{""city"": ""&nbsp;"", ""landmark"": """", ""time"": ""Service&nbsp;Details""}, {""city"": ""2040SALKCBDD01L"", ""landmark"": ""Route&nbsp;No.&nbsp;:"", ""time"": ""175G""}, {""city"": ""SALEM"", ""landmark"": ""To&nbsp;Place&nbsp;:"", ""time"": ""CHENNAI-KILAMBAKKAM-KCBT""}, {""city"": ""16/01/2026"", ""landmark"": ""Journey&nbsp;Hours&nbsp;*:"", ""time"": ""7:00""}, {""city"": ""317.00"", ""landmark"": ""Corporation&nbsp;:"", ""time"": ""SALEM""}, {""city"": ""&nbsp;"", ""landmark"": ""Adult&nbsp;Fare&nbsp;**"", ""time"": ""274""}, {""city"": ""City"", ""landmark"": ""Land&nbsp;Mark&nbsp;"", ""time"": ""Dep.&nbsp;Time&nbsp;""}, {""city"": ""SALEM"", ""landmark"": ""SALEM"", ""time"": ""20:40""}, {""city"": ""CHENNAI-KILAMBAKKAM-KCBT"", ""landmark"": ""CHENNAI KALAIGNAR CBT"", ""time"": ""03:40""}]",2026-01-13T18:16:06.601076
2040SALKCBDD01L,,SETC,SALEM,CHENNAI,,,7.00Hrs,45 Seats Available,Standard,Rs 274,16/01/2026,"[{""city"": ""&nbsp;"", ""landmark"": """", ""time"": ""Service&nbsp;Details""}, {""city"": ""2040SALKCBDD01L"", ""landmark"": ""Route&nbsp;No.&nbsp;:"", ""time"": ""175G""}, {""city"": ""SALEM"", ""landmark"": ""To&nbsp;Place&nbsp;:"", ""time"": ""CHENNAI-KILAMBAKKAM-KCBT""}, {""city"": ""16/01/2026"", ""landmark"": ""Journey&nbsp;Hours&nbsp;*:"", ""time"": ""7:00""}, {""city"": ""317.00"", ""landmark"": ""Corporation&nbsp;:"", ""time"": ""SALEM""}, {""city"": ""&nbsp;"", ""landmark"": ""Adult&nbsp;Fare&nbsp;**"", ""time"": ""274""}, {""city"": ""City"", ""landmark"": ""Land&nbsp;Mark&nbsp;"", ""time"": ""Dep.&nbsp;Time&nbsp;""}, {""city"": ""SALEM"", ""landmark"": ""SALEM"", ""time"": ""20:40""}, {""city"": ""CHENNAI-KILAMBAKKAM-KCBT"", ""landmark"": ""CHENNAI KALAIGNAR CBT"", ""time"": ""03:40""}]",2026-01-13T18:16:06.601076
2100SALKCBDD01L,,SETC,SALEM,CHENNAI,,,7.00Hrs,45 Seats Available,Standard,Rs 274,16/01/2026,"[{""city"": ""&nbsp;"", ""landmark"": """", ""time"": ""Service&nbsp;Details""}, {""city"": ""2100SALKCBDD01L"", ""landmark"": ""Route&nbsp;No.&nbsp;:"", ""time"": ""275B""}, {""city"": ""SALEM"", ""landmark"": ""To&nbsp;Place&nbsp;:"", ""time"": ""CHENNAI-KILAMBAKKAM-KCBT""}, {""city"": ""16/01/2026"", ""landmark"": ""Journey&nbsp;Hours&nbsp;*:"", ""time"": ""7:00""}, {""city"": ""317.00"", ""landmark"": ""Corporation&nbsp;:"", ""time"": ""SALEM""}, {""city"": ""&nbsp;"", ""landmark"": ""Adult&nbsp;Fare&nbsp;**"", ""time"": ""274""}, {""city"": ""City"", ""landmark"": ""Land&nbsp;Mark&nbsp;"", ""time"": ""Dep.&nbsp;Time&nbsp;""}, {""city"": ""SALEM"", ""landmark"": ""SALEM"", ""time"": ""21:00""}, {""city"": ""CHENNAI-KILAMBAKKAM-KCBT"", ""landmark"": ""CHENNAI KALAIGNAR CBT"", ""time"": ""04:00""}]",2026-01-13T18:16:06.601076
2100SALKCBDD01L,,SETC,SALEM,CHENNAI,,,7.00Hrs,45 Seats Available,Standard,Rs 274,16/01/2026,"[{""city"": ""&nbsp;"", ""landmark"": """", ""time"": ""Service&nbsp;Details""}, {""city"": ""2100SALKCBDD01L"", ""landmark"": ""Route&nbsp;No.&nbsp;:"", ""time"": ""275B""}, {""city"": ""SALEM"", ""landmark"": ""To&nbsp;Place&nbsp;:"", ""time"": ""CHENNAI-KILAMBAKKAM-KCBT""}, {""city"": ""16/01/2026"", ""landmark"": ""Journey&nbsp;Hours&nbsp;*:"", ""time"": ""7:00""}, {""city"": ""317.00"", ""landmark"": ""Corporation&nbsp;:"", ""time"": ""SALEM""}, {""city"": ""&nbsp;"", ""landmark"": ""Adult&nbsp;Fare&nbsp;**"", ""time"": ""274""}, {""city"": ""City"", ""landmark"": ""Land&nbsp;Mark&nbsp;"", ""time"": ""Dep.&nbsp;Time&nbsp;""}, {""city"": ""SALEM"", ""landmark"": ""SALEM"", ""time"": ""21:00""}, {""city"": ""CHENNAI-KILAMBAKKAM-KCBT"", ""landmark"": ""CHENNAI KALAIGNAR CBT"", ""time"": ""04:00""}]",2026-01-13T18:16:06.601076
2115SALKCBAB,,SETC,SALEM,CHENNAI,,,7.30Hrs,29 Seats Available,Standard,Rs 410/631,16/01/2026,"[{""city"": ""&nbsp;"", ""landmark"": """", ""time"": ""Service&nbsp;Details""}, {""city"": ""2115SALKCBAB"", ""landmark"": ""Route&nbsp;No.&nbsp;:"", ""time"": ""422AB""}, {""city"": ""SALEM"", ""landmark"": ""To&nbsp;Place&nbsp;:"", ""time"": ""CHENNAI-KILAMBAKKAM-KCBT""}, {""city"": ""16/01/2026"", ""landmark"": ""Journey&nbsp;Hours&nbsp;*:"", ""time"": ""7:30""}, {""city"": ""317.00"", ""landmark"": ""Corporation&nbsp;:"", ""time"": ""SETC""}, {""city"": ""&nbsp;"", ""landmark"": ""Adult&nbsp;Fare&nbsp;**"", ""time"": ""410""}, {""city"": ""City"", ""landmark"": ""Land&nbsp;Mark&nbsp;"", ""time"": ""Dep.&nbsp;Time&nbsp;""}, {""city"": ""SALEM"", ""landmark"": ""SALEM"", ""time"": ""21:15""}, {""city"": ""SALEM"", ""landmark"": ""KONDALAMPATTI BYE PASS"", ""time"": ""21:25""}, {""city"": ""SALEM"", ""landmark"": ""SEELANAICKENPATTI BYE PASS"", ""time"": ""21:35""}, {""city"": ""SALEM"", ""landmark"": ""AYOTHIYAPATTINAM BYE PASS"", ""time"": ""21:45""}, {""city"": ""SALEM"", ""landmark"": ""METTUPATTI TOLL"", ""time"": ""22:00""}, {""city"": ""SALEM"", ""landmark"": ""ATHUR BYPASS"", ""time"": ""22:30""}, {""city"": ""SALEM"", ""landmark"": ""THALAIVASAL TOLLGATE"", ""time"": ""22:45""}, {""city"": ""CHENNAI-KILAMBAKKAM-KCBT"", ""landmark"": ""CHENNAI KALAIGNAR CBT"", ""time"": ""03:15""}]",2026-01-13T18:16:06.601076
2115SALKCBAB,,SETC,SALEM,CHENNAI,,,7.30Hrs,29 Seats Available,Standard,Rs 410/631,16/01/2026,"[{""city"": ""&nbsp;"", ""landmark"": """", ""time"": ""Service&nbsp;Details""}, {""city"": ""2115SALKCBAB"", ""landmark"": ""Route&nbsp;No.&nbsp;:"", ""time"": ""422AB""}, {""city"": ""SALEM"", ""landmark"": ""To&nbsp;Place&nbsp;:"", ""time"": ""CHENNAI-KILAMBAKKAM-KCBT""}, {""city"": ""16/01/2026"", ""landmark"": ""Journey&nbsp;Hours&nbsp;*:"", ""time"": ""7:30""}, {""city"": ""317.00"", ""landmark"": ""Corporation&nbsp;:"", ""time"": ""SETC""}, {""city"": ""&nbsp;"", ""landmark"": ""Adult&nbsp;Fare&nbsp;**"", ""time"": ""410""}, {""city"": ""City"", ""landmark"": ""Land&nbsp;Mark&nbsp;"", ""time"": ""Dep.&nbsp;Time&nbsp;""}, {""city"": ""SALEM"", ""landmark"": ""SALEM"", ""time"": ""21:15""}, {""city"": ""SALEM"", ""landmark"": ""KONDALAMPATTI BYE PASS"", ""time"": ""21:25""}, {""city"": ""SALEM"", ""landmark"": ""SEELANAICKENPATTI BYE PASS"", ""time"": ""21:35""}, {""city"": ""SALEM"", ""landmark"": ""AYOTHIYAPATTINAM BYE PASS"", ""time"": ""21:45""}, {""city"": ""SALEM"", ""landmark"": ""METTUPATTI TOLL"", ""time"": ""22:00""}, {""city"": ""SALEM"", ""landmark"": ""ATHUR BYPASS"", ""time"": ""22:30""}, {""city"": ""SALEM"", ""landmark"": ""THALAIVASAL TOLLGATE"", ""time"": ""22:45""}, {""city"": ""CHENNAI-KILAMBAKKAM-KCBT"", ""landmark"": ""CHENNAI KALAIGNAR CBT"", ""time"": ""03:15""}]",2026-01-13T18:16:06.601076
2130SALKCBDD01L,,SETC,SALEM,CHENNAI,,,7.00Hrs,39 Seats Available,Standard,Rs 274,16/01/2026,"[{""city"": ""&nbsp;"", ""landmark"": """", ""time"": ""Service&nbsp;Details""}, {""city"": ""2130SALKCBDD01L"", ""landmark"": ""Route&nbsp;No.&nbsp;:"", ""time"": ""375B""}, {""city"": ""SALEM"", ""landmark"": ""To&nbsp;Place&nbsp;:"", ""time"": ""CHENNAI-KILAMBAKKAM-KCBT""}, {""city"": ""16/01/2026"", ""landmark"": ""Journey&nbsp;Hours&nbsp;*:"", ""time"": ""7:00""}, {""city"": ""317.00"", ""landmark"": ""Corporation&nbsp;:"", ""time"": ""SALEM""}, {""city"": ""&nbsp;"", ""landmark"": ""Adult&nbsp;Fare&nbsp;**"", ""time"": ""274""}, {""city"": ""City"", ""landmark"": ""Land&nbsp;Mark&nbsp;"", ""time"": ""Dep.&nbsp;Time&nbsp;""}, {""city"": ""SALEM"", ""landmark"": ""SALEM"", ""time"": ""21:30""}, {""city"": ""CHENNAI-KILAMBAKKAM-KCBT"", ""landmark"": ""CHENNAI KALAIGNAR CBT"", ""time"": ""04:30""}]",2026-01-13T18:16:06.601076
2130SALKCBDD01L,,SETC,SALEM,CHENNAI,,,7.00Hrs,39 Seats Available,Standard,Rs 274,16/01/2026,"[{""city"": ""&nbsp;"", ""landmark"": """", ""time"": ""Service&nbsp;Details""}, {""city"": ""2130SALKCBDD01L"", ""landmark"": ""Route&nbsp;No.&nbsp;:"", ""time"": ""375B""}, {""city"": ""SALEM"", ""landmark"": ""To&nbsp;Place&nbsp;:"", ""time"": ""CHENNAI-KILAMBAKKAM-KCBT""}, {""city"": ""16/01/2026"", ""landmark"": ""Journey&nbsp;Hours&nbsp;*:"", ""time"": ""7:00""}, {""city"": ""317.00"", ""landmark"": ""Corporation&nbsp;:"", ""time"": ""SALEM""}, {""city"": ""&nbsp;"", ""landmark"": ""Adult&nbsp;Fare&nbsp;**"", ""time"": ""274""}, {""city"": ""City"", ""landmark"": ""Land&nbsp;Mark&nbsp;"", ""time"": ""Dep.&nbsp;Time&nbsp;""}, {""city"": ""SALEM"", ""landmark"": ""SALEM"", ""time"": ""21:30""}, {""city"": ""CHENNAI-KILAMBAKKAM-KCBT"", ""landmark"": ""CHENNAI KALAIGNAR CBT"", ""time"": ""04:30""}]",2026-01-13T18:16:06.601076
2140SALKCBDD01L,,SETC,SALEM,CHENNAI,,,7.00Hrs,45 Seats Available,Standard,Rs 274,16/01/2026,"[{""city"": ""&nbsp;"", ""landmark"": """", ""time"": ""Service&nbsp;Details""}, {""city"": ""2140SALKCBDD01L"", ""landmark"": ""Route&nbsp;No.&nbsp;:"", ""time"": ""475D""}, {""city"": ""SALEM"", ""landmark"": ""To&nbsp;Place&nbsp;:"", ""time"": ""CHENNAI-KILAMBAKKAM-KCBT""}, {""city"": ""16/01/2026"", ""landmark"": ""Journey&nbsp;Hours&nbsp;*:"", ""time"": ""7:00""}, {""city"": ""317.00"", ""landmark"": ""Corporation&nbsp;:"", ""time"": ""SALEM""}, {""city"": ""&nbsp;"", ""landmark"": ""Adult&nbsp;Fare&nbsp;**"", ""time"": ""274""}, {""city"": ""City"", ""landmark"": ""Land&nbsp;Mark&nbsp;"", ""time"": ""Dep.&nbsp;Time&nbsp;""}, {""city"": ""SALEM"", ""landmark"": ""SALEM"", ""time"": ""21:40""}, {""city"": ""CHENNAI-KILAMBAKKAM-KCBT"", ""landmark"": ""CHENNAI KALAIGNAR CBT"", ""time"": ""04:40""}]",2026-01-13T18:16:06.601076
2140SALKCBDD01L,,SETC,SALEM,CHENNAI,,,7.00Hrs,45 Seats Available,Standard,Rs 274,16/01/2026,"[{""city"": ""&nbsp;"", ""landmark"": """", ""time"": ""Service&nbsp;Details""}, {""city"": ""2140SALKCBDD01L"", ""landmark"": ""Route&nbsp;No.&nbsp;:"", ""time"": ""475D""}, {""city"": ""SALEM"", ""landmark"": ""To&nbsp;Place&nbsp;:"", ""time"": ""CHENNAI-KILAMBAKKAM-KCBT""}, {""city"": ""16/01/2026"", ""landmark"": ""Journey&nbsp;Hours&nbsp;*:"", ""time"": ""7:00""}, {""city"": ""317.00"", ""landmark"": ""Corporation&nbsp;:"", ""time"": ""SALEM""}, {""city"": ""&nbsp;"", ""landmark"": ""Adult&nbsp;Fare&nbsp;**"", ""time"": ""274""}, {""city"": ""City"", ""landmark"": ""Land&nbsp;Mark&nbsp;"", ""time"": ""Dep.&nbsp;Time&nbsp;""}, {""city"": ""SALEM"", ""landmark"": ""SALEM"", ""time"": ""21:40""}, {""city"": ""CHENNAI-KILAMBAKKAM-KCBT"", ""landmark"": ""CHENNAI KALAIGNAR CBT"", ""time"": ""04:40""}]",2026-01-13T18:16:06.601076
2145SALKCBNS,,SETC,SALEM,CHENNAI,,,7.30Hrs,17 Seats Available,Standard,Rs 318/492,16/01/2026,"[{""city"": ""&nbsp;"", ""landmark"": """", ""time"": ""Service&nbsp;Details""}, {""city"": ""2145SALKCBNS"", ""landmark"": ""Route&nbsp;No.&nbsp;:"", ""time"": ""422NS""}, {""city"": ""SALEM"", ""landmark"": ""To&nbsp;Place&nbsp;:"", ""time"": ""CHENNAI-KILAMBAKKAM-KCBT""}, {""city"": ""16/01/2026"", ""landmark"": ""Journey&nbsp;Hours&nbsp;*:"", ""time"": ""7:30""}, {""city"": ""317.00"", ""landmark"": ""Corporation&nbsp;:"", ""time"": ""SETC""}, {""city"": ""&nbsp;"", ""landmark"": ""Adult&nbsp;Fare&nbsp;**"", ""time"": ""318""}, {""city"": ""City"", ""landmark"": ""Land&nbsp;Mark&nbsp;"", ""time"": ""Dep.&nbsp;Time&nbsp;""}, {""city"": ""SALEM"", ""landmark"": ""SALEM"", ""time"": ""21:45""}, {""city"": ""SALEM"", ""landmark"": ""KONDALAMPATTI BYE PASS"", ""time"": ""21:55""}, {""city"": ""SALEM"", ""landmark"": ""SEELANAICKENPATTI BYE PASS"", ""time"": ""22:05""}, {""city"": ""SALEM"", ""landmark"": ""AYOTHIYAPATTINAM BYE PASS"", ""time"": ""22:15""}, {""city"": ""SALEM"", ""landmark"": ""METTUPATTI TOLL"", ""time"": ""22:30""}, {""city"": ""SALEM"", ""landmark"": ""ATHUR BYPASS"", ""time"": ""23:00""}, {""city"": ""SALEM"", ""landmark"": ""THALAIVASAL TOLLGATE"", ""time"": ""23:15""}, {""city"": ""CHENNAI-KILAMBAKKAM-KCBT"", ""landmark"": ""CHENNAI KALAIGNAR CBT"", ""time"": ""03:45""}]",2026-01-13T18:16:06.601076
2145SALKCBNS,,SETC,SALEM,CHENNAI,,,7.30Hrs,17 Seats Available,Standard,Rs 318/492,16/01/2026,"[{""city"": ""&nbsp;"", ""landmark"": """", ""time"": ""Service&nbsp;Details""}, {""city"": ""2145SALKCBNS"", ""landmark"": ""Route&nbsp;No.&nbsp;:"", ""time"": ""422NS""}, {""city"": ""SALEM"", ""landmark"": ""To&nbsp;Place&nbsp;:"", ""time"": ""CHENNAI-KILAMBAKKAM-KCBT""}, {""city"": ""16/01/2026"", ""landmark"": ""Journey&nbsp;Hours&nbsp;*:"", ""time"": ""7:30""}, {""city"": ""317.00"", ""landmark"": ""Corporation&nbsp;:"", ""time"": ""SETC""}, {""city"": ""&nbsp;"", ""landmark"": ""Adult&nbsp;Fare&nbsp;**"", ""time"": ""318""}, {""city"": ""City"", ""landmark"": ""Land&nbsp;Mark&nbsp;"", ""time"": ""Dep.&nbsp;Time&nbsp;""}, {""city"": ""SALEM"", ""landmark"": ""SALEM"", ""time"": ""21:45""}, {""city"": ""SALEM"", ""landmark"": ""KONDALAMPATTI BYE PASS"", ""time"": ""21:55""}, {""city"": ""SALEM"", ""landmark"": ""SEELANAICKENPATTI BYE PASS"", ""time"": ""22:05""}, {""city"": ""SALEM"", ""landmark"": ""AYOTHIYAPATTINAM BYE PASS"", ""time"": ""22:15""}, {""city"": ""SALEM"", ""landmark"": ""METTUPATTI TOLL"", ""time"": ""22:30""}, {""city"": ""SALEM"", ""landmark"": ""ATHUR BYPASS"", ""time"": ""23:00""}, {""city"": ""SALEM"", ""landmark"": ""THALAIVASAL TOLLGATE"", ""time"": ""23:15""}, {""city"": ""CHENNAI-KILAMBAKKAM-KCBT"", ""landmark"": ""CHENNAI KALAIGNAR CBT"", ""time"": ""03:45""}]",2026-01-13T18:16:06.601076
2200SALKCBDD01L,,SETC,SALEM,CHENNAI,,,7.00Hrs,45 Seats Available,Standard,Rs 274,16/01/2026,"[{""city"": ""&nbsp;"", ""landmark"": """", ""time"": ""Service&nbsp;Details""}, {""city"": ""2200SALKCBDD01L"", ""landmark"": ""Route&nbsp;No.&nbsp;:"", ""time"": ""575C""}, {""city"": ""SALEM"", ""landmark"": ""To&nbsp;Place&nbsp;:"", ""time"": ""CHENNAI-KILAMBAKKAM-KCBT""}, {""city"": ""16/01/2026"", ""landmark"": ""Journey&nbsp;Hours&nbsp;*:"", ""time"": ""7:00""}, {""city"": ""317.00"", ""landmark"": ""Corporation&nbsp;:"", ""time"": ""SALEM""}, {""city"": ""&nbsp;"", ""landmark"": ""Adult&nbsp;Fare&nbsp;**"", ""time"": ""274""}, {""city"": ""City"", ""landmark"": ""Land&nbsp;Mark&nbsp;"", ""time"": ""Dep.&nbsp;Time&nbsp;""}, {""city"": ""SALEM"", ""landmark"": ""SALEM"", ""time"": ""22:00""}, {""city"": ""CHENNAI-KILAMBAKKAM-KCBT"", ""landmark"": ""CHENNAI KALAIGNAR CBT"", ""time"": ""05:00""}]",2026-01-13T18:16:06.601076
2200SALKCBDD01L,,SETC,SALEM,CHENNAI,,,7.00Hrs,45 Seats Available,Standard,Rs 274,16/01/2026,"[{""city"": ""&nbsp;"", ""landmark"": """", ""time"": ""Service&nbsp;Details""}, {""city"": ""2200SALKCBDD01L"", ""landmark"": ""Route&nbsp;No.&nbsp;:"", ""time"": ""575C""}, {""city"": ""SALEM"", ""landmark"": ""To&nbsp;Place&nbsp;:"", ""time"": ""CHENNAI-KILAMBAKKAM-KCBT""}, {""city"": ""16/01/2026"", ""landmark"": ""Journey&nbsp;Hours&nbsp;*:"", ""time"": ""7:00""}, {""city"": ""317.00"", ""landmark"": ""Corporation&nbsp;:"", ""time"": ""SALEM""}, {""city"": ""&nbsp;"", ""landmark"": ""Adult&nbsp;Fare&nbsp;**"", ""time"": ""274""}, {""city"": ""City"", ""landmark"": ""Land&nbsp;Mark&nbsp;"", ""time"": ""Dep.&nbsp;Time&nbsp;""}, {""city"": ""SALEM"", ""landmark"": ""SALEM"", ""time"": ""22:00""}, {""city"": ""CHENNAI-KILAMBAKKAM-KCBT"", ""landmark"": ""CHENNAI KALAIGNAR CBT"", ""time"": ""05:00""}]",2026-01-13T18:16:06.601076
2207SALKCBDD01L,,SETC,SALEM,CHENNAI,,,7.00Hrs,45 Seats Available,Standard,Rs 274,16/01/2026,"[{""city"": ""&nbsp;"", ""landmark"": """", ""time"": ""Service&nbsp;Details""}, {""city"": ""2207SALKCBDD01L"", ""landmark"": ""Route&nbsp;No.&nbsp;:"", ""time"": ""175S""}, {""city"": ""SALEM"", ""landmark"": ""To&nbsp;Place&nbsp;:"", ""time"": ""CHENNAI-KILAMBAKKAM-KCBT""}, {""city"": ""16/01/2026"", ""landmark"": ""Journey&nbsp;Hours&nbsp;*:"", ""time"": ""7:00""}, {""city"": ""317.00"", ""landmark"": ""Corporation&nbsp;:"", ""time"": ""SALEM""}, {""city"": ""&nbsp;"", ""landmark"": ""Adult&nbsp;Fare&nbsp;**"", ""time"": ""274""}, {""city"": ""City"", ""landmark"": ""Land&nbsp;Mark&nbsp;"", ""time"": ""Dep.&nbsp;Time&nbsp;""}, {""city"": ""SALEM"", ""landmark"": ""SALEM"", ""time"": ""22:07""}, {""city"": ""CHENNAI-KILAMBAKKAM-KCBT"", ""landmark"": ""CHENNAI KALAIGNAR CBT"", ""time"": ""05:07""}]",2026-01-13T18:16:06.601076
2207SALKCBDD01L,,SETC,SALEM,CHENNAI,,,7.00Hrs,45 Seats Available,Standard,Rs 274,16/01/2026,"[{""city"": ""&nbsp;"", ""landmark"": """", ""time"": ""Service&nbsp;Details""}, {""city"": ""2207SALKCBDD01L"", ""landmark"": ""Route&nbsp;No.&nbsp;:"", ""time"": ""175S""}, {""city"": ""SALEM"", ""landmark"": ""To&nbsp;Place&nbsp;:"", ""time"": ""CHENNAI-KILAMBAKKAM-KCBT""}, {""city"": ""16/01/2026"", ""landmark"": ""Journey&nbsp;Hours&nbsp;*:"", ""time"": ""7:00""}, {""city"": ""317.00"", ""landmark"": ""Corporation&nbsp;:"", ""time"": ""SALEM""}, {""city"": ""&nbsp;"", ""landmark"": ""Adult&nbsp;Fare&nbsp;**"", ""time"": ""274""}, {""city"": ""City"", ""landmark"": ""Land&nbsp;Mark&nbsp;"", ""time"": ""Dep.&nbsp;Time&nbsp;""}, {""city"": ""SALEM"", ""landmark"": ""SALEM"", ""time"": ""22:07""}, {""city"": ""CHENNAI-KILAMBAKKAM-KCBT"", ""landmark"": ""CHENNAI KALAIGNAR CBT"", ""time"": ""05:07""}]",2026-01-13T18:16:06.601076
2210SALKCB,,SETC,SALEM,CHENNAI,,,7.30Hrs,32 Seats Available,Standard,Rs 318,16/01/2026,"[{""city"": ""&nbsp;"", ""landmark"": """", ""time"": ""Service&nbsp;Details""}, {""city"": ""2210SALKCB"", ""landmark"": ""Route&nbsp;No.&nbsp;:"", ""time"": ""422UD""}, {""city"": ""SALEM"", ""landmark"": ""To&nbsp;Place&nbsp;:"", ""time"": ""CHENNAI-KILAMBAKKAM-KCBT""}, {""city"": ""16/01/2026"", ""landmark"": ""Journey&nbsp;Hours&nbsp;*:"", ""time"": ""7:30""}, {""city"": ""317.00"", ""landmark"": ""Corporation&nbsp;:"", ""time"": ""SETC""}, {""city"": ""&nbsp;"", ""landmark"": ""Adult&nbsp;Fare&nbsp;**"", ""time"": ""318""}, {""city"": ""City"", ""landmark"": ""Land&nbsp;Mark&nbsp;"", ""time"": ""Dep.&nbsp;Time&nbsp;""}, {""city"": ""SALEM"", ""landmark"": ""SALEM"", ""time"": ""22:10""}, {""city"": ""CHENNAI-KILAMBAKKAM-KCBT"", ""landmark"": ""CHENNAI KALAIGNAR CBT"", ""time"": ""04:40""}]",2026-01-13T18:16:06.601076
2210SALKCB,,SETC,SALEM,CHENNAI,,,7.30Hrs,32 Seats Available,Standard,Rs 318,16/01/2026,"[{""city"": ""&nbsp;"", ""landmark"": """", ""time"": ""Service&nbsp;Details""}, {""city"": ""2210SALKCB"", ""landmark"": ""Route&nbsp;No.&nbsp;:"", ""time"": ""422UD""}, {""city"": ""SALEM"", ""landmark"": ""To&nbsp;Place&nbsp;:"", ""time"": ""CHENNAI-KILAMBAKKAM-KCBT""}, {""city"": ""16/01/2026"", ""landmark"": ""Journey&nbsp;Hours&nbsp;*:"", ""time"": ""7:30""}, {""city"": ""317.00"", ""landmark"": ""Corporation&nbsp;:"", ""time"": ""SETC""}, {""city"": ""&nbsp;"", ""landmark"": ""Adult&nbsp;Fare&nbsp;**"", ""time"": ""318""}, {""city"": ""City"", ""landmark"": ""Land&nbsp;Mark&nbsp;"", ""time"": ""Dep.&nbsp;Time&nbsp;""}, {""city"": ""SALEM"", ""landmark"": ""SALEM"", ""time"": ""22:10""}, {""city"": ""CHENNAI-KILAMBAKKAM-KCBT"", ""landmark"": ""CHENNAI KALAIGNAR CBT"", ""time"": ""04:40""}]",2026-01-13T18:16:06.601076
2215SALKCBDD02L,,SETC,SALEM,CHENNAI,,,7.00Hrs,45 Seats Available,Standard,Rs 274,16/01/2026,"[{""city"": ""&nbsp;"", ""landmark"": """", ""time"": ""Service&nbsp;Details""}, {""city"": ""2215SALKCBDD02L"", ""landmark"": ""Route&nbsp;No.&nbsp;:"", ""time"": ""475A""}, {""city"": ""SALEM"", ""landmark"": ""To&nbsp;Place&nbsp;:"", ""time"": ""CHENNAI-KILAMBAKKAM-KCBT""}, {""city"": ""16/01/2026"", ""landmark"": ""Journey&nbsp;Hours&nbsp;*:"", ""time"": ""7:00""}, {""city"": ""317.00"", ""landmark"": ""Corporation&nbsp;:"", ""time"": ""SALEM""}, {""city"": ""&nbsp;"", ""landmark"": ""Adult&nbsp;Fare&nbsp;**"", ""time"": ""274""}, {""city"": ""City"", ""landmark"": ""Land&nbsp;Mark&nbsp;"", ""time"": ""Dep.&nbsp;Time&nbsp;""}, {""city"": ""SALEM"", ""landmark"": ""SALEM"", ""time"": ""22:15""}, {""city"": ""CHENNAI-KILAMBAKKAM-KCBT"", ""landmark"": ""CHENNAI KALAIGNAR CBT"", ""time"": ""05:15""}]",2026-01-13T18:16:06.601076
2215SALKCBDD02L,,SETC,SALEM,CHENNAI,,,7.00Hrs,45 Seats Available,Standard,Rs 274,16/01/2026,"[{""city"": ""&nbsp;"", ""landmark"": """", ""time"": ""Service&nbsp;Details""}, {""city"": ""2215SALKCBDD02L"", ""landmark"": ""Route&nbsp;No.&nbsp;:"", ""time"": ""475A""}, {""city"": ""SALEM"", ""landmark"": ""To&nbsp;Place&nbsp;:"", ""time"": ""CHENNAI-KILAMBAKKAM-KCBT""}, {""city"": ""16/01/2026"", ""landmark"": ""Journey&nbsp;Hours&nbsp;*:"", ""time"": ""7:00""}, {""city"": ""317.00"", ""landmark"": ""Corporation&nbsp;:"", ""time"": ""SALEM""}, {""city"": ""&nbsp;"", ""landmark"": ""Adult&nbsp;Fare&nbsp;**"", ""time"": ""274""}, {""city"": ""City"", ""landmark"": ""Land&nbsp;Mark&nbsp;"", ""time"": ""Dep.&nbsp;Time&nbsp;""}, {""city"": ""SALEM"", ""landmark"": ""SALEM"", ""time"": ""22:15""}, {""city"": ""CHENNAI-KILAMBAKKAM-KCBT"", ""landmark"": ""CHENNAI KALAIGNAR CBT"", ""time"": ""05:15""}]",2026-01-13T18:16:06.601076
2225SALKCBVV01L,,SETC,SALEM,CHENNAI,,,7.20Hrs,45 Seats Available,Standard,Rs 274,16/01/2026,"[{""city"": ""&nbsp;"", ""landmark"": """", ""time"": ""Service&nbsp;Details""}, {""city"": ""2225SALKCBVV01L"", ""landmark"": ""Route&nbsp;No.&nbsp;:"", ""time"": ""281AP""}, {""city"": ""SALEM"", ""landmark"": ""To&nbsp;Place&nbsp;:"", ""time"": ""CHENNAI-KILAMBAKKAM-KCBT""}, {""city"": ""16/01/2026"", ""landmark"": ""Journey&nbsp;Hours&nbsp;*:"", ""time"": ""7:20""}, {""city"": ""317.00"", ""landmark"": ""Corporation&nbsp;:"", ""time"": ""VILLUPURAM""}, {""city"": ""&nbsp;"", ""landmark"": ""Adult&nbsp;Fare&nbsp;**"", ""time"": ""274""}, {""city"": ""City"", ""landmark"": ""Land&nbsp;Mark&nbsp;"", ""time"": ""Dep.&nbsp;Time&nbsp;""}, {""city"": ""SALEM"", ""landmark"": ""SALEM"", ""time"": ""22:25""}, {""city"": ""CHENNAI-KILAMBAKKAM-KCBT"", ""landmark"": ""CHENNAI KALAIGNAR CBT"", ""time"": ""05:45""}]",2026-01-13T18:16:06.601076
2225SALKCBVV01L,,SETC,SALEM,CHENNAI,,,7.20Hrs,45 Seats Available,Standard,Rs 274,16/01/2026,"[{""city"": ""&nbsp;"", ""landmark"": """", ""time"": ""Service&nbsp;Details""}, {""city"": ""2225SALKCBVV01L"", ""landmark"": ""Route&nbsp;No.&nbsp;:"", ""time"": ""281AP""}, {""city"": ""SALEM"", ""landmark"": ""To&nbsp;Place&nbsp;:"", ""time"": ""CHENNAI-KILAMBAKKAM-KCBT""}, {""city"": ""16/01/2026"", ""landmark"": ""Journey&nbsp;Hours&nbsp;*:"", ""time"": ""7:20""}, {""city"": ""317.00"", ""landmark"": ""Corporation&nbsp;:"", ""time"": ""VILLUPURAM""}, {""city"": ""&nbsp;"", ""landmark"": ""Adult&nbsp;Fare&nbsp;**"", ""time"": ""274""}, {""city"": ""City"", ""landmark"": ""Land&nbsp;Mark&nbsp;"", ""time"": ""Dep.&nbsp;Time&nbsp;""}, {""city"": ""SALEM"", ""landmark"": ""SALEM"", ""time"": ""22:25""}, {""city"": ""CHENNAI-KILAMBAKKAM-KCBT"", ""landmark"": ""CHENNAI KALAIGNAR CBT"", ""time"": ""05:45""}]",2026-01-13T18:16:06.601076
2230SALKCBAB,,SETC,SALEM,CHENNAI,,,7.30Hrs,27 Seats Available,Standard,Rs 410/631,16/01/2026,"[{""city"": ""&nbsp;"", ""landmark"": """", ""time"": ""Service&nbsp;Details""}, {""city"": ""2230SALKCBAB"", ""landmark"": ""Route&nbsp;No.&nbsp;:"", ""time"": ""422AB""}, {""city"": ""SALEM"", ""landmark"": ""To&nbsp;Place&nbsp;:"", ""time"": ""CHENNAI-KILAMBAKKAM-KCBT""}, {""city"": ""16/01/2026"", ""landmark"": ""Journey&nbsp;Hours&nbsp;*:"", ""time"": ""7:30""}, {""city"": ""317.00"", ""landmark"": ""Corporation&nbsp;:"", ""time"": ""SETC""}, {""city"": ""&nbsp;"", ""landmark"": ""Adult&nbsp;Fare&nbsp;**"", ""time"": ""410""}, {""city"": ""City"", ""landmark"": ""Land&nbsp;Mark&nbsp;"", ""time"": ""Dep.&nbsp;Time&nbsp;""}, {""city"": ""SALEM"", ""landmark"": ""SALEM"", ""time"": ""22:30""}, {""city"": ""SALEM"", ""landmark"": ""KONDALAMPATTI BYE PASS"", ""time"": ""22:40""}, {""city"": ""SALEM"", ""landmark"": ""SEELANAICKENPATTI BYE PASS"", ""time"": ""22:50""}, {""city"": ""SALEM"", ""landmark"": ""AYOTHIYAPATTINAM BYE PASS"", ""time"": ""23:00""}, {""city"": ""SALEM"", ""landmark"": ""METTUPATTI TOLL"", ""time"": ""23:15""}, {""city"": ""SALEM"", ""landmark"": ""ATHUR BYPASS"", ""time"": ""23:45""}, {""city"": ""CHENNAI-KILAMBAKKAM-KCBT"", ""landmark"": ""CHENNAI KALAIGNAR CBT"", ""time"": ""04:30""}]",2026-01-13T18:16:06.601076
2230SALKCBAB,,SETC,SALEM,CHENNAI,,,7.30Hrs,27 Seats Available,Standard,Rs 410/631,16/01/2026,"[{""city"": ""&nbsp;"", ""landmark"": """", ""time"": ""Service&nbsp;Details""}, {""city"": ""2230SALKCBAB"", ""landmark"": ""Route&nbsp;No.&nbsp;:"", ""time"": ""422AB""}, {""city"": ""SALEM"", ""landmark"": ""To&nbsp;Place&nbsp;:"", ""time"": ""CHENNAI-KILAMBAKKAM-KCBT""}, {""city"": ""16/01/2026"", ""landmark"": ""Journey&nbsp;Hours&nbsp;*:"", ""time"": ""7:30""}, {""city"": ""317.00"", ""landmark"": ""Corporation&nbsp;:"", ""time"": ""SETC""}, {""city"": ""&nbsp;"", ""landmark"": ""Adult&nbsp;Fare&nbsp;**"", ""time"": ""410""}, {""city"": ""City"", ""landmark"": ""Land&nbsp;Mark&nbsp;"", ""time"": ""Dep.&nbsp;Time&nbsp;""}, {""city"": ""SALEM"", ""landmark"": ""SALEM"", ""time"": ""22:30""}, {""city"": ""SALEM"", ""landmark"": ""KONDALAMPATTI BYE PASS"", ""time"": ""22:40""}, {""city"": ""SALEM"", ""landmark"": ""SEELANAICKENPATTI BYE PASS"", ""time"": ""22:50""}, {""city"": ""SALEM"", ""landmark"": ""AYOTHIYAPATTINAM BYE PASS"", ""time"": ""23:00""}, {""city"": ""SALEM"", ""landmark"": ""METTUPATTI TOLL"", ""time"": ""23:15""}, {""city"": ""SALEM"", ""landmark"": ""ATHUR BYPASS"", ""time"": ""23:45""}, {""city"": ""CHENNAI-KILAMBAKKAM-KCBT"", ""landmark"": ""CHENNAI KALAIGNAR CBT"", ""time"": ""04:30""}]",2026-01-13T18:16:06.601076
2230SALKCBVV01L,,SETC,SALEM,CHENNAI,,,7.20Hrs,45 Seats Available,Standard,Rs 274,16/01/2026,"[{""city"": ""&nbsp;"", ""landmark"": """", ""time"": ""Service&nbsp;Details""}, {""city"": ""2230SALKCBVV01L"", ""landmark"": ""Route&nbsp;No.&nbsp;:"", ""time"": ""281N""}, {""city"": ""SALEM"", ""landmark"": ""To&nbsp;Place&nbsp;:"", ""time"": ""CHENNAI-KILAMBAKKAM-KCBT""}, {""city"": ""16/01/2026"", ""landmark"": ""Journey&nbsp;Hours&nbsp;*:"", ""time"": ""7:20""}, {""city"": ""317.00"", ""landmark"": ""Corporation&nbsp;:"", ""time"": ""VILLUPURAM""}, {""city"": ""&nbsp;"", ""landmark"": ""Adult&nbsp;Fare&nbsp;**"", ""time"": ""274""}, {""city"": ""City"", ""landmark"": ""Land&nbsp;Mark&nbsp;"", ""time"": ""Dep.&nbsp;Time&nbsp;""}, {""city"": ""SALEM"", ""landmark"": ""SALEM"", ""time"": ""22:30""}, {""city"": ""CHENNAI-KILAMBAKKAM-KCBT"", ""landmark"": ""CHENNAI KALAIGNAR CBT"", ""time"": ""05:50""}]",2026-01-13T18:16:06.601076
2230SALKCBVV01L,,SETC,SALEM,CHENNAI,,,7.20Hrs,45 Seats Available,Standard,Rs 274,16/01/2026,"[{""city"": ""&nbsp;"", ""landmark"": """", ""time"": ""Service&nbsp;Details""}, {""city"": ""2230SALKCBVV01L"", ""landmark"": ""Route&nbsp;No.&nbsp;:"", ""time"": ""281N""}, {""city"": ""SALEM"", ""landmark"": ""To&nbsp;Place&nbsp;:"", ""time"": ""CHENNAI-KILAMBAKKAM-KCBT""}, {""city"": ""16/01/2026"", ""landmark"": ""Journey&nbsp;Hours&nbsp;*:"", ""time"": ""7:20""}, {""city"": ""317.00"", ""landmark"": ""Corporation&nbsp;:"", ""time"": ""VILLUPURAM""}, {""city"": ""&nbsp;"", ""landmark"": ""Adult&nbsp;Fare&nbsp;**"", ""time"": ""274""}, {""city"": ""City"", ""landmark"": ""Land&nbsp;Mark&nbsp;"", ""time"": ""Dep.&nbsp;Time&nbsp;""}, {""city"": ""SALEM"", ""landmark"": ""SALEM"", ""time"": ""22:30""}, {""city"": ""CHENNAI-KILAMBAKKAM-KCBT"", ""landmark"": ""CHENNAI KALAIGNAR CBT"", ""time"": ""05:50""}]",2026-01-13T18:16:06.601076
2240SALKCBVV01L,,SETC,SALEM,CHENNAI,,,7.20Hrs,45 Seats Available,Standard,Rs 274,16/01/2026,"[{""city"": ""&nbsp;"", ""landmark"": """", ""time"": ""Service&nbsp;Details""}, {""city"": ""2240SALKCBVV01L"", ""landmark"": ""Route&nbsp;No.&nbsp;:"", ""time"": ""281F""}, {""city"": ""SALEM"", ""landmark"": ""To&nbsp;Place&nbsp;:"", ""time"": ""CHENNAI-KILAMBAKKAM-KCBT""}, {""city"": ""16/01/2026"", ""landmark"": ""Journey&nbsp;Hours&nbsp;*:"", ""time"": ""7:20""}, {""city"": ""317.00"", ""landmark"": ""Corporation&nbsp;:"", ""time"": ""VILLUPURAM""}, {""city"": ""&nbsp;"", ""landmark"": ""Adult&nbsp;Fare&nbsp;**"", ""time"": ""274""}, {""city"": ""City"", ""landmark"": ""Land&nbsp;Mark&nbsp;"", ""time"": ""Dep.&nbsp;Time&nbsp;""}, {""city"": ""SALEM"", ""landmark"": ""SALEM"", ""time"": ""22:40""}, {""city"": ""CHENNAI-KILAMBAKKAM-KCBT"", ""landmark"": ""CHENNAI KALAIGNAR CBT"", ""time"": ""06:00""}]",2026-01-13T18:16:06.601076
2240SALKCBVV01L,,SETC,SALEM,CHENNAI,,,7.20Hrs,45 Seats Available,Standard,Rs 274,16/01/2026,"[{""city"": ""&nbsp;"", ""landmark"": """", ""time"": ""Service&nbsp;Details""}, {""city"": ""2240SALKCBVV01L"", ""landmark"": ""Route&nbsp;No.&nbsp;:"", ""time"": ""281F""}, {""city"": ""SALEM"", ""landmark"": ""To&nbsp;Place&nbsp;:"", ""time"": ""CHENNAI-KILAMBAKKAM-KCBT""}, {""city"": ""16/01/2026"", ""landmark"": ""Journey&nbsp;Hours&nbsp;*:"", ""time"": ""7:20""}, {""city"": ""317.00"", ""landmark"": ""Corporation&nbsp;:"", ""time"": ""VILLUPURAM""}, {""city"": ""&nbsp;"", ""landmark"": ""Adult&nbsp;Fare&nbsp;**"", ""time"": ""274""}, {""city"": ""City"", ""landmark"": ""Land&nbsp;Mark&nbsp;"", ""time"": ""Dep.&nbsp;Time&nbsp;""}, {""city"": ""SALEM"", ""landmark"": ""SALEM"", ""time"": ""22:40""}, {""city"": ""CHENNAI-KILAMBAKKAM-KCBT"", ""landmark"": ""CHENNAI KALAIGNAR CBT"", ""time"": ""06:00""}]",2026-01-13T18:16:06.601076
2245SALKCBNS,,SETC,SALEM,CHENNAI,,,7.30Hrs,20 Seats Available,Standard,Rs 318/492,16/01/2026,"[{""city"": ""&nbsp;"", ""landmark"": """", ""time"": ""Service&nbsp;Details""}, {""city"": ""2245SALKCBNS"", ""landmark"": ""Route&nbsp;No.&nbsp;:"", ""time"": ""422NS""}, {""city"": ""SALEM"", ""landmark"": ""To&nbsp;Place&nbsp;:"", ""time"": ""CHENNAI-KILAMBAKKAM-KCBT""}, {""city"": ""16/01/2026"", ""landmark"": ""Journey&nbsp;Hours&nbsp;*:"", ""time"": ""7:30""}, {""city"": ""317.00"", ""landmark"": ""Corporation&nbsp;:"", ""time"": ""SETC""}, {""city"": ""&nbsp;"", ""landmark"": ""Adult&nbsp;Fare&nbsp;**"", ""time"": ""318""}, {""city"": ""City"", ""landmark"": ""Land&nbsp;Mark&nbsp;"", ""time"": ""Dep.&nbsp;Time&nbsp;""}, {""city"": ""SALEM"", ""landmark"": ""SALEM"", ""time"": ""22:45""}, {""city"": ""SALEM"", ""landmark"": ""KONDALAMPATTI BYE PASS"", ""time"": ""22:55""}, {""city"": ""SALEM"", ""landmark"": ""SEELANAICKENPATTI BYE PASS"", ""time"": ""23:05""}, {""city"": ""SALEM"", ""landmark"": ""AYOTHIYAPATTINAM BYE PASS"", ""time"": ""23:15""}, {""city"": ""SALEM"", ""landmark"": ""METTUPATTI TOLL"", ""time"": ""23:30""}, {""city"": ""SALEM"", ""landmark"": ""ATHUR BYPASS"", ""time"": ""00:00""}, {""city"": ""SALEM"", ""landmark"": ""THALAIVASAL TOLLGATE"", ""time"": ""00:15""}, {""city"": ""CHENNAI-KILAMBAKKAM-KCBT"", ""landmark"": ""CHENNAI KALAIGNAR CBT"", ""time"": ""04:45""}]",2026-01-13T18:16:06.601076
2245SALKCBNS,,SETC,SALEM,CHENNAI,,,7.30Hrs,20 Seats Available,Standard,Rs 318/492,16/01/2026,"[{""city"": ""&nbsp;"", ""landmark"": """", ""time"": ""Service&nbsp;Details""}, {""city"": ""2245SALKCBNS"", ""landmark"": ""Route&nbsp;No.&nbsp;:"", ""time"": ""422NS""}, {""city"": ""SALEM"", ""landmark"": ""To&nbsp;Place&nbsp;:"", ""time"": ""CHENNAI-KILAMBAKKAM-KCBT""}, {""city"": ""16/01/2026"", ""landmark"": ""Journey&nbsp;Hours&nbsp;*:"", ""time"": ""7:30""}, {""city"": ""317.00"", ""landmark"": ""Corporation&nbsp;:"", ""time"": ""SETC""}, {""city"": ""&nbsp;"", ""landmark"": ""Adult&nbsp;Fare&nbsp;**"", ""time"": ""318""}, {""city"": ""City"", ""landmark"": ""Land&nbsp;Mark&nbsp;"", ""time"": ""Dep.&nbsp;Time&nbsp;""}, {""city"": ""SALEM"", ""landmark"": ""SALEM"", ""time"": ""22:45""}, {""city"": ""SALEM"", ""landmark"": ""KONDALAMPATTI BYE PASS"", ""time"": ""22:55""}, {""city"": ""SALEM"", ""landmark"": ""SEELANAICKENPATTI BYE PASS"", ""time"": ""23:05""}, {""city"": ""SALEM"", ""landmark"": ""AYOTHIYAPATTINAM BYE PASS"", ""time"": ""23:15""}, {""city"": ""SALEM"", ""landmark"": ""METTUPATTI TOLL"", ""time"": ""23:30""}, {""city"": ""SALEM"", ""landmark"": ""ATHUR BYPASS"", ""time"": ""00:00""}, {""city"": ""SALEM"", ""landmark"": ""THALAIVASAL TOLLGATE"", ""time"": ""00:15""}, {""city"": ""CHENNAI-KILAMBAKKAM-KCBT"", ""landmark"": ""CHENNAI KALAIGNAR CBT"", ""time"": ""04:45""}]",2026-01-13T18:16:06.601076
2250SALKCBVV01L,,SETC,SALEM,CHENNAI,,,7.20Hrs,45 Seats Available,Standard,Rs 274,16/01/2026,"[{""city"": ""&nbsp;"", ""landmark"": """", ""time"": ""Service&nbsp;Details""}, {""city"": ""2250SALKCBVV01L"", ""landmark"": ""Route&nbsp;No.&nbsp;:"", ""time"": ""281G""}, {""city"": ""SALEM"", ""landmark"": ""To&nbsp;Place&nbsp;:"", ""time"": ""CHENNAI-KILAMBAKKAM-KCBT""}, {""city"": ""16/01/2026"", ""landmark"": ""Journey&nbsp;Hours&nbsp;*:"", ""time"": ""7:20""}, {""city"": ""317.00"", ""landmark"": ""Corporation&nbsp;:"", ""time"": ""VILLUPURAM""}, {""city"": ""&nbsp;"", ""landmark"": ""Adult&nbsp;Fare&nbsp;**"", ""time"": ""274""}, {""city"": ""City"", ""landmark"": ""Land&nbsp;Mark&nbsp;"", ""time"": ""Dep.&nbsp;Time&nbsp;""}, {""city"": ""SALEM"", ""landmark"": ""SALEM"", ""time"": ""22:50""}, {""city"": ""CHENNAI-KILAMBAKKAM-KCBT"", ""landmark"": ""CHENNAI KALAIGNAR CBT"", ""time"": ""06:10""}]",2026-01-13T18:16:06.601076
2250SALKCBVV01L,,SETC,SALEM,CHENNAI,,,7.20Hrs,45 Seats Available,Standard,Rs 274,16/01/2026,"[{""city"": ""&nbsp;"", ""landmark"": """", ""time"": ""Service&nbsp;Details""}, {""city"": ""2250SALKCBVV01L"", ""landmark"": ""Route&nbsp;No.&nbsp;:"", ""time"": ""281G""}, {""city"": ""SALEM"", ""landmark"": ""To&nbsp;Place&nbsp;:"", ""time"": ""CHENNAI-KILAMBAKKAM-KCBT""}, {""city"": ""16/01/2026"", ""landmark"": ""Journey&nbsp;Hours&nbsp;*:"", ""time"": ""7:20""}, {""city"": ""317.00"", ""landmark"": ""Corporation&nbsp;:"", ""time"": ""VILLUPURAM""}, {""city"": ""&nbsp;"", ""landmark"": ""Adult&nbsp;Fare&nbsp;**"", ""time"": ""274""}, {""city"": ""City"", ""landmark"": ""Land&nbsp;Mark&nbsp;"", ""time"": ""Dep.&nbsp;Time&nbsp;""}, {""city"": ""SALEM"", ""landmark"": ""SALEM"", ""time"": ""22:50""}, {""city"": ""CHENNAI-KILAMBAKKAM-KCBT"", ""landmark"": ""CHENNAI KALAIGNAR CBT"", ""time"": ""06:10""}]",2026-01-13T18:16:06.601076
2255SALKCBVV05L,,SETC,SALEM,CHENNAI,,,7.10Hrs,45 Seats Available,Standard,Rs 274,16/01/2026,"[{""city"": ""&nbsp;"", ""landmark"": """", ""time"": ""Service&nbsp;Details""}, {""city"": ""2255SALKCBVV05L"", ""landmark"": ""Route&nbsp;No.&nbsp;:"", ""time"": ""281S""}, {""city"": ""SALEM"", ""landmark"": ""To&nbsp;Place&nbsp;:"", ""time"": ""CHENNAI-KILAMBAKKAM-KCBT""}, {""city"": ""16/01/2026"", ""landmark"": ""Journey&nbsp;Hours&nbsp;*:"", ""time"": ""7:10""}, {""city"": ""323.00"", ""landmark"": ""Corporation&nbsp;:"", ""time"": ""VILLUPURAM""}, {""city"": ""&nbsp;"", ""landmark"": ""Adult&nbsp;Fare&nbsp;**"", ""time"": ""274""}, {""city"": ""City"", ""landmark"": ""Land&nbsp;Mark&nbsp;"", ""time"": ""Dep.&nbsp;Time&nbsp;""}, {""city"": ""SALEM"", ""landmark"": ""SALEM"", ""time"": ""22:55""}, {""city"": ""CHENNAI-KILAMBAKKAM-KCBT"", ""landmark"": ""CHENNAI KALAIGNAR CBT"", ""time"": ""06:05""}]",2026-01-13T18:16:06.601076
2255SALKCBVV05L,,SETC,SALEM,CHENNAI,,,7.10Hrs,45 Seats Available,Standard,Rs 274,16/01/2026,"[{""city"": ""&nbsp;"", ""landmark"": """", ""time"": ""Service&nbsp;Details""}, {""city"": ""2255SALKCBVV05L"", ""landmark"": ""Route&nbsp;No.&nbsp;:"", ""time"": ""281S""}, {""city"": ""SALEM"", ""landmark"": ""To&nbsp;Place&nbsp;:"", ""time"": ""CHENNAI-KILAMBAKKAM-KCBT""}, {""city"": ""16/01/2026"", ""landmark"": ""Journey&nbsp;Hours&nbsp;*:"", ""time"": ""7:10""}, {""city"": ""323.00"", ""landmark"": ""Corporation&nbsp;:"", ""time"": ""VILLUPURAM""}, {""city"": ""&nbsp;"", ""landmark"": ""Adult&nbsp;Fare&nbsp;**"", ""time"": ""274""}, {""city"": ""City"", ""landmark"": ""Land&nbsp;Mark&nbsp;"", ""time"": ""Dep.&nbsp;Time&nbsp;""}, {""city"": ""SALEM"", ""landmark"": ""SALEM"", ""time"": ""22:55""}, {""city"": ""CHENNAI-KILAMBAKKAM-KCBT"", ""landmark"": ""CHENNAI KALAIGNAR CBT"", ""time"": ""06:05""}]",2026-01-13T18:16:06.601076
2300SALKCBAC,,SETC,SALEM,CHENNAI,,,7.30Hrs,33 Seats Available,Standard,Rs 410,16/01/2026,"[{""city"": ""&nbsp;"", ""landmark"": """", ""time"": ""Service&nbsp;Details""}, {""city"": ""2300SALKCBAC"", ""landmark"": ""Route&nbsp;No.&nbsp;:"", ""time"": ""422AC""}, {""city"": ""SALEM"", ""landmark"": ""To&nbsp;Place&nbsp;:"", ""time"": ""CHENNAI-KILAMBAKKAM-KCBT""}, {""city"": ""16/01/2026"", ""landmark"": ""Journey&nbsp;Hours&nbsp;*:"", ""time"": ""7:30""}, {""city"": ""317.00"", ""landmark"": ""Corporation&nbsp;:"", ""time"": ""SETC""}, {""city"": ""&nbsp;"", ""landmark"": ""Adult&nbsp;Fare&nbsp;**"", ""time"": ""410""}, {""city"": ""City"", ""landmark"": ""Land&nbsp;Mark&nbsp;"", ""time"": ""Dep.&nbsp;Time&nbsp;""}, {""city"": ""SALEM"", ""landmark"": ""SALEM"", ""time"": ""23:00""}, {""city"": ""CHENNAI-KILAMBAKKAM-KCBT"", ""landmark"": ""CHENNAI KALAIGNAR CBT"", ""time"": ""05:30""}]",2026-01-13T18:16:06.601076
2300SALKCBAC,,SETC,SALEM,CHENNAI,,,7.30Hrs,33 Seats Available,Standard,Rs 410,16/01/2026,"[{""city"": ""&nbsp;"", ""landmark"": """", ""time"": ""Service&nbsp;Details""}, {""city"": ""2300SALKCBAC"", ""landmark"": ""Route&nbsp;No.&nbsp;:"", ""time"": ""422AC""}, {""city"": ""SALEM"", ""landmark"": ""To&nbsp;Place&nbsp;:"", ""time"": ""CHENNAI-KILAMBAKKAM-KCBT""}, {""city"": ""16/01/2026"", ""landmark"": ""Journey&nbsp;Hours&nbsp;*:"", ""time"": ""7:30""}, {""city"": ""317.00"", ""landmark"": ""Corporation&nbsp;:"", ""time"": ""SETC""}, {""city"": ""&nbsp;"", ""landmark"": ""Adult&nbsp;Fare&nbsp;**"", ""time"": ""410""}, {""city"": ""City"", ""landmark"": ""Land&nbsp;Mark&nbsp;"", ""time"": ""Dep.&nbsp;Time&nbsp;""}, {""city"": ""SALEM"", ""landmark"": ""SALEM"", ""time"": ""23:00""}, {""city"": ""CHENNAI-KILAMBAKKAM-KCBT"", ""landmark"": ""CHENNAI KALAIGNAR CBT"", ""time"": ""05:30""}]",2026-01-13T18:16:06.601076
2300SALKCBVV01L,,SETC,SALEM,CHENNAI,,,7.20Hrs,45 Seats Available,Standard,Rs 274,16/01/2026,"[{""city"": ""&nbsp;"", ""landmark"": """", ""time"": ""Service&nbsp;Details""}, {""city"": ""2300SALKCBVV01L"", ""landmark"": ""Route&nbsp;No.&nbsp;:"", ""time"": ""281AK""}, {""city"": ""SALEM"", ""landmark"": ""To&nbsp;Place&nbsp;:"", ""time"": ""CHENNAI-KILAMBAKKAM-KCBT""}, {""city"": ""16/01/2026"", ""landmark"": ""Journey&nbsp;Hours&nbsp;*:"", ""time"": ""7:20""}, {""city"": ""317.00"", ""landmark"": ""Corporation&nbsp;:"", ""time"": ""VILLUPURAM""}, {""city"": ""&nbsp;"", ""landmark"": ""Adult&nbsp;Fare&nbsp;**"", ""time"": ""274""}, {""city"": ""City"", ""landmark"": ""Land&nbsp;Mark&nbsp;"", ""time"": ""Dep.&nbsp;Time&nbsp;""}, {""city"": ""SALEM"", ""landmark"": ""SALEM"", ""time"": ""23:00""}, {""city"": ""CHENNAI-KILAMBAKKAM-KCBT"", ""landmark"": ""CHENNAI KALAIGNAR CBT"", ""time"": ""06:20""}]",2026-01-13T18:16:06.601076
2300SALKCBVV01L,,SETC,SALEM,CHENNAI,,,7.20Hrs,45 Seats Available,Standard,Rs 274,16/01/2026,"[{""city"": ""&nbsp;"", ""landmark"": """", ""time"": ""Service&nbsp;Details""}, {""city"": ""2300SALKCBVV01L"", ""landmark"": ""Route&nbsp;No.&nbsp;:"", ""time"": ""281AK""}, {""city"": ""SALEM"", ""landmark"": ""To&nbsp;Place&nbsp;:"", ""time"": ""CHENNAI-KILAMBAKKAM-KCBT""}, {""city"": ""16/01/2026"", ""landmark"": ""Journey&nbsp;Hours&nbsp;*:"", ""time"": ""7:20""}, {""city"": ""317.00"", ""landmark"": ""Corporation&nbsp;:"", ""time"": ""VILLUPURAM""}, {""city"": ""&nbsp;"", ""landmark"": ""Adult&nbsp;Fare&nbsp;**"", ""time"": ""274""}, {""city"": ""City"", ""landmark"": ""Land&nbsp;Mark&nbsp;"", ""time"": ""Dep.&nbsp;Time&nbsp;""}, {""city"": ""SALEM"", ""landmark"": ""SALEM"", ""time"": ""23:00""}, {""city"": ""CHENNAI-KILAMBAKKAM-KCBT"", ""landmark"": ""CHENNAI KALAIGNAR CBT"", ""time"": ""06:20""}]",2026-01-13T18:16:06.601076
2315SALKCBAB,,SETC,SALEM,CHENNAI,,,7.30Hrs,34 Seats Available,Standard,Rs 410/631,16/01/2026,"[{""city"": ""&nbsp;"", ""landmark"": """", ""time"": ""Service&nbsp;Details""}, {""city"": ""2315SALKCBAB"", ""landmark"": ""Route&nbsp;No.&nbsp;:"", ""time"": ""422AB""}, {""city"": ""SALEM"", ""landmark"": ""To&nbsp;Place&nbsp;:"", ""time"": ""CHENNAI-KILAMBAKKAM-KCBT""}, {""city"": ""16/01/2026"", ""landmark"": ""Journey&nbsp;Hours&nbsp;*:"", ""time"": ""7:30""}, {""city"": ""317.00"", ""landmark"": ""Corporation&nbsp;:"", ""time"": ""SETC""}, {""city"": ""&nbsp;"", ""landmark"": ""Adult&nbsp;Fare&nbsp;**"", ""time"": ""410""}, {""city"": ""City"", ""landmark"": ""Land&nbsp;Mark&nbsp;"", ""time"": ""Dep.&nbsp;Time&nbsp;""}, {""city"": ""SALEM"", ""landmark"": ""SALEM"", ""time"": ""23:15""}, {""city"": ""SALEM"", ""landmark"": ""KONDALAMPATTI BYE PASS"", ""time"": ""23:25""}, {""city"": ""SALEM"", ""landmark"": ""SEELANAICKENPATTI BYE PASS"", ""time"": ""23:35""}, {""city"": ""SALEM"", ""landmark"": ""AYOTHIYAPATTINAM BYE PASS"", ""time"": ""23:45""}, {""city"": ""CHENNAI-KILAMBAKKAM-KCBT"", ""landmark"": ""CHENNAI KALAIGNAR CBT"", ""time"": ""05:15""}]",2026-01-13T18:16:06.601076
2315SALKCBAB,,SETC,SALEM,CHENNAI,,,7.30Hrs,34 Seats Available,Standard,Rs 410/631,16/01/2026,"[{""city"": ""&nbsp;"", ""landmark"": """", ""time"": ""Service&nbsp;Details""}, {""city"": ""2315SALKCBAB"", ""landmark"": ""Route&nbsp;No.&nbsp;:"", ""time"": ""422AB""}, {""city"": ""SALEM"", ""landmark"": ""To&nbsp;Place&nbsp;:"", ""time"": ""CHENNAI-KILAMBAKKAM-KCBT""}, {""city"": ""16/01/2026"", ""landmark"": ""Journey&nbsp;Hours&nbsp;*:"", ""time"": ""7:30""}, {""city"": ""317.00"", ""landmark"": ""Corporation&nbsp;:"", ""time"": ""SETC""}, {""city"": ""&nbsp;"", ""landmark"": ""Adult&nbsp;Fare&nbsp;**"", ""time"": ""410""}, {""city"": ""City"", ""landmark"": ""Land&nbsp;Mark&nbsp;"", ""time"": ""Dep.&nbsp;Time&nbsp;""}, {""city"": ""SALEM"", ""landmark"": ""SALEM"", ""time"": ""23:15""}, {""city"": ""SALEM"", ""landmark"": ""KONDALAMPATTI BYE PASS"", ""time"": ""23:25""}, {""city"": ""SALEM"", ""landmark"": ""SEELANAICKENPATTI BYE PASS"", ""time"": ""23:35""}, {""city"": ""SALEM"", ""landmark"": ""AYOTHIYAPATTINAM BYE PASS"", ""time"": ""23:45""}, {""city"": ""CHENNAI-KILAMBAKKAM-KCBT"", ""landmark"": ""CHENNAI KALAIGNAR CBT"", ""time"": ""05:15""}]",2026-01-13T18:16:06.601076
2320SALKCBVV05L,,SETC,SALEM,CHENNAI,,,7.10Hrs,45 Seats Available,Standard,Rs 274,16/01/2026,"[{""city"": ""&nbsp;"", ""landmark"": """", ""time"": ""Service&nbsp;Details""}, {""city"": ""2320SALKCBVV05L"", ""landmark"": ""Route&nbsp;No.&nbsp;:"", ""time"": ""281X""}, {""city"": ""SALEM"", ""landmark"": ""To&nbsp;Place&nbsp;:"", ""time"": ""CHENNAI-KILAMBAKKAM-KCBT""}, {""city"": ""16/01/2026"", ""landmark"": ""Journey&nbsp;Hours&nbsp;*:"", ""time"": ""7:10""}, {""city"": ""323.00"", ""landmark"": ""Corporation&nbsp;:"", ""time"": ""VILLUPURAM""}, {""city"": ""&nbsp;"", ""landmark"": ""Adult&nbsp;Fare&nbsp;**"", ""time"": ""274""}, {""city"": ""City"", ""landmark"": ""Land&nbsp;Mark&nbsp;"", ""time"": ""Dep.&nbsp;Time&nbsp;""}, {""city"": ""SALEM"", ""landmark"": ""SALEM"", ""time"": ""23:20""}, {""city"": ""CHENNAI-KILAMBAKKAM-KCBT"", ""landmark"": ""CHENNAI KALAIGNAR CBT"", ""time"": ""06:30""}]",2026-01-13T18:16:06.601076
2320SALKCBVV05L,,SETC,SALEM,CHENNAI,,,7.10Hrs,45 Seats Available,Standard,Rs 274,16/01/2026,"[{""city"": ""&nbsp;"", ""landmark"": """", ""time"": ""Service&nbsp;Details""}, {""city"": ""2320SALKCBVV05L"", ""landmark"": ""Route&nbsp;No.&nbsp;:"", ""time"": ""281X""}, {""city"": ""SALEM"", ""landmark"": ""To&nbsp;Place&nbsp;:"", ""time"": ""CHENNAI-KILAMBAKKAM-KCBT""}, {""city"": ""16/01/2026"", ""landmark"": ""Journey&nbsp;Hours&nbsp;*:"", ""time"": ""7:10""}, {""city"": ""323.00"", ""landmark"": ""Corporation&nbsp;:"", ""time"": ""VILLUPURAM""}, {""city"": ""&nbsp;"", ""landmark"": ""Adult&nbsp;Fare&nbsp;**"", ""time"": ""274""}, {""city"": ""City"", ""landmark"": ""Land&nbsp;Mark&nbsp;"", ""time"": ""Dep.&nbsp;Time&nbsp;""}, {""city"": ""SALEM"", ""landmark"": ""SALEM"", ""time"": ""23:20""}, {""city"": ""CHENNAI-KILAMBAKKAM-KCBT"", ""landmark"": ""CHENNAI KALAIGNAR CBT"", ""time"": ""06:30""}]",2026-01-13T18:16:06.601076
2330SALKCBVV05L,,SETC,SALEM,CHENNAI,,,7.10Hrs,39 Seats Available,Standard,Rs 274,16/01/2026,"[{""city"": ""&nbsp;"", ""landmark"": """", ""time"": ""Service&nbsp;Details""}, {""city"": ""2330SALKCBVV05L"", ""landmark"": ""Route&nbsp;No.&nbsp;:"", ""time"": ""281AQ""}, {""city"": ""SALEM"", ""landmark"": ""To&nbsp;Place&nbsp;:"", ""time"": ""CHENNAI-KILAMBAKKAM-KCBT""}, {""city"": ""16/01/2026"", ""landmark"": ""Journey&nbsp;Hours&nbsp;*:"", ""time"": ""7:10""}, {""city"": ""323.00"", ""landmark"": ""Corporation&nbsp;:"", ""time"": ""VILLUPURAM""}, {""city"": ""&nbsp;"", ""landmark"": ""Adult&nbsp;Fare&nbsp;**"", ""time"": ""274""}, {""city"": ""City"", ""landmark"": ""Land&nbsp;Mark&nbsp;"", ""time"": ""Dep.&nbsp;Time&nbsp;""}, {""city"": ""SALEM"", ""landmark"": ""SALEM"", ""time"": ""23:30""}, {""city"": ""CHENNAI-KILAMBAKKAM-KCBT"", ""landmark"": ""CHENNAI KALAIGNAR CBT"", ""time"": ""06:40""}]",2026-01-13T18:16:06.601076
2330SALKCBVV05L,,SETC,SALEM,CHENNAI,,,7.10Hrs,39 Seats Available,Standard,Rs 274,16/01/2026,"[{""city"": ""&nbsp;"", ""landmark"": """", ""time"": ""Service&nbsp;Details""}, {""city"": ""2330SALKCBVV05L"", ""landmark"": ""Route&nbsp;No.&nbsp;:"", ""time"": ""281AQ""}, {""city"": ""SALEM"", ""landmark"": ""To&nbsp;Place&nbsp;:"", ""time"": ""CHENNAI-KILAMBAKKAM-KCBT""}, {""city"": ""16/01/2026"", ""landmark"": ""Journey&nbsp;Hours&nbsp;*:"", ""time"": ""7:10""}, {""city"": ""323.00"", ""landmark"": ""Corporation&nbsp;:"", ""time"": ""VILLUPURAM""}, {""city"": ""&nbsp;"", ""landmark"": ""Adult&nbsp;Fare&nbsp;**"", ""time"": ""274""}, {""city"": ""City"", ""landmark"": ""Land&nbsp;Mark&nbsp;"", ""time"": ""Dep.&nbsp;Time&nbsp;""}, {""city"": ""SALEM"", ""landmark"": ""SALEM"", ""time"": ""23:30""}, {""city"": ""CHENNAI-KILAMBAKKAM-KCBT"", ""landmark"": ""CHENNAI KALAIGNAR CBT"", ""time"": ""06:40""}]",2026-01-13T18:16:06.601076
2340SALKCBDD02L,,SETC,SALEM,CHENNAI,,,7.00Hrs,45 Seats Available,Standard,Rs 274,16/01/2026,"[{""city"": ""&nbsp;"", ""landmark"": """", ""time"": ""Service&nbsp;Details""}, {""city"": ""2340SALKCBDD02L"", ""landmark"": ""Route&nbsp;No.&nbsp;:"", ""time"": ""575D""}, {""city"": ""SALEM"", ""landmark"": ""To&nbsp;Place&nbsp;:"", ""time"": ""CHENNAI-KILAMBAKKAM-KCBT""}, {""city"": ""16/01/2026"", ""landmark"": ""Journey&nbsp;Hours&nbsp;*:"", ""time"": ""7:00""}, {""city"": ""317.00"", ""landmark"": ""Corporation&nbsp;:"", ""time"": ""SALEM""}, {""city"": ""&nbsp;"", ""landmark"": ""Adult&nbsp;Fare&nbsp;**"", ""time"": ""274""}, {""city"": ""City"", ""landmark"": ""Land&nbsp;Mark&nbsp;"", ""time"": ""Dep.&nbsp;Time&nbsp;""}, {""city"": ""SALEM"", ""landmark"": ""SALEM"", ""time"": ""23:40""}, {""city"": ""CHENNAI-KILAMBAKKAM-KCBT"", ""landmark"": ""CHENNAI KALAIGNAR CBT"", ""time"": ""06:40""}]",2026-01-13T18:16:06.601076
2340SALKCBDD02L,,SETC,SALEM,CHENNAI,,,7.00Hrs,45 Seats Available,Standard,Rs 274,16/01/2026,"[{""city"": ""&nbsp;"", ""landmark"": """", ""time"": ""Service&nbsp;Details""}, {""city"": ""2340SALKCBDD02L"", ""landmark"": ""Route&nbsp;No.&nbsp;:"", ""time"": ""575D""}, {""city"": ""SALEM"", ""landmark"": ""To&nbsp;Place&nbsp;:"", ""time"": ""CHENNAI-KILAMBAKKAM-KCBT""}, {""city"": ""16/01/2026"", ""landmark"": ""Journey&nbsp;Hours&nbsp;*:"", ""time"": ""7:00""}, {""city"": ""317.00"", ""landmark"": ""Corporation&nbsp;:"", ""time"": ""SALEM""}, {""city"": ""&nbsp;"", ""landmark"": ""Adult&nbsp;Fare&nbsp;**"", ""time"": ""274""}, {""city"": ""City"", ""landmark"": ""Land&nbsp;Mark&nbsp;"", ""time"": ""Dep.&nbsp;Time&nbsp;""}, {""city"": ""SALEM"", ""landmark"": ""SALEM"", ""time"": ""23:40""}, {""city"": ""CHENNAI-KILAMBAKKAM-KCBT"", ""landmark"": ""CHENNAI KALAIGNAR CBT"", ""time"": ""06:40""}]",2026-01-13T18:16:06.601076
