service_code,route_number,corporation,origin,destination,departure_time,arrival_time,duration,available_seats,bus_type,fare,journey_date,stops_json,scraped_at
0030KCBSALVV01L,,SETC,CHENNAI,SALEM,,,7.00Hrs,45 Seats Available,Standard,Rs 274,16/01/2026,"[{""city"": ""&nbsp;"", ""landmark"": """", ""time"": ""Service&nbsp;Details""}, {""city"": ""0030KCBSALVV01L"", ""landmark"": ""Route&nbsp;No.&nbsp;:"", ""time"": ""281J""}, {""city"": ""CHENNAI-KILAMBAKKAM-KCBT"", ""landmark"": ""To&nbsp;Place&nbsp;:"", ""time"": ""SALEM""}, {""city"": ""16/01/2026"", ""landmark"": ""Journey&nbsp;Hours&nbsp;*:"", ""time"": ""7:00""}, {""city"": ""317.00"", ""landmark"": ""Corporation&nbsp;:"", ""time"": ""VILLUPURAM""}, {""city"": ""&nbsp;"", ""landmark"": ""Adult&nbsp;Fare&nbsp;**"", ""time"": ""274""}, {""city"": ""City"", ""landmark"": ""Land&nbsp;Mark&nbsp;"", ""time"": ""Dep.&nbsp;Time&nbsp;""}, {""city"": ""CHENNAI-KILAMBAKKAM-KCBT"", ""landmark"": ""CHENNAI KALAIGNAR CBT"", ""time"": ""00:30""}, {""city"": ""SALEM"", ""landmark"": ""SALEM"", ""time"": ""07:30""}]",2026-01-13T17:54:38.598742
0030KCBSALVV01L,,SETC,CHENNAI,SALEM,,,7.00Hrs,45 Seats Available,Standard,Rs 274,16/01/2026,"[{""city"": ""&nbsp;"", ""landmark"": """", ""time"": ""Service&nbsp;Details""}, {""city"": ""0030KCBSALVV01L"", ""landmark"": ""Route&nbsp;No.&nbsp;:"", ""time"": ""281J""}, {""city"": ""CHENNAI-KILAMBAKKAM-KCBT"", ""landmark"": ""To&nbsp;Place&nbsp;:"", ""time"": ""SALEM""}, {""city"": ""16/01/2026"", ""landmark"": ""Journey&nbsp;Hours&nbsp;*:"", ""time"": ""7:00""}, {""city"": ""317.00"", ""landmark"": ""Corporation&nbsp;:"", ""time"": ""VILLUPURAM""}, {""city"": ""&nbsp;"", ""landmark"": ""Adult&nbsp;Fare&nbsp;**"", ""time"": ""274""}, {""city"": ""City"", ""landmark"": ""Land&nbsp;Mark&nbsp;"", ""time"": ""Dep.&nbsp;Time&nbsp;""}, {""city"": ""CHENNAI-KILAMBAKKAM-KCBT"", ""landmark"": ""CHENNAI KALAIGNAR CBT"", ""time"": ""00:30""}, {""city"": ""SALEM"", ""landmark"": ""SALEM"", ""time"": ""07:30""}]",2026-01-13T17:54:38.598742
0050KCBSALDD02L,,SETC,CHENNAI,SALEM,,,7.00Hrs,45 Seats Available,Standard,Rs 274,16/01/2026,"[{""city"": ""&nbsp;"", ""landmark"": """", ""time"": ""Service&nbsp;Details""}, {""city"": ""0050KCBSALDD02L"", ""landmark"": ""Route&nbsp;No.&nbsp;:"", ""time"": ""175U""}, {""city"": ""CHENNAI-KILAMBAKKAM-KCBT"", ""landmark"": ""To&nbsp;Place&nbsp;:"", ""time"": ""SALEM""}, {""city"": ""16/01/2026"", ""landmark"": ""Journey&nbsp;Hours&nbsp;*:"", ""time"": ""7:00""}, {""city"": ""317.00"", ""landmark"": ""Corporation&nbsp;:"", ""time"": ""SALEM""}, {""city"": ""&nbsp;"", ""landmark"": ""Adult&nbsp;Fare&nbsp;**"", ""time"": ""274""}, {""city"": ""City"", ""landmark"": ""Land&nbsp;Mark&nbsp;"", ""time"": ""Dep.&nbsp;Time&nbsp;""}, {""city"": ""CHENNAI-KILAMBAKKAM-KCBT"", ""landmark"": ""CHENNAI KALAIGNAR CBT"", ""time"": ""00:50""}, {""city"": ""SALEM"", ""landmark"": ""SALEM"", ""time"": ""07:50""}]",2026-01-13T17:54:38.598742
0050KCBSALDD02L,,SETC,CHENNAI,SALEM,,,7.00Hrs,45 Seats Available,Standard,Rs 274,16/01/2026,"[{""city"": ""&nbsp;"", ""landmark"": """", ""time"": ""Service&nbsp;Details""}, {""city"": ""0050KCBSALDD02L"", ""landmark"": ""Route&nbsp;No.&nbsp;:"", ""time"": ""175U""}, {""city"": ""CHENNAI-KILAMBAKKAM-KCBT"", ""landmark"": ""To&nbsp;Place&nbsp;:"", ""time"": ""SALEM""}, {""city"": ""16/01/2026"", ""landmark"": ""Journey&nbsp;Hours&nbsp;*:"", ""time"": ""7:00""}, {""city"": ""317.00"", ""landmark"": ""Corporation&nbsp;:"", ""time"": ""SALEM""}, {""city"": ""&nbsp;"", ""landmark"": ""Adult&nbsp;Fare&nbsp;**"", ""time"": ""274""}, {""city"": ""City"", ""landmark"": ""Land&nbsp;Mark&nbsp;"", ""time"": ""Dep.&nbsp;Time&nbsp;""}, {""city"": ""CHENNAI-KILAMBAKKAM-KCBT"", ""landmark"": ""CHENNAI KALAIGNAR CBT"", ""time"": ""00:50""}, {""city"": ""SALEM"", ""landmark"": ""SALEM"", ""time"": ""07:50""}]",2026-01-13T17:54:38.598742
0130KCBSALDD02L,,SETC,CHENNAI,SALEM,,,7.00Hrs,45 Seats Available,Standard,Rs 274,16/01/2026,"[{""city"": ""&nbsp;"", ""landmark"": """", ""time"": ""Service&nbsp;Details""}, {""city"": ""0130KCBSALDD02L"", ""landmark"": ""Route&nbsp;No.&nbsp;:"", ""time"": ""975B""}, {""city"": ""CHENNAI-KILAMBAKKAM-KCBT"", ""landmark"": ""To&nbsp;Place&nbsp;:"", ""time"": ""SALEM""}, {""city"": ""16/01/2026"", ""landmark"": ""Journey&nbsp;Hours&nbsp;*:"", ""time"": ""7:00""}, {""city"": ""317.00"", ""landmark"": ""Corporation&nbsp;:"", ""time"": ""SALEM""}, {""city"": ""&nbsp;"", ""landmark"": ""Adult&nbsp;Fare&nbsp;**"", ""time"": ""274""}, {""city"": ""City"", ""landmark"": ""Land&nbsp;Mark&nbsp;"", ""time"": ""Dep.&nbsp;Time&nbsp;""}, {""city"": ""CHENNAI-KILAMBAKKAM-KCBT"", ""landmark"": ""CHENNAI KALAIGNAR CBT"", ""time"": ""01:30""}, {""city"": ""SALEM"", ""landmark"": ""SALEM"", ""time"": ""08:30""}]",2026-01-13T17:54:38.598742
0130KCBSALDD02L,,SETC,CHENNAI,SALEM,,,7.00Hrs,45 Seats Available,Standard,Rs 274,16/01/2026,"[{""city"": ""&nbsp;"", ""landmark"": """", ""time"": ""Service&nbsp;Details""}, {""city"": ""0130KCBSALDD02L"", ""landmark"": ""Route&nbsp;No.&nbsp;:"", ""time"": ""975B""}, {""city"": ""CHENNAI-KILAMBAKKAM-KCBT"", ""landmark"": ""To&nbsp;Place&nbsp;:"", ""time"": ""SALEM""}, {""city"": ""16/01/2026"", ""landmark"": ""Journey&nbsp;Hours&nbsp;*:"", ""time"": ""7:00""}, {""city"": ""317.00"", ""landmark"": ""Corporation&nbsp;:"", ""time"": ""SALEM""}, {""city"": ""&nbsp;"", ""landmark"": ""Adult&nbsp;Fare&nbsp;**"", ""time"": ""274""}, {""city"": ""City"", ""landmark"": ""Land&nbsp;Mark&nbsp;"", ""time"": ""Dep.&nbsp;Time&nbsp;""}, {""city"": ""CHENNAI-KILAMBAKKAM-KCBT"", ""landmark"": ""CHENNAI KALAIGNAR CBT"", ""time"": ""01:30""}, {""city"": ""SALEM"", ""landmark"": ""SALEM"", ""time"": ""08:30""}]",2026-01-13T17:54:38.598742
0450KCBSALVV01L,,SETC,CHENNAI,SALEM,,,7.00Hrs,45 Seats Available,Standard,Rs 274,16/01/2026,"[{""city"": ""&nbsp;"", ""landmark"": """", ""time"": ""Service&nbsp;Details""}, {""city"": ""0450KCBSALVV01L"", ""landmark"": ""Route&nbsp;No.&nbsp;:"", ""time"": ""281T""}, {""city"": ""CHENNAI-KILAMBAKKAM-KCBT"", ""landmark"": ""To&nbsp;Place&nbsp;:"", ""time"": ""SALEM""}, {""city"": ""16/01/2026"", ""landmark"": ""Journey&nbsp;Hours&nbsp;*:"", ""time"": ""7:00""}, {""city"": ""317.00"", ""landmark"": ""Corporation&nbsp;:"", ""time"": ""VILLUPURAM""}, {""city"": ""&nbsp;"", ""landmark"": ""Adult&nbsp;Fare&nbsp;**"", ""time"": ""274""}, {""city"": ""City"", ""landmark"": ""Land&nbsp;Mark&nbsp;"", ""time"": ""Dep.&nbsp;Time&nbsp;""}, {""city"": ""CHENNAI-KILAMBAKKAM-KCBT"", ""landmark"": ""CHENNAI KALAIGNAR CBT"", ""time"": ""04:50""}, {""city"": ""SALEM"", ""landmark"": ""SALEM"", ""time"": ""11:50""}]",2026-01-13T17:54:38.598742
0450KCBSALVV01L,,SETC,CHENNAI,SALEM,,,7.00Hrs,45 Seats Available,Standard,Rs 274,16/01/2026,"[{""city"": ""&nbsp;"", ""landmark"": """", ""time"": ""Service&nbsp;Details""}, {""city"": ""0450KCBSALVV01L"", ""landmark"": ""Route&nbsp;No.&nbsp;:"", ""time"": ""281T""}, {""city"": ""CHENNAI-KILAMBAKKAM-KCBT"", ""landmark"": ""To&nbsp;Place&nbsp;:"", ""time"": ""SALEM""}, {""city"": ""16/01/2026"", ""landmark"": ""Journey&nbsp;Hours&nbsp;*:"", ""time"": ""7:00""}, {""city"": ""317.00"", ""landmark"": ""Corporation&nbsp;:"", ""time"": ""VILLUPURAM""}, {""city"": ""&nbsp;"", ""landmark"": ""Adult&nbsp;Fare&nbsp;**"", ""time"": ""274""}, {""city"": ""City"", ""landmark"": ""Land&nbsp;Mark&nbsp;"", ""time"": ""Dep.&nbsp;Time&nbsp;""}, {""city"": ""CHENNAI-KILAMBAKKAM-KCBT"", ""landmark"": ""CHENNAI KALAIGNAR CBT"", ""time"": ""04:50""}, {""city"": ""SALEM"", ""landmark"": ""SALEM"", ""time"": ""11:50""}]",2026-01-13T17:54:38.598742
0500KCBSALNS,,SETC,CHENNAI,SALEM,,,6.00Hrs,35 Seats Available,Standard,Rs 318/492,16/01/2026,"[{""city"": ""&nbsp;"", ""landmark"": """", ""time"": ""Service&nbsp;Details""}, {""city"": ""0500KCBSALNS"", ""landmark"": ""Route&nbsp;No.&nbsp;:"", ""time"": ""422NS""}, {""city"": ""CHENNAI-KILAMBAKKAM-KCBT"", ""landmark"": ""To&nbsp;Place&nbsp;:"", ""time"": ""SALEM""}, {""city"": ""16/01/2026"", ""landmark"": ""Journey&nbsp;Hours&nbsp;*:"", ""time"": ""6:00""}, {""city"": ""317.00"", ""landmark"": ""Corporation&nbsp;:"", ""time"": ""SETC""}, {""city"": ""&nbsp;"", ""landmark"": ""Adult&nbsp;Fare&nbsp;**"", ""time"": ""318""}, {""city"": ""City"", ""landmark"": ""Land&nbsp;Mark&nbsp;"", ""time"": ""Dep.&nbsp;Time&nbsp;""}, {""city"": ""CHENNAI-KILAMBAKKAM-KCBT"", ""landmark"": ""CHENNAI KALAIGNAR CBT"", ""time"": ""05:00""}, {""city"": ""CHENNAI-KILAMBAKKAM-KCBT"", ""landmark"": ""GUDUVANCHERY"", ""time"": ""05:05""}, {""city"": ""CHENNAI-KILAMBAKKAM-KCBT"", ""landmark"": ""SRM UNIVERSITY"", ""time"": ""05:15""}, {""city"": ""CHENNAI-KILAMBAKKAM-KCBT"", ""landmark"": ""MARAIMALAI NAGAR BUSSTOP"", ""time"": ""05:25""}, {""city"": ""CHENNAI-KILAMBAKKAM-KCBT"", ""landmark"": ""MAHINDRA CITY"", ""time"": ""05:35""}, {""city"": ""CHENNAI-KILAMBAKKAM-KCBT"", ""landmark"": ""CHENGALPATTU TOLL"", ""time"": ""05:45""}, {""city"": ""CHENNAI-KILAMBAKKAM-KCBT"", ""landmark"": ""CHENGALPATTU BYPASS"", ""time"": ""05:55""}, {""city"": ""CHENNAI-KILAMBAKKAM-KCBT"", ""landmark"": ""MELMARUVATHUR BUS STOP"", ""time"": ""06:20""}, {""city"": ""CHENNAI-KILAMBAKKAM-KCBT"", ""landmark"": ""TINDIVANAM"", ""time"": ""06:45""}, {""city"": ""SALEM"", ""landmark"": ""SALEM"", ""time"": ""11:00""}]",2026-01-13T17:54:38.598742
0500KCBSALNS,,SETC,CHENNAI,SALEM,,,6.00Hrs,35 Seats Available,Standard,Rs 318/492,16/01/2026,"[{""city"": ""&nbsp;"", ""landmark"": """", ""time"": ""Service&nbsp;Details""}, {""city"": ""0500KCBSALNS"", ""landmark"": ""Route&nbsp;No.&nbsp;:"", ""time"": ""422NS""}, {""city"": ""CHENNAI-KILAMBAKKAM-KCBT"", ""landmark"": ""To&nbsp;Place&nbsp;:"", ""time"": ""SALEM""}, {""city"": ""16/01/2026"", ""landmark"": ""Journey&nbsp;Hours&nbsp;*:"", ""time"": ""6:00""}, {""city"": ""317.00"", ""landmark"": ""Corporation&nbsp;:"", ""time"": ""SETC""}, {""city"": ""&nbsp;"", ""landmark"": ""Adult&nbsp;Fare&nbsp;**"", ""time"": ""318""}, {""city"": ""City"", ""landmark"": ""Land&nbsp;Mark&nbsp;"", ""time"": ""Dep.&nbsp;Time&nbsp;""}, {""city"": ""CHENNAI-KILAMBAKKAM-KCBT"", ""landmark"": ""CHENNAI KALAIGNAR CBT"", ""time"": ""05:00""}, {""city"": ""CHENNAI-KILAMBAKKAM-KCBT"", ""landmark"": ""GUDUVANCHERY"", ""time"": ""05:05""}, {""city"": ""CHENNAI-KILAMBAKKAM-KCBT"", ""landmark"": ""SRM UNIVERSITY"", ""time"": ""05:15""}, {""city"": ""CHENNAI-KILAMBAKKAM-KCBT"", ""landmark"": ""MARAIMALAI NAGAR BUSSTOP"", ""time"": ""05:25""}, {""city"": ""CHENNAI-KILAMBAKKAM-KCBT"", ""landmark"": ""MAHINDRA CITY"", ""time"": ""05:35""}, {""city"": ""CHENNAI-KILAMBAKKAM-KCBT"", ""landmark"": ""CHENGALPATTU TOLL"", ""time"": ""05:45""}, {""city"": ""CHENNAI-KILAMBAKKAM-KCBT"", ""landmark"": ""CHENGALPATTU BYPASS"", ""time"": ""05:55""}, {""city"": ""CHENNAI-KILAMBAKKAM-KCBT"", ""landmark"": ""MELMARUVATHUR BUS STOP"", ""time"": ""06:20""}, {""city"": ""CHENNAI-KILAMBAKKAM-KCBT"", ""landmark"": ""TINDIVANAM"", ""time"": ""06:45""}, {""city"": ""SALEM"", ""landmark"": ""SALEM"", ""time"": ""11:00""}]",2026-01-13T17:54:38.598742
0500KCBSALDD02L,,SETC,CHENNAI,SALEM,,,7.00Hrs,45 Seats Available,Standard,Rs 274,16/01/2026,"[{""city"": ""&nbsp;"", ""landmark"": """", ""time"": ""Service&nbsp;Details""}, {""city"": ""0500KCBSALDD02L"", ""landmark"": ""Route&nbsp;No.&nbsp;:"", ""time"": ""175G""}, {""city"": ""CHENNAI-KILAMBAKKAM-KCBT"", ""landmark"": ""To&nbsp;Place&nbsp;:"", ""time"": ""SALEM""}, {""city"": ""16/01/2026"", ""landmark"": ""Journey&nbsp;Hours&nbsp;*:"", ""time"": ""7:00""}, {""city"": ""317.00"", ""landmark"": ""Corporation&nbsp;:"", ""time"": ""SALEM""}, {""city"": ""&nbsp;"", ""landmark"": ""Adult&nbsp;Fare&nbsp;**"", ""time"": ""274""}, {""city"": ""City"", ""landmark"": ""Land&nbsp;Mark&nbsp;"", ""time"": ""Dep.&nbsp;Time&nbsp;""}, {""city"": ""CHENNAI-KILAMBAKKAM-KCBT"", ""landmark"": ""CHENNAI KALAIGNAR CBT"", ""time"": ""05:00""}, {""city"": ""SALEM"", ""landmark"": ""SALEM"", ""time"": ""12:00""}]",2026-01-13T17:54:38.598742
0500KCBSALDD02L,,SETC,CHENNAI,SALEM,,,7.00Hrs,45 Seats Available,Standard,Rs 274,16/01/2026,"[{""city"": ""&nbsp;"", ""landmark"": """", ""time"": ""Service&nbsp;Details""}, {""city"": ""0500KCBSALDD02L"", ""landmark"": ""Route&nbsp;No.&nbsp;:"", ""time"": ""175G""}, {""city"": ""CHENNAI-KILAMBAKKAM-KCBT"", ""landmark"": ""To&nbsp;Place&nbsp;:"", ""time"": ""SALEM""}, {""city"": ""16/01/2026"", ""landmark"": ""Journey&nbsp;Hours&nbsp;*:"", ""time"": ""7:00""}, {""city"": ""317.00"", ""landmark"": ""Corporation&nbsp;:"", ""time"": ""SALEM""}, {""city"": ""&nbsp;"", ""landmark"": ""Adult&nbsp;Fare&nbsp;**"", ""time"": ""274""}, {""city"": ""City"", ""landmark"": ""Land&nbsp;Mark&nbsp;"", ""time"": ""Dep.&nbsp;Time&nbsp;""}, {""city"": ""CHENNAI-KILAMBAKKAM-KCBT"", ""landmark"": ""CHENNAI KALAIGNAR CBT"", ""time"": ""05:00""}, {""city"": ""SALEM"", ""landmark"": ""SALEM"", ""time"": ""12:00""}]",2026-01-13T17:54:38.598742
0520KCBSALDD02L,,SETC,CHENNAI,SALEM,,,7.00Hrs,45 Seats Available,Standard,Rs 274,16/01/2026,"[{""city"": ""&nbsp;"", ""landmark"": """", ""time"": ""Service&nbsp;Details""}, {""city"": ""0520KCBSALDD02L"", ""landmark"": ""Route&nbsp;No.&nbsp;:"", ""time"": ""875C""}, {""city"": ""CHENNAI-KILAMBAKKAM-KCBT"", ""landmark"": ""To&nbsp;Place&nbsp;:"", ""time"": ""SALEM""}, {""city"": ""16/01/2026"", ""landmark"": ""Journey&nbsp;Hours&nbsp;*:"", ""time"": ""7:00""}, {""city"": ""317.00"", ""landmark"": ""Corporation&nbsp;:"", ""time"": ""SALEM""}, {""city"": ""&nbsp;"", ""landmark"": ""Adult&nbsp;Fare&nbsp;**"", ""time"": ""274""}, {""city"": ""City"", ""landmark"": ""Land&nbsp;Mark&nbsp;"", ""time"": ""Dep.&nbsp;Time&nbsp;""}, {""city"": ""CHENNAI-KILAMBAKKAM-KCBT"", ""landmark"": ""CHENNAI KALAIGNAR CBT"", ""time"": ""05:20""}, {""city"": ""SALEM"", ""landmark"": ""SALEM"", ""time"": ""12:20""}]",2026-01-13T17:54:38.598742
0520KCBSALDD02L,,SETC,CHENNAI,SALEM,,,7.00Hrs,45 Seats Available,Standard,Rs 274,16/01/2026,"[{""city"": ""&nbsp;"", ""landmark"": """", ""time"": ""Service&nbsp;Details""}, {""city"": ""0520KCBSALDD02L"", ""landmark"": ""Route&nbsp;No.&nbsp;:"", ""time"": ""875C""}, {""city"": ""CHENNAI-KILAMBAKKAM-KCBT"", ""landmark"": ""To&nbsp;Place&nbsp;:"", ""time"": ""SALEM""}, {""city"": ""16/01/2026"", ""landmark"": ""Journey&nbsp;Hours&nbsp;*:"", ""time"": ""7:00""}, {""city"": ""317.00"", ""landmark"": ""Corporation&nbsp;:"", ""time"": ""SALEM""}, {""city"": ""&nbsp;"", ""landmark"": ""Adult&nbsp;Fare&nbsp;**"", ""time"": ""274""}, {""city"": ""City"", ""landmark"": ""Land&nbsp;Mark&nbsp;"", ""time"": ""Dep.&nbsp;Time&nbsp;""}, {""city"": ""CHENNAI-KILAMBAKKAM-KCBT"", ""landmark"": ""CHENNAI KALAIGNAR CBT"", ""time"": ""05:20""}, {""city"": ""SALEM"", ""landmark"": ""SALEM"", ""time"": ""12:20""}]",2026-01-13T17:54:38.598742
0540KCBSALDD02L,,SETC,CHENNAI,SALEM,,,7.00Hrs,45 Seats Available,Standard,Rs 274,16/01/2026,"[{""city"": ""&nbsp;"", ""landmark"": """", ""time"": ""Service&nbsp;Details""}, {""city"": ""0540KCBSALDD02L"", ""landmark"": ""Route&nbsp;No.&nbsp;:"", ""time"": ""875A""}, {""city"": ""CHENNAI-KILAMBAKKAM-KCBT"", ""landmark"": ""To&nbsp;Place&nbsp;:"", ""time"": ""SALEM""}, {""city"": ""16/01/2026"", ""landmark"": ""Journey&nbsp;Hours&nbsp;*:"", ""time"": ""7:00""}, {""city"": ""317.00"", ""landmark"": ""Corporation&nbsp;:"", ""time"": ""SALEM""}, {""city"": ""&nbsp;"", ""landmark"": ""Adult&nbsp;Fare&nbsp;**"", ""time"": ""274""}, {""city"": ""City"", ""landmark"": ""Land&nbsp;Mark&nbsp;"", ""time"": ""Dep.&nbsp;Time&nbsp;""}, {""city"": ""CHENNAI-KILAMBAKKAM-KCBT"", ""landmark"": ""CHENNAI KALAIGNAR CBT"", ""time"": ""05:40""}, {""city"": ""SALEM"", ""landmark"": ""SALEM"", ""time"": ""12:40""}]",2026-01-13T17:54:38.598742
0540KCBSALDD02L,,SETC,CHENNAI,SALEM,,,7.00Hrs,45 Seats Available,Standard,Rs 274,16/01/2026,"[{""city"": ""&nbsp;"", ""landmark"": """", ""time"": ""Service&nbsp;Details""}, {""city"": ""0540KCBSALDD02L"", ""landmark"": ""Route&nbsp;No.&nbsp;:"", ""time"": ""875A""}, {""city"": ""CHENNAI-KILAMBAKKAM-KCBT"", ""landmark"": ""To&nbsp;Place&nbsp;:"", ""time"": ""SALEM""}, {""city"": ""16/01/2026"", ""landmark"": ""Journey&nbsp;Hours&nbsp;*:"", ""time"": ""7:00""}, {""city"": ""317.00"", ""landmark"": ""Corporation&nbsp;:"", ""time"": ""SALEM""}, {""city"": ""&nbsp;"", ""landmark"": ""Adult&nbsp;Fare&nbsp;**"", ""time"": ""274""}, {""city"": ""City"", ""landmark"": ""Land&nbsp;Mark&nbsp;"", ""time"": ""Dep.&nbsp;Time&nbsp;""}, {""city"": ""CHENNAI-KILAMBAKKAM-KCBT"", ""landmark"": ""CHENNAI KALAIGNAR CBT"", ""time"": ""05:40""}, {""city"": ""SALEM"", ""landmark"": ""SALEM"", ""time"": ""12:40""}]",2026-01-13T17:54:38.598742
0600KCBSALAB,,SETC,CHENNAI,SALEM,,,6.00Hrs,35 Seats Available,Standard,Rs 410/631,16/01/2026,"[{""city"": ""&nbsp;"", ""landmark"": """", ""time"": ""Service&nbsp;Details""}, {""city"": ""0600KCBSALAB"", ""landmark"": ""Route&nbsp;No.&nbsp;:"", ""time"": ""422AB""}, {""city"": ""CHENNAI-KILAMBAKKAM-KCBT"", ""landmark"": ""To&nbsp;Place&nbsp;:"", ""time"": ""SALEM""}, {""city"": ""16/01/2026"", ""landmark"": ""Journey&nbsp;Hours&nbsp;*:"", ""time"": ""6:00""}, {""city"": ""317.00"", ""landmark"": ""Corporation&nbsp;:"", ""time"": ""SETC""}, {""city"": ""&nbsp;"", ""landmark"": ""Adult&nbsp;Fare&nbsp;**"", ""time"": ""410""}, {""city"": ""City"", ""landmark"": ""Land&nbsp;Mark&nbsp;"", ""time"": ""Dep.&nbsp;Time&nbsp;""}, {""city"": ""CHENNAI-KILAMBAKKAM-KCBT"", ""landmark"": ""CHENNAI KALAIGNAR CBT"", ""time"": ""06:00""}, {""city"": ""CHENNAI-KILAMBAKKAM-KCBT"", ""landmark"": ""GUDUVANCHERY"", ""time"": ""06:05""}, {""city"": ""CHENNAI-KILAMBAKKAM-KCBT"", ""landmark"": ""SRM UNIVERSITY"", ""time"": ""06:15""}, {""city"": ""CHENNAI-KILAMBAKKAM-KCBT"", ""landmark"": ""MARAIMALAI NAGAR BUSSTOP"", ""time"": ""06:25""}, {""city"": ""CHENNAI-KILAMBAKKAM-KCBT"", ""landmark"": ""MAHINDRA CITY"", ""time"": ""06:35""}, {""city"": ""CHENNAI-KILAMBAKKAM-KCBT"", ""landmark"": ""CHENGALPATTU TOLL"", ""time"": ""06:45""}, {""city"": ""CHENNAI-KILAMBAKKAM-KCBT"", ""landmark"": ""CHENGALPATTU BYPASS"", ""time"": ""06:55""}, {""city"": ""CHENNAI-KILAMBAKKAM-KCBT"", ""landmark"": ""MELMARUVATHUR BUS STOP"", ""time"": ""07:20""}, {""city"": ""CHENNAI-KILAMBAKKAM-KCBT"", ""landmark"": ""TINDIVANAM"", ""time"": ""07:45""}, {""city"": ""SALEM"", ""landmark"": ""SALEM"", ""time"": ""12:00""}]",2026-01-13T17:54:38.598742
0600KCBSALAB,,SETC,CHENNAI,SALEM,,,6.00Hrs,35 Seats Available,Standard,Rs 410/631,16/01/2026,"[{""city"": ""&nbsp;"", ""landmark"": """", ""time"": ""Service&nbsp;Details""}, {""city"": ""0600KCBSALAB"", ""landmark"": ""Route&nbsp;No.&nbsp;:"", ""time"": ""422AB""}, {""city"": ""CHENNAI-KILAMBAKKAM-KCBT"", ""landmark"": ""To&nbsp;Place&nbsp;:"", ""time"": ""SALEM""}, {""city"": ""16/01/2026"", ""landmark"": ""Journey&nbsp;Hours&nbsp;*:"", ""time"": ""6:00""}, {""city"": ""317.00"", ""landmark"": ""Corporation&nbsp;:"", ""time"": ""SETC""}, {""city"": ""&nbsp;"", ""landmark"": ""Adult&nbsp;Fare&nbsp;**"", ""time"": ""410""}, {""city"": ""City"", ""landmark"": ""Land&nbsp;Mark&nbsp;"", ""time"": ""Dep.&nbsp;Time&nbsp;""}, {""city"": ""CHENNAI-KILAMBAKKAM-KCBT"", ""landmark"": ""CHENNAI KALAIGNAR CBT"", ""time"": ""06:00""}, {""city"": ""CHENNAI-KILAMBAKKAM-KCBT"", ""landmark"": ""GUDUVANCHERY"", ""time"": ""06:05""}, {""city"": ""CHENNAI-KILAMBAKKAM-KCBT"", ""landmark"": ""SRM UNIVERSITY"", ""time"": ""06:15""}, {""city"": ""CHENNAI-KILAMBAKKAM-KCBT"", ""landmark"": ""MARAIMALAI NAGAR BUSSTOP"", ""time"": ""06:25""}, {""city"": ""CHENNAI-KILAMBAKKAM-KCBT"", ""landmark"": ""MAHINDRA CITY"", ""time"": ""06:35""}, {""city"": ""CHENNAI-KILAMBAKKAM-KCBT"", ""landmark"": ""CHENGALPATTU TOLL"", ""time"": ""06:45""}, {""city"": ""CHENNAI-KILAMBAKKAM-KCBT"", ""landmark"": ""CHENGALPATTU BYPASS"", ""time"": ""06:55""}, {""city"": ""CHENNAI-KILAMBAKKAM-KCBT"", ""landmark"": ""MELMARUVATHUR BUS STOP"", ""time"": ""07:20""}, {""city"": ""CHENNAI-KILAMBAKKAM-KCBT"", ""landmark"": ""TINDIVANAM"", ""time"": ""07:45""}, {""city"": ""SALEM"", ""landmark"": ""SALEM"", ""time"": ""12:00""}]",2026-01-13T17:54:38.598742
0645KCBSALNS,,SETC,CHENNAI,SALEM,,,6.00Hrs,31 Seats Available,Standard,Rs 318/492,16/01/2026,"[{""city"": ""&nbsp;"", ""landmark"": """", ""time"": ""Service&nbsp;Details""}, {""city"": ""0645KCBSALNS"", ""landmark"": ""Route&nbsp;No.&nbsp;:"", ""time"": ""422NS""}, {""city"": ""CHENNAI-KILAMBAKKAM-KCBT"", ""landmark"": ""To&nbsp;Place&nbsp;:"", ""time"": ""SALEM""}, {""city"": ""16/01/2026"", ""landmark"": ""Journey&nbsp;Hours&nbsp;*:"", ""time"": ""6:00""}, {""city"": ""317.00"", ""landmark"": ""Corporation&nbsp;:"", ""time"": ""SETC""}, {""city"": ""&nbsp;"", ""landmark"": ""Adult&nbsp;Fare&nbsp;**"", ""time"": ""318""}, {""city"": ""City"", ""landmark"": ""Land&nbsp;Mark&nbsp;"", ""time"": ""Dep.&nbsp;Time&nbsp;""}, {""city"": ""CHENNAI-KILAMBAKKAM-KCBT"", ""landmark"": ""CHENNAI KALAIGNAR CBT"", ""time"": ""06:45""}, {""city"": ""CHENNAI-KILAMBAKKAM-KCBT"", ""landmark"": ""GUDUVANCHERY"", ""time"": ""06:50""}, {""city"": ""CHENNAI-KILAMBAKKAM-KCBT"", ""landmark"": ""SRM UNIVERSITY"", ""time"": ""07:00""}, {""city"": ""CHENNAI-KILAMBAKKAM-KCBT"", ""landmark"": ""MARAIMALAI NAGAR BUSSTOP"", ""time"": ""07:10""}, {""city"": ""CHENNAI-KILAMBAKKAM-KCBT"", ""landmark"": ""MAHINDRA CITY"", ""time"": ""07:20""}, {""city"": ""CHENNAI-KILAMBAKKAM-KCBT"", ""landmark"": ""CHENGALPATTU TOLL"", ""time"": ""07:30""}, {""city"": ""CHENNAI-KILAMBAKKAM-KCBT"", ""landmark"": ""CHENGALPATTU BYPASS"", ""time"": ""07:40""}, {""city"": ""CHENNAI-KILAMBAKKAM-KCBT"", ""landmark"": ""MELMARUVATHUR BUS STOP"", ""time"": ""08:05""}, {""city"": ""CHENNAI-KILAMBAKKAM-KCBT"", ""landmark"": ""TINDIVANAM"", ""time"": ""08:30""}, {""city"": ""SALEM"", ""landmark"": ""SALEM"", ""time"": ""12:45""}]",2026-01-13T17:54:38.598742
0645KCBSALNS,,SETC,CHENNAI,SALEM,,,6.00Hrs,31 Seats Available,Standard,Rs 318/492,16/01/2026,"[{""city"": ""&nbsp;"", ""landmark"": """", ""time"": ""Service&nbsp;Details""}, {""city"": ""0645KCBSALNS"", ""landmark"": ""Route&nbsp;No.&nbsp;:"", ""time"": ""422NS""}, {""city"": ""CHENNAI-KILAMBAKKAM-KCBT"", ""landmark"": ""To&nbsp;Place&nbsp;:"", ""time"": ""SALEM""}, {""city"": ""16/01/2026"", ""landmark"": ""Journey&nbsp;Hours&nbsp;*:"", ""time"": ""6:00""}, {""city"": ""317.00"", ""landmark"": ""Corporation&nbsp;:"", ""time"": ""SETC""}, {""city"": ""&nbsp;"", ""landmark"": ""Adult&nbsp;Fare&nbsp;**"", ""time"": ""318""}, {""city"": ""City"", ""landmark"": ""Land&nbsp;Mark&nbsp;"", ""time"": ""Dep.&nbsp;Time&nbsp;""}, {""city"": ""CHENNAI-KILAMBAKKAM-KCBT"", ""landmark"": ""CHENNAI KALAIGNAR CBT"", ""time"": ""06:45""}, {""city"": ""CHENNAI-KILAMBAKKAM-KCBT"", ""landmark"": ""GUDUVANCHERY"", ""time"": ""06:50""}, {""city"": ""CHENNAI-KILAMBAKKAM-KCBT"", ""landmark"": ""SRM UNIVERSITY"", ""time"": ""07:00""}, {""city"": ""CHENNAI-KILAMBAKKAM-KCBT"", ""landmark"": ""MARAIMALAI NAGAR BUSSTOP"", ""time"": ""07:10""}, {""city"": ""CHENNAI-KILAMBAKKAM-KCBT"", ""landmark"": ""MAHINDRA CITY"", ""time"": ""07:20""}, {""city"": ""CHENNAI-KILAMBAKKAM-KCBT"", ""landmark"": ""CHENGALPATTU TOLL"", ""time"": ""07:30""}, {""city"": ""CHENNAI-KILAMBAKKAM-KCBT"", ""landmark"": ""CHENGALPATTU BYPASS"", ""time"": ""07:40""}, {""city"": ""CHENNAI-KILAMBAKKAM-KCBT"", ""landmark"": ""MELMARUVATHUR BUS STOP"", ""time"": ""08:05""}, {""city"": ""CHENNAI-KILAMBAKKAM-KCBT"", ""landmark"": ""TINDIVANAM"", ""time"": ""08:30""}, {""city"": ""SALEM"", ""landmark"": ""SALEM"", ""time"": ""12:45""}]",2026-01-13T17:54:38.598742
0645KCBSALVV01L,,SETC,CHENNAI,SALEM,,,7.18Hrs,45 Seats Available,Standard,Rs 274,16/01/2026,"[{""city"": ""&nbsp;"", ""landmark"": """", ""time"": ""Service&nbsp;Details""}, {""city"": ""0645KCBSALVV01L"", ""landmark"": ""Route&nbsp;No.&nbsp;:"", ""time"": ""281A""}, {""city"": ""CHENNAI-KILAMBAKKAM-KCBT"", ""landmark"": ""To&nbsp;Place&nbsp;:"", ""time"": ""SALEM""}, {""city"": ""16/01/2026"", ""landmark"": ""Journey&nbsp;Hours&nbsp;*:"", ""time"": ""7:18""}, {""city"": ""317.00"", ""landmark"": ""Corporation&nbsp;:"", ""time"": ""VILLUPURAM""}, {""city"": ""&nbsp;"", ""landmark"": ""Adult&nbsp;Fare&nbsp;**"", ""time"": ""274""}, {""city"": ""City"", ""landmark"": ""Land&nbsp;Mark&nbsp;"", ""time"": ""Dep.&nbsp;Time&nbsp;""}, {""city"": ""CHENNAI-KILAMBAKKAM-KCBT"", ""landmark"": ""CHENNAI KALAIGNAR CBT"", ""time"": ""06:45""}, {""city"": ""SALEM"", ""landmark"": ""SALEM"", ""time"": ""14:03""}]",2026-01-13T17:54:38.598742
0645KCBSALVV01L,,SETC,CHENNAI,SALEM,,,7.18Hrs,45 Seats Available,Standard,Rs 274,16/01/2026,"[{""city"": ""&nbsp;"", ""landmark"": """", ""time"": ""Service&nbsp;Details""}, {""city"": ""0645KCBSALVV01L"", ""landmark"": ""Route&nbsp;No.&nbsp;:"", ""time"": ""281A""}, {""city"": ""CHENNAI-KILAMBAKKAM-KCBT"", ""landmark"": ""To&nbsp;Place&nbsp;:"", ""time"": ""SALEM""}, {""city"": ""16/01/2026"", ""landmark"": ""Journey&nbsp;Hours&nbsp;*:"", ""time"": ""7:18""}, {""city"": ""317.00"", ""landmark"": ""Corporation&nbsp;:"", ""time"": ""VILLUPURAM""}, {""city"": ""&nbsp;"", ""landmark"": ""Adult&nbsp;Fare&nbsp;**"", ""time"": ""274""}, {""city"": ""City"", ""landmark"": ""Land&nbsp;Mark&nbsp;"", ""time"": ""Dep.&nbsp;Time&nbsp;""}, {""city"": ""CHENNAI-KILAMBAKKAM-KCBT"", ""landmark"": ""CHENNAI KALAIGNAR CBT"", ""time"": ""06:45""}, {""city"": ""SALEM"", ""landmark"": ""SALEM"", ""time"": ""14:03""}]",2026-01-13T17:54:38.598742
0700KCBSALVV01L,,SETC,CHENNAI,SALEM,,,7.18Hrs,45 Seats Available,Standard,Rs 274,16/01/2026,"[{""city"": ""&nbsp;"", ""landmark"": """", ""time"": ""Service&nbsp;Details""}, {""city"": ""0700KCBSALVV01L"", ""landmark"": ""Route&nbsp;No.&nbsp;:"", ""time"": ""281E""}, {""city"": ""CHENNAI-KILAMBAKKAM-KCBT"", ""landmark"": ""To&nbsp;Place&nbsp;:"", ""time"": ""SALEM""}, {""city"": ""16/01/2026"", ""landmark"": ""Journey&nbsp;Hours&nbsp;*:"", ""time"": ""7:18""}, {""city"": ""317.00"", ""landmark"": ""Corporation&nbsp;:"", ""time"": ""VILLUPURAM""}, {""city"": ""&nbsp;"", ""landmark"": ""Adult&nbsp;Fare&nbsp;**"", ""time"": ""274""}, {""city"": ""City"", ""landmark"": ""Land&nbsp;Mark&nbsp;"", ""time"": ""Dep.&nbsp;Time&nbsp;""}, {""city"": ""CHENNAI-KILAMBAKKAM-KCBT"", ""landmark"": ""CHENNAI KALAIGNAR CBT"", ""time"": ""07:00""}, {""city"": ""SALEM"", ""landmark"": ""SALEM"", ""time"": ""14:18""}]",2026-01-13T17:54:38.598742
0700KCBSALVV01L,,SETC,CHENNAI,SALEM,,,7.18Hrs,45 Seats Available,Standard,Rs 274,16/01/2026,"[{""city"": ""&nbsp;"", ""landmark"": """", ""time"": ""Service&nbsp;Details""}, {""city"": ""0700KCBSALVV01L"", ""landmark"": ""Route&nbsp;No.&nbsp;:"", ""time"": ""281E""}, {""city"": ""CHENNAI-KILAMBAKKAM-KCBT"", ""landmark"": ""To&nbsp;Place&nbsp;:"", ""time"": ""SALEM""}, {""city"": ""16/01/2026"", ""landmark"": ""Journey&nbsp;Hours&nbsp;*:"", ""time"": ""7:18""}, {""city"": ""317.00"", ""landmark"": ""Corporation&nbsp;:"", ""time"": ""VILLUPURAM""}, {""city"": ""&nbsp;"", ""landmark"": ""Adult&nbsp;Fare&nbsp;**"", ""time"": ""274""}, {""city"": ""City"", ""landmark"": ""Land&nbsp;Mark&nbsp;"", ""time"": ""Dep.&nbsp;Time&nbsp;""}, {""city"": ""CHENNAI-KILAMBAKKAM-KCBT"", ""landmark"": ""CHENNAI KALAIGNAR CBT"", ""time"": ""07:00""}, {""city"": ""SALEM"", ""landmark"": ""SALEM"", ""time"": ""14:18""}]",2026-01-13T17:54:38.598742
0715KCBSALVV01L,,SETC,CHENNAI,SALEM,,,7.18Hrs,45 Seats Available,Standard,Rs 274,16/01/2026,"[{""city"": ""&nbsp;"", ""landmark"": """", ""time"": ""Service&nbsp;Details""}, {""city"": ""0715KCBSALVV01L"", ""landmark"": ""Route&nbsp;No.&nbsp;:"", ""time"": ""281K""}, {""city"": ""CHENNAI-KILAMBAKKAM-KCBT"", ""landmark"": ""To&nbsp;Place&nbsp;:"", ""time"": ""SALEM""}, {""city"": ""16/01/2026"", ""landmark"": ""Journey&nbsp;Hours&nbsp;*:"", ""time"": ""7:18""}, {""city"": ""317.00"", ""landmark"": ""Corporation&nbsp;:"", ""time"": ""VILLUPURAM""}, {""city"": ""&nbsp;"", ""landmark"": ""Adult&nbsp;Fare&nbsp;**"", ""time"": ""274""}, {""city"": ""City"", ""landmark"": ""Land&nbsp;Mark&nbsp;"", ""time"": ""Dep.&nbsp;Time&nbsp;""}, {""city"": ""CHENNAI-KILAMBAKKAM-KCBT"", ""landmark"": ""CHENNAI KALAIGNAR CBT"", ""time"": ""07:15""}, {""city"": ""SALEM"", ""landmark"": ""SALEM"", ""time"": ""14:33""}]",2026-01-13T17:54:38.598742
0715KCBSALVV01L,,SETC,CHENNAI,SALEM,,,7.18Hrs,45 Seats Available,Standard,Rs 274,16/01/2026,"[{""city"": ""&nbsp;"", ""landmark"": """", ""time"": ""Service&nbsp;Details""}, {""city"": ""0715KCBSALVV01L"", ""landmark"": ""Route&nbsp;No.&nbsp;:"", ""time"": ""281K""}, {""city"": ""CHENNAI-KILAMBAKKAM-KCBT"", ""landmark"": ""To&nbsp;Place&nbsp;:"", ""time"": ""SALEM""}, {""city"": ""16/01/2026"", ""landmark"": ""Journey&nbsp;Hours&nbsp;*:"", ""time"": ""7:18""}, {""city"": ""317.00"", ""landmark"": ""Corporation&nbsp;:"", ""time"": ""VILLUPURAM""}, {""city"": ""&nbsp;"", ""landmark"": ""Adult&nbsp;Fare&nbsp;**"", ""time"": ""274""}, {""city"": ""City"", ""landmark"": ""Land&nbsp;Mark&nbsp;"", ""time"": ""Dep.&nbsp;Time&nbsp;""}, {""city"": ""CHENNAI-KILAMBAKKAM-KCBT"", ""landmark"": ""CHENNAI KALAIGNAR CBT"", ""time"": ""07:15""}, {""city"": ""SALEM"", ""landmark"": ""SALEM"", ""time"": ""14:33""}]",2026-01-13T17:54:38.598742
0730KCBSALVV01L,,SETC,CHENNAI,SALEM,,,7.18Hrs,45 Seats Available,Standard,Rs 274,16/01/2026,"[{""city"": ""&nbsp;"", ""landmark"": """", ""time"": ""Service&nbsp;Details""}, {""city"": ""0730KCBSALVV01L"", ""landmark"": ""Route&nbsp;No.&nbsp;:"", ""time"": ""281B""}, {""city"": ""CHENNAI-KILAMBAKKAM-KCBT"", ""landmark"": ""To&nbsp;Place&nbsp;:"", ""time"": ""SALEM""}, {""city"": ""16/01/2026"", ""landmark"": ""Journey&nbsp;Hours&nbsp;*:"", ""time"": ""7:18""}, {""city"": ""317.00"", ""landmark"": ""Corporation&nbsp;:"", ""time"": ""VILLUPURAM""}, {""city"": ""&nbsp;"", ""landmark"": ""Adult&nbsp;Fare&nbsp;**"", ""time"": ""274""}, {""city"": ""City"", ""landmark"": ""Land&nbsp;Mark&nbsp;"", ""time"": ""Dep.&nbsp;Time&nbsp;""}, {""city"": ""CHENNAI-KILAMBAKKAM-KCBT"", ""landmark"": ""CHENNAI KALAIGNAR CBT"", ""time"": ""07:30""}, {""city"": ""SALEM"", ""landmark"": ""SALEM"", ""time"": ""14:48""}]",2026-01-13T17:54:38.598742
0730KCBSALVV01L,,SETC,CHENNAI,SALEM,,,7.18Hrs,45 Seats Available,Standard,Rs 274,16/01/2026,"[{""city"": ""&nbsp;"", ""landmark"": """", ""time"": ""Service&nbsp;Details""}, {""city"": ""0730KCBSALVV01L"", ""landmark"": ""Route&nbsp;No.&nbsp;:"", ""time"": ""281B""}, {""city"": ""CHENNAI-KILAMBAKKAM-KCBT"", ""landmark"": ""To&nbsp;Place&nbsp;:"", ""time"": ""SALEM""}, {""city"": ""16/01/2026"", ""landmark"": ""Journey&nbsp;Hours&nbsp;*:"", ""time"": ""7:18""}, {""city"": ""317.00"", ""landmark"": ""Corporation&nbsp;:"", ""time"": ""VILLUPURAM""}, {""city"": ""&nbsp;"", ""landmark"": ""Adult&nbsp;Fare&nbsp;**"", ""time"": ""274""}, {""city"": ""City"", ""landmark"": ""Land&nbsp;Mark&nbsp;"", ""time"": ""Dep.&nbsp;Time&nbsp;""}, {""city"": ""CHENNAI-KILAMBAKKAM-KCBT"", ""landmark"": ""CHENNAI KALAIGNAR CBT"", ""time"": ""07:30""}, {""city"": ""SALEM"", ""landmark"": ""SALEM"", ""time"": ""14:48""}]",2026-01-13T17:54:38.598742
0745KCBSALAB,,SETC,CHENNAI,SALEM,,,6.00Hrs,37 Seats Available,Standard,Rs 410/631,16/01/2026,"[{""city"": ""&nbsp;"", ""landmark"": """", ""time"": ""Service&nbsp;Details""}, {""city"": ""0745KCBSALAB"", ""landmark"": ""Route&nbsp;No.&nbsp;:"", ""time"": ""422AB""}, {""city"": ""CHENNAI-KILAMBAKKAM-KCBT"", ""landmark"": ""To&nbsp;Place&nbsp;:"", ""time"": ""SALEM""}, {""city"": ""16/01/2026"", ""landmark"": ""Journey&nbsp;Hours&nbsp;*:"", ""time"": ""6:00""}, {""city"": ""317.00"", ""landmark"": ""Corporation&nbsp;:"", ""time"": ""SETC""}, {""city"": ""&nbsp;"", ""landmark"": ""Adult&nbsp;Fare&nbsp;**"", ""time"": ""410""}, {""city"": ""City"", ""landmark"": ""Land&nbsp;Mark&nbsp;"", ""time"": ""Dep.&nbsp;Time&nbsp;""}, {""city"": ""CHENNAI-KILAMBAKKAM-KCBT"", ""landmark"": ""CHENNAI KALAIGNAR CBT"", ""time"": ""07:45""}, {""city"": ""CHENNAI-KILAMBAKKAM-KCBT"", ""landmark"": ""GUDUVANCHERY"", ""time"": ""07:50""}, {""city"": ""CHENNAI-KILAMBAKKAM-KCBT"", ""landmark"": ""SRM UNIVERSITY"", ""time"": ""08:00""}, {""city"": ""CHENNAI-KILAMBAKKAM-KCBT"", ""landmark"": ""MARAIMALAI NAGAR BUSSTOP"", ""time"": ""08:10""}, {""city"": ""CHENNAI-KILAMBAKKAM-KCBT"", ""landmark"": ""MAHINDRA CITY"", ""time"": ""08:20""}, {""city"": ""CHENNAI-KILAMBAKKAM-KCBT"", ""landmark"": ""CHENGALPATTU TOLL"", ""time"": ""08:30""}, {""city"": ""CHENNAI-KILAMBAKKAM-KCBT"", ""landmark"": ""CHENGALPATTU BYPASS"", ""time"": ""08:40""}, {""city"": ""CHENNAI-KILAMBAKKAM-KCBT"", ""landmark"": ""MELMARUVATHUR BUS STOP"", ""time"": ""09:05""}, {""city"": ""CHENNAI-KILAMBAKKAM-KCBT"", ""landmark"": ""TINDIVANAM"", ""time"": ""09:30""}, {""city"": ""SALEM"", ""landmark"": ""SALEM"", ""time"": ""13:45""}]",2026-01-13T17:54:38.598742
0745KCBSALAB,,SETC,CHENNAI,SALEM,,,6.00Hrs,37 Seats Available,Standard,Rs 410/631,16/01/2026,"[{""city"": ""&nbsp;"", ""landmark"": """", ""time"": ""Service&nbsp;Details""}, {""city"": ""0745KCBSALAB"", ""landmark"": ""Route&nbsp;No.&nbsp;:"", ""time"": ""422AB""}, {""city"": ""CHENNAI-KILAMBAKKAM-KCBT"", ""landmark"": ""To&nbsp;Place&nbsp;:"", ""time"": ""SALEM""}, {""city"": ""16/01/2026"", ""landmark"": ""Journey&nbsp;Hours&nbsp;*:"", ""time"": ""6:00""}, {""city"": ""317.00"", ""landmark"": ""Corporation&nbsp;:"", ""time"": ""SETC""}, {""city"": ""&nbsp;"", ""landmark"": ""Adult&nbsp;Fare&nbsp;**"", ""time"": ""410""}, {""city"": ""City"", ""landmark"": ""Land&nbsp;Mark&nbsp;"", ""time"": ""Dep.&nbsp;Time&nbsp;""}, {""city"": ""CHENNAI-KILAMBAKKAM-KCBT"", ""landmark"": ""CHENNAI KALAIGNAR CBT"", ""time"": ""07:45""}, {""city"": ""CHENNAI-KILAMBAKKAM-KCBT"", ""landmark"": ""GUDUVANCHERY"", ""time"": ""07:50""}, {""city"": ""CHENNAI-KILAMBAKKAM-KCBT"", ""landmark"": ""SRM UNIVERSITY"", ""time"": ""08:00""}, {""city"": ""CHENNAI-KILAMBAKKAM-KCBT"", ""landmark"": ""MARAIMALAI NAGAR BUSSTOP"", ""time"": ""08:10""}, {""city"": ""CHENNAI-KILAMBAKKAM-KCBT"", ""landmark"": ""MAHINDRA CITY"", ""time"": ""08:20""}, {""city"": ""CHENNAI-KILAMBAKKAM-KCBT"", ""landmark"": ""CHENGALPATTU TOLL"", ""time"": ""08:30""}, {""city"": ""CHENNAI-KILAMBAKKAM-KCBT"", ""landmark"": ""CHENGALPATTU BYPASS"", ""time"": ""08:40""}, {""city"": ""CHENNAI-KILAMBAKKAM-KCBT"", ""landmark"": ""MELMARUVATHUR BUS STOP"", ""time"": ""09:05""}, {""city"": ""CHENNAI-KILAMBAKKAM-KCBT"", ""landmark"": ""TINDIVANAM"", ""time"": ""09:30""}, {""city"": ""SALEM"", ""landmark"": ""SALEM"", ""time"": ""13:45""}]",2026-01-13T17:54:38.598742
0745KCBSALVV01L,,SETC,CHENNAI,SALEM,,,7.18Hrs,45 Seats Available,Standard,Rs 274,16/01/2026,"[{""city"": ""&nbsp;"", ""landmark"": """", ""time"": ""Service&nbsp;Details""}, {""city"": ""0745KCBSALVV01L"", ""landmark"": ""Route&nbsp;No.&nbsp;:"", ""time"": ""281E""}, {""city"": ""CHENNAI-KILAMBAKKAM-KCBT"", ""landmark"": ""To&nbsp;Place&nbsp;:"", ""time"": ""SALEM""}, {""city"": ""16/01/2026"", ""landmark"": ""Journey&nbsp;Hours&nbsp;*:"", ""time"": ""7:18""}, {""city"": ""317.00"", ""landmark"": ""Corporation&nbsp;:"", ""time"": ""VILLUPURAM""}, {""city"": ""&nbsp;"", ""landmark"": ""Adult&nbsp;Fare&nbsp;**"", ""time"": ""274""}, {""city"": ""City"", ""landmark"": ""Land&nbsp;Mark&nbsp;"", ""time"": ""Dep.&nbsp;Time&nbsp;""}, {""city"": ""CHENNAI-KILAMBAKKAM-KCBT"", ""landmark"": ""CHENNAI KALAIGNAR CBT"", ""time"": ""07:45""}, {""city"": ""SALEM"", ""landmark"": ""SALEM"", ""time"": ""15:03""}]",2026-01-13T17:54:38.598742
0745KCBSALVV01L,,SETC,CHENNAI,SALEM,,,7.18Hrs,45 Seats Available,Standard,Rs 274,16/01/2026,"[{""city"": ""&nbsp;"", ""landmark"": """", ""time"": ""Service&nbsp;Details""}, {""city"": ""0745KCBSALVV01L"", ""landmark"": ""Route&nbsp;No.&nbsp;:"", ""time"": ""281E""}, {""city"": ""CHENNAI-KILAMBAKKAM-KCBT"", ""landmark"": ""To&nbsp;Place&nbsp;:"", ""time"": ""SALEM""}, {""city"": ""16/01/2026"", ""landmark"": ""Journey&nbsp;Hours&nbsp;*:"", ""time"": ""7:18""}, {""city"": ""317.00"", ""landmark"": ""Corporation&nbsp;:"", ""time"": ""VILLUPURAM""}, {""city"": ""&nbsp;"", ""landmark"": ""Adult&nbsp;Fare&nbsp;**"", ""time"": ""274""}, {""city"": ""City"", ""landmark"": ""Land&nbsp;Mark&nbsp;"", ""time"": ""Dep.&nbsp;Time&nbsp;""}, {""city"": ""CHENNAI-KILAMBAKKAM-KCBT"", ""landmark"": ""CHENNAI KALAIGNAR CBT"", ""time"": ""07:45""}, {""city"": ""SALEM"", ""landmark"": ""SALEM"", ""time"": ""15:03""}]",2026-01-13T17:54:38.598742
0815KCBSALDD01L,,SETC,CHENNAI,SALEM,,,7.00Hrs,45 Seats Available,Standard,Rs 274,16/01/2026,"[{""city"": ""&nbsp;"", ""landmark"": """", ""time"": ""Service&nbsp;Details""}, {""city"": ""0815KCBSALDD01L"", ""landmark"": ""Route&nbsp;No.&nbsp;:"", ""time"": ""275B""}, {""city"": ""CHENNAI-KILAMBAKKAM-KCBT"", ""landmark"": ""To&nbsp;Place&nbsp;:"", ""time"": ""SALEM""}, {""city"": ""16/01/2026"", ""landmark"": ""Journey&nbsp;Hours&nbsp;*:"", ""time"": ""7:00""}, {""city"": ""317.00"", ""landmark"": ""Corporation&nbsp;:"", ""time"": ""SALEM""}, {""city"": ""&nbsp;"", ""landmark"": ""Adult&nbsp;Fare&nbsp;**"", ""time"": ""274""}, {""city"": ""City"", ""landmark"": ""Land&nbsp;Mark&nbsp;"", ""time"": ""Dep.&nbsp;Time&nbsp;""}, {""city"": ""CHENNAI-KILAMBAKKAM-KCBT"", ""landmark"": ""CHENNAI KALAIGNAR CBT"", ""time"": ""08:15""}, {""city"": ""SALEM"", ""landmark"": ""SALEM"", ""time"": ""15:15""}]",2026-01-13T17:54:38.598742
0815KCBSALDD01L,,SETC,CHENNAI,SALEM,,,7.00Hrs,45 Seats Available,Standard,Rs 274,16/01/2026,"[{""city"": ""&nbsp;"", ""landmark"": """", ""time"": ""Service&nbsp;Details""}, {""city"": ""0815KCBSALDD01L"", ""landmark"": ""Route&nbsp;No.&nbsp;:"", ""time"": ""275B""}, {""city"": ""CHENNAI-KILAMBAKKAM-KCBT"", ""landmark"": ""To&nbsp;Place&nbsp;:"", ""time"": ""SALEM""}, {""city"": ""16/01/2026"", ""landmark"": ""Journey&nbsp;Hours&nbsp;*:"", ""time"": ""7:00""}, {""city"": ""317.00"", ""landmark"": ""Corporation&nbsp;:"", ""time"": ""SALEM""}, {""city"": ""&nbsp;"", ""landmark"": ""Adult&nbsp;Fare&nbsp;**"", ""time"": ""274""}, {""city"": ""City"", ""landmark"": ""Land&nbsp;Mark&nbsp;"", ""time"": ""Dep.&nbsp;Time&nbsp;""}, {""city"": ""CHENNAI-KILAMBAKKAM-KCBT"", ""landmark"": ""CHENNAI KALAIGNAR CBT"", ""time"": ""08:15""}, {""city"": ""SALEM"", ""landmark"": ""SALEM"", ""time"": ""15:15""}]",2026-01-13T17:54:38.598742
0830KCBSAL,,SETC,CHENNAI,SALEM,,,7.30Hrs,33 Seats Available,Standard,Rs 318,16/01/2026,"[{""city"": ""&nbsp;"", ""landmark"": """", ""time"": ""Service&nbsp;Details""}, {""city"": ""0830KCBSAL"", ""landmark"": ""Route&nbsp;No.&nbsp;:"", ""time"": ""422UD""}, {""city"": ""CHENNAI-KILAMBAKKAM-KCBT"", ""landmark"": ""To&nbsp;Place&nbsp;:"", ""time"": ""SALEM""}, {""city"": ""16/01/2026"", ""landmark"": ""Journey&nbsp;Hours&nbsp;*:"", ""time"": ""7:30""}, {""city"": ""317.00"", ""landmark"": ""Corporation&nbsp;:"", ""time"": ""SETC""}, {""city"": ""&nbsp;"", ""landmark"": ""Adult&nbsp;Fare&nbsp;**"", ""time"": ""318""}, {""city"": ""City"", ""landmark"": ""Land&nbsp;Mark&nbsp;"", ""time"": ""Dep.&nbsp;Time&nbsp;""}, {""city"": ""CHENNAI-KILAMBAKKAM-KCBT"", ""landmark"": ""CHENNAI KALAIGNAR CBT"", ""time"": ""08:30""}, {""city"": ""CHENNAI-KILAMBAKKAM-KCBT"", ""landmark"": ""GUDUVANCHERY"", ""time"": ""08:35""}, {""city"": ""CHENNAI-KILAMBAKKAM-KCBT"", ""landmark"": ""SRM UNIVERSITY"", ""time"": ""08:45""}, {""city"": ""CHENNAI-KILAMBAKKAM-KCBT"", ""landmark"": ""MARAIMALAI NAGAR BUSSTOP"", ""time"": ""08:55""}, {""city"": ""CHENNAI-KILAMBAKKAM-KCBT"", ""landmark"": ""MAHINDRA CITY"", ""time"": ""09:05""}, {""city"": ""CHENNAI-KILAMBAKKAM-KCBT"", ""landmark"": ""CHENGALPATTU TOLL"", ""time"": ""09:15""}, {""city"": ""CHENNAI-KILAMBAKKAM-KCBT"", ""landmark"": ""CHENGALPATTU BYPASS"", ""time"": ""09:25""}, {""city"": ""CHENNAI-KILAMBAKKAM-KCBT"", ""landmark"": ""MELMARUVATHUR BUS STOP"", ""time"": ""09:50""}, {""city"": ""CHENNAI-KILAMBAKKAM-KCBT"", ""landmark"": ""TINDIVANAM"", ""time"": ""10:15""}, {""city"": ""VILLUPURAM"", ""landmark"": ""VILLUPURAM"", ""time"": ""11:30""}, {""city"": ""SALEM"", ""landmark"": ""SALEM"", ""time"": ""14:30""}]",2026-01-13T17:54:38.598742
0830KCBSAL,,SETC,CHENNAI,SALEM,,,7.30Hrs,33 Seats Available,Standard,Rs 318,16/01/2026,"[{""city"": ""&nbsp;"", ""landmark"": """", ""time"": ""Service&nbsp;Details""}, {""city"": ""0830KCBSAL"", ""landmark"": ""Route&nbsp;No.&nbsp;:"", ""time"": ""422UD""}, {""city"": ""CHENNAI-KILAMBAKKAM-KCBT"", ""landmark"": ""To&nbsp;Place&nbsp;:"", ""time"": ""SALEM""}, {""city"": ""16/01/2026"", ""landmark"": ""Journey&nbsp;Hours&nbsp;*:"", ""time"": ""7:30""}, {""city"": ""317.00"", ""landmark"": ""Corporation&nbsp;:"", ""time"": ""SETC""}, {""city"": ""&nbsp;"", ""landmark"": ""Adult&nbsp;Fare&nbsp;**"", ""time"": ""318""}, {""city"": ""City"", ""landmark"": ""Land&nbsp;Mark&nbsp;"", ""time"": ""Dep.&nbsp;Time&nbsp;""}, {""city"": ""CHENNAI-KILAMBAKKAM-KCBT"", ""landmark"": ""CHENNAI KALAIGNAR CBT"", ""time"": ""08:30""}, {""city"": ""CHENNAI-KILAMBAKKAM-KCBT"", ""landmark"": ""GUDUVANCHERY"", ""time"": ""08:35""}, {""city"": ""CHENNAI-KILAMBAKKAM-KCBT"", ""landmark"": ""SRM UNIVERSITY"", ""time"": ""08:45""}, {""city"": ""CHENNAI-KILAMBAKKAM-KCBT"", ""landmark"": ""MARAIMALAI NAGAR BUSSTOP"", ""time"": ""08:55""}, {""city"": ""CHENNAI-KILAMBAKKAM-KCBT"", ""landmark"": ""MAHINDRA CITY"", ""time"": ""09:05""}, {""city"": ""CHENNAI-KILAMBAKKAM-KCBT"", ""landmark"": ""CHENGALPATTU TOLL"", ""time"": ""09:15""}, {""city"": ""CHENNAI-KILAMBAKKAM-KCBT"", ""landmark"": ""CHENGALPATTU BYPASS"", ""time"": ""09:25""}, {""city"": ""CHENNAI-KILAMBAKKAM-KCBT"", ""landmark"": ""MELMARUVATHUR BUS STOP"", ""time"": ""09:50""}, {""city"": ""CHENNAI-KILAMBAKKAM-KCBT"", ""landmark"": ""TINDIVANAM"", ""time"": ""10:15""}, {""city"": ""VILLUPURAM"", ""landmark"": ""VILLUPURAM"", ""time"": ""11:30""}, {""city"": ""SALEM"", ""landmark"": ""SALEM"", ""time"": ""14:30""}]",2026-01-13T17:54:38.598742
0830KCBSALDD01L,,SETC,CHENNAI,SALEM,,,7.00Hrs,45 Seats Available,Standard,Rs 274,16/01/2026,"[{""city"": ""&nbsp;"", ""landmark"": """", ""time"": ""Service&nbsp;Details""}, {""city"": ""0830KCBSALDD01L"", ""landmark"": ""Route&nbsp;No.&nbsp;:"", ""time"": ""375B""}, {""city"": ""CHENNAI-KILAMBAKKAM-KCBT"", ""landmark"": ""To&nbsp;Place&nbsp;:"", ""time"": ""SALEM""}, {""city"": ""16/01/2026"", ""landmark"": ""Journey&nbsp;Hours&nbsp;*:"", ""time"": ""7:00""}, {""city"": ""317.00"", ""landmark"": ""Corporation&nbsp;:"", ""time"": ""SALEM""}, {""city"": ""&nbsp;"", ""landmark"": ""Adult&nbsp;Fare&nbsp;**"", ""time"": ""274""}, {""city"": ""City"", ""landmark"": ""Land&nbsp;Mark&nbsp;"", ""time"": ""Dep.&nbsp;Time&nbsp;""}, {""city"": ""CHENNAI-KILAMBAKKAM-KCBT"", ""landmark"": ""CHENNAI KALAIGNAR CBT"", ""time"": ""08:30""}, {""city"": ""SALEM"", ""landmark"": ""SALEM"", ""time"": ""15:30""}]",2026-01-13T17:54:38.598742
0830KCBSALDD01L,,SETC,CHENNAI,SALEM,,,7.00Hrs,45 Seats Available,Standard,Rs 274,16/01/2026,"[{""city"": ""&nbsp;"", ""landmark"": """", ""time"": ""Service&nbsp;Details""}, {""city"": ""0830KCBSALDD01L"", ""landmark"": ""Route&nbsp;No.&nbsp;:"", ""time"": ""375B""}, {""city"": ""CHENNAI-KILAMBAKKAM-KCBT"", ""landmark"": ""To&nbsp;Place&nbsp;:"", ""time"": ""SALEM""}, {""city"": ""16/01/2026"", ""landmark"": ""Journey&nbsp;Hours&nbsp;*:"", ""time"": ""7:00""}, {""city"": ""317.00"", ""landmark"": ""Corporation&nbsp;:"", ""time"": ""SALEM""}, {""city"": ""&nbsp;"", ""landmark"": ""Adult&nbsp;Fare&nbsp;**"", ""time"": ""274""}, {""city"": ""City"", ""landmark"": ""Land&nbsp;Mark&nbsp;"", ""time"": ""Dep.&nbsp;Time&nbsp;""}, {""city"": ""CHENNAI-KILAMBAKKAM-KCBT"", ""landmark"": ""CHENNAI KALAIGNAR CBT"", ""time"": ""08:30""}, {""city"": ""SALEM"", ""landmark"": ""SALEM"", ""time"": ""15:30""}]",2026-01-13T17:54:38.598742
0845KCBSALDD01L,,SETC,CHENNAI,SALEM,,,7.00Hrs,45 Seats Available,Standard,Rs 274,16/01/2026,"[{""city"": ""&nbsp;"", ""landmark"": """", ""time"": ""Service&nbsp;Details""}, {""city"": ""0845KCBSALDD01L"", ""landmark"": ""Route&nbsp;No.&nbsp;:"", ""time"": ""775B""}, {""city"": ""CHENNAI-KILAMBAKKAM-KCBT"", ""landmark"": ""To&nbsp;Place&nbsp;:"", ""time"": ""SALEM""}, {""city"": ""16/01/2026"", ""landmark"": ""Journey&nbsp;Hours&nbsp;*:"", ""time"": ""7:00""}, {""city"": ""317.00"", ""landmark"": ""Corporation&nbsp;:"", ""time"": ""SALEM""}, {""city"": ""&nbsp;"", ""landmark"": ""Adult&nbsp;Fare&nbsp;**"", ""time"": ""274""}, {""city"": ""City"", ""landmark"": ""Land&nbsp;Mark&nbsp;"", ""time"": ""Dep.&nbsp;Time&nbsp;""}, {""city"": ""CHENNAI-KILAMBAKKAM-KCBT"", ""landmark"": ""CHENNAI KALAIGNAR CBT"", ""time"": ""08:45""}, {""city"": ""SALEM"", ""landmark"": ""SALEM"", ""time"": ""15:45""}]",2026-01-13T17:54:38.598742
0845KCBSALDD01L,,SETC,CHENNAI,SALEM,,,7.00Hrs,45 Seats Available,Standard,Rs 274,16/01/2026,"[{""city"": ""&nbsp;"", ""landmark"": """", ""time"": ""Service&nbsp;Details""}, {""city"": ""0845KCBSALDD01L"", ""landmark"": ""Route&nbsp;No.&nbsp;:"", ""time"": ""775B""}, {""city"": ""CHENNAI-KILAMBAKKAM-KCBT"", ""landmark"": ""To&nbsp;Place&nbsp;:"", ""time"": ""SALEM""}, {""city"": ""16/01/2026"", ""landmark"": ""Journey&nbsp;Hours&nbsp;*:"", ""time"": ""7:00""}, {""city"": ""317.00"", ""landmark"": ""Corporation&nbsp;:"", ""time"": ""SALEM""}, {""city"": ""&nbsp;"", ""landmark"": ""Adult&nbsp;Fare&nbsp;**"", ""time"": ""274""}, {""city"": ""City"", ""landmark"": ""Land&nbsp;Mark&nbsp;"", ""time"": ""Dep.&nbsp;Time&nbsp;""}, {""city"": ""CHENNAI-KILAMBAKKAM-KCBT"", ""landmark"": ""CHENNAI KALAIGNAR CBT"", ""time"": ""08:45""}, {""city"": ""SALEM"", ""landmark"": ""SALEM"", ""time"": ""15:45""}]",2026-01-13T17:54:38.598742
0915KCBSALDD01L,,SETC,CHENNAI,SALEM,,,7.00Hrs,45 Seats Available,Standard,Rs 274,16/01/2026,"[{""city"": ""&nbsp;"", ""landmark"": """", ""time"": ""Service&nbsp;Details""}, {""city"": ""0915KCBSALDD01L"", ""landmark"": ""Route&nbsp;No.&nbsp;:"", ""time"": ""475D""}, {""city"": ""CHENNAI-KILAMBAKKAM-KCBT"", ""landmark"": ""To&nbsp;Place&nbsp;:"", ""time"": ""SALEM""}, {""city"": ""16/01/2026"", ""landmark"": ""Journey&nbsp;Hours&nbsp;*:"", ""time"": ""7:00""}, {""city"": ""317.00"", ""landmark"": ""Corporation&nbsp;:"", ""time"": ""SALEM""}, {""city"": ""&nbsp;"", ""landmark"": ""Adult&nbsp;Fare&nbsp;**"", ""time"": ""274""}, {""city"": ""City"", ""landmark"": ""Land&nbsp;Mark&nbsp;"", ""time"": ""Dep.&nbsp;Time&nbsp;""}, {""city"": ""CHENNAI-KILAMBAKKAM-KCBT"", ""landmark"": ""CHENNAI KALAIGNAR CBT"", ""time"": ""09:15""}, {""city"": ""SALEM"", ""landmark"": ""SALEM"", ""time"": ""16:15""}]",2026-01-13T17:54:38.598742
0915KCBSALDD01L,,SETC,CHENNAI,SALEM,,,7.00Hrs,45 Seats Available,Standard,Rs 274,16/01/2026,"[{""city"": ""&nbsp;"", ""landmark"": """", ""time"": ""Service&nbsp;Details""}, {""city"": ""0915KCBSALDD01L"", ""landmark"": ""Route&nbsp;No.&nbsp;:"", ""time"": ""475D""}, {""city"": ""CHENNAI-KILAMBAKKAM-KCBT"", ""landmark"": ""To&nbsp;Place&nbsp;:"", ""time"": ""SALEM""}, {""city"": ""16/01/2026"", ""landmark"": ""Journey&nbsp;Hours&nbsp;*:"", ""time"": ""7:00""}, {""city"": ""317.00"", ""landmark"": ""Corporation&nbsp;:"", ""time"": ""SALEM""}, {""city"": ""&nbsp;"", ""landmark"": ""Adult&nbsp;Fare&nbsp;**"", ""time"": ""274""}, {""city"": ""City"", ""landmark"": ""Land&nbsp;Mark&nbsp;"", ""time"": ""Dep.&nbsp;Time&nbsp;""}, {""city"": ""CHENNAI-KILAMBAKKAM-KCBT"", ""landmark"": ""CHENNAI KALAIGNAR CBT"", ""time"": ""09:15""}, {""city"": ""SALEM"", ""landmark"": ""SALEM"", ""time"": ""16:15""}]",2026-01-13T17:54:38.598742
0930KCBSALNS,,SETC,CHENNAI,SALEM,,,6.00Hrs,37 Seats Available,Standard,Rs 318/492,16/01/2026,"[{""city"": ""&nbsp;"", ""landmark"": """", ""time"": ""Service&nbsp;Details""}, {""city"": ""0930KCBSALNS"", ""landmark"": ""Route&nbsp;No.&nbsp;:"", ""time"": ""422NS""}, {""city"": ""CHENNAI-KILAMBAKKAM-KCBT"", ""landmark"": ""To&nbsp;Place&nbsp;:"", ""time"": ""SALEM""}, {""city"": ""16/01/2026"", ""landmark"": ""Journey&nbsp;Hours&nbsp;*:"", ""time"": ""6:00""}, {""city"": ""317.00"", ""landmark"": ""Corporation&nbsp;:"", ""time"": ""SETC""}, {""city"": ""&nbsp;"", ""landmark"": ""Adult&nbsp;Fare&nbsp;**"", ""time"": ""318""}, {""city"": ""City"", ""landmark"": ""Land&nbsp;Mark&nbsp;"", ""time"": ""Dep.&nbsp;Time&nbsp;""}, {""city"": ""CHENNAI-KILAMBAKKAM-KCBT"", ""landmark"": ""CHENNAI KALAIGNAR CBT"", ""time"": ""09:30""}, {""city"": ""SALEM"", ""landmark"": ""SALEM"", ""time"": ""15:30""}]",2026-01-13T17:54:38.598742
0930KCBSALNS,,SETC,CHENNAI,SALEM,,,6.00Hrs,37 Seats Available,Standard,Rs 318/492,16/01/2026,"[{""city"": ""&nbsp;"", ""landmark"": """", ""time"": ""Service&nbsp;Details""}, {""city"": ""0930KCBSALNS"", ""landmark"": ""Route&nbsp;No.&nbsp;:"", ""time"": ""422NS""}, {""city"": ""CHENNAI-KILAMBAKKAM-KCBT"", ""landmark"": ""To&nbsp;Place&nbsp;:"", ""time"": ""SALEM""}, {""city"": ""16/01/2026"", ""landmark"": ""Journey&nbsp;Hours&nbsp;*:"", ""time"": ""6:00""}, {""city"": ""317.00"", ""landmark"": ""Corporation&nbsp;:"", ""time"": ""SETC""}, {""city"": ""&nbsp;"", ""landmark"": ""Adult&nbsp;Fare&nbsp;**"", ""time"": ""318""}, {""city"": ""City"", ""landmark"": ""Land&nbsp;Mark&nbsp;"", ""time"": ""Dep.&nbsp;Time&nbsp;""}, {""city"": ""CHENNAI-KILAMBAKKAM-KCBT"", ""landmark"": ""CHENNAI KALAIGNAR CBT"", ""time"": ""09:30""}, {""city"": ""SALEM"", ""landmark"": ""SALEM"", ""time"": ""15:30""}]",2026-01-13T17:54:38.598742
0945KCBSALDD01L,,SETC,CHENNAI,SALEM,,,7.00Hrs,45 Seats Available,Standard,Rs 274,16/01/2026,"[{""city"": ""&nbsp;"", ""landmark"": """", ""time"": ""Service&nbsp;Details""}, {""city"": ""0945KCBSALDD01L"", ""landmark"": ""Route&nbsp;No.&nbsp;:"", ""time"": ""175I""}, {""city"": ""CHENNAI-KILAMBAKKAM-KCBT"", ""landmark"": ""To&nbsp;Place&nbsp;:"", ""time"": ""SALEM""}, {""city"": ""16/01/2026"", ""landmark"": ""Journey&nbsp;Hours&nbsp;*:"", ""time"": ""7:00""}, {""city"": ""317.00"", ""landmark"": ""Corporation&nbsp;:"", ""time"": ""SALEM""}, {""city"": ""&nbsp;"", ""landmark"": ""Adult&nbsp;Fare&nbsp;**"", ""time"": ""274""}, {""city"": ""City"", ""landmark"": ""Land&nbsp;Mark&nbsp;"", ""time"": ""Dep.&nbsp;Time&nbsp;""}, {""city"": ""CHENNAI-KILAMBAKKAM-KCBT"", ""landmark"": ""CHENNAI KALAIGNAR CBT"", ""time"": ""09:45""}, {""city"": ""SALEM"", ""landmark"": ""SALEM"", ""time"": ""16:45""}]",2026-01-13T17:54:38.598742
0945KCBSALDD01L,,SETC,CHENNAI,SALEM,,,7.00Hrs,45 Seats Available,Standard,Rs 274,16/01/2026,"[{""city"": ""&nbsp;"", ""landmark"": """", ""time"": ""Service&nbsp;Details""}, {""city"": ""0945KCBSALDD01L"", ""landmark"": ""Route&nbsp;No.&nbsp;:"", ""time"": ""175I""}, {""city"": ""CHENNAI-KILAMBAKKAM-KCBT"", ""landmark"": ""To&nbsp;Place&nbsp;:"", ""time"": ""SALEM""}, {""city"": ""16/01/2026"", ""landmark"": ""Journey&nbsp;Hours&nbsp;*:"", ""time"": ""7:00""}, {""city"": ""317.00"", ""landmark"": ""Corporation&nbsp;:"", ""time"": ""SALEM""}, {""city"": ""&nbsp;"", ""landmark"": ""Adult&nbsp;Fare&nbsp;**"", ""time"": ""274""}, {""city"": ""City"", ""landmark"": ""Land&nbsp;Mark&nbsp;"", ""time"": ""Dep.&nbsp;Time&nbsp;""}, {""city"": ""CHENNAI-KILAMBAKKAM-KCBT"", ""landmark"": ""CHENNAI KALAIGNAR CBT"", ""time"": ""09:45""}, {""city"": ""SALEM"", ""landmark"": ""SALEM"", ""time"": ""16:45""}]",2026-01-13T17:54:38.598742
1000KCBSALDD01L,,SETC,CHENNAI,SALEM,,,7.00Hrs,45 Seats Available,Standard,Rs 274,16/01/2026,"[{""city"": ""&nbsp;"", ""landmark"": """", ""time"": ""Service&nbsp;Details""}, {""city"": ""1000KCBSALDD01L"", ""landmark"": ""Route&nbsp;No.&nbsp;:"", ""time"": ""175N""}, {""city"": ""CHENNAI-KILAMBAKKAM-KCBT"", ""landmark"": ""To&nbsp;Place&nbsp;:"", ""time"": ""SALEM""}, {""city"": ""16/01/2026"", ""landmark"": ""Journey&nbsp;Hours&nbsp;*:"", ""time"": ""7:00""}, {""city"": ""317.00"", ""landmark"": ""Corporation&nbsp;:"", ""time"": ""SALEM""}, {""city"": ""&nbsp;"", ""landmark"": ""Adult&nbsp;Fare&nbsp;**"", ""time"": ""274""}, {""city"": ""City"", ""landmark"": ""Land&nbsp;Mark&nbsp;"", ""time"": ""Dep.&nbsp;Time&nbsp;""}, {""city"": ""CHENNAI-KILAMBAKKAM-KCBT"", ""landmark"": ""CHENNAI KALAIGNAR CBT"", ""time"": ""10:00""}, {""city"": ""SALEM"", ""landmark"": ""SALEM"", ""time"": ""17:00""}]",2026-01-13T17:54:38.598742
1000KCBSALDD01L,,SETC,CHENNAI,SALEM,,,7.00Hrs,45 Seats Available,Standard,Rs 274,16/01/2026,"[{""city"": ""&nbsp;"", ""landmark"": """", ""time"": ""Service&nbsp;Details""}, {""city"": ""1000KCBSALDD01L"", ""landmark"": ""Route&nbsp;No.&nbsp;:"", ""time"": ""175N""}, {""city"": ""CHENNAI-KILAMBAKKAM-KCBT"", ""landmark"": ""To&nbsp;Place&nbsp;:"", ""time"": ""SALEM""}, {""city"": ""16/01/2026"", ""landmark"": ""Journey&nbsp;Hours&nbsp;*:"", ""time"": ""7:00""}, {""city"": ""317.00"", ""landmark"": ""Corporation&nbsp;:"", ""time"": ""SALEM""}, {""city"": ""&nbsp;"", ""landmark"": ""Adult&nbsp;Fare&nbsp;**"", ""time"": ""274""}, {""city"": ""City"", ""landmark"": ""Land&nbsp;Mark&nbsp;"", ""time"": ""Dep.&nbsp;Time&nbsp;""}, {""city"": ""CHENNAI-KILAMBAKKAM-KCBT"", ""landmark"": ""CHENNAI KALAIGNAR CBT"", ""time"": ""10:00""}, {""city"": ""SALEM"", ""landmark"": ""SALEM"", ""time"": ""17:00""}]",2026-01-13T17:54:38.598742
1010KCBSALDD01L,,SETC,CHENNAI,SALEM,,,7.00Hrs,45 Seats Available,Standard,Rs 274,16/01/2026,"[{""city"": ""&nbsp;"", ""landmark"": """", ""time"": ""Service&nbsp;Details""}, {""city"": ""1010KCBSALDD01L"", ""landmark"": ""Route&nbsp;No.&nbsp;:"", ""time"": ""175S""}, {""city"": ""CHENNAI-KILAMBAKKAM-KCBT"", ""landmark"": ""To&nbsp;Place&nbsp;:"", ""time"": ""SALEM""}, {""city"": ""16/01/2026"", ""landmark"": ""Journey&nbsp;Hours&nbsp;*:"", ""time"": ""7:00""}, {""city"": ""317.00"", ""landmark"": ""Corporation&nbsp;:"", ""time"": ""SALEM""}, {""city"": ""&nbsp;"", ""landmark"": ""Adult&nbsp;Fare&nbsp;**"", ""time"": ""274""}, {""city"": ""City"", ""landmark"": ""Land&nbsp;Mark&nbsp;"", ""time"": ""Dep.&nbsp;Time&nbsp;""}, {""city"": ""CHENNAI-KILAMBAKKAM-KCBT"", ""landmark"": ""CHENNAI KALAIGNAR CBT"", ""time"": ""10:10""}, {""city"": ""SALEM"", ""landmark"": ""SALEM"", ""time"": ""17:10""}]",2026-01-13T17:54:38.598742
1010KCBSALDD01L,,SETC,CHENNAI,SALEM,,,7.00Hrs,45 Seats Available,Standard,Rs 274,16/01/2026,"[{""city"": ""&nbsp;"", ""landmark"": """", ""time"": ""Service&nbsp;Details""}, {""city"": ""1010KCBSALDD01L"", ""landmark"": ""Route&nbsp;No.&nbsp;:"", ""time"": ""175S""}, {""city"": ""CHENNAI-KILAMBAKKAM-KCBT"", ""landmark"": ""To&nbsp;Place&nbsp;:"", ""time"": ""SALEM""}, {""city"": ""16/01/2026"", ""landmark"": ""Journey&nbsp;Hours&nbsp;*:"", ""time"": ""7:00""}, {""city"": ""317.00"", ""landmark"": ""Corporation&nbsp;:"", ""time"": ""SALEM""}, {""city"": ""&nbsp;"", ""landmark"": ""Adult&nbsp;Fare&nbsp;**"", ""time"": ""274""}, {""city"": ""City"", ""landmark"": ""Land&nbsp;Mark&nbsp;"", ""time"": ""Dep.&nbsp;Time&nbsp;""}, {""city"": ""CHENNAI-KILAMBAKKAM-KCBT"", ""landmark"": ""CHENNAI KALAIGNAR CBT"", ""time"": ""10:10""}, {""city"": ""SALEM"", ""landmark"": ""SALEM"", ""time"": ""17:10""}]",2026-01-13T17:54:38.598742
1015KCBSALAB,,SETC,CHENNAI,SALEM,,,6.00Hrs,37 Seats Available,Standard,Rs 410/631,16/01/2026,"[{""city"": ""&nbsp;"", ""landmark"": """", ""time"": ""Service&nbsp;Details""}, {""city"": ""1015KCBSALAB"", ""landmark"": ""Route&nbsp;No.&nbsp;:"", ""time"": ""422AB""}, {""city"": ""CHENNAI-KILAMBAKKAM-KCBT"", ""landmark"": ""To&nbsp;Place&nbsp;:"", ""time"": ""SALEM""}, {""city"": ""16/01/2026"", ""landmark"": ""Journey&nbsp;Hours&nbsp;*:"", ""time"": ""6:00""}, {""city"": ""317.00"", ""landmark"": ""Corporation&nbsp;:"", ""time"": ""SETC""}, {""city"": ""&nbsp;"", ""landmark"": ""Adult&nbsp;Fare&nbsp;**"", ""time"": ""410""}, {""city"": ""City"", ""landmark"": ""Land&nbsp;Mark&nbsp;"", ""time"": ""Dep.&nbsp;Time&nbsp;""}, {""city"": ""CHENNAI-KILAMBAKKAM-KCBT"", ""landmark"": ""CHENNAI KALAIGNAR CBT"", ""time"": ""10:15""}, {""city"": ""CHENNAI-KILAMBAKKAM-KCBT"", ""landmark"": ""GUDUVANCHERY"", ""time"": ""10:20""}, {""city"": ""CHENNAI-KILAMBAKKAM-KCBT"", ""landmark"": ""SRM UNIVERSITY"", ""time"": ""10:30""}, {""city"": ""CHENNAI-KILAMBAKKAM-KCBT"", ""landmark"": ""MARAIMALAI NAGAR BUSSTOP"", ""time"": ""10:40""}, {""city"": ""CHENNAI-KILAMBAKKAM-KCBT"", ""landmark"": ""MAHINDRA CITY"", ""time"": ""10:50""}, {""city"": ""CHENNAI-KILAMBAKKAM-KCBT"", ""landmark"": ""CHENGALPATTU TOLL"", ""time"": ""11:00""}, {""city"": ""CHENNAI-KILAMBAKKAM-KCBT"", ""landmark"": ""CHENGALPATTU BYPASS"", ""time"": ""11:10""}, {""city"": ""CHENNAI-KILAMBAKKAM-KCBT"", ""landmark"": ""MELMARUVATHUR BUS STOP"", ""time"": ""11:35""}, {""city"": ""CHENNAI-KILAMBAKKAM-KCBT"", ""landmark"": ""TINDIVANAM"", ""time"": ""12:00""}, {""city"": ""SALEM"", ""landmark"": ""SALEM"", ""time"": ""16:15""}]",2026-01-13T17:54:38.598742
1015KCBSALAB,,SETC,CHENNAI,SALEM,,,6.00Hrs,37 Seats Available,Standard,Rs 410/631,16/01/2026,"[{""city"": ""&nbsp;"", ""landmark"": """", ""time"": ""Service&nbsp;Details""}, {""city"": ""1015KCBSALAB"", ""landmark"": ""Route&nbsp;No.&nbsp;:"", ""time"": ""422AB""}, {""city"": ""CHENNAI-KILAMBAKKAM-KCBT"", ""landmark"": ""To&nbsp;Place&nbsp;:"", ""time"": ""SALEM""}, {""city"": ""16/01/2026"", ""landmark"": ""Journey&nbsp;Hours&nbsp;*:"", ""time"": ""6:00""}, {""city"": ""317.00"", ""landmark"": ""Corporation&nbsp;:"", ""time"": ""SETC""}, {""city"": ""&nbsp;"", ""landmark"": ""Adult&nbsp;Fare&nbsp;**"", ""time"": ""410""}, {""city"": ""City"", ""landmark"": ""Land&nbsp;Mark&nbsp;"", ""time"": ""Dep.&nbsp;Time&nbsp;""}, {""city"": ""CHENNAI-KILAMBAKKAM-KCBT"", ""landmark"": ""CHENNAI KALAIGNAR CBT"", ""time"": ""10:15""}, {""city"": ""CHENNAI-KILAMBAKKAM-KCBT"", ""landmark"": ""GUDUVANCHERY"", ""time"": ""10:20""}, {""city"": ""CHENNAI-KILAMBAKKAM-KCBT"", ""landmark"": ""SRM UNIVERSITY"", ""time"": ""10:30""}, {""city"": ""CHENNAI-KILAMBAKKAM-KCBT"", ""landmark"": ""MARAIMALAI NAGAR BUSSTOP"", ""time"": ""10:40""}, {""city"": ""CHENNAI-KILAMBAKKAM-KCBT"", ""landmark"": ""MAHINDRA CITY"", ""time"": ""10:50""}, {""city"": ""CHENNAI-KILAMBAKKAM-KCBT"", ""landmark"": ""CHENGALPATTU TOLL"", ""time"": ""11:00""}, {""city"": ""CHENNAI-KILAMBAKKAM-KCBT"", ""landmark"": ""CHENGALPATTU BYPASS"", ""time"": ""11:10""}, {""city"": ""CHENNAI-KILAMBAKKAM-KCBT"", ""landmark"": ""MELMARUVATHUR BUS STOP"", ""time"": ""11:35""}, {""city"": ""CHENNAI-KILAMBAKKAM-KCBT"", ""landmark"": ""TINDIVANAM"", ""time"": ""12:00""}, {""city"": ""SALEM"", ""landmark"": ""SALEM"", ""time"": ""16:15""}]",2026-01-13T17:54:38.598742
1020KCBSALDD01L,,SETC,CHENNAI,SALEM,,,7.00Hrs,45 Seats Available,Standard,Rs 274,16/01/2026,"[{""city"": ""&nbsp;"", ""landmark"": """", ""time"": ""Service&nbsp;Details""}, {""city"": ""1020KCBSALDD01L"", ""landmark"": ""Route&nbsp;No.&nbsp;:"", ""time"": ""575D""}, {""city"": ""CHENNAI-KILAMBAKKAM-KCBT"", ""landmark"": ""To&nbsp;Place&nbsp;:"", ""time"": ""SALEM""}, {""city"": ""16/01/2026"", ""landmark"": ""Journey&nbsp;Hours&nbsp;*:"", ""time"": ""7:00""}, {""city"": ""317.00"", ""landmark"": ""Corporation&nbsp;:"", ""time"": ""SALEM""}, {""city"": ""&nbsp;"", ""landmark"": ""Adult&nbsp;Fare&nbsp;**"", ""time"": ""274""}, {""city"": ""City"", ""landmark"": ""Land&nbsp;Mark&nbsp;"", ""time"": ""Dep.&nbsp;Time&nbsp;""}, {""city"": ""CHENNAI-KILAMBAKKAM-KCBT"", ""landmark"": ""CHENNAI KALAIGNAR CBT"", ""time"": ""10:20""}, {""city"": ""SALEM"", ""landmark"": ""SALEM"", ""time"": ""17:20""}]",2026-01-13T17:54:38.598742
1020KCBSALDD01L,,SETC,CHENNAI,SALEM,,,7.00Hrs,45 Seats Available,Standard,Rs 274,16/01/2026,"[{""city"": ""&nbsp;"", ""landmark"": """", ""time"": ""Service&nbsp;Details""}, {""city"": ""1020KCBSALDD01L"", ""landmark"": ""Route&nbsp;No.&nbsp;:"", ""time"": ""575D""}, {""city"": ""CHENNAI-KILAMBAKKAM-KCBT"", ""landmark"": ""To&nbsp;Place&nbsp;:"", ""time"": ""SALEM""}, {""city"": ""16/01/2026"", ""landmark"": ""Journey&nbsp;Hours&nbsp;*:"", ""time"": ""7:00""}, {""city"": ""317.00"", ""landmark"": ""Corporation&nbsp;:"", ""time"": ""SALEM""}, {""city"": ""&nbsp;"", ""landmark"": ""Adult&nbsp;Fare&nbsp;**"", ""time"": ""274""}, {""city"": ""City"", ""landmark"": ""Land&nbsp;Mark&nbsp;"", ""time"": ""Dep.&nbsp;Time&nbsp;""}, {""city"": ""CHENNAI-KILAMBAKKAM-KCBT"", ""landmark"": ""CHENNAI KALAIGNAR CBT"", ""time"": ""10:20""}, {""city"": ""SALEM"", ""landmark"": ""SALEM"", ""time"": ""17:20""}]",2026-01-13T17:54:38.598742
1045KCBSALVV01L,,SETC,CHENNAI,SALEM,,,7.18Hrs,45 Seats Available,Standard,Rs 274,16/01/2026,"[{""city"": ""&nbsp;"", ""landmark"": """", ""time"": ""Service&nbsp;Details""}, {""city"": ""1045KCBSALVV01L"", ""landmark"": ""Route&nbsp;No.&nbsp;:"", ""time"": ""281H""}, {""city"": ""CHENNAI-KILAMBAKKAM-KCBT"", ""landmark"": ""To&nbsp;Place&nbsp;:"", ""time"": ""SALEM""}, {""city"": ""16/01/2026"", ""landmark"": ""Journey&nbsp;Hours&nbsp;*:"", ""time"": ""7:18""}, {""city"": ""317.00"", ""landmark"": ""Corporation&nbsp;:"", ""time"": ""VILLUPURAM""}, {""city"": ""&nbsp;"", ""landmark"": ""Adult&nbsp;Fare&nbsp;**"", ""time"": ""274""}, {""city"": ""City"", ""landmark"": ""Land&nbsp;Mark&nbsp;"", ""time"": ""Dep.&nbsp;Time&nbsp;""}, {""city"": ""CHENNAI-KILAMBAKKAM-KCBT"", ""landmark"": ""CHENNAI KALAIGNAR CBT"", ""time"": ""10:45""}, {""city"": ""SALEM"", ""landmark"": ""SALEM"", ""time"": ""18:03""}]",2026-01-13T17:54:38.598742
1045KCBSALVV01L,,SETC,CHENNAI,SALEM,,,7.18Hrs,45 Seats Available,Standard,Rs 274,16/01/2026,"[{""city"": ""&nbsp;"", ""landmark"": """", ""time"": ""Service&nbsp;Details""}, {""city"": ""1045KCBSALVV01L"", ""landmark"": ""Route&nbsp;No.&nbsp;:"", ""time"": ""281H""}, {""city"": ""CHENNAI-KILAMBAKKAM-KCBT"", ""landmark"": ""To&nbsp;Place&nbsp;:"", ""time"": ""SALEM""}, {""city"": ""16/01/2026"", ""landmark"": ""Journey&nbsp;Hours&nbsp;*:"", ""time"": ""7:18""}, {""city"": ""317.00"", ""landmark"": ""Corporation&nbsp;:"", ""time"": ""VILLUPURAM""}, {""city"": ""&nbsp;"", ""landmark"": ""Adult&nbsp;Fare&nbsp;**"", ""time"": ""274""}, {""city"": ""City"", ""landmark"": ""Land&nbsp;Mark&nbsp;"", ""time"": ""Dep.&nbsp;Time&nbsp;""}, {""city"": ""CHENNAI-KILAMBAKKAM-KCBT"", ""landmark"": ""CHENNAI KALAIGNAR CBT"", ""time"": ""10:45""}, {""city"": ""SALEM"", ""landmark"": ""SALEM"", ""time"": ""18:03""}]",2026-01-13T17:54:38.598742
1050KCBSALNS,,SETC,CHENNAI,SALEM,,,6.00Hrs,32 Seats Available,Standard,Rs 318/492,16/01/2026,"[{""city"": ""&nbsp;"", ""landmark"": """", ""time"": ""Service&nbsp;Details""}, {""city"": ""1050KCBSALNS"", ""landmark"": ""Route&nbsp;No.&nbsp;:"", ""time"": ""422NS""}, {""city"": ""CHENNAI-KILAMBAKKAM-KCBT"", ""landmark"": ""To&nbsp;Place&nbsp;:"", ""time"": ""SALEM""}, {""city"": ""16/01/2026"", ""landmark"": ""Journey&nbsp;Hours&nbsp;*:"", ""time"": ""6:00""}, {""city"": ""317.00"", ""landmark"": ""Corporation&nbsp;:"", ""time"": ""SETC""}, {""city"": ""&nbsp;"", ""landmark"": ""Adult&nbsp;Fare&nbsp;**"", ""time"": ""318""}, {""city"": ""City"", ""landmark"": ""Land&nbsp;Mark&nbsp;"", ""time"": ""Dep.&nbsp;Time&nbsp;""}, {""city"": ""CHENNAI-KILAMBAKKAM-KCBT"", ""landmark"": ""CHENNAI KALAIGNAR CBT"", ""time"": ""10:50""}, {""city"": ""CHENNAI-KILAMBAKKAM-KCBT"", ""landmark"": ""GUDUVANCHERY"", ""time"": ""10:55""}, {""city"": ""CHENNAI-KILAMBAKKAM-KCBT"", ""landmark"": ""SRM UNIVERSITY"", ""time"": ""11:05""}, {""city"": ""CHENNAI-KILAMBAKKAM-KCBT"", ""landmark"": ""MARAIMALAI NAGAR BUSSTOP"", ""time"": ""11:15""}, {""city"": ""CHENNAI-KILAMBAKKAM-KCBT"", ""landmark"": ""MAHINDRA CITY"", ""time"": ""11:25""}, {""city"": ""CHENNAI-KILAMBAKKAM-KCBT"", ""landmark"": ""CHENGALPATTU TOLL"", ""time"": ""11:35""}, {""city"": ""CHENNAI-KILAMBAKKAM-KCBT"", ""landmark"": ""CHENGALPATTU BYPASS"", ""time"": ""11:45""}, {""city"": ""CHENNAI-KILAMBAKKAM-KCBT"", ""landmark"": ""MELMARUVATHUR BUS STOP"", ""time"": ""12:10""}, {""city"": ""CHENNAI-KILAMBAKKAM-KCBT"", ""landmark"": ""TINDIVANAM"", ""time"": ""12:35""}, {""city"": ""SALEM"", ""landmark"": ""SALEM"", ""time"": ""16:50""}]",2026-01-13T17:54:38.598742
1050KCBSALNS,,SETC,CHENNAI,SALEM,,,6.00Hrs,32 Seats Available,Standard,Rs 318/492,16/01/2026,"[{""city"": ""&nbsp;"", ""landmark"": """", ""time"": ""Service&nbsp;Details""}, {""city"": ""1050KCBSALNS"", ""landmark"": ""Route&nbsp;No.&nbsp;:"", ""time"": ""422NS""}, {""city"": ""CHENNAI-KILAMBAKKAM-KCBT"", ""landmark"": ""To&nbsp;Place&nbsp;:"", ""time"": ""SALEM""}, {""city"": ""16/01/2026"", ""landmark"": ""Journey&nbsp;Hours&nbsp;*:"", ""time"": ""6:00""}, {""city"": ""317.00"", ""landmark"": ""Corporation&nbsp;:"", ""time"": ""SETC""}, {""city"": ""&nbsp;"", ""landmark"": ""Adult&nbsp;Fare&nbsp;**"", ""time"": ""318""}, {""city"": ""City"", ""landmark"": ""Land&nbsp;Mark&nbsp;"", ""time"": ""Dep.&nbsp;Time&nbsp;""}, {""city"": ""CHENNAI-KILAMBAKKAM-KCBT"", ""landmark"": ""CHENNAI KALAIGNAR CBT"", ""time"": ""10:50""}, {""city"": ""CHENNAI-KILAMBAKKAM-KCBT"", ""landmark"": ""GUDUVANCHERY"", ""time"": ""10:55""}, {""city"": ""CHENNAI-KILAMBAKKAM-KCBT"", ""landmark"": ""SRM UNIVERSITY"", ""time"": ""11:05""}, {""city"": ""CHENNAI-KILAMBAKKAM-KCBT"", ""landmark"": ""MARAIMALAI NAGAR BUSSTOP"", ""time"": ""11:15""}, {""city"": ""CHENNAI-KILAMBAKKAM-KCBT"", ""landmark"": ""MAHINDRA CITY"", ""time"": ""11:25""}, {""city"": ""CHENNAI-KILAMBAKKAM-KCBT"", ""landmark"": ""CHENGALPATTU TOLL"", ""time"": ""11:35""}, {""city"": ""CHENNAI-KILAMBAKKAM-KCBT"", ""landmark"": ""CHENGALPATTU BYPASS"", ""time"": ""11:45""}, {""city"": ""CHENNAI-KILAMBAKKAM-KCBT"", ""landmark"": ""MELMARUVATHUR BUS STOP"", ""time"": ""12:10""}, {""city"": ""CHENNAI-KILAMBAKKAM-KCBT"", ""landmark"": ""TINDIVANAM"", ""time"": ""12:35""}, {""city"": ""SALEM"", ""landmark"": ""SALEM"", ""time"": ""16:50""}]",2026-01-13T17:54:38.598742
1100KCBSALVV01L,,SETC,CHENNAI,SALEM,,,7.18Hrs,45 Seats Available,Standard,Rs 274,16/01/2026,"[{""city"": ""&nbsp;"", ""landmark"": """", ""time"": ""Service&nbsp;Details""}, {""city"": ""1100KCBSALVV01L"", ""landmark"": ""Route&nbsp;No.&nbsp;:"", ""time"": ""281C""}, {""city"": ""CHENNAI-KILAMBAKKAM-KCBT"", ""landmark"": ""To&nbsp;Place&nbsp;:"", ""time"": ""SALEM""}, {""city"": ""16/01/2026"", ""landmark"": ""Journey&nbsp;Hours&nbsp;*:"", ""time"": ""7:18""}, {""city"": ""317.00"", ""landmark"": ""Corporation&nbsp;:"", ""time"": ""VILLUPURAM""}, {""city"": ""&nbsp;"", ""landmark"": ""Adult&nbsp;Fare&nbsp;**"", ""time"": ""274""}, {""city"": ""City"", ""landmark"": ""Land&nbsp;Mark&nbsp;"", ""time"": ""Dep.&nbsp;Time&nbsp;""}, {""city"": ""CHENNAI-KILAMBAKKAM-KCBT"", ""landmark"": ""CHENNAI KALAIGNAR CBT"", ""time"": ""11:00""}, {""city"": ""SALEM"", ""landmark"": ""SALEM"", ""time"": ""18:18""}]",2026-01-13T17:54:38.598742
1100KCBSALVV01L,,SETC,CHENNAI,SALEM,,,7.18Hrs,45 Seats Available,Standard,Rs 274,16/01/2026,"[{""city"": ""&nbsp;"", ""landmark"": """", ""time"": ""Service&nbsp;Details""}, {""city"": ""1100KCBSALVV01L"", ""landmark"": ""Route&nbsp;No.&nbsp;:"", ""time"": ""281C""}, {""city"": ""CHENNAI-KILAMBAKKAM-KCBT"", ""landmark"": ""To&nbsp;Place&nbsp;:"", ""time"": ""SALEM""}, {""city"": ""16/01/2026"", ""landmark"": ""Journey&nbsp;Hours&nbsp;*:"", ""time"": ""7:18""}, {""city"": ""317.00"", ""landmark"": ""Corporation&nbsp;:"", ""time"": ""VILLUPURAM""}, {""city"": ""&nbsp;"", ""landmark"": ""Adult&nbsp;Fare&nbsp;**"", ""time"": ""274""}, {""city"": ""City"", ""landmark"": ""Land&nbsp;Mark&nbsp;"", ""time"": ""Dep.&nbsp;Time&nbsp;""}, {""city"": ""CHENNAI-KILAMBAKKAM-KCBT"", ""landmark"": ""CHENNAI KALAIGNAR CBT"", ""time"": ""11:00""}, {""city"": ""SALEM"", ""landmark"": ""SALEM"", ""time"": ""18:18""}]",2026-01-13T17:54:38.598742
1115KCBSALVV01L,,SETC,CHENNAI,SALEM,,,7.18Hrs,45 Seats Available,Standard,Rs 274,16/01/2026,"[{""city"": ""&nbsp;"", ""landmark"": """", ""time"": ""Service&nbsp;Details""}, {""city"": ""1115KCBSALVV01L"", ""landmark"": ""Route&nbsp;No.&nbsp;:"", ""time"": ""281D""}, {""city"": ""CHENNAI-KILAMBAKKAM-KCBT"", ""landmark"": ""To&nbsp;Place&nbsp;:"", ""time"": ""SALEM""}, {""city"": ""16/01/2026"", ""landmark"": ""Journey&nbsp;Hours&nbsp;*:"", ""time"": ""7:18""}, {""city"": ""317.00"", ""landmark"": ""Corporation&nbsp;:"", ""time"": ""VILLUPURAM""}, {""city"": ""&nbsp;"", ""landmark"": ""Adult&nbsp;Fare&nbsp;**"", ""time"": ""274""}, {""city"": ""City"", ""landmark"": ""Land&nbsp;Mark&nbsp;"", ""time"": ""Dep.&nbsp;Time&nbsp;""}, {""city"": ""CHENNAI-KILAMBAKKAM-KCBT"", ""landmark"": ""CHENNAI KALAIGNAR CBT"", ""time"": ""11:15""}, {""city"": ""SALEM"", ""landmark"": ""SALEM"", ""time"": ""18:33""}]",2026-01-13T17:54:38.598742
1115KCBSALVV01L,,SETC,CHENNAI,SALEM,,,7.18Hrs,45 Seats Available,Standard,Rs 274,16/01/2026,"[{""city"": ""&nbsp;"", ""landmark"": """", ""time"": ""Service&nbsp;Details""}, {""city"": ""1115KCBSALVV01L"", ""landmark"": ""Route&nbsp;No.&nbsp;:"", ""time"": ""281D""}, {""city"": ""CHENNAI-KILAMBAKKAM-KCBT"", ""landmark"": ""To&nbsp;Place&nbsp;:"", ""time"": ""SALEM""}, {""city"": ""16/01/2026"", ""landmark"": ""Journey&nbsp;Hours&nbsp;*:"", ""time"": ""7:18""}, {""city"": ""317.00"", ""landmark"": ""Corporation&nbsp;:"", ""time"": ""VILLUPURAM""}, {""city"": ""&nbsp;"", ""landmark"": ""Adult&nbsp;Fare&nbsp;**"", ""time"": ""274""}, {""city"": ""City"", ""landmark"": ""Land&nbsp;Mark&nbsp;"", ""time"": ""Dep.&nbsp;Time&nbsp;""}, {""city"": ""CHENNAI-KILAMBAKKAM-KCBT"", ""landmark"": ""CHENNAI KALAIGNAR CBT"", ""time"": ""11:15""}, {""city"": ""SALEM"", ""landmark"": ""SALEM"", ""time"": ""18:33""}]",2026-01-13T17:54:38.598742
1130KCBSAL,,SETC,CHENNAI,SALEM,,,7.30Hrs,33 Seats Available,Standard,Rs 318,16/01/2026,"[{""city"": ""&nbsp;"", ""landmark"": """", ""time"": ""Service&nbsp;Details""}, {""city"": ""1130KCBSAL"", ""landmark"": ""Route&nbsp;No.&nbsp;:"", ""time"": ""422UD""}, {""city"": ""CHENNAI-KILAMBAKKAM-KCBT"", ""landmark"": ""To&nbsp;Place&nbsp;:"", ""time"": ""SALEM""}, {""city"": ""16/01/2026"", ""landmark"": ""Journey&nbsp;Hours&nbsp;*:"", ""time"": ""7:30""}, {""city"": ""317.00"", ""landmark"": ""Corporation&nbsp;:"", ""time"": ""SETC""}, {""city"": ""&nbsp;"", ""landmark"": ""Adult&nbsp;Fare&nbsp;**"", ""time"": ""318""}, {""city"": ""City"", ""landmark"": ""Land&nbsp;Mark&nbsp;"", ""time"": ""Dep.&nbsp;Time&nbsp;""}, {""city"": ""CHENNAI-KILAMBAKKAM-KCBT"", ""landmark"": ""CHENNAI KALAIGNAR CBT"", ""time"": ""11:30""}, {""city"": ""CHENNAI-KILAMBAKKAM-KCBT"", ""landmark"": ""GUDUVANCHERY"", ""time"": ""11:35""}, {""city"": ""CHENNAI-KILAMBAKKAM-KCBT"", ""landmark"": ""SRM UNIVERSITY"", ""time"": ""11:45""}, {""city"": ""CHENNAI-KILAMBAKKAM-KCBT"", ""landmark"": ""MARAIMALAI NAGAR BUSSTOP"", ""time"": ""11:55""}, {""city"": ""CHENNAI-KILAMBAKKAM-KCBT"", ""landmark"": ""MAHINDRA CITY"", ""time"": ""12:05""}, {""city"": ""CHENNAI-KILAMBAKKAM-KCBT"", ""landmark"": ""CHENGALPATTU TOLL"", ""time"": ""12:15""}, {""city"": ""CHENNAI-KILAMBAKKAM-KCBT"", ""landmark"": ""CHENGALPATTU BYPASS"", ""time"": ""12:25""}, {""city"": ""CHENNAI-KILAMBAKKAM-KCBT"", ""landmark"": ""MELMARUVATHUR BUS STOP"", ""time"": ""12:50""}, {""city"": ""CHENNAI-KILAMBAKKAM-KCBT"", ""landmark"": ""TINDIVANAM"", ""time"": ""13:15""}, {""city"": ""VILLUPURAM"", ""landmark"": ""VILLUPURAM"", ""time"": ""14:30""}, {""city"": ""SALEM"", ""landmark"": ""SALEM"", ""time"": ""17:30""}]",2026-01-13T17:54:38.598742
1130KCBSAL,,SETC,CHENNAI,SALEM,,,7.30Hrs,33 Seats Available,Standard,Rs 318,16/01/2026,"[{""city"": ""&nbsp;"", ""landmark"": """", ""time"": ""Service&nbsp;Details""}, {""city"": ""1130KCBSAL"", ""landmark"": ""Route&nbsp;No.&nbsp;:"", ""time"": ""422UD""}, {""city"": ""CHENNAI-KILAMBAKKAM-KCBT"", ""landmark"": ""To&nbsp;Place&nbsp;:"", ""time"": ""SALEM""}, {""city"": ""16/01/2026"", ""landmark"": ""Journey&nbsp;Hours&nbsp;*:"", ""time"": ""7:30""}, {""city"": ""317.00"", ""landmark"": ""Corporation&nbsp;:"", ""time"": ""SETC""}, {""city"": ""&nbsp;"", ""landmark"": ""Adult&nbsp;Fare&nbsp;**"", ""time"": ""318""}, {""city"": ""City"", ""landmark"": ""Land&nbsp;Mark&nbsp;"", ""time"": ""Dep.&nbsp;Time&nbsp;""}, {""city"": ""CHENNAI-KILAMBAKKAM-KCBT"", ""landmark"": ""CHENNAI KALAIGNAR CBT"", ""time"": ""11:30""}, {""city"": ""CHENNAI-KILAMBAKKAM-KCBT"", ""landmark"": ""GUDUVANCHERY"", ""time"": ""11:35""}, {""city"": ""CHENNAI-KILAMBAKKAM-KCBT"", ""landmark"": ""SRM UNIVERSITY"", ""time"": ""11:45""}, {""city"": ""CHENNAI-KILAMBAKKAM-KCBT"", ""landmark"": ""MARAIMALAI NAGAR BUSSTOP"", ""time"": ""11:55""}, {""city"": ""CHENNAI-KILAMBAKKAM-KCBT"", ""landmark"": ""MAHINDRA CITY"", ""time"": ""12:05""}, {""city"": ""CHENNAI-KILAMBAKKAM-KCBT"", ""landmark"": ""CHENGALPATTU TOLL"", ""time"": ""12:15""}, {""city"": ""CHENNAI-KILAMBAKKAM-KCBT"", ""landmark"": ""CHENGALPATTU BYPASS"", ""time"": ""12:25""}, {""city"": ""CHENNAI-KILAMBAKKAM-KCBT"", ""landmark"": ""MELMARUVATHUR BUS STOP"", ""time"": ""12:50""}, {""city"": ""CHENNAI-KILAMBAKKAM-KCBT"", ""landmark"": ""TINDIVANAM"", ""time"": ""13:15""}, {""city"": ""VILLUPURAM"", ""landmark"": ""VILLUPURAM"", ""time"": ""14:30""}, {""city"": ""SALEM"", ""landmark"": ""SALEM"", ""time"": ""17:30""}]",2026-01-13T17:54:38.598742
1130KCBSALVV01L,,SETC,CHENNAI,SALEM,,,7.18Hrs,45 Seats Available,Standard,Rs 274,16/01/2026,"[{""city"": ""&nbsp;"", ""landmark"": """", ""time"": ""Service&nbsp;Details""}, {""city"": ""1130KCBSALVV01L"", ""landmark"": ""Route&nbsp;No.&nbsp;:"", ""time"": ""281N""}, {""city"": ""CHENNAI-KILAMBAKKAM-KCBT"", ""landmark"": ""To&nbsp;Place&nbsp;:"", ""time"": ""SALEM""}, {""city"": ""16/01/2026"", ""landmark"": ""Journey&nbsp;Hours&nbsp;*:"", ""time"": ""7:18""}, {""city"": ""317.00"", ""landmark"": ""Corporation&nbsp;:"", ""time"": ""VILLUPURAM""}, {""city"": ""&nbsp;"", ""landmark"": ""Adult&nbsp;Fare&nbsp;**"", ""time"": ""274""}, {""city"": ""City"", ""landmark"": ""Land&nbsp;Mark&nbsp;"", ""time"": ""Dep.&nbsp;Time&nbsp;""}, {""city"": ""CHENNAI-KILAMBAKKAM-KCBT"", ""landmark"": ""CHENNAI KALAIGNAR CBT"", ""time"": ""11:30""}, {""city"": ""SALEM"", ""landmark"": ""SALEM"", ""time"": ""18:48""}]",2026-01-13T17:54:38.598742
1130KCBSALVV01L,,SETC,CHENNAI,SALEM,,,7.18Hrs,45 Seats Available,Standard,Rs 274,16/01/2026,"[{""city"": ""&nbsp;"", ""landmark"": """", ""time"": ""Service&nbsp;Details""}, {""city"": ""1130KCBSALVV01L"", ""landmark"": ""Route&nbsp;No.&nbsp;:"", ""time"": ""281N""}, {""city"": ""CHENNAI-KILAMBAKKAM-KCBT"", ""landmark"": ""To&nbsp;Place&nbsp;:"", ""time"": ""SALEM""}, {""city"": ""16/01/2026"", ""landmark"": ""Journey&nbsp;Hours&nbsp;*:"", ""time"": ""7:18""}, {""city"": ""317.00"", ""landmark"": ""Corporation&nbsp;:"", ""time"": ""VILLUPURAM""}, {""city"": ""&nbsp;"", ""landmark"": ""Adult&nbsp;Fare&nbsp;**"", ""time"": ""274""}, {""city"": ""City"", ""landmark"": ""Land&nbsp;Mark&nbsp;"", ""time"": ""Dep.&nbsp;Time&nbsp;""}, {""city"": ""CHENNAI-KILAMBAKKAM-KCBT"", ""landmark"": ""CHENNAI KALAIGNAR CBT"", ""time"": ""11:30""}, {""city"": ""SALEM"", ""landmark"": ""SALEM"", ""time"": ""18:48""}]",2026-01-13T17:54:38.598742
1200KCBSALAB,,SETC,CHENNAI,SALEM,,,6.00Hrs,35 Seats Available,Standard,Rs 410/631,16/01/2026,"[{""city"": ""&nbsp;"", ""landmark"": """", ""time"": ""Service&nbsp;Details""}, {""city"": ""1200KCBSALAB"", ""landmark"": ""Route&nbsp;No.&nbsp;:"", ""time"": ""422AB""}, {""city"": ""CHENNAI-KILAMBAKKAM-KCBT"", ""landmark"": ""To&nbsp;Place&nbsp;:"", ""time"": ""SALEM""}, {""city"": ""16/01/2026"", ""landmark"": ""Journey&nbsp;Hours&nbsp;*:"", ""time"": ""6:00""}, {""city"": ""317.00"", ""landmark"": ""Corporation&nbsp;:"", ""time"": ""SETC""}, {""city"": ""&nbsp;"", ""landmark"": ""Adult&nbsp;Fare&nbsp;**"", ""time"": ""410""}, {""city"": ""City"", ""landmark"": ""Land&nbsp;Mark&nbsp;"", ""time"": ""Dep.&nbsp;Time&nbsp;""}, {""city"": ""CHENNAI-KILAMBAKKAM-KCBT"", ""landmark"": ""CHENNAI KALAIGNAR CBT"", ""time"": ""12:00""}, {""city"": ""CHENNAI-KILAMBAKKAM-KCBT"", ""landmark"": ""GUDUVANCHERY"", ""time"": ""12:05""}, {""city"": ""CHENNAI-KILAMBAKKAM-KCBT"", ""landmark"": ""SRM UNIVERSITY"", ""time"": ""12:15""}, {""city"": ""CHENNAI-KILAMBAKKAM-KCBT"", ""landmark"": ""MARAIMALAI NAGAR BUSSTOP"", ""time"": ""12:25""}, {""city"": ""CHENNAI-KILAMBAKKAM-KCBT"", ""landmark"": ""MAHINDRA CITY"", ""time"": ""12:35""}, {""city"": ""CHENNAI-KILAMBAKKAM-KCBT"", ""landmark"": ""CHENGALPATTU TOLL"", ""time"": ""12:45""}, {""city"": ""CHENNAI-KILAMBAKKAM-KCBT"", ""landmark"": ""CHENGALPATTU BYPASS"", ""time"": ""12:55""}, {""city"": ""CHENNAI-KILAMBAKKAM-KCBT"", ""landmark"": ""MELMARUVATHUR BUS STOP"", ""time"": ""13:20""}, {""city"": ""CHENNAI-KILAMBAKKAM-KCBT"", ""landmark"": ""TINDIVANAM"", ""time"": ""13:45""}, {""city"": ""SALEM"", ""landmark"": ""SALEM"", ""time"": ""18:00""}]",2026-01-13T17:54:38.598742
1200KCBSALAB,,SETC,CHENNAI,SALEM,,,6.00Hrs,35 Seats Available,Standard,Rs 410/631,16/01/2026,"[{""city"": ""&nbsp;"", ""landmark"": """", ""time"": ""Service&nbsp;Details""}, {""city"": ""1200KCBSALAB"", ""landmark"": ""Route&nbsp;No.&nbsp;:"", ""time"": ""422AB""}, {""city"": ""CHENNAI-KILAMBAKKAM-KCBT"", ""landmark"": ""To&nbsp;Place&nbsp;:"", ""time"": ""SALEM""}, {""city"": ""16/01/2026"", ""landmark"": ""Journey&nbsp;Hours&nbsp;*:"", ""time"": ""6:00""}, {""city"": ""317.00"", ""landmark"": ""Corporation&nbsp;:"", ""time"": ""SETC""}, {""city"": ""&nbsp;"", ""landmark"": ""Adult&nbsp;Fare&nbsp;**"", ""time"": ""410""}, {""city"": ""City"", ""landmark"": ""Land&nbsp;Mark&nbsp;"", ""time"": ""Dep.&nbsp;Time&nbsp;""}, {""city"": ""CHENNAI-KILAMBAKKAM-KCBT"", ""landmark"": ""CHENNAI KALAIGNAR CBT"", ""time"": ""12:00""}, {""city"": ""CHENNAI-KILAMBAKKAM-KCBT"", ""landmark"": ""GUDUVANCHERY"", ""time"": ""12:05""}, {""city"": ""CHENNAI-KILAMBAKKAM-KCBT"", ""landmark"": ""SRM UNIVERSITY"", ""time"": ""12:15""}, {""city"": ""CHENNAI-KILAMBAKKAM-KCBT"", ""landmark"": ""MARAIMALAI NAGAR BUSSTOP"", ""time"": ""12:25""}, {""city"": ""CHENNAI-KILAMBAKKAM-KCBT"", ""landmark"": ""MAHINDRA CITY"", ""time"": ""12:35""}, {""city"": ""CHENNAI-KILAMBAKKAM-KCBT"", ""landmark"": ""CHENGALPATTU TOLL"", ""time"": ""12:45""}, {""city"": ""CHENNAI-KILAMBAKKAM-KCBT"", ""landmark"": ""CHENGALPATTU BYPASS"", ""time"": ""12:55""}, {""city"": ""CHENNAI-KILAMBAKKAM-KCBT"", ""landmark"": ""MELMARUVATHUR BUS STOP"", ""time"": ""13:20""}, {""city"": ""CHENNAI-KILAMBAKKAM-KCBT"", ""landmark"": ""TINDIVANAM"", ""time"": ""13:45""}, {""city"": ""SALEM"", ""landmark"": ""SALEM"", ""time"": ""18:00""}]",2026-01-13T17:54:38.598742
1200KCBSALDD02L,,SETC,CHENNAI,SALEM,,,7.00Hrs,45 Seats Available,Standard,Rs 274,16/01/2026,"[{""city"": ""&nbsp;"", ""landmark"": """", ""time"": ""Service&nbsp;Details""}, {""city"": ""1200KCBSALDD02L"", ""landmark"": ""Route&nbsp;No.&nbsp;:"", ""time"": ""175M""}, {""city"": ""CHENNAI-KILAMBAKKAM-KCBT"", ""landmark"": ""To&nbsp;Place&nbsp;:"", ""time"": ""SALEM""}, {""city"": ""16/01/2026"", ""landmark"": ""Journey&nbsp;Hours&nbsp;*:"", ""time"": ""7:00""}, {""city"": ""317.00"", ""landmark"": ""Corporation&nbsp;:"", ""time"": ""SALEM""}, {""city"": ""&nbsp;"", ""landmark"": ""Adult&nbsp;Fare&nbsp;**"", ""time"": ""274""}, {""city"": ""City"", ""landmark"": ""Land&nbsp;Mark&nbsp;"", ""time"": ""Dep.&nbsp;Time&nbsp;""}, {""city"": ""CHENNAI-KILAMBAKKAM-KCBT"", ""landmark"": ""CHENNAI KALAIGNAR CBT"", ""time"": ""12:00""}, {""city"": ""SALEM"", ""landmark"": ""SALEM"", ""time"": ""19:00""}]",2026-01-13T17:54:38.598742
1200KCBSALDD02L,,SETC,CHENNAI,SALEM,,,7.00Hrs,45 Seats Available,Standard,Rs 274,16/01/2026,"[{""city"": ""&nbsp;"", ""landmark"": """", ""time"": ""Service&nbsp;Details""}, {""city"": ""1200KCBSALDD02L"", ""landmark"": ""Route&nbsp;No.&nbsp;:"", ""time"": ""175M""}, {""city"": ""CHENNAI-KILAMBAKKAM-KCBT"", ""landmark"": ""To&nbsp;Place&nbsp;:"", ""time"": ""SALEM""}, {""city"": ""16/01/2026"", ""landmark"": ""Journey&nbsp;Hours&nbsp;*:"", ""time"": ""7:00""}, {""city"": ""317.00"", ""landmark"": ""Corporation&nbsp;:"", ""time"": ""SALEM""}, {""city"": ""&nbsp;"", ""landmark"": ""Adult&nbsp;Fare&nbsp;**"", ""time"": ""274""}, {""city"": ""City"", ""landmark"": ""Land&nbsp;Mark&nbsp;"", ""time"": ""Dep.&nbsp;Time&nbsp;""}, {""city"": ""CHENNAI-KILAMBAKKAM-KCBT"", ""landmark"": ""CHENNAI KALAIGNAR CBT"", ""time"": ""12:00""}, {""city"": ""SALEM"", ""landmark"": ""SALEM"", ""time"": ""19:00""}]",2026-01-13T17:54:38.598742
1230KCBSALVV01L,,SETC,CHENNAI,SALEM,,,7.18Hrs,45 Seats Available,Standard,Rs 274,16/01/2026,"[{""city"": ""&nbsp;"", ""landmark"": """", ""time"": ""Service&nbsp;Details""}, {""city"": ""1230KCBSALVV01L"", ""landmark"": ""Route&nbsp;No.&nbsp;:"", ""time"": ""281N""}, {""city"": ""CHENNAI-KILAMBAKKAM-KCBT"", ""landmark"": ""To&nbsp;Place&nbsp;:"", ""time"": ""SALEM""}, {""city"": ""16/01/2026"", ""landmark"": ""Journey&nbsp;Hours&nbsp;*:"", ""time"": ""7:18""}, {""city"": ""317.00"", ""landmark"": ""Corporation&nbsp;:"", ""time"": ""VILLUPURAM""}, {""city"": ""&nbsp;"", ""landmark"": ""Adult&nbsp;Fare&nbsp;**"", ""time"": ""274""}, {""city"": ""City"", ""landmark"": ""Land&nbsp;Mark&nbsp;"", ""time"": ""Dep.&nbsp;Time&nbsp;""}, {""city"": ""CHENNAI-KILAMBAKKAM-KCBT"", ""landmark"": ""CHENNAI KALAIGNAR CBT"", ""time"": ""12:30""}, {""city"": ""SALEM"", ""landmark"": ""SALEM"", ""time"": ""19:48""}]",2026-01-13T17:54:38.598742
1230KCBSALVV01L,,SETC,CHENNAI,SALEM,,,7.18Hrs,45 Seats Available,Standard,Rs 274,16/01/2026,"[{""city"": ""&nbsp;"", ""landmark"": """", ""time"": ""Service&nbsp;Details""}, {""city"": ""1230KCBSALVV01L"", ""landmark"": ""Route&nbsp;No.&nbsp;:"", ""time"": ""281N""}, {""city"": ""CHENNAI-KILAMBAKKAM-KCBT"", ""landmark"": ""To&nbsp;Place&nbsp;:"", ""time"": ""SALEM""}, {""city"": ""16/01/2026"", ""landmark"": ""Journey&nbsp;Hours&nbsp;*:"", ""time"": ""7:18""}, {""city"": ""317.00"", ""landmark"": ""Corporation&nbsp;:"", ""time"": ""VILLUPURAM""}, {""city"": ""&nbsp;"", ""landmark"": ""Adult&nbsp;Fare&nbsp;**"", ""time"": ""274""}, {""city"": ""City"", ""landmark"": ""Land&nbsp;Mark&nbsp;"", ""time"": ""Dep.&nbsp;Time&nbsp;""}, {""city"": ""CHENNAI-KILAMBAKKAM-KCBT"", ""landmark"": ""CHENNAI KALAIGNAR CBT"", ""time"": ""12:30""}, {""city"": ""SALEM"", ""landmark"": ""SALEM"", ""time"": ""19:48""}]",2026-01-13T17:54:38.598742
1245KCBSALVV01L,,SETC,CHENNAI,SALEM,,,7.18Hrs,,Standard,Rs 274,16/01/2026,"[{""city"": ""&nbsp;"", ""landmark"": """", ""time"": ""Service&nbsp;Details""}, {""city"": ""1245KCBSALVV01L"", ""landmark"": ""Route&nbsp;No.&nbsp;:"", ""time"": ""281F""}, {""city"": ""CHENNAI-KILAMBAKKAM-KCBT"", ""landmark"": ""To&nbsp;Place&nbsp;:"", ""time"": ""SALEM""}, {""city"": ""16/01/2026"", ""landmark"": ""Journey&nbsp;Hours&nbsp;*:"", ""time"": ""7:18""}, {""city"": ""317.00"", ""landmark"": ""Corporation&nbsp;:"", ""time"": ""VILLUPURAM""}, {""city"": ""&nbsp;"", ""landmark"": ""Adult&nbsp;Fare&nbsp;**"", ""time"": ""274""}, {""city"": ""City"", ""landmark"": ""Land&nbsp;Mark&nbsp;"", ""time"": ""Dep.&nbsp;Time&nbsp;""}, {""city"": ""CHENNAI-KILAMBAKKAM-KCBT"", ""landmark"": ""CHENNAI KALAIGNAR CBT"", ""time"": ""12:45""}, {""city"": ""SALEM"", ""landmark"": ""SALEM"", ""time"": ""20:03""}]",2026-01-13T17:54:38.598742
1245KCBSALVV01L,,SETC,CHENNAI,SALEM,,,7.18Hrs,,Standard,Rs 274,16/01/2026,"[{""city"": ""&nbsp;"", ""landmark"": """", ""time"": ""Service&nbsp;Details""}, {""city"": ""1245KCBSALVV01L"", ""landmark"": ""Route&nbsp;No.&nbsp;:"", ""time"": ""281F""}, {""city"": ""CHENNAI-KILAMBAKKAM-KCBT"", ""landmark"": ""To&nbsp;Place&nbsp;:"", ""time"": ""SALEM""}, {""city"": ""16/01/2026"", ""landmark"": ""Journey&nbsp;Hours&nbsp;*:"", ""time"": ""7:18""}, {""city"": ""317.00"", ""landmark"": ""Corporation&nbsp;:"", ""time"": ""VILLUPURAM""}, {""city"": ""&nbsp;"", ""landmark"": ""Adult&nbsp;Fare&nbsp;**"", ""time"": ""274""}, {""city"": ""City"", ""landmark"": ""Land&nbsp;Mark&nbsp;"", ""time"": ""Dep.&nbsp;Time&nbsp;""}, {""city"": ""CHENNAI-KILAMBAKKAM-KCBT"", ""landmark"": ""CHENNAI KALAIGNAR CBT"", ""time"": ""12:45""}, {""city"": ""SALEM"", ""landmark"": ""SALEM"", ""time"": ""20:03""}]",2026-01-13T17:54:38.598742
1300KCBSALVV01L,,SETC,CHENNAI,SALEM,,,7.18Hrs,45 Seats Available,Standard,Rs 274,16/01/2026,"[{""city"": ""&nbsp;"", ""landmark"": """", ""time"": ""Service&nbsp;Details""}, {""city"": ""1300KCBSALVV01L"", ""landmark"": ""Route&nbsp;No.&nbsp;:"", ""time"": ""281G""}, {""city"": ""CHENNAI-KILAMBAKKAM-KCBT"", ""landmark"": ""To&nbsp;Place&nbsp;:"", ""time"": ""SALEM""}, {""city"": ""16/01/2026"", ""landmark"": ""Journey&nbsp;Hours&nbsp;*:"", ""time"": ""7:18""}, {""city"": ""317.00"", ""landmark"": ""Corporation&nbsp;:"", ""time"": ""VILLUPURAM""}, {""city"": ""&nbsp;"", ""landmark"": ""Adult&nbsp;Fare&nbsp;**"", ""time"": ""274""}, {""city"": ""City"", ""landmark"": ""Land&nbsp;Mark&nbsp;"", ""time"": ""Dep.&nbsp;Time&nbsp;""}, {""city"": ""CHENNAI-KILAMBAKKAM-KCBT"", ""landmark"": ""CHENNAI KALAIGNAR CBT"", ""time"": ""13:00""}, {""city"": ""SALEM"", ""landmark"": ""SALEM"", ""time"": ""20:18""}]",2026-01-13T17:54:38.598742
1300KCBSALVV01L,,SETC,CHENNAI,SALEM,,,7.18Hrs,45 Seats Available,Standard,Rs 274,16/01/2026,"[{""city"": ""&nbsp;"", ""landmark"": """", ""time"": ""Service&nbsp;Details""}, {""city"": ""1300KCBSALVV01L"", ""landmark"": ""Route&nbsp;No.&nbsp;:"", ""time"": ""281G""}, {""city"": ""CHENNAI-KILAMBAKKAM-KCBT"", ""landmark"": ""To&nbsp;Place&nbsp;:"", ""time"": ""SALEM""}, {""city"": ""16/01/2026"", ""landmark"": ""Journey&nbsp;Hours&nbsp;*:"", ""time"": ""7:18""}, {""city"": ""317.00"", ""landmark"": ""Corporation&nbsp;:"", ""time"": ""VILLUPURAM""}, {""city"": ""&nbsp;"", ""landmark"": ""Adult&nbsp;Fare&nbsp;**"", ""time"": ""274""}, {""city"": ""City"", ""landmark"": ""Land&nbsp;Mark&nbsp;"", ""time"": ""Dep.&nbsp;Time&nbsp;""}, {""city"": ""CHENNAI-KILAMBAKKAM-KCBT"", ""landmark"": ""CHENNAI KALAIGNAR CBT"", ""time"": ""13:00""}, {""city"": ""SALEM"", ""landmark"": ""SALEM"", ""time"": ""20:18""}]",2026-01-13T17:54:38.598742
1315KCBSALVV01L,,SETC,CHENNAI,SALEM,,,7.18Hrs,,Standard,Rs 274,16/01/2026,"[{""city"": ""&nbsp;"", ""landmark"": """", ""time"": ""Service&nbsp;Details""}, {""city"": ""1315KCBSALVV01L"", ""landmark"": ""Route&nbsp;No.&nbsp;:"", ""time"": ""281S""}, {""city"": ""CHENNAI-KILAMBAKKAM-KCBT"", ""landmark"": ""To&nbsp;Place&nbsp;:"", ""time"": ""SALEM""}, {""city"": ""16/01/2026"", ""landmark"": ""Journey&nbsp;Hours&nbsp;*:"", ""time"": ""7:18""}, {""city"": ""317.00"", ""landmark"": ""Corporation&nbsp;:"", ""time"": ""VILLUPURAM""}, {""city"": ""&nbsp;"", ""landmark"": ""Adult&nbsp;Fare&nbsp;**"", ""time"": ""274""}, {""city"": ""City"", ""landmark"": ""Land&nbsp;Mark&nbsp;"", ""time"": ""Dep.&nbsp;Time&nbsp;""}, {""city"": ""CHENNAI-KILAMBAKKAM-KCBT"", ""landmark"": ""CHENNAI KALAIGNAR CBT"", ""time"": ""13:15""}, {""city"": ""SALEM"", ""landmark"": ""SALEM"", ""time"": ""20:33""}]",2026-01-13T17:54:38.598742
1315KCBSALVV01L,,SETC,CHENNAI,SALEM,,,7.18Hrs,,Standard,Rs 274,16/01/2026,"[{""city"": ""&nbsp;"", ""landmark"": """", ""time"": ""Service&nbsp;Details""}, {""city"": ""1315KCBSALVV01L"", ""landmark"": ""Route&nbsp;No.&nbsp;:"", ""time"": ""281S""}, {""city"": ""CHENNAI-KILAMBAKKAM-KCBT"", ""landmark"": ""To&nbsp;Place&nbsp;:"", ""time"": ""SALEM""}, {""city"": ""16/01/2026"", ""landmark"": ""Journey&nbsp;Hours&nbsp;*:"", ""time"": ""7:18""}, {""city"": ""317.00"", ""landmark"": ""Corporation&nbsp;:"", ""time"": ""VILLUPURAM""}, {""city"": ""&nbsp;"", ""landmark"": ""Adult&nbsp;Fare&nbsp;**"", ""time"": ""274""}, {""city"": ""City"", ""landmark"": ""Land&nbsp;Mark&nbsp;"", ""time"": ""Dep.&nbsp;Time&nbsp;""}, {""city"": ""CHENNAI-KILAMBAKKAM-KCBT"", ""landmark"": ""CHENNAI KALAIGNAR CBT"", ""time"": ""13:15""}, {""city"": ""SALEM"", ""landmark"": ""SALEM"", ""time"": ""20:33""}]",2026-01-13T17:54:38.598742
1345KCBSALVV01L,,SETC,CHENNAI,SALEM,,,7.18Hrs,45 Seats Available,Standard,Rs 274,16/01/2026,"[{""city"": ""&nbsp;"", ""landmark"": """", ""time"": ""Service&nbsp;Details""}, {""city"": ""1345KCBSALVV01L"", ""landmark"": ""Route&nbsp;No.&nbsp;:"", ""time"": ""281AW""}, {""city"": ""CHENNAI-KILAMBAKKAM-KCBT"", ""landmark"": ""To&nbsp;Place&nbsp;:"", ""time"": ""SALEM""}, {""city"": ""16/01/2026"", ""landmark"": ""Journey&nbsp;Hours&nbsp;*:"", ""time"": ""7:18""}, {""city"": ""317.00"", ""landmark"": ""Corporation&nbsp;:"", ""time"": ""VILLUPURAM""}, {""city"": ""&nbsp;"", ""landmark"": ""Adult&nbsp;Fare&nbsp;**"", ""time"": ""274""}, {""city"": ""City"", ""landmark"": ""Land&nbsp;Mark&nbsp;"", ""time"": ""Dep.&nbsp;Time&nbsp;""}, {""city"": ""CHENNAI-KILAMBAKKAM-KCBT"", ""landmark"": ""CHENNAI KALAIGNAR CBT"", ""time"": ""13:45""}, {""city"": ""SALEM"", ""landmark"": ""SALEM"", ""time"": ""21:03""}]",2026-01-13T17:54:38.598742
1345KCBSALVV01L,,SETC,CHENNAI,SALEM,,,7.18Hrs,45 Seats Available,Standard,Rs 274,16/01/2026,"[{""city"": ""&nbsp;"", ""landmark"": """", ""time"": ""Service&nbsp;Details""}, {""city"": ""1345KCBSALVV01L"", ""landmark"": ""Route&nbsp;No.&nbsp;:"", ""time"": ""281AW""}, {""city"": ""CHENNAI-KILAMBAKKAM-KCBT"", ""landmark"": ""To&nbsp;Place&nbsp;:"", ""time"": ""SALEM""}, {""city"": ""16/01/2026"", ""landmark"": ""Journey&nbsp;Hours&nbsp;*:"", ""time"": ""7:18""}, {""city"": ""317.00"", ""landmark"": ""Corporation&nbsp;:"", ""time"": ""VILLUPURAM""}, {""city"": ""&nbsp;"", ""landmark"": ""Adult&nbsp;Fare&nbsp;**"", ""time"": ""274""}, {""city"": ""City"", ""landmark"": ""Land&nbsp;Mark&nbsp;"", ""time"": ""Dep.&nbsp;Time&nbsp;""}, {""city"": ""CHENNAI-KILAMBAKKAM-KCBT"", ""landmark"": ""CHENNAI KALAIGNAR CBT"", ""time"": ""13:45""}, {""city"": ""SALEM"", ""landmark"": ""SALEM"", ""time"": ""21:03""}]",2026-01-13T17:54:38.598742
1400KCBSALAB,,SETC,CHENNAI,SALEM,,,6.00Hrs,29 Seats Available,Standard,Rs 410/631,16/01/2026,"[{""city"": ""&nbsp;"", ""landmark"": """", ""time"": ""Service&nbsp;Details""}, {""city"": ""1400KCBSALAB"", ""landmark"": ""Route&nbsp;No.&nbsp;:"", ""time"": ""422AB""}, {""city"": ""CHENNAI-KILAMBAKKAM-KCBT"", ""landmark"": ""To&nbsp;Place&nbsp;:"", ""time"": ""SALEM""}, {""city"": ""16/01/2026"", ""landmark"": ""Journey&nbsp;Hours&nbsp;*:"", ""time"": ""6:00""}, {""city"": ""317.00"", ""landmark"": ""Corporation&nbsp;:"", ""time"": ""SETC""}, {""city"": ""&nbsp;"", ""landmark"": ""Adult&nbsp;Fare&nbsp;**"", ""time"": ""410""}, {""city"": ""City"", ""landmark"": ""Land&nbsp;Mark&nbsp;"", ""time"": ""Dep.&nbsp;Time&nbsp;""}, {""city"": ""CHENNAI-KILAMBAKKAM-KCBT"", ""landmark"": ""CHENNAI KALAIGNAR CBT"", ""time"": ""14:00""}, {""city"": ""CHENNAI-KILAMBAKKAM-KCBT"", ""landmark"": ""GUDUVANCHERY"", ""time"": ""14:05""}, {""city"": ""CHENNAI-KILAMBAKKAM-KCBT"", ""landmark"": ""SRM UNIVERSITY"", ""time"": ""14:15""}, {""city"": ""CHENNAI-KILAMBAKKAM-KCBT"", ""landmark"": ""MARAIMALAI NAGAR BUSSTOP"", ""time"": ""14:25""}, {""city"": ""CHENNAI-KILAMBAKKAM-KCBT"", ""landmark"": ""MAHINDRA CITY"", ""time"": ""14:35""}, {""city"": ""CHENNAI-KILAMBAKKAM-KCBT"", ""landmark"": ""CHENGALPATTU TOLL"", ""time"": ""14:45""}, {""city"": ""CHENNAI-KILAMBAKKAM-KCBT"", ""landmark"": ""CHENGALPATTU BYPASS"", ""time"": ""14:55""}, {""city"": ""CHENNAI-KILAMBAKKAM-KCBT"", ""landmark"": ""MELMARUVATHUR BUS STOP"", ""time"": ""15:20""}, {""city"": ""CHENNAI-KILAMBAKKAM-KCBT"", ""landmark"": ""TINDIVANAM"", ""time"": ""15:45""}, {""city"": ""SALEM"", ""landmark"": ""SALEM"", ""time"": ""20:00""}]",2026-01-13T17:54:38.598742
1400KCBSALAB,,SETC,CHENNAI,SALEM,,,6.00Hrs,29 Seats Available,Standard,Rs 410/631,16/01/2026,"[{""city"": ""&nbsp;"", ""landmark"": """", ""time"": ""Service&nbsp;Details""}, {""city"": ""1400KCBSALAB"", ""landmark"": ""Route&nbsp;No.&nbsp;:"", ""time"": ""422AB""}, {""city"": ""CHENNAI-KILAMBAKKAM-KCBT"", ""landmark"": ""To&nbsp;Place&nbsp;:"", ""time"": ""SALEM""}, {""city"": ""16/01/2026"", ""landmark"": ""Journey&nbsp;Hours&nbsp;*:"", ""time"": ""6:00""}, {""city"": ""317.00"", ""landmark"": ""Corporation&nbsp;:"", ""time"": ""SETC""}, {""city"": ""&nbsp;"", ""landmark"": ""Adult&nbsp;Fare&nbsp;**"", ""time"": ""410""}, {""city"": ""City"", ""landmark"": ""Land&nbsp;Mark&nbsp;"", ""time"": ""Dep.&nbsp;Time&nbsp;""}, {""city"": ""CHENNAI-KILAMBAKKAM-KCBT"", ""landmark"": ""CHENNAI KALAIGNAR CBT"", ""time"": ""14:00""}, {""city"": ""CHENNAI-KILAMBAKKAM-KCBT"", ""landmark"": ""GUDUVANCHERY"", ""time"": ""14:05""}, {""city"": ""CHENNAI-KILAMBAKKAM-KCBT"", ""landmark"": ""SRM UNIVERSITY"", ""time"": ""14:15""}, {""city"": ""CHENNAI-KILAMBAKKAM-KCBT"", ""landmark"": ""MARAIMALAI NAGAR BUSSTOP"", ""time"": ""14:25""}, {""city"": ""CHENNAI-KILAMBAKKAM-KCBT"", ""landmark"": ""MAHINDRA CITY"", ""time"": ""14:35""}, {""city"": ""CHENNAI-KILAMBAKKAM-KCBT"", ""landmark"": ""CHENGALPATTU TOLL"", ""time"": ""14:45""}, {""city"": ""CHENNAI-KILAMBAKKAM-KCBT"", ""landmark"": ""CHENGALPATTU BYPASS"", ""time"": ""14:55""}, {""city"": ""CHENNAI-KILAMBAKKAM-KCBT"", ""landmark"": ""MELMARUVATHUR BUS STOP"", ""time"": ""15:20""}, {""city"": ""CHENNAI-KILAMBAKKAM-KCBT"", ""landmark"": ""TINDIVANAM"", ""time"": ""15:45""}, {""city"": ""SALEM"", ""landmark"": ""SALEM"", ""time"": ""20:00""}]",2026-01-13T17:54:38.598742
1400KCBSALVV01L,,SETC,CHENNAI,SALEM,,,7.18Hrs,45 Seats Available,Standard,Rs 274,16/01/2026,"[{""city"": ""&nbsp;"", ""landmark"": """", ""time"": ""Service&nbsp;Details""}, {""city"": ""1400KCBSALVV01L"", ""landmark"": ""Route&nbsp;No.&nbsp;:"", ""time"": ""281AK""}, {""city"": ""CHENNAI-KILAMBAKKAM-KCBT"", ""landmark"": ""To&nbsp;Place&nbsp;:"", ""time"": ""SALEM""}, {""city"": ""16/01/2026"", ""landmark"": ""Journey&nbsp;Hours&nbsp;*:"", ""time"": ""7:18""}, {""city"": ""317.00"", ""landmark"": ""Corporation&nbsp;:"", ""time"": ""VILLUPURAM""}, {""city"": ""&nbsp;"", ""landmark"": ""Adult&nbsp;Fare&nbsp;**"", ""time"": ""274""}, {""city"": ""City"", ""landmark"": ""Land&nbsp;Mark&nbsp;"", ""time"": ""Dep.&nbsp;Time&nbsp;""}, {""city"": ""CHENNAI-KILAMBAKKAM-KCBT"", ""landmark"": ""CHENNAI KALAIGNAR CBT"", ""time"": ""14:00""}, {""city"": ""SALEM"", ""landmark"": ""SALEM"", ""time"": ""21:18""}]",2026-01-13T17:54:38.598742
1400KCBSALVV01L,,SETC,CHENNAI,SALEM,,,7.18Hrs,45 Seats Available,Standard,Rs 274,16/01/2026,"[{""city"": ""&nbsp;"", ""landmark"": """", ""time"": ""Service&nbsp;Details""}, {""city"": ""1400KCBSALVV01L"", ""landmark"": ""Route&nbsp;No.&nbsp;:"", ""time"": ""281AK""}, {""city"": ""CHENNAI-KILAMBAKKAM-KCBT"", ""landmark"": ""To&nbsp;Place&nbsp;:"", ""time"": ""SALEM""}, {""city"": ""16/01/2026"", ""landmark"": ""Journey&nbsp;Hours&nbsp;*:"", ""time"": ""7:18""}, {""city"": ""317.00"", ""landmark"": ""Corporation&nbsp;:"", ""time"": ""VILLUPURAM""}, {""city"": ""&nbsp;"", ""landmark"": ""Adult&nbsp;Fare&nbsp;**"", ""time"": ""274""}, {""city"": ""City"", ""landmark"": ""Land&nbsp;Mark&nbsp;"", ""time"": ""Dep.&nbsp;Time&nbsp;""}, {""city"": ""CHENNAI-KILAMBAKKAM-KCBT"", ""landmark"": ""CHENNAI KALAIGNAR CBT"", ""time"": ""14:00""}, {""city"": ""SALEM"", ""landmark"": ""SALEM"", ""time"": ""21:18""}]",2026-01-13T17:54:38.598742
1400KCBSALDD02L,,SETC,CHENNAI,SALEM,,,7.00Hrs,45 Seats Available,Standard,Rs 274,16/01/2026,"[{""city"": ""&nbsp;"", ""landmark"": """", ""time"": ""Service&nbsp;Details""}, {""city"": ""1400KCBSALDD02L"", ""landmark"": ""Route&nbsp;No.&nbsp;:"", ""time"": ""175O""}, {""city"": ""CHENNAI-KILAMBAKKAM-KCBT"", ""landmark"": ""To&nbsp;Place&nbsp;:"", ""time"": ""SALEM""}, {""city"": ""16/01/2026"", ""landmark"": ""Journey&nbsp;Hours&nbsp;*:"", ""time"": ""7:00""}, {""city"": ""317.00"", ""landmark"": ""Corporation&nbsp;:"", ""time"": ""SALEM""}, {""city"": ""&nbsp;"", ""landmark"": ""Adult&nbsp;Fare&nbsp;**"", ""time"": ""274""}, {""city"": ""City"", ""landmark"": ""Land&nbsp;Mark&nbsp;"", ""time"": ""Dep.&nbsp;Time&nbsp;""}, {""city"": ""CHENNAI-KILAMBAKKAM-KCBT"", ""landmark"": ""CHENNAI KALAIGNAR CBT"", ""time"": ""14:00""}, {""city"": ""SALEM"", ""landmark"": ""SALEM"", ""time"": ""21:00""}]",2026-01-13T17:54:38.598742
1400KCBSALDD02L,,SETC,CHENNAI,SALEM,,,7.00Hrs,45 Seats Available,Standard,Rs 274,16/01/2026,"[{""city"": ""&nbsp;"", ""landmark"": """", ""time"": ""Service&nbsp;Details""}, {""city"": ""1400KCBSALDD02L"", ""landmark"": ""Route&nbsp;No.&nbsp;:"", ""time"": ""175O""}, {""city"": ""CHENNAI-KILAMBAKKAM-KCBT"", ""landmark"": ""To&nbsp;Place&nbsp;:"", ""time"": ""SALEM""}, {""city"": ""16/01/2026"", ""landmark"": ""Journey&nbsp;Hours&nbsp;*:"", ""time"": ""7:00""}, {""city"": ""317.00"", ""landmark"": ""Corporation&nbsp;:"", ""time"": ""SALEM""}, {""city"": ""&nbsp;"", ""landmark"": ""Adult&nbsp;Fare&nbsp;**"", ""time"": ""274""}, {""city"": ""City"", ""landmark"": ""Land&nbsp;Mark&nbsp;"", ""time"": ""Dep.&nbsp;Time&nbsp;""}, {""city"": ""CHENNAI-KILAMBAKKAM-KCBT"", ""landmark"": ""CHENNAI KALAIGNAR CBT"", ""time"": ""14:00""}, {""city"": ""SALEM"", ""landmark"": ""SALEM"", ""time"": ""21:00""}]",2026-01-13T17:54:38.598742
1415KCBSALDD02L,,SETC,CHENNAI,SALEM,,,7.00Hrs,45 Seats Available,Standard,Rs 274,16/01/2026,"[{""city"": ""&nbsp;"", ""landmark"": """", ""time"": ""Service&nbsp;Details""}, {""city"": ""1415KCBSALDD02L"", ""landmark"": ""Route&nbsp;No.&nbsp;:"", ""time"": ""175V""}, {""city"": ""CHENNAI-KILAMBAKKAM-KCBT"", ""landmark"": ""To&nbsp;Place&nbsp;:"", ""time"": ""SALEM""}, {""city"": ""16/01/2026"", ""landmark"": ""Journey&nbsp;Hours&nbsp;*:"", ""time"": ""7:00""}, {""city"": ""317.00"", ""landmark"": ""Corporation&nbsp;:"", ""time"": ""SALEM""}, {""city"": ""&nbsp;"", ""landmark"": ""Adult&nbsp;Fare&nbsp;**"", ""time"": ""274""}, {""city"": ""City"", ""landmark"": ""Land&nbsp;Mark&nbsp;"", ""time"": ""Dep.&nbsp;Time&nbsp;""}, {""city"": ""CHENNAI-KILAMBAKKAM-KCBT"", ""landmark"": ""CHENNAI KALAIGNAR CBT"", ""time"": ""14:15""}, {""city"": ""SALEM"", ""landmark"": ""SALEM"", ""time"": ""21:15""}]",2026-01-13T17:54:38.598742
1415KCBSALDD02L,,SETC,CHENNAI,SALEM,,,7.00Hrs,45 Seats Available,Standard,Rs 274,16/01/2026,"[{""city"": ""&nbsp;"", ""landmark"": """", ""time"": ""Service&nbsp;Details""}, {""city"": ""1415KCBSALDD02L"", ""landmark"": ""Route&nbsp;No.&nbsp;:"", ""time"": ""175V""}, {""city"": ""CHENNAI-KILAMBAKKAM-KCBT"", ""landmark"": ""To&nbsp;Place&nbsp;:"", ""time"": ""SALEM""}, {""city"": ""16/01/2026"", ""landmark"": ""Journey&nbsp;Hours&nbsp;*:"", ""time"": ""7:00""}, {""city"": ""317.00"", ""landmark"": ""Corporation&nbsp;:"", ""time"": ""SALEM""}, {""city"": ""&nbsp;"", ""landmark"": ""Adult&nbsp;Fare&nbsp;**"", ""time"": ""274""}, {""city"": ""City"", ""landmark"": ""Land&nbsp;Mark&nbsp;"", ""time"": ""Dep.&nbsp;Time&nbsp;""}, {""city"": ""CHENNAI-KILAMBAKKAM-KCBT"", ""landmark"": ""CHENNAI KALAIGNAR CBT"", ""time"": ""14:15""}, {""city"": ""SALEM"", ""landmark"": ""SALEM"", ""time"": ""21:15""}]",2026-01-13T17:54:38.598742
1500KCBSALVV01L,,SETC,CHENNAI,SALEM,,,7.00Hrs,45 Seats Available,Standard,Rs 274,16/01/2026,"[{""city"": ""&nbsp;"", ""landmark"": """", ""time"": ""Service&nbsp;Details""}, {""city"": ""1500KCBSALVV01L"", ""landmark"": ""Route&nbsp;No.&nbsp;:"", ""time"": ""281G""}, {""city"": ""CHENNAI-KILAMBAKKAM-KCBT"", ""landmark"": ""To&nbsp;Place&nbsp;:"", ""time"": ""SALEM""}, {""city"": ""16/01/2026"", ""landmark"": ""Journey&nbsp;Hours&nbsp;*:"", ""time"": ""7:00""}, {""city"": ""317.00"", ""landmark"": ""Corporation&nbsp;:"", ""time"": ""VILLUPURAM""}, {""city"": ""&nbsp;"", ""landmark"": ""Adult&nbsp;Fare&nbsp;**"", ""time"": ""274""}, {""city"": ""City"", ""landmark"": ""Land&nbsp;Mark&nbsp;"", ""time"": ""Dep.&nbsp;Time&nbsp;""}, {""city"": ""CHENNAI-KILAMBAKKAM-KCBT"", ""landmark"": ""CHENNAI KALAIGNAR CBT"", ""time"": ""15:00""}, {""city"": ""SALEM"", ""landmark"": ""SALEM"", ""time"": ""22:00""}]",2026-01-13T17:54:38.598742
1500KCBSALVV01L,,SETC,CHENNAI,SALEM,,,7.00Hrs,45 Seats Available,Standard,Rs 274,16/01/2026,"[{""city"": ""&nbsp;"", ""landmark"": """", ""time"": ""Service&nbsp;Details""}, {""city"": ""1500KCBSALVV01L"", ""landmark"": ""Route&nbsp;No.&nbsp;:"", ""time"": ""281G""}, {""city"": ""CHENNAI-KILAMBAKKAM-KCBT"", ""landmark"": ""To&nbsp;Place&nbsp;:"", ""time"": ""SALEM""}, {""city"": ""16/01/2026"", ""landmark"": ""Journey&nbsp;Hours&nbsp;*:"", ""time"": ""7:00""}, {""city"": ""317.00"", ""landmark"": ""Corporation&nbsp;:"", ""time"": ""VILLUPURAM""}, {""city"": ""&nbsp;"", ""landmark"": ""Adult&nbsp;Fare&nbsp;**"", ""time"": ""274""}, {""city"": ""City"", ""landmark"": ""Land&nbsp;Mark&nbsp;"", ""time"": ""Dep.&nbsp;Time&nbsp;""}, {""city"": ""CHENNAI-KILAMBAKKAM-KCBT"", ""landmark"": ""CHENNAI KALAIGNAR CBT"", ""time"": ""15:00""}, {""city"": ""SALEM"", ""landmark"": ""SALEM"", ""time"": ""22:00""}]",2026-01-13T17:54:38.598742
1530KCBSALVV01L,,SETC,CHENNAI,SALEM,,,7.18Hrs,,Standard,Rs 274,16/01/2026,"[{""city"": ""&nbsp;"", ""landmark"": """", ""time"": ""Service&nbsp;Details""}, {""city"": ""1530KCBSALVV01L"", ""landmark"": ""Route&nbsp;No.&nbsp;:"", ""time"": ""281AT""}, {""city"": ""CHENNAI-KILAMBAKKAM-KCBT"", ""landmark"": ""To&nbsp;Place&nbsp;:"", ""time"": ""SALEM""}, {""city"": ""16/01/2026"", ""landmark"": ""Journey&nbsp;Hours&nbsp;*:"", ""time"": ""7:18""}, {""city"": ""317.00"", ""landmark"": ""Corporation&nbsp;:"", ""time"": ""VILLUPURAM""}, {""city"": ""&nbsp;"", ""landmark"": ""Adult&nbsp;Fare&nbsp;**"", ""time"": ""274""}, {""city"": ""City"", ""landmark"": ""Land&nbsp;Mark&nbsp;"", ""time"": ""Dep.&nbsp;Time&nbsp;""}, {""city"": ""CHENNAI-KILAMBAKKAM-KCBT"", ""landmark"": ""CHENNAI KALAIGNAR CBT"", ""time"": ""15:30""}, {""city"": ""SALEM"", ""landmark"": ""SALEM"", ""time"": ""22:48""}]",2026-01-13T17:54:38.598742
1530KCBSALVV01L,,SETC,CHENNAI,SALEM,,,7.18Hrs,,Standard,Rs 274,16/01/2026,"[{""city"": ""&nbsp;"", ""landmark"": """", ""time"": ""Service&nbsp;Details""}, {""city"": ""1530KCBSALVV01L"", ""landmark"": ""Route&nbsp;No.&nbsp;:"", ""time"": ""281AT""}, {""city"": ""CHENNAI-KILAMBAKKAM-KCBT"", ""landmark"": ""To&nbsp;Place&nbsp;:"", ""time"": ""SALEM""}, {""city"": ""16/01/2026"", ""landmark"": ""Journey&nbsp;Hours&nbsp;*:"", ""time"": ""7:18""}, {""city"": ""317.00"", ""landmark"": ""Corporation&nbsp;:"", ""time"": ""VILLUPURAM""}, {""city"": ""&nbsp;"", ""landmark"": ""Adult&nbsp;Fare&nbsp;**"", ""time"": ""274""}, {""city"": ""City"", ""landmark"": ""Land&nbsp;Mark&nbsp;"", ""time"": ""Dep.&nbsp;Time&nbsp;""}, {""city"": ""CHENNAI-KILAMBAKKAM-KCBT"", ""landmark"": ""CHENNAI KALAIGNAR CBT"", ""time"": ""15:30""}, {""city"": ""SALEM"", ""landmark"": ""SALEM"", ""time"": ""22:48""}]",2026-01-13T17:54:38.598742
1545KCBSALVV01L,,SETC,CHENNAI,SALEM,,,7.18Hrs,45 Seats Available,Standard,Rs 274,16/01/2026,"[{""city"": ""&nbsp;"", ""landmark"": """", ""time"": ""Service&nbsp;Details""}, {""city"": ""1545KCBSALVV01L"", ""landmark"": ""Route&nbsp;No.&nbsp;:"", ""time"": ""281M""}, {""city"": ""CHENNAI-KILAMBAKKAM-KCBT"", ""landmark"": ""To&nbsp;Place&nbsp;:"", ""time"": ""SALEM""}, {""city"": ""16/01/2026"", ""landmark"": ""Journey&nbsp;Hours&nbsp;*:"", ""time"": ""7:18""}, {""city"": ""317.00"", ""landmark"": ""Corporation&nbsp;:"", ""time"": ""VILLUPURAM""}, {""city"": ""&nbsp;"", ""landmark"": ""Adult&nbsp;Fare&nbsp;**"", ""time"": ""274""}, {""city"": ""City"", ""landmark"": ""Land&nbsp;Mark&nbsp;"", ""time"": ""Dep.&nbsp;Time&nbsp;""}, {""city"": ""CHENNAI-KILAMBAKKAM-KCBT"", ""landmark"": ""CHENNAI KALAIGNAR CBT"", ""time"": ""15:45""}, {""city"": ""SALEM"", ""landmark"": ""SALEM"", ""time"": ""23:03""}]",2026-01-13T17:54:38.598742
1545KCBSALVV01L,,SETC,CHENNAI,SALEM,,,7.18Hrs,45 Seats Available,Standard,Rs 274,16/01/2026,"[{""city"": ""&nbsp;"", ""landmark"": """", ""time"": ""Service&nbsp;Details""}, {""city"": ""1545KCBSALVV01L"", ""landmark"": ""Route&nbsp;No.&nbsp;:"", ""time"": ""281M""}, {""city"": ""CHENNAI-KILAMBAKKAM-KCBT"", ""landmark"": ""To&nbsp;Place&nbsp;:"", ""time"": ""SALEM""}, {""city"": ""16/01/2026"", ""landmark"": ""Journey&nbsp;Hours&nbsp;*:"", ""time"": ""7:18""}, {""city"": ""317.00"", ""landmark"": ""Corporation&nbsp;:"", ""time"": ""VILLUPURAM""}, {""city"": ""&nbsp;"", ""landmark"": ""Adult&nbsp;Fare&nbsp;**"", ""time"": ""274""}, {""city"": ""City"", ""landmark"": ""Land&nbsp;Mark&nbsp;"", ""time"": ""Dep.&nbsp;Time&nbsp;""}, {""city"": ""CHENNAI-KILAMBAKKAM-KCBT"", ""landmark"": ""CHENNAI KALAIGNAR CBT"", ""time"": ""15:45""}, {""city"": ""SALEM"", ""landmark"": ""SALEM"", ""time"": ""23:03""}]",2026-01-13T17:54:38.598742
1615KCBSALDD02L,,SETC,CHENNAI,SALEM,,,7.00Hrs,44 Seats Available,Standard,Rs 274,16/01/2026,"[{""city"": ""&nbsp;"", ""landmark"": """", ""time"": ""Service&nbsp;Details""}, {""city"": ""1615KCBSALDD02L"", ""landmark"": ""Route&nbsp;No.&nbsp;:"", ""time"": ""175D""}, {""city"": ""CHENNAI-KILAMBAKKAM-KCBT"", ""landmark"": ""To&nbsp;Place&nbsp;:"", ""time"": ""SALEM""}, {""city"": ""16/01/2026"", ""landmark"": ""Journey&nbsp;Hours&nbsp;*:"", ""time"": ""7:00""}, {""city"": ""317.00"", ""landmark"": ""Corporation&nbsp;:"", ""time"": ""SALEM""}, {""city"": ""&nbsp;"", ""landmark"": ""Adult&nbsp;Fare&nbsp;**"", ""time"": ""274""}, {""city"": ""City"", ""landmark"": ""Land&nbsp;Mark&nbsp;"", ""time"": ""Dep.&nbsp;Time&nbsp;""}, {""city"": ""CHENNAI-KILAMBAKKAM-KCBT"", ""landmark"": ""CHENNAI KALAIGNAR CBT"", ""time"": ""16:15""}, {""city"": ""SALEM"", ""landmark"": ""SALEM"", ""time"": ""23:15""}]",2026-01-13T17:54:38.598742
1615KCBSALDD02L,,SETC,CHENNAI,SALEM,,,7.00Hrs,44 Seats Available,Standard,Rs 274,16/01/2026,"[{""city"": ""&nbsp;"", ""landmark"": """", ""time"": ""Service&nbsp;Details""}, {""city"": ""1615KCBSALDD02L"", ""landmark"": ""Route&nbsp;No.&nbsp;:"", ""time"": ""175D""}, {""city"": ""CHENNAI-KILAMBAKKAM-KCBT"", ""landmark"": ""To&nbsp;Place&nbsp;:"", ""time"": ""SALEM""}, {""city"": ""16/01/2026"", ""landmark"": ""Journey&nbsp;Hours&nbsp;*:"", ""time"": ""7:00""}, {""city"": ""317.00"", ""landmark"": ""Corporation&nbsp;:"", ""time"": ""SALEM""}, {""city"": ""&nbsp;"", ""landmark"": ""Adult&nbsp;Fare&nbsp;**"", ""time"": ""274""}, {""city"": ""City"", ""landmark"": ""Land&nbsp;Mark&nbsp;"", ""time"": ""Dep.&nbsp;Time&nbsp;""}, {""city"": ""CHENNAI-KILAMBAKKAM-KCBT"", ""landmark"": ""CHENNAI KALAIGNAR CBT"", ""time"": ""16:15""}, {""city"": ""SALEM"", ""landmark"": ""SALEM"", ""time"": ""23:15""}]",2026-01-13T17:54:38.598742
1630KCBSALVV01L,,SETC,CHENNAI,SALEM,,,7.00Hrs,45 Seats Available,Standard,Rs 274,16/01/2026,"[{""city"": ""&nbsp;"", ""landmark"": """", ""time"": ""Service&nbsp;Details""}, {""city"": ""1630KCBSALVV01L"", ""landmark"": ""Route&nbsp;No.&nbsp;:"", ""time"": ""281K""}, {""city"": ""CHENNAI-KILAMBAKKAM-KCBT"", ""landmark"": ""To&nbsp;Place&nbsp;:"", ""time"": ""SALEM""}, {""city"": ""16/01/2026"", ""landmark"": ""Journey&nbsp;Hours&nbsp;*:"", ""time"": ""7:00""}, {""city"": ""317.00"", ""landmark"": ""Corporation&nbsp;:"", ""time"": ""VILLUPURAM""}, {""city"": ""&nbsp;"", ""landmark"": ""Adult&nbsp;Fare&nbsp;**"", ""time"": ""274""}, {""city"": ""City"", ""landmark"": ""Land&nbsp;Mark&nbsp;"", ""time"": ""Dep.&nbsp;Time&nbsp;""}, {""city"": ""CHENNAI-KILAMBAKKAM-KCBT"", ""landmark"": ""CHENNAI KALAIGNAR CBT"", ""time"": ""16:30""}, {""city"": ""SALEM"", ""landmark"": ""SALEM"", ""time"": ""23:30""}]",2026-01-13T17:54:38.598742
1630KCBSALVV01L,,SETC,CHENNAI,SALEM,,,7.00Hrs,45 Seats Available,Standard,Rs 274,16/01/2026,"[{""city"": ""&nbsp;"", ""landmark"": """", ""time"": ""Service&nbsp;Details""}, {""city"": ""1630KCBSALVV01L"", ""landmark"": ""Route&nbsp;No.&nbsp;:"", ""time"": ""281K""}, {""city"": ""CHENNAI-KILAMBAKKAM-KCBT"", ""landmark"": ""To&nbsp;Place&nbsp;:"", ""time"": ""SALEM""}, {""city"": ""16/01/2026"", ""landmark"": ""Journey&nbsp;Hours&nbsp;*:"", ""time"": ""7:00""}, {""city"": ""317.00"", ""landmark"": ""Corporation&nbsp;:"", ""time"": ""VILLUPURAM""}, {""city"": ""&nbsp;"", ""landmark"": ""Adult&nbsp;Fare&nbsp;**"", ""time"": ""274""}, {""city"": ""City"", ""landmark"": ""Land&nbsp;Mark&nbsp;"", ""time"": ""Dep.&nbsp;Time&nbsp;""}, {""city"": ""CHENNAI-KILAMBAKKAM-KCBT"", ""landmark"": ""CHENNAI KALAIGNAR CBT"", ""time"": ""16:30""}, {""city"": ""SALEM"", ""landmark"": ""SALEM"", ""time"": ""23:30""}]",2026-01-13T17:54:38.598742
1700KCBSALVV01L,,SETC,CHENNAI,SALEM,,,7.18Hrs,45 Seats Available,Standard,Rs 274,16/01/2026,"[{""city"": ""&nbsp;"", ""landmark"": """", ""time"": ""Service&nbsp;Details""}, {""city"": ""1700KCBSALVV01L"", ""landmark"": ""Route&nbsp;No.&nbsp;:"", ""time"": ""281M""}, {""city"": ""CHENNAI-KILAMBAKKAM-KCBT"", ""landmark"": ""To&nbsp;Place&nbsp;:"", ""time"": ""SALEM""}, {""city"": ""16/01/2026"", ""landmark"": ""Journey&nbsp;Hours&nbsp;*:"", ""time"": ""7:18""}, {""city"": ""317.00"", ""landmark"": ""Corporation&nbsp;:"", ""time"": ""VILLUPURAM""}, {""city"": ""&nbsp;"", ""landmark"": ""Adult&nbsp;Fare&nbsp;**"", ""time"": ""274""}, {""city"": ""City"", ""landmark"": ""Land&nbsp;Mark&nbsp;"", ""time"": ""Dep.&nbsp;Time&nbsp;""}, {""city"": ""CHENNAI-KILAMBAKKAM-KCBT"", ""landmark"": ""CHENNAI KALAIGNAR CBT"", ""time"": ""17:00""}, {""city"": ""SALEM"", ""landmark"": ""SALEM"", ""time"": ""00:18""}]",2026-01-13T17:54:38.598742
1700KCBSALVV01L,,SETC,CHENNAI,SALEM,,,7.18Hrs,45 Seats Available,Standard,Rs 274,16/01/2026,"[{""city"": ""&nbsp;"", ""landmark"": """", ""time"": ""Service&nbsp;Details""}, {""city"": ""1700KCBSALVV01L"", ""landmark"": ""Route&nbsp;No.&nbsp;:"", ""time"": ""281M""}, {""city"": ""CHENNAI-KILAMBAKKAM-KCBT"", ""landmark"": ""To&nbsp;Place&nbsp;:"", ""time"": ""SALEM""}, {""city"": ""16/01/2026"", ""landmark"": ""Journey&nbsp;Hours&nbsp;*:"", ""time"": ""7:18""}, {""city"": ""317.00"", ""landmark"": ""Corporation&nbsp;:"", ""time"": ""VILLUPURAM""}, {""city"": ""&nbsp;"", ""landmark"": ""Adult&nbsp;Fare&nbsp;**"", ""time"": ""274""}, {""city"": ""City"", ""landmark"": ""Land&nbsp;Mark&nbsp;"", ""time"": ""Dep.&nbsp;Time&nbsp;""}, {""city"": ""CHENNAI-KILAMBAKKAM-KCBT"", ""landmark"": ""CHENNAI KALAIGNAR CBT"", ""time"": ""17:00""}, {""city"": ""SALEM"", ""landmark"": ""SALEM"", ""time"": ""00:18""}]",2026-01-13T17:54:38.598742
1730KCBSALVV01L,,SETC,CHENNAI,SALEM,,,7.18Hrs,44 Seats Available,Standard,Rs 274,16/01/2026,"[{""city"": ""&nbsp;"", ""landmark"": """", ""time"": ""Service&nbsp;Details""}, {""city"": ""1730KCBSALVV01L"", ""landmark"": ""Route&nbsp;No.&nbsp;:"", ""time"": ""281AN""}, {""city"": ""CHENNAI-KILAMBAKKAM-KCBT"", ""landmark"": ""To&nbsp;Place&nbsp;:"", ""time"": ""SALEM""}, {""city"": ""16/01/2026"", ""landmark"": ""Journey&nbsp;Hours&nbsp;*:"", ""time"": ""7:18""}, {""city"": ""317.00"", ""landmark"": ""Corporation&nbsp;:"", ""time"": ""VILLUPURAM""}, {""city"": ""&nbsp;"", ""landmark"": ""Adult&nbsp;Fare&nbsp;**"", ""time"": ""274""}, {""city"": ""City"", ""landmark"": ""Land&nbsp;Mark&nbsp;"", ""time"": ""Dep.&nbsp;Time&nbsp;""}, {""city"": ""CHENNAI-KILAMBAKKAM-KCBT"", ""landmark"": ""CHENNAI KALAIGNAR CBT"", ""time"": ""17:30""}, {""city"": ""SALEM"", ""landmark"": ""SALEM"", ""time"": ""00:48""}]",2026-01-13T17:54:38.598742
1730KCBSALVV01L,,SETC,CHENNAI,SALEM,,,7.18Hrs,44 Seats Available,Standard,Rs 274,16/01/2026,"[{""city"": ""&nbsp;"", ""landmark"": """", ""time"": ""Service&nbsp;Details""}, {""city"": ""1730KCBSALVV01L"", ""landmark"": ""Route&nbsp;No.&nbsp;:"", ""time"": ""281AN""}, {""city"": ""CHENNAI-KILAMBAKKAM-KCBT"", ""landmark"": ""To&nbsp;Place&nbsp;:"", ""time"": ""SALEM""}, {""city"": ""16/01/2026"", ""landmark"": ""Journey&nbsp;Hours&nbsp;*:"", ""time"": ""7:18""}, {""city"": ""317.00"", ""landmark"": ""Corporation&nbsp;:"", ""time"": ""VILLUPURAM""}, {""city"": ""&nbsp;"", ""landmark"": ""Adult&nbsp;Fare&nbsp;**"", ""time"": ""274""}, {""city"": ""City"", ""landmark"": ""Land&nbsp;Mark&nbsp;"", ""time"": ""Dep.&nbsp;Time&nbsp;""}, {""city"": ""CHENNAI-KILAMBAKKAM-KCBT"", ""landmark"": ""CHENNAI KALAIGNAR CBT"", ""time"": ""17:30""}, {""city"": ""SALEM"", ""landmark"": ""SALEM"", ""time"": ""00:48""}]",2026-01-13T17:54:38.598742
1745KCBSALDD01L,,SETC,CHENNAI,SALEM,,,7.00Hrs,45 Seats Available,Standard,Rs 274,16/01/2026,"[{""city"": ""&nbsp;"", ""landmark"": """", ""time"": ""Service&nbsp;Details""}, {""city"": ""1745KCBSALDD01L"", ""landmark"": ""Route&nbsp;No.&nbsp;:"", ""time"": ""175D""}, {""city"": ""CHENNAI-KILAMBAKKAM-KCBT"", ""landmark"": ""To&nbsp;Place&nbsp;:"", ""time"": ""SALEM""}, {""city"": ""16/01/2026"", ""landmark"": ""Journey&nbsp;Hours&nbsp;*:"", ""time"": ""7:00""}, {""city"": ""317.00"", ""landmark"": ""Corporation&nbsp;:"", ""time"": ""SALEM""}, {""city"": ""&nbsp;"", ""landmark"": ""Adult&nbsp;Fare&nbsp;**"", ""time"": ""274""}, {""city"": ""City"", ""landmark"": ""Land&nbsp;Mark&nbsp;"", ""time"": ""Dep.&nbsp;Time&nbsp;""}, {""city"": ""CHENNAI-KILAMBAKKAM-KCBT"", ""landmark"": ""CHENNAI KALAIGNAR CBT"", ""time"": ""17:45""}, {""city"": ""SALEM"", ""landmark"": ""SALEM"", ""time"": ""00:45""}]",2026-01-13T17:54:38.598742
1745KCBSALDD01L,,SETC,CHENNAI,SALEM,,,7.00Hrs,45 Seats Available,Standard,Rs 274,16/01/2026,"[{""city"": ""&nbsp;"", ""landmark"": """", ""time"": ""Service&nbsp;Details""}, {""city"": ""1745KCBSALDD01L"", ""landmark"": ""Route&nbsp;No.&nbsp;:"", ""time"": ""175D""}, {""city"": ""CHENNAI-KILAMBAKKAM-KCBT"", ""landmark"": ""To&nbsp;Place&nbsp;:"", ""time"": ""SALEM""}, {""city"": ""16/01/2026"", ""landmark"": ""Journey&nbsp;Hours&nbsp;*:"", ""time"": ""7:00""}, {""city"": ""317.00"", ""landmark"": ""Corporation&nbsp;:"", ""time"": ""SALEM""}, {""city"": ""&nbsp;"", ""landmark"": ""Adult&nbsp;Fare&nbsp;**"", ""time"": ""274""}, {""city"": ""City"", ""landmark"": ""Land&nbsp;Mark&nbsp;"", ""time"": ""Dep.&nbsp;Time&nbsp;""}, {""city"": ""CHENNAI-KILAMBAKKAM-KCBT"", ""landmark"": ""CHENNAI KALAIGNAR CBT"", ""time"": ""17:45""}, {""city"": ""SALEM"", ""landmark"": ""SALEM"", ""time"": ""00:45""}]",2026-01-13T17:54:38.598742
1800KCBSALDD01L,,SETC,CHENNAI,SALEM,,,7.00Hrs,45 Seats Available,Standard,Rs 274,16/01/2026,"[{""city"": ""&nbsp;"", ""landmark"": """", ""time"": ""Service&nbsp;Details""}, {""city"": ""1800KCBSALDD01L"", ""landmark"": ""Route&nbsp;No.&nbsp;:"", ""time"": ""175Q""}, {""city"": ""CHENNAI-KILAMBAKKAM-KCBT"", ""landmark"": ""To&nbsp;Place&nbsp;:"", ""time"": ""SALEM""}, {""city"": ""16/01/2026"", ""landmark"": ""Journey&nbsp;Hours&nbsp;*:"", ""time"": ""7:00""}, {""city"": ""317.00"", ""landmark"": ""Corporation&nbsp;:"", ""time"": ""SALEM""}, {""city"": ""&nbsp;"", ""landmark"": ""Adult&nbsp;Fare&nbsp;**"", ""time"": ""274""}, {""city"": ""City"", ""landmark"": ""Land&nbsp;Mark&nbsp;"", ""time"": ""Dep.&nbsp;Time&nbsp;""}, {""city"": ""CHENNAI-KILAMBAKKAM-KCBT"", ""landmark"": ""CHENNAI KALAIGNAR CBT"", ""time"": ""18:00""}, {""city"": ""SALEM"", ""landmark"": ""SALEM"", ""time"": ""01:00""}]",2026-01-13T17:54:38.598742
1800KCBSALDD01L,,SETC,CHENNAI,SALEM,,,7.00Hrs,45 Seats Available,Standard,Rs 274,16/01/2026,"[{""city"": ""&nbsp;"", ""landmark"": """", ""time"": ""Service&nbsp;Details""}, {""city"": ""1800KCBSALDD01L"", ""landmark"": ""Route&nbsp;No.&nbsp;:"", ""time"": ""175Q""}, {""city"": ""CHENNAI-KILAMBAKKAM-KCBT"", ""landmark"": ""To&nbsp;Place&nbsp;:"", ""time"": ""SALEM""}, {""city"": ""16/01/2026"", ""landmark"": ""Journey&nbsp;Hours&nbsp;*:"", ""time"": ""7:00""}, {""city"": ""317.00"", ""landmark"": ""Corporation&nbsp;:"", ""time"": ""SALEM""}, {""city"": ""&nbsp;"", ""landmark"": ""Adult&nbsp;Fare&nbsp;**"", ""time"": ""274""}, {""city"": ""City"", ""landmark"": ""Land&nbsp;Mark&nbsp;"", ""time"": ""Dep.&nbsp;Time&nbsp;""}, {""city"": ""CHENNAI-KILAMBAKKAM-KCBT"", ""landmark"": ""CHENNAI KALAIGNAR CBT"", ""time"": ""18:00""}, {""city"": ""SALEM"", ""landmark"": ""SALEM"", ""time"": ""01:00""}]",2026-01-13T17:54:38.598742
1815KCBSALDD01L,,SETC,CHENNAI,SALEM,,,7.00Hrs,45 Seats Available,Standard,Rs 274,16/01/2026,"[{""city"": ""&nbsp;"", ""landmark"": """", ""time"": ""Service&nbsp;Details""}, {""city"": ""1815KCBSALDD01L"", ""landmark"": ""Route&nbsp;No.&nbsp;:"", ""time"": ""969A""}, {""city"": ""CHENNAI-KILAMBAKKAM-KCBT"", ""landmark"": ""To&nbsp;Place&nbsp;:"", ""time"": ""SALEM""}, {""city"": ""16/01/2026"", ""landmark"": ""Journey&nbsp;Hours&nbsp;*:"", ""time"": ""7:00""}, {""city"": ""317.00"", ""landmark"": ""Corporation&nbsp;:"", ""time"": ""SALEM""}, {""city"": ""&nbsp;"", ""landmark"": ""Adult&nbsp;Fare&nbsp;**"", ""time"": ""274""}, {""city"": ""City"", ""landmark"": ""Land&nbsp;Mark&nbsp;"", ""time"": ""Dep.&nbsp;Time&nbsp;""}, {""city"": ""CHENNAI-KILAMBAKKAM-KCBT"", ""landmark"": ""CHENNAI KALAIGNAR CBT"", ""time"": ""18:15""}, {""city"": ""SALEM"", ""landmark"": ""SALEM"", ""time"": ""01:15""}]",2026-01-13T17:54:38.598742
1815KCBSALDD01L,,SETC,CHENNAI,SALEM,,,7.00Hrs,45 Seats Available,Standard,Rs 274,16/01/2026,"[{""city"": ""&nbsp;"", ""landmark"": """", ""time"": ""Service&nbsp;Details""}, {""city"": ""1815KCBSALDD01L"", ""landmark"": ""Route&nbsp;No.&nbsp;:"", ""time"": ""969A""}, {""city"": ""CHENNAI-KILAMBAKKAM-KCBT"", ""landmark"": ""To&nbsp;Place&nbsp;:"", ""time"": ""SALEM""}, {""city"": ""16/01/2026"", ""landmark"": ""Journey&nbsp;Hours&nbsp;*:"", ""time"": ""7:00""}, {""city"": ""317.00"", ""landmark"": ""Corporation&nbsp;:"", ""time"": ""SALEM""}, {""city"": ""&nbsp;"", ""landmark"": ""Adult&nbsp;Fare&nbsp;**"", ""time"": ""274""}, {""city"": ""City"", ""landmark"": ""Land&nbsp;Mark&nbsp;"", ""time"": ""Dep.&nbsp;Time&nbsp;""}, {""city"": ""CHENNAI-KILAMBAKKAM-KCBT"", ""landmark"": ""CHENNAI KALAIGNAR CBT"", ""time"": ""18:15""}, {""city"": ""SALEM"", ""landmark"": ""SALEM"", ""time"": ""01:15""}]",2026-01-13T17:54:38.598742
1845KCBSALDD01L,,SETC,CHENNAI,SALEM,,,7.00Hrs,45 Seats Available,Standard,Rs 274,16/01/2026,"[{""city"": ""&nbsp;"", ""landmark"": """", ""time"": ""Service&nbsp;Details""}, {""city"": ""1845KCBSALDD01L"", ""landmark"": ""Route&nbsp;No.&nbsp;:"", ""time"": ""875B""}, {""city"": ""CHENNAI-KILAMBAKKAM-KCBT"", ""landmark"": ""To&nbsp;Place&nbsp;:"", ""time"": ""SALEM""}, {""city"": ""16/01/2026"", ""landmark"": ""Journey&nbsp;Hours&nbsp;*:"", ""time"": ""7:00""}, {""city"": ""317.00"", ""landmark"": ""Corporation&nbsp;:"", ""time"": ""SALEM""}, {""city"": ""&nbsp;"", ""landmark"": ""Adult&nbsp;Fare&nbsp;**"", ""time"": ""274""}, {""city"": ""City"", ""landmark"": ""Land&nbsp;Mark&nbsp;"", ""time"": ""Dep.&nbsp;Time&nbsp;""}, {""city"": ""CHENNAI-KILAMBAKKAM-KCBT"", ""landmark"": ""CHENNAI KALAIGNAR CBT"", ""time"": ""18:45""}, {""city"": ""SALEM"", ""landmark"": ""SALEM"", ""time"": ""01:45""}]",2026-01-13T17:54:38.598742
1845KCBSALDD01L,,SETC,CHENNAI,SALEM,,,7.00Hrs,45 Seats Available,Standard,Rs 274,16/01/2026,"[{""city"": ""&nbsp;"", ""landmark"": """", ""time"": ""Service&nbsp;Details""}, {""city"": ""1845KCBSALDD01L"", ""landmark"": ""Route&nbsp;No.&nbsp;:"", ""time"": ""875B""}, {""city"": ""CHENNAI-KILAMBAKKAM-KCBT"", ""landmark"": ""To&nbsp;Place&nbsp;:"", ""time"": ""SALEM""}, {""city"": ""16/01/2026"", ""landmark"": ""Journey&nbsp;Hours&nbsp;*:"", ""time"": ""7:00""}, {""city"": ""317.00"", ""landmark"": ""Corporation&nbsp;:"", ""time"": ""SALEM""}, {""city"": ""&nbsp;"", ""landmark"": ""Adult&nbsp;Fare&nbsp;**"", ""time"": ""274""}, {""city"": ""City"", ""landmark"": ""Land&nbsp;Mark&nbsp;"", ""time"": ""Dep.&nbsp;Time&nbsp;""}, {""city"": ""CHENNAI-KILAMBAKKAM-KCBT"", ""landmark"": ""CHENNAI KALAIGNAR CBT"", ""time"": ""18:45""}, {""city"": ""SALEM"", ""landmark"": ""SALEM"", ""time"": ""01:45""}]",2026-01-13T17:54:38.598742
1900KCBSALDD01L,,SETC,CHENNAI,SALEM,,,7.00Hrs,45 Seats Available,Standard,Rs 274,16/01/2026,"[{""city"": ""&nbsp;"", ""landmark"": """", ""time"": ""Service&nbsp;Details""}, {""city"": ""1900KCBSALDD01L"", ""landmark"": ""Route&nbsp;No.&nbsp;:"", ""time"": ""275A""}, {""city"": ""CHENNAI-KILAMBAKKAM-KCBT"", ""landmark"": ""To&nbsp;Place&nbsp;:"", ""time"": ""SALEM""}, {""city"": ""16/01/2026"", ""landmark"": ""Journey&nbsp;Hours&nbsp;*:"", ""time"": ""7:00""}, {""city"": ""317.00"", ""landmark"": ""Corporation&nbsp;:"", ""time"": ""SALEM""}, {""city"": ""&nbsp;"", ""landmark"": ""Adult&nbsp;Fare&nbsp;**"", ""time"": ""274""}, {""city"": ""City"", ""landmark"": ""Land&nbsp;Mark&nbsp;"", ""time"": ""Dep.&nbsp;Time&nbsp;""}, {""city"": ""CHENNAI-KILAMBAKKAM-KCBT"", ""landmark"": ""CHENNAI KALAIGNAR CBT"", ""time"": ""19:00""}, {""city"": ""SALEM"", ""landmark"": ""SALEM"", ""time"": ""02:00""}]",2026-01-13T17:54:38.598742
1900KCBSALDD01L,,SETC,CHENNAI,SALEM,,,7.00Hrs,45 Seats Available,Standard,Rs 274,16/01/2026,"[{""city"": ""&nbsp;"", ""landmark"": """", ""time"": ""Service&nbsp;Details""}, {""city"": ""1900KCBSALDD01L"", ""landmark"": ""Route&nbsp;No.&nbsp;:"", ""time"": ""275A""}, {""city"": ""CHENNAI-KILAMBAKKAM-KCBT"", ""landmark"": ""To&nbsp;Place&nbsp;:"", ""time"": ""SALEM""}, {""city"": ""16/01/2026"", ""landmark"": ""Journey&nbsp;Hours&nbsp;*:"", ""time"": ""7:00""}, {""city"": ""317.00"", ""landmark"": ""Corporation&nbsp;:"", ""time"": ""SALEM""}, {""city"": ""&nbsp;"", ""landmark"": ""Adult&nbsp;Fare&nbsp;**"", ""time"": ""274""}, {""city"": ""City"", ""landmark"": ""Land&nbsp;Mark&nbsp;"", ""time"": ""Dep.&nbsp;Time&nbsp;""}, {""city"": ""CHENNAI-KILAMBAKKAM-KCBT"", ""landmark"": ""CHENNAI KALAIGNAR CBT"", ""time"": ""19:00""}, {""city"": ""SALEM"", ""landmark"": ""SALEM"", ""time"": ""02:00""}]",2026-01-13T17:54:38.598742
2015KCBSALDD01L,,SETC,CHENNAI,SALEM,,,7.00Hrs,45 Seats Available,Standard,Rs 274,16/01/2026,"[{""city"": ""&nbsp;"", ""landmark"": """", ""time"": ""Service&nbsp;Details""}, {""city"": ""2015KCBSALDD01L"", ""landmark"": ""Route&nbsp;No.&nbsp;:"", ""time"": ""575A""}, {""city"": ""CHENNAI-KILAMBAKKAM-KCBT"", ""landmark"": ""To&nbsp;Place&nbsp;:"", ""time"": ""SALEM""}, {""city"": ""16/01/2026"", ""landmark"": ""Journey&nbsp;Hours&nbsp;*:"", ""time"": ""7:00""}, {""city"": ""317.00"", ""landmark"": ""Corporation&nbsp;:"", ""time"": ""SALEM""}, {""city"": ""&nbsp;"", ""landmark"": ""Adult&nbsp;Fare&nbsp;**"", ""time"": ""274""}, {""city"": ""City"", ""landmark"": ""Land&nbsp;Mark&nbsp;"", ""time"": ""Dep.&nbsp;Time&nbsp;""}, {""city"": ""CHENNAI-KILAMBAKKAM-KCBT"", ""landmark"": ""CHENNAI KALAIGNAR CBT"", ""time"": ""20:15""}, {""city"": ""SALEM"", ""landmark"": ""SALEM"", ""time"": ""03:15""}]",2026-01-13T17:54:38.598742
2015KCBSALDD01L,,SETC,CHENNAI,SALEM,,,7.00Hrs,45 Seats Available,Standard,Rs 274,16/01/2026,"[{""city"": ""&nbsp;"", ""landmark"": """", ""time"": ""Service&nbsp;Details""}, {""city"": ""2015KCBSALDD01L"", ""landmark"": ""Route&nbsp;No.&nbsp;:"", ""time"": ""575A""}, {""city"": ""CHENNAI-KILAMBAKKAM-KCBT"", ""landmark"": ""To&nbsp;Place&nbsp;:"", ""time"": ""SALEM""}, {""city"": ""16/01/2026"", ""landmark"": ""Journey&nbsp;Hours&nbsp;*:"", ""time"": ""7:00""}, {""city"": ""317.00"", ""landmark"": ""Corporation&nbsp;:"", ""time"": ""SALEM""}, {""city"": ""&nbsp;"", ""landmark"": ""Adult&nbsp;Fare&nbsp;**"", ""time"": ""274""}, {""city"": ""City"", ""landmark"": ""Land&nbsp;Mark&nbsp;"", ""time"": ""Dep.&nbsp;Time&nbsp;""}, {""city"": ""CHENNAI-KILAMBAKKAM-KCBT"", ""landmark"": ""CHENNAI KALAIGNAR CBT"", ""time"": ""20:15""}, {""city"": ""SALEM"", ""landmark"": ""SALEM"", ""time"": ""03:15""}]",2026-01-13T17:54:38.598742
2030KCBSALDD01L,,SETC,CHENNAI,SALEM,,,7.00Hrs,45 Seats Available,Standard,Rs 274,16/01/2026,"[{""city"": ""&nbsp;"", ""landmark"": """", ""time"": ""Service&nbsp;Details""}, {""city"": ""2030KCBSALDD01L"", ""landmark"": ""Route&nbsp;No.&nbsp;:"", ""time"": ""175E""}, {""city"": ""CHENNAI-KILAMBAKKAM-KCBT"", ""landmark"": ""To&nbsp;Place&nbsp;:"", ""time"": ""SALEM""}, {""city"": ""16/01/2026"", ""landmark"": ""Journey&nbsp;Hours&nbsp;*:"", ""time"": ""7:00""}, {""city"": ""317.00"", ""landmark"": ""Corporation&nbsp;:"", ""time"": ""SALEM""}, {""city"": ""&nbsp;"", ""landmark"": ""Adult&nbsp;Fare&nbsp;**"", ""time"": ""274""}, {""city"": ""City"", ""landmark"": ""Land&nbsp;Mark&nbsp;"", ""time"": ""Dep.&nbsp;Time&nbsp;""}, {""city"": ""CHENNAI-KILAMBAKKAM-KCBT"", ""landmark"": ""CHENNAI KALAIGNAR CBT"", ""time"": ""20:30""}, {""city"": ""SALEM"", ""landmark"": ""SALEM"", ""time"": ""03:30""}]",2026-01-13T17:54:38.598742
2030KCBSALDD01L,,SETC,CHENNAI,SALEM,,,7.00Hrs,45 Seats Available,Standard,Rs 274,16/01/2026,"[{""city"": ""&nbsp;"", ""landmark"": """", ""time"": ""Service&nbsp;Details""}, {""city"": ""2030KCBSALDD01L"", ""landmark"": ""Route&nbsp;No.&nbsp;:"", ""time"": ""175E""}, {""city"": ""CHENNAI-KILAMBAKKAM-KCBT"", ""landmark"": ""To&nbsp;Place&nbsp;:"", ""time"": ""SALEM""}, {""city"": ""16/01/2026"", ""landmark"": ""Journey&nbsp;Hours&nbsp;*:"", ""time"": ""7:00""}, {""city"": ""317.00"", ""landmark"": ""Corporation&nbsp;:"", ""time"": ""SALEM""}, {""city"": ""&nbsp;"", ""landmark"": ""Adult&nbsp;Fare&nbsp;**"", ""time"": ""274""}, {""city"": ""City"", ""landmark"": ""Land&nbsp;Mark&nbsp;"", ""time"": ""Dep.&nbsp;Time&nbsp;""}, {""city"": ""CHENNAI-KILAMBAKKAM-KCBT"", ""landmark"": ""CHENNAI KALAIGNAR CBT"", ""time"": ""20:30""}, {""city"": ""SALEM"", ""landmark"": ""SALEM"", ""time"": ""03:30""}]",2026-01-13T17:54:38.598742
2045KCBSALDD01L,,SETC,CHENNAI,SALEM,,,7.00Hrs,45 Seats Available,Standard,Rs 274,16/01/2026,"[{""city"": ""&nbsp;"", ""landmark"": """", ""time"": ""Service&nbsp;Details""}, {""city"": ""2045KCBSALDD01L"", ""landmark"": ""Route&nbsp;No.&nbsp;:"", ""time"": ""175A""}, {""city"": ""CHENNAI-KILAMBAKKAM-KCBT"", ""landmark"": ""To&nbsp;Place&nbsp;:"", ""time"": ""SALEM""}, {""city"": ""16/01/2026"", ""landmark"": ""Journey&nbsp;Hours&nbsp;*:"", ""time"": ""7:00""}, {""city"": ""317.00"", ""landmark"": ""Corporation&nbsp;:"", ""time"": ""SALEM""}, {""city"": ""&nbsp;"", ""landmark"": ""Adult&nbsp;Fare&nbsp;**"", ""time"": ""274""}, {""city"": ""City"", ""landmark"": ""Land&nbsp;Mark&nbsp;"", ""time"": ""Dep.&nbsp;Time&nbsp;""}, {""city"": ""CHENNAI-KILAMBAKKAM-KCBT"", ""landmark"": ""CHENNAI KALAIGNAR CBT"", ""time"": ""20:45""}, {""city"": ""SALEM"", ""landmark"": ""SALEM"", ""time"": ""03:45""}]",2026-01-13T17:54:38.598742
2045KCBSALDD01L,,SETC,CHENNAI,SALEM,,,7.00Hrs,45 Seats Available,Standard,Rs 274,16/01/2026,"[{""city"": ""&nbsp;"", ""landmark"": """", ""time"": ""Service&nbsp;Details""}, {""city"": ""2045KCBSALDD01L"", ""landmark"": ""Route&nbsp;No.&nbsp;:"", ""time"": ""175A""}, {""city"": ""CHENNAI-KILAMBAKKAM-KCBT"", ""landmark"": ""To&nbsp;Place&nbsp;:"", ""time"": ""SALEM""}, {""city"": ""16/01/2026"", ""landmark"": ""Journey&nbsp;Hours&nbsp;*:"", ""time"": ""7:00""}, {""city"": ""317.00"", ""landmark"": ""Corporation&nbsp;:"", ""time"": ""SALEM""}, {""city"": ""&nbsp;"", ""landmark"": ""Adult&nbsp;Fare&nbsp;**"", ""time"": ""274""}, {""city"": ""City"", ""landmark"": ""Land&nbsp;Mark&nbsp;"", ""time"": ""Dep.&nbsp;Time&nbsp;""}, {""city"": ""CHENNAI-KILAMBAKKAM-KCBT"", ""landmark"": ""CHENNAI KALAIGNAR CBT"", ""time"": ""20:45""}, {""city"": ""SALEM"", ""landmark"": ""SALEM"", ""time"": ""03:45""}]",2026-01-13T17:54:38.598742
2100KCBSAL,,SETC,CHENNAI,SALEM,,,7.30Hrs,32 Seats Available,Standard,Rs 318,16/01/2026,"[{""city"": ""&nbsp;"", ""landmark"": """", ""time"": ""Service&nbsp;Details""}, {""city"": ""2100KCBSAL"", ""landmark"": ""Route&nbsp;No.&nbsp;:"", ""time"": ""422UD""}, {""city"": ""CHENNAI-KILAMBAKKAM-KCBT"", ""landmark"": ""To&nbsp;Place&nbsp;:"", ""time"": ""SALEM""}, {""city"": ""16/01/2026"", ""landmark"": ""Journey&nbsp;Hours&nbsp;*:"", ""time"": ""7:30""}, {""city"": ""317.00"", ""landmark"": ""Corporation&nbsp;:"", ""time"": ""SETC""}, {""city"": ""&nbsp;"", ""landmark"": ""Adult&nbsp;Fare&nbsp;**"", ""time"": ""318""}, {""city"": ""City"", ""landmark"": ""Land&nbsp;Mark&nbsp;"", ""time"": ""Dep.&nbsp;Time&nbsp;""}, {""city"": ""CHENNAI-KILAMBAKKAM-KCBT"", ""landmark"": ""CHENNAI KALAIGNAR CBT"", ""time"": ""21:00""}, {""city"": ""CHENNAI-KILAMBAKKAM-KCBT"", ""landmark"": ""GUDUVANCHERY"", ""time"": ""21:05""}, {""city"": ""CHENNAI-KILAMBAKKAM-KCBT"", ""landmark"": ""SRM UNIVERSITY"", ""time"": ""21:15""}, {""city"": ""CHENNAI-KILAMBAKKAM-KCBT"", ""landmark"": ""MARAIMALAI NAGAR BUSSTOP"", ""time"": ""21:25""}, {""city"": ""CHENNAI-KILAMBAKKAM-KCBT"", ""landmark"": ""MAHINDRA CITY"", ""time"": ""21:35""}, {""city"": ""CHENNAI-KILAMBAKKAM-KCBT"", ""landmark"": ""CHENGALPATTU TOLL"", ""time"": ""21:45""}, {""city"": ""CHENNAI-KILAMBAKKAM-KCBT"", ""landmark"": ""CHENGALPATTU BYPASS"", ""time"": ""21:55""}, {""city"": ""CHENNAI-KILAMBAKKAM-KCBT"", ""landmark"": ""MELMARUVATHUR BUS STOP"", ""time"": ""22:20""}, {""city"": ""CHENNAI-KILAMBAKKAM-KCBT"", ""landmark"": ""TINDIVANAM"", ""time"": ""22:45""}, {""city"": ""SALEM"", ""landmark"": ""SALEM"", ""time"": ""03:00""}]",2026-01-13T17:54:38.598742
2100KCBSAL,,SETC,CHENNAI,SALEM,,,7.30Hrs,32 Seats Available,Standard,Rs 318,16/01/2026,"[{""city"": ""&nbsp;"", ""landmark"": """", ""time"": ""Service&nbsp;Details""}, {""city"": ""2100KCBSAL"", ""landmark"": ""Route&nbsp;No.&nbsp;:"", ""time"": ""422UD""}, {""city"": ""CHENNAI-KILAMBAKKAM-KCBT"", ""landmark"": ""To&nbsp;Place&nbsp;:"", ""time"": ""SALEM""}, {""city"": ""16/01/2026"", ""landmark"": ""Journey&nbsp;Hours&nbsp;*:"", ""time"": ""7:30""}, {""city"": ""317.00"", ""landmark"": ""Corporation&nbsp;:"", ""time"": ""SETC""}, {""city"": ""&nbsp;"", ""landmark"": ""Adult&nbsp;Fare&nbsp;**"", ""time"": ""318""}, {""city"": ""City"", ""landmark"": ""Land&nbsp;Mark&nbsp;"", ""time"": ""Dep.&nbsp;Time&nbsp;""}, {""city"": ""CHENNAI-KILAMBAKKAM-KCBT"", ""landmark"": ""CHENNAI KALAIGNAR CBT"", ""time"": ""21:00""}, {""city"": ""CHENNAI-KILAMBAKKAM-KCBT"", ""landmark"": ""GUDUVANCHERY"", ""time"": ""21:05""}, {""city"": ""CHENNAI-KILAMBAKKAM-KCBT"", ""landmark"": ""SRM UNIVERSITY"", ""time"": ""21:15""}, {""city"": ""CHENNAI-KILAMBAKKAM-KCBT"", ""landmark"": ""MARAIMALAI NAGAR BUSSTOP"", ""time"": ""21:25""}, {""city"": ""CHENNAI-KILAMBAKKAM-KCBT"", ""landmark"": ""MAHINDRA CITY"", ""time"": ""21:35""}, {""city"": ""CHENNAI-KILAMBAKKAM-KCBT"", ""landmark"": ""CHENGALPATTU TOLL"", ""time"": ""21:45""}, {""city"": ""CHENNAI-KILAMBAKKAM-KCBT"", ""landmark"": ""CHENGALPATTU BYPASS"", ""time"": ""21:55""}, {""city"": ""CHENNAI-KILAMBAKKAM-KCBT"", ""landmark"": ""MELMARUVATHUR BUS STOP"", ""time"": ""22:20""}, {""city"": ""CHENNAI-KILAMBAKKAM-KCBT"", ""landmark"": ""TINDIVANAM"", ""time"": ""22:45""}, {""city"": ""SALEM"", ""landmark"": ""SALEM"", ""time"": ""03:00""}]",2026-01-13T17:54:38.598742
2100KCBSALDD01L,,SETC,CHENNAI,SALEM,,,7.00Hrs,45 Seats Available,Standard,Rs 274,16/01/2026,"[{""city"": ""&nbsp;"", ""landmark"": """", ""time"": ""Service&nbsp;Details""}, {""city"": ""2100KCBSALDD01L"", ""landmark"": ""Route&nbsp;No.&nbsp;:"", ""time"": ""775A""}, {""city"": ""CHENNAI-KILAMBAKKAM-KCBT"", ""landmark"": ""To&nbsp;Place&nbsp;:"", ""time"": ""SALEM""}, {""city"": ""16/01/2026"", ""landmark"": ""Journey&nbsp;Hours&nbsp;*:"", ""time"": ""7:00""}, {""city"": ""317.00"", ""landmark"": ""Corporation&nbsp;:"", ""time"": ""SALEM""}, {""city"": ""&nbsp;"", ""landmark"": ""Adult&nbsp;Fare&nbsp;**"", ""time"": ""274""}, {""city"": ""City"", ""landmark"": ""Land&nbsp;Mark&nbsp;"", ""time"": ""Dep.&nbsp;Time&nbsp;""}, {""city"": ""CHENNAI-KILAMBAKKAM-KCBT"", ""landmark"": ""CHENNAI KALAIGNAR CBT"", ""time"": ""21:00""}, {""city"": ""SALEM"", ""landmark"": ""SALEM"", ""time"": ""04:00""}]",2026-01-13T17:54:38.598742
2100KCBSALDD01L,,SETC,CHENNAI,SALEM,,,7.00Hrs,45 Seats Available,Standard,Rs 274,16/01/2026,"[{""city"": ""&nbsp;"", ""landmark"": """", ""time"": ""Service&nbsp;Details""}, {""city"": ""2100KCBSALDD01L"", ""landmark"": ""Route&nbsp;No.&nbsp;:"", ""time"": ""775A""}, {""city"": ""CHENNAI-KILAMBAKKAM-KCBT"", ""landmark"": ""To&nbsp;Place&nbsp;:"", ""time"": ""SALEM""}, {""city"": ""16/01/2026"", ""landmark"": ""Journey&nbsp;Hours&nbsp;*:"", ""time"": ""7:00""}, {""city"": ""317.00"", ""landmark"": ""Corporation&nbsp;:"", ""time"": ""SALEM""}, {""city"": ""&nbsp;"", ""landmark"": ""Adult&nbsp;Fare&nbsp;**"", ""time"": ""274""}, {""city"": ""City"", ""landmark"": ""Land&nbsp;Mark&nbsp;"", ""time"": ""Dep.&nbsp;Time&nbsp;""}, {""city"": ""CHENNAI-KILAMBAKKAM-KCBT"", ""landmark"": ""CHENNAI KALAIGNAR CBT"", ""time"": ""21:00""}, {""city"": ""SALEM"", ""landmark"": ""SALEM"", ""time"": ""04:00""}]",2026-01-13T17:54:38.598742
2110KCBSALDD01L,,SETC,CHENNAI,SALEM,,,7.00Hrs,45 Seats Available,Standard,Rs 274,16/01/2026,"[{""city"": ""&nbsp;"", ""landmark"": """", ""time"": ""Service&nbsp;Details""}, {""city"": ""2110KCBSALDD01L"", ""landmark"": ""Route&nbsp;No.&nbsp;:"", ""time"": ""575B""}, {""city"": ""CHENNAI-KILAMBAKKAM-KCBT"", ""landmark"": ""To&nbsp;Place&nbsp;:"", ""time"": ""SALEM""}, {""city"": ""16/01/2026"", ""landmark"": ""Journey&nbsp;Hours&nbsp;*:"", ""time"": ""7:00""}, {""city"": ""317.00"", ""landmark"": ""Corporation&nbsp;:"", ""time"": ""SALEM""}, {""city"": ""&nbsp;"", ""landmark"": ""Adult&nbsp;Fare&nbsp;**"", ""time"": ""274""}, {""city"": ""City"", ""landmark"": ""Land&nbsp;Mark&nbsp;"", ""time"": ""Dep.&nbsp;Time&nbsp;""}, {""city"": ""CHENNAI-KILAMBAKKAM-KCBT"", ""landmark"": ""CHENNAI KALAIGNAR CBT"", ""time"": ""21:10""}, {""city"": ""SALEM"", ""landmark"": ""SALEM"", ""time"": ""04:10""}]",2026-01-13T17:54:38.598742
2110KCBSALDD01L,,SETC,CHENNAI,SALEM,,,7.00Hrs,45 Seats Available,Standard,Rs 274,16/01/2026,"[{""city"": ""&nbsp;"", ""landmark"": """", ""time"": ""Service&nbsp;Details""}, {""city"": ""2110KCBSALDD01L"", ""landmark"": ""Route&nbsp;No.&nbsp;:"", ""time"": ""575B""}, {""city"": ""CHENNAI-KILAMBAKKAM-KCBT"", ""landmark"": ""To&nbsp;Place&nbsp;:"", ""time"": ""SALEM""}, {""city"": ""16/01/2026"", ""landmark"": ""Journey&nbsp;Hours&nbsp;*:"", ""time"": ""7:00""}, {""city"": ""317.00"", ""landmark"": ""Corporation&nbsp;:"", ""time"": ""SALEM""}, {""city"": ""&nbsp;"", ""landmark"": ""Adult&nbsp;Fare&nbsp;**"", ""time"": ""274""}, {""city"": ""City"", ""landmark"": ""Land&nbsp;Mark&nbsp;"", ""time"": ""Dep.&nbsp;Time&nbsp;""}, {""city"": ""CHENNAI-KILAMBAKKAM-KCBT"", ""landmark"": ""CHENNAI KALAIGNAR CBT"", ""time"": ""21:10""}, {""city"": ""SALEM"", ""landmark"": ""SALEM"", ""time"": ""04:10""}]",2026-01-13T17:54:38.598742
2120KCBSALDD01L,,SETC,CHENNAI,SALEM,,,7.00Hrs,45 Seats Available,Standard,Rs 274,16/01/2026,"[{""city"": ""&nbsp;"", ""landmark"": """", ""time"": ""Service&nbsp;Details""}, {""city"": ""2120KCBSALDD01L"", ""landmark"": ""Route&nbsp;No.&nbsp;:"", ""time"": ""175F""}, {""city"": ""CHENNAI-KILAMBAKKAM-KCBT"", ""landmark"": ""To&nbsp;Place&nbsp;:"", ""time"": ""SALEM""}, {""city"": ""16/01/2026"", ""landmark"": ""Journey&nbsp;Hours&nbsp;*:"", ""time"": ""7:00""}, {""city"": ""317.00"", ""landmark"": ""Corporation&nbsp;:"", ""time"": ""SALEM""}, {""city"": ""&nbsp;"", ""landmark"": ""Adult&nbsp;Fare&nbsp;**"", ""time"": ""274""}, {""city"": ""City"", ""landmark"": ""Land&nbsp;Mark&nbsp;"", ""time"": ""Dep.&nbsp;Time&nbsp;""}, {""city"": ""CHENNAI-KILAMBAKKAM-KCBT"", ""landmark"": ""CHENNAI KALAIGNAR CBT"", ""time"": ""21:20""}, {""city"": ""SALEM"", ""landmark"": ""SALEM"", ""time"": ""04:20""}]",2026-01-13T17:54:38.598742
2120KCBSALDD01L,,SETC,CHENNAI,SALEM,,,7.00Hrs,45 Seats Available,Standard,Rs 274,16/01/2026,"[{""city"": ""&nbsp;"", ""landmark"": """", ""time"": ""Service&nbsp;Details""}, {""city"": ""2120KCBSALDD01L"", ""landmark"": ""Route&nbsp;No.&nbsp;:"", ""time"": ""175F""}, {""city"": ""CHENNAI-KILAMBAKKAM-KCBT"", ""landmark"": ""To&nbsp;Place&nbsp;:"", ""time"": ""SALEM""}, {""city"": ""16/01/2026"", ""landmark"": ""Journey&nbsp;Hours&nbsp;*:"", ""time"": ""7:00""}, {""city"": ""317.00"", ""landmark"": ""Corporation&nbsp;:"", ""time"": ""SALEM""}, {""city"": ""&nbsp;"", ""landmark"": ""Adult&nbsp;Fare&nbsp;**"", ""time"": ""274""}, {""city"": ""City"", ""landmark"": ""Land&nbsp;Mark&nbsp;"", ""time"": ""Dep.&nbsp;Time&nbsp;""}, {""city"": ""CHENNAI-KILAMBAKKAM-KCBT"", ""landmark"": ""CHENNAI KALAIGNAR CBT"", ""time"": ""21:20""}, {""city"": ""SALEM"", ""landmark"": ""SALEM"", ""time"": ""04:20""}]",2026-01-13T17:54:38.598742
2130KCBSALDD01L,,SETC,CHENNAI,SALEM,,,7.00Hrs,45 Seats Available,Standard,Rs 274,16/01/2026,"[{""city"": ""&nbsp;"", ""landmark"": """", ""time"": ""Service&nbsp;Details""}, {""city"": ""2130KCBSALDD01L"", ""landmark"": ""Route&nbsp;No.&nbsp;:"", ""time"": ""475B""}, {""city"": ""CHENNAI-KILAMBAKKAM-KCBT"", ""landmark"": ""To&nbsp;Place&nbsp;:"", ""time"": ""SALEM""}, {""city"": ""16/01/2026"", ""landmark"": ""Journey&nbsp;Hours&nbsp;*:"", ""time"": ""7:00""}, {""city"": ""317.00"", ""landmark"": ""Corporation&nbsp;:"", ""time"": ""SALEM""}, {""city"": ""&nbsp;"", ""landmark"": ""Adult&nbsp;Fare&nbsp;**"", ""time"": ""274""}, {""city"": ""City"", ""landmark"": ""Land&nbsp;Mark&nbsp;"", ""time"": ""Dep.&nbsp;Time&nbsp;""}, {""city"": ""CHENNAI-KILAMBAKKAM-KCBT"", ""landmark"": ""CHENNAI KALAIGNAR CBT"", ""time"": ""21:30""}, {""city"": ""SALEM"", ""landmark"": ""SALEM"", ""time"": ""04:30""}]",2026-01-13T17:54:38.598742
2130KCBSALDD01L,,SETC,CHENNAI,SALEM,,,7.00Hrs,45 Seats Available,Standard,Rs 274,16/01/2026,"[{""city"": ""&nbsp;"", ""landmark"": """", ""time"": ""Service&nbsp;Details""}, {""city"": ""2130KCBSALDD01L"", ""landmark"": ""Route&nbsp;No.&nbsp;:"", ""time"": ""475B""}, {""city"": ""CHENNAI-KILAMBAKKAM-KCBT"", ""landmark"": ""To&nbsp;Place&nbsp;:"", ""time"": ""SALEM""}, {""city"": ""16/01/2026"", ""landmark"": ""Journey&nbsp;Hours&nbsp;*:"", ""time"": ""7:00""}, {""city"": ""317.00"", ""landmark"": ""Corporation&nbsp;:"", ""time"": ""SALEM""}, {""city"": ""&nbsp;"", ""landmark"": ""Adult&nbsp;Fare&nbsp;**"", ""time"": ""274""}, {""city"": ""City"", ""landmark"": ""Land&nbsp;Mark&nbsp;"", ""time"": ""Dep.&nbsp;Time&nbsp;""}, {""city"": ""CHENNAI-KILAMBAKKAM-KCBT"", ""landmark"": ""CHENNAI KALAIGNAR CBT"", ""time"": ""21:30""}, {""city"": ""SALEM"", ""landmark"": ""SALEM"", ""time"": ""04:30""}]",2026-01-13T17:54:38.598742
2140KCBSALDD01L,,SETC,CHENNAI,SALEM,,,7.00Hrs,45 Seats Available,Standard,Rs 274,16/01/2026,"[{""city"": ""&nbsp;"", ""landmark"": """", ""time"": ""Service&nbsp;Details""}, {""city"": ""2140KCBSALDD01L"", ""landmark"": ""Route&nbsp;No.&nbsp;:"", ""time"": ""375A""}, {""city"": ""CHENNAI-KILAMBAKKAM-KCBT"", ""landmark"": ""To&nbsp;Place&nbsp;:"", ""time"": ""SALEM""}, {""city"": ""16/01/2026"", ""landmark"": ""Journey&nbsp;Hours&nbsp;*:"", ""time"": ""7:00""}, {""city"": ""317.00"", ""landmark"": ""Corporation&nbsp;:"", ""time"": ""SALEM""}, {""city"": ""&nbsp;"", ""landmark"": ""Adult&nbsp;Fare&nbsp;**"", ""time"": ""274""}, {""city"": ""City"", ""landmark"": ""Land&nbsp;Mark&nbsp;"", ""time"": ""Dep.&nbsp;Time&nbsp;""}, {""city"": ""CHENNAI-KILAMBAKKAM-KCBT"", ""landmark"": ""CHENNAI KALAIGNAR CBT"", ""time"": ""21:40""}, {""city"": ""SALEM"", ""landmark"": ""SALEM"", ""time"": ""04:40""}]",2026-01-13T17:54:38.598742
2140KCBSALDD01L,,SETC,CHENNAI,SALEM,,,7.00Hrs,45 Seats Available,Standard,Rs 274,16/01/2026,"[{""city"": ""&nbsp;"", ""landmark"": """", ""time"": ""Service&nbsp;Details""}, {""city"": ""2140KCBSALDD01L"", ""landmark"": ""Route&nbsp;No.&nbsp;:"", ""time"": ""375A""}, {""city"": ""CHENNAI-KILAMBAKKAM-KCBT"", ""landmark"": ""To&nbsp;Place&nbsp;:"", ""time"": ""SALEM""}, {""city"": ""16/01/2026"", ""landmark"": ""Journey&nbsp;Hours&nbsp;*:"", ""time"": ""7:00""}, {""city"": ""317.00"", ""landmark"": ""Corporation&nbsp;:"", ""time"": ""SALEM""}, {""city"": ""&nbsp;"", ""landmark"": ""Adult&nbsp;Fare&nbsp;**"", ""time"": ""274""}, {""city"": ""City"", ""landmark"": ""Land&nbsp;Mark&nbsp;"", ""time"": ""Dep.&nbsp;Time&nbsp;""}, {""city"": ""CHENNAI-KILAMBAKKAM-KCBT"", ""landmark"": ""CHENNAI KALAIGNAR CBT"", ""time"": ""21:40""}, {""city"": ""SALEM"", ""landmark"": ""SALEM"", ""time"": ""04:40""}]",2026-01-13T17:54:38.598742
2145KCBSALAB,,SETC,CHENNAI,SALEM,,,6.00Hrs,37 Seats Available,Standard,Rs 410/631,16/01/2026,"[{""city"": ""&nbsp;"", ""landmark"": """", ""time"": ""Service&nbsp;Details""}, {""city"": ""2145KCBSALAB"", ""landmark"": ""Route&nbsp;No.&nbsp;:"", ""time"": ""422AB""}, {""city"": ""CHENNAI-KILAMBAKKAM-KCBT"", ""landmark"": ""To&nbsp;Place&nbsp;:"", ""time"": ""SALEM""}, {""city"": ""16/01/2026"", ""landmark"": ""Journey&nbsp;Hours&nbsp;*:"", ""time"": ""6:00""}, {""city"": ""317.00"", ""landmark"": ""Corporation&nbsp;:"", ""time"": ""SETC""}, {""city"": ""&nbsp;"", ""landmark"": ""Adult&nbsp;Fare&nbsp;**"", ""time"": ""410""}, {""city"": ""City"", ""landmark"": ""Land&nbsp;Mark&nbsp;"", ""time"": ""Dep.&nbsp;Time&nbsp;""}, {""city"": ""CHENNAI-KILAMBAKKAM-KCBT"", ""landmark"": ""CHENNAI KALAIGNAR CBT"", ""time"": ""21:45""}, {""city"": ""CHENNAI-KILAMBAKKAM-KCBT"", ""landmark"": ""GUDUVANCHERY"", ""time"": ""21:50""}, {""city"": ""CHENNAI-KILAMBAKKAM-KCBT"", ""landmark"": ""SRM UNIVERSITY"", ""time"": ""22:00""}, {""city"": ""CHENNAI-KILAMBAKKAM-KCBT"", ""landmark"": ""MARAIMALAI NAGAR BUSSTOP"", ""time"": ""22:10""}, {""city"": ""CHENNAI-KILAMBAKKAM-KCBT"", ""landmark"": ""MAHINDRA CITY"", ""time"": ""22:20""}, {""city"": ""CHENNAI-KILAMBAKKAM-KCBT"", ""landmark"": ""CHENGALPATTU TOLL"", ""time"": ""22:30""}, {""city"": ""CHENNAI-KILAMBAKKAM-KCBT"", ""landmark"": ""CHENGALPATTU BYPASS"", ""time"": ""22:40""}, {""city"": ""CHENNAI-KILAMBAKKAM-KCBT"", ""landmark"": ""MELMARUVATHUR BUS STOP"", ""time"": ""23:05""}, {""city"": ""CHENNAI-KILAMBAKKAM-KCBT"", ""landmark"": ""TINDIVANAM"", ""time"": ""23:30""}, {""city"": ""SALEM"", ""landmark"": ""SALEM"", ""time"": ""03:45""}]",2026-01-13T17:54:38.598742
2145KCBSALAB,,SETC,CHENNAI,SALEM,,,6.00Hrs,37 Seats Available,Standard,Rs 410/631,16/01/2026,"[{""city"": ""&nbsp;"", ""landmark"": """", ""time"": ""Service&nbsp;Details""}, {""city"": ""2145KCBSALAB"", ""landmark"": ""Route&nbsp;No.&nbsp;:"", ""time"": ""422AB""}, {""city"": ""CHENNAI-KILAMBAKKAM-KCBT"", ""landmark"": ""To&nbsp;Place&nbsp;:"", ""time"": ""SALEM""}, {""city"": ""16/01/2026"", ""landmark"": ""Journey&nbsp;Hours&nbsp;*:"", ""time"": ""6:00""}, {""city"": ""317.00"", ""landmark"": ""Corporation&nbsp;:"", ""time"": ""SETC""}, {""city"": ""&nbsp;"", ""landmark"": ""Adult&nbsp;Fare&nbsp;**"", ""time"": ""410""}, {""city"": ""City"", ""landmark"": ""Land&nbsp;Mark&nbsp;"", ""time"": ""Dep.&nbsp;Time&nbsp;""}, {""city"": ""CHENNAI-KILAMBAKKAM-KCBT"", ""landmark"": ""CHENNAI KALAIGNAR CBT"", ""time"": ""21:45""}, {""city"": ""CHENNAI-KILAMBAKKAM-KCBT"", ""landmark"": ""GUDUVANCHERY"", ""time"": ""21:50""}, {""city"": ""CHENNAI-KILAMBAKKAM-KCBT"", ""landmark"": ""SRM UNIVERSITY"", ""time"": ""22:00""}, {""city"": ""CHENNAI-KILAMBAKKAM-KCBT"", ""landmark"": ""MARAIMALAI NAGAR BUSSTOP"", ""time"": ""22:10""}, {""city"": ""CHENNAI-KILAMBAKKAM-KCBT"", ""landmark"": ""MAHINDRA CITY"", ""time"": ""22:20""}, {""city"": ""CHENNAI-KILAMBAKKAM-KCBT"", ""landmark"": ""CHENGALPATTU TOLL"", ""time"": ""22:30""}, {""city"": ""CHENNAI-KILAMBAKKAM-KCBT"", ""landmark"": ""CHENGALPATTU BYPASS"", ""time"": ""22:40""}, {""city"": ""CHENNAI-KILAMBAKKAM-KCBT"", ""landmark"": ""MELMARUVATHUR BUS STOP"", ""time"": ""23:05""}, {""city"": ""CHENNAI-KILAMBAKKAM-KCBT"", ""landmark"": ""TINDIVANAM"", ""time"": ""23:30""}, {""city"": ""SALEM"", ""landmark"": ""SALEM"", ""time"": ""03:45""}]",2026-01-13T17:54:38.598742
2200KCBSALDD02L,,SETC,CHENNAI,SALEM,,,7.00Hrs,35 Seats Available,Standard,Rs 274,16/01/2026,"[{""city"": ""&nbsp;"", ""landmark"": """", ""time"": ""Service&nbsp;Details""}, {""city"": ""2200KCBSALDD02L"", ""landmark"": ""Route&nbsp;No.&nbsp;:"", ""time"": ""475C""}, {""city"": ""CHENNAI-KILAMBAKKAM-KCBT"", ""landmark"": ""To&nbsp;Place&nbsp;:"", ""time"": ""SALEM""}, {""city"": ""16/01/2026"", ""landmark"": ""Journey&nbsp;Hours&nbsp;*:"", ""time"": ""7:00""}, {""city"": ""317.00"", ""landmark"": ""Corporation&nbsp;:"", ""time"": ""SALEM""}, {""city"": ""&nbsp;"", ""landmark"": ""Adult&nbsp;Fare&nbsp;**"", ""time"": ""274""}, {""city"": ""City"", ""landmark"": ""Land&nbsp;Mark&nbsp;"", ""time"": ""Dep.&nbsp;Time&nbsp;""}, {""city"": ""CHENNAI-KILAMBAKKAM-KCBT"", ""landmark"": ""CHENNAI KALAIGNAR CBT"", ""time"": ""22:00""}, {""city"": ""SALEM"", ""landmark"": ""SALEM"", ""time"": ""05:00""}]",2026-01-13T17:54:38.598742
2200KCBSALDD02L,,SETC,CHENNAI,SALEM,,,7.00Hrs,35 Seats Available,Standard,Rs 274,16/01/2026,"[{""city"": ""&nbsp;"", ""landmark"": """", ""time"": ""Service&nbsp;Details""}, {""city"": ""2200KCBSALDD02L"", ""landmark"": ""Route&nbsp;No.&nbsp;:"", ""time"": ""475C""}, {""city"": ""CHENNAI-KILAMBAKKAM-KCBT"", ""landmark"": ""To&nbsp;Place&nbsp;:"", ""time"": ""SALEM""}, {""city"": ""16/01/2026"", ""landmark"": ""Journey&nbsp;Hours&nbsp;*:"", ""time"": ""7:00""}, {""city"": ""317.00"", ""landmark"": ""Corporation&nbsp;:"", ""time"": ""SALEM""}, {""city"": ""&nbsp;"", ""landmark"": ""Adult&nbsp;Fare&nbsp;**"", ""time"": ""274""}, {""city"": ""City"", ""landmark"": ""Land&nbsp;Mark&nbsp;"", ""time"": ""Dep.&nbsp;Time&nbsp;""}, {""city"": ""CHENNAI-KILAMBAKKAM-KCBT"", ""landmark"": ""CHENNAI KALAIGNAR CBT"", ""time"": ""22:00""}, {""city"": ""SALEM"", ""landmark"": ""SALEM"", ""time"": ""05:00""}]",2026-01-13T17:54:38.598742
2200KCBSALAL,,SETC,CHENNAI,SALEM,,,6.00Hrs,33 Seats Available,Standard,Rs 410/631,16/01/2026,"[{""city"": ""&nbsp;"", ""landmark"": """", ""time"": ""Service&nbsp;Details""}, {""city"": ""2200KCBSALAL"", ""landmark"": ""Route&nbsp;No.&nbsp;:"", ""time"": ""422AL""}, {""city"": ""CHENNAI-KILAMBAKKAM-KCBT"", ""landmark"": ""To&nbsp;Place&nbsp;:"", ""time"": ""SALEM""}, {""city"": ""16/01/2026"", ""landmark"": ""Journey&nbsp;Hours&nbsp;*:"", ""time"": ""6:00""}, {""city"": ""323.00"", ""landmark"": ""Corporation&nbsp;:"", ""time"": ""SETC""}, {""city"": ""&nbsp;"", ""landmark"": ""Adult&nbsp;Fare&nbsp;**"", ""time"": ""410""}, {""city"": ""City"", ""landmark"": ""Land&nbsp;Mark&nbsp;"", ""time"": ""Dep.&nbsp;Time&nbsp;""}, {""city"": ""CHENNAI-KILAMBAKKAM-KCBT"", ""landmark"": ""CHENNAI KALAIGNAR CBT"", ""time"": ""22:00""}, {""city"": ""CHENNAI-KILAMBAKKAM-KCBT"", ""landmark"": ""GUDUVANCHERY"", ""time"": ""22:05""}, {""city"": ""CHENNAI-KILAMBAKKAM-KCBT"", ""landmark"": ""SRM UNIVERSITY"", ""time"": ""22:15""}, {""city"": ""CHENNAI-KILAMBAKKAM-KCBT"", ""landmark"": ""MARAIMALAI NAGAR BUSSTOP"", ""time"": ""22:25""}, {""city"": ""CHENNAI-KILAMBAKKAM-KCBT"", ""landmark"": ""MAHINDRA CITY"", ""time"": ""22:35""}, {""city"": ""CHENNAI-KILAMBAKKAM-KCBT"", ""landmark"": ""CHENGALPATTU TOLL"", ""time"": ""22:45""}, {""city"": ""CHENNAI-KILAMBAKKAM-KCBT"", ""landmark"": ""CHENGALPATTU BYPASS"", ""time"": ""22:55""}, {""city"": ""CHENNAI-KILAMBAKKAM-KCBT"", ""landmark"": ""MELMARUVATHUR BUS STOP"", ""time"": ""23:20""}, {""city"": ""CHENNAI-KILAMBAKKAM-KCBT"", ""landmark"": ""TINDIVANAM"", ""time"": ""23:45""}, {""city"": ""SALEM"", ""landmark"": ""SALEM"", ""time"": ""04:00""}]",2026-01-13T17:54:38.598742
2200KCBSALAL,,SETC,CHENNAI,SALEM,,,6.00Hrs,33 Seats Available,Standard,Rs 410/631,16/01/2026,"[{""city"": ""&nbsp;"", ""landmark"": """", ""time"": ""Service&nbsp;Details""}, {""city"": ""2200KCBSALAL"", ""landmark"": ""Route&nbsp;No.&nbsp;:"", ""time"": ""422AL""}, {""city"": ""CHENNAI-KILAMBAKKAM-KCBT"", ""landmark"": ""To&nbsp;Place&nbsp;:"", ""time"": ""SALEM""}, {""city"": ""16/01/2026"", ""landmark"": ""Journey&nbsp;Hours&nbsp;*:"", ""time"": ""6:00""}, {""city"": ""323.00"", ""landmark"": ""Corporation&nbsp;:"", ""time"": ""SETC""}, {""city"": ""&nbsp;"", ""landmark"": ""Adult&nbsp;Fare&nbsp;**"", ""time"": ""410""}, {""city"": ""City"", ""landmark"": ""Land&nbsp;Mark&nbsp;"", ""time"": ""Dep.&nbsp;Time&nbsp;""}, {""city"": ""CHENNAI-KILAMBAKKAM-KCBT"", ""landmark"": ""CHENNAI KALAIGNAR CBT"", ""time"": ""22:00""}, {""city"": ""CHENNAI-KILAMBAKKAM-KCBT"", ""landmark"": ""GUDUVANCHERY"", ""time"": ""22:05""}, {""city"": ""CHENNAI-KILAMBAKKAM-KCBT"", ""landmark"": ""SRM UNIVERSITY"", ""time"": ""22:15""}, {""city"": ""CHENNAI-KILAMBAKKAM-KCBT"", ""landmark"": ""MARAIMALAI NAGAR BUSSTOP"", ""time"": ""22:25""}, {""city"": ""CHENNAI-KILAMBAKKAM-KCBT"", ""landmark"": ""MAHINDRA CITY"", ""time"": ""22:35""}, {""city"": ""CHENNAI-KILAMBAKKAM-KCBT"", ""landmark"": ""CHENGALPATTU TOLL"", ""time"": ""22:45""}, {""city"": ""CHENNAI-KILAMBAKKAM-KCBT"", ""landmark"": ""CHENGALPATTU BYPASS"", ""time"": ""22:55""}, {""city"": ""CHENNAI-KILAMBAKKAM-KCBT"", ""landmark"": ""MELMARUVATHUR BUS STOP"", ""time"": ""23:20""}, {""city"": ""CHENNAI-KILAMBAKKAM-KCBT"", ""landmark"": ""TINDIVANAM"", ""time"": ""23:45""}, {""city"": ""SALEM"", ""landmark"": ""SALEM"", ""time"": ""04:00""}]",2026-01-13T17:54:38.598742
2215KCBSALNS,,SETC,CHENNAI,SALEM,,,6.00Hrs,27 Seats Available,Standard,Rs 318/492,16/01/2026,"[{""city"": ""&nbsp;"", ""landmark"": """", ""time"": ""Service&nbsp;Details""}, {""city"": ""2215KCBSALNS"", ""landmark"": ""Route&nbsp;No.&nbsp;:"", ""time"": ""422NS""}, {""city"": ""CHENNAI-KILAMBAKKAM-KCBT"", ""landmark"": ""To&nbsp;Place&nbsp;:"", ""time"": ""SALEM""}, {""city"": ""16/01/2026"", ""landmark"": ""Journey&nbsp;Hours&nbsp;*:"", ""time"": ""6:00""}, {""city"": ""317.00"", ""landmark"": ""Corporation&nbsp;:"", ""time"": ""SETC""}, {""city"": ""&nbsp;"", ""landmark"": ""Adult&nbsp;Fare&nbsp;**"", ""time"": ""318""}, {""city"": ""City"", ""landmark"": ""Land&nbsp;Mark&nbsp;"", ""time"": ""Dep.&nbsp;Time&nbsp;""}, {""city"": ""CHENNAI-KILAMBAKKAM-KCBT"", ""landmark"": ""CHENNAI KALAIGNAR CBT"", ""time"": ""22:15""}, {""city"": ""SALEM"", ""landmark"": ""SALEM"", ""time"": ""04:15""}]",2026-01-13T17:54:38.598742
2215KCBSALNS,,SETC,CHENNAI,SALEM,,,6.00Hrs,27 Seats Available,Standard,Rs 318/492,16/01/2026,"[{""city"": ""&nbsp;"", ""landmark"": """", ""time"": ""Service&nbsp;Details""}, {""city"": ""2215KCBSALNS"", ""landmark"": ""Route&nbsp;No.&nbsp;:"", ""time"": ""422NS""}, {""city"": ""CHENNAI-KILAMBAKKAM-KCBT"", ""landmark"": ""To&nbsp;Place&nbsp;:"", ""time"": ""SALEM""}, {""city"": ""16/01/2026"", ""landmark"": ""Journey&nbsp;Hours&nbsp;*:"", ""time"": ""6:00""}, {""city"": ""317.00"", ""landmark"": ""Corporation&nbsp;:"", ""time"": ""SETC""}, {""city"": ""&nbsp;"", ""landmark"": ""Adult&nbsp;Fare&nbsp;**"", ""time"": ""318""}, {""city"": ""City"", ""landmark"": ""Land&nbsp;Mark&nbsp;"", ""time"": ""Dep.&nbsp;Time&nbsp;""}, {""city"": ""CHENNAI-KILAMBAKKAM-KCBT"", ""landmark"": ""CHENNAI KALAIGNAR CBT"", ""time"": ""22:15""}, {""city"": ""SALEM"", ""landmark"": ""SALEM"", ""time"": ""04:15""}]",2026-01-13T17:54:38.598742
2215KCBSALVV01L,,SETC,CHENNAI,SALEM,,,7.00Hrs,45 Seats Available,Standard,Rs 274,16/01/2026,"[{""city"": ""&nbsp;"", ""landmark"": """", ""time"": ""Service&nbsp;Details""}, {""city"": ""2215KCBSALVV01L"", ""landmark"": ""Route&nbsp;No.&nbsp;:"", ""time"": ""281AO""}, {""city"": ""CHENNAI-KILAMBAKKAM-KCBT"", ""landmark"": ""To&nbsp;Place&nbsp;:"", ""time"": ""SALEM""}, {""city"": ""16/01/2026"", ""landmark"": ""Journey&nbsp;Hours&nbsp;*:"", ""time"": ""7:00""}, {""city"": ""317.00"", ""landmark"": ""Corporation&nbsp;:"", ""time"": ""VILLUPURAM""}, {""city"": ""&nbsp;"", ""landmark"": ""Adult&nbsp;Fare&nbsp;**"", ""time"": ""274""}, {""city"": ""City"", ""landmark"": ""Land&nbsp;Mark&nbsp;"", ""time"": ""Dep.&nbsp;Time&nbsp;""}, {""city"": ""CHENNAI-KILAMBAKKAM-KCBT"", ""landmark"": ""CHENNAI KALAIGNAR CBT"", ""time"": ""22:15""}, {""city"": ""SALEM"", ""landmark"": ""SALEM"", ""time"": ""05:15""}]",2026-01-13T17:54:38.598742
2215KCBSALVV01L,,SETC,CHENNAI,SALEM,,,7.00Hrs,45 Seats Available,Standard,Rs 274,16/01/2026,"[{""city"": ""&nbsp;"", ""landmark"": """", ""time"": ""Service&nbsp;Details""}, {""city"": ""2215KCBSALVV01L"", ""landmark"": ""Route&nbsp;No.&nbsp;:"", ""time"": ""281AO""}, {""city"": ""CHENNAI-KILAMBAKKAM-KCBT"", ""landmark"": ""To&nbsp;Place&nbsp;:"", ""time"": ""SALEM""}, {""city"": ""16/01/2026"", ""landmark"": ""Journey&nbsp;Hours&nbsp;*:"", ""time"": ""7:00""}, {""city"": ""317.00"", ""landmark"": ""Corporation&nbsp;:"", ""time"": ""VILLUPURAM""}, {""city"": ""&nbsp;"", ""landmark"": ""Adult&nbsp;Fare&nbsp;**"", ""time"": ""274""}, {""city"": ""City"", ""landmark"": ""Land&nbsp;Mark&nbsp;"", ""time"": ""Dep.&nbsp;Time&nbsp;""}, {""city"": ""CHENNAI-KILAMBAKKAM-KCBT"", ""landmark"": ""CHENNAI KALAIGNAR CBT"", ""time"": ""22:15""}, {""city"": ""SALEM"", ""landmark"": ""SALEM"", ""time"": ""05:15""}]",2026-01-13T17:54:38.598742
2230KCBSALAB,,SETC,CHENNAI,SALEM,,,6.00Hrs,36 Seats Available,Standard,Rs 410/631,16/01/2026,"[{""city"": ""&nbsp;"", ""landmark"": """", ""time"": ""Service&nbsp;Details""}, {""city"": ""2230KCBSALAB"", ""landmark"": ""Route&nbsp;No.&nbsp;:"", ""time"": ""422AB""}, {""city"": ""CHENNAI-KILAMBAKKAM-KCBT"", ""landmark"": ""To&nbsp;Place&nbsp;:"", ""time"": ""SALEM""}, {""city"": ""16/01/2026"", ""landmark"": ""Journey&nbsp;Hours&nbsp;*:"", ""time"": ""6:00""}, {""city"": ""317.00"", ""landmark"": ""Corporation&nbsp;:"", ""time"": ""SETC""}, {""city"": ""&nbsp;"", ""landmark"": ""Adult&nbsp;Fare&nbsp;**"", ""time"": ""410""}, {""city"": ""City"", ""landmark"": ""Land&nbsp;Mark&nbsp;"", ""time"": ""Dep.&nbsp;Time&nbsp;""}, {""city"": ""CHENNAI-KILAMBAKKAM-KCBT"", ""landmark"": ""CHENNAI KALAIGNAR CBT"", ""time"": ""22:30""}, {""city"": ""CHENNAI-KILAMBAKKAM-KCBT"", ""landmark"": ""GUDUVANCHERY"", ""time"": ""22:35""}, {""city"": ""CHENNAI-KILAMBAKKAM-KCBT"", ""landmark"": ""SRM UNIVERSITY"", ""time"": ""22:45""}, {""city"": ""CHENNAI-KILAMBAKKAM-KCBT"", ""landmark"": ""MARAIMALAI NAGAR BUSSTOP"", ""time"": ""22:55""}, {""city"": ""CHENNAI-KILAMBAKKAM-KCBT"", ""landmark"": ""MAHINDRA CITY"", ""time"": ""23:05""}, {""city"": ""CHENNAI-KILAMBAKKAM-KCBT"", ""landmark"": ""CHENGALPATTU TOLL"", ""time"": ""23:15""}, {""city"": ""CHENNAI-KILAMBAKKAM-KCBT"", ""landmark"": ""CHENGALPATTU BYPASS"", ""time"": ""23:25""}, {""city"": ""CHENNAI-KILAMBAKKAM-KCBT"", ""landmark"": ""MELMARUVATHUR BUS STOP"", ""time"": ""23:50""}, {""city"": ""SALEM"", ""landmark"": ""SALEM"", ""time"": ""04:30""}]",2026-01-13T17:54:38.598742
2230KCBSALAB,,SETC,CHENNAI,SALEM,,,6.00Hrs,36 Seats Available,Standard,Rs 410/631,16/01/2026,"[{""city"": ""&nbsp;"", ""landmark"": """", ""time"": ""Service&nbsp;Details""}, {""city"": ""2230KCBSALAB"", ""landmark"": ""Route&nbsp;No.&nbsp;:"", ""time"": ""422AB""}, {""city"": ""CHENNAI-KILAMBAKKAM-KCBT"", ""landmark"": ""To&nbsp;Place&nbsp;:"", ""time"": ""SALEM""}, {""city"": ""16/01/2026"", ""landmark"": ""Journey&nbsp;Hours&nbsp;*:"", ""time"": ""6:00""}, {""city"": ""317.00"", ""landmark"": ""Corporation&nbsp;:"", ""time"": ""SETC""}, {""city"": ""&nbsp;"", ""landmark"": ""Adult&nbsp;Fare&nbsp;**"", ""time"": ""410""}, {""city"": ""City"", ""landmark"": ""Land&nbsp;Mark&nbsp;"", ""time"": ""Dep.&nbsp;Time&nbsp;""}, {""city"": ""CHENNAI-KILAMBAKKAM-KCBT"", ""landmark"": ""CHENNAI KALAIGNAR CBT"", ""time"": ""22:30""}, {""city"": ""CHENNAI-KILAMBAKKAM-KCBT"", ""landmark"": ""GUDUVANCHERY"", ""time"": ""22:35""}, {""city"": ""CHENNAI-KILAMBAKKAM-KCBT"", ""landmark"": ""SRM UNIVERSITY"", ""time"": ""22:45""}, {""city"": ""CHENNAI-KILAMBAKKAM-KCBT"", ""landmark"": ""MARAIMALAI NAGAR BUSSTOP"", ""time"": ""22:55""}, {""city"": ""CHENNAI-KILAMBAKKAM-KCBT"", ""landmark"": ""MAHINDRA CITY"", ""time"": ""23:05""}, {""city"": ""CHENNAI-KILAMBAKKAM-KCBT"", ""landmark"": ""CHENGALPATTU TOLL"", ""time"": ""23:15""}, {""city"": ""CHENNAI-KILAMBAKKAM-KCBT"", ""landmark"": ""CHENGALPATTU BYPASS"", ""time"": ""23:25""}, {""city"": ""CHENNAI-KILAMBAKKAM-KCBT"", ""landmark"": ""MELMARUVATHUR BUS STOP"", ""time"": ""23:50""}, {""city"": ""SALEM"", ""landmark"": ""SALEM"", ""time"": ""04:30""}]",2026-01-13T17:54:38.598742
2230KCBSALMS,,SETC,CHENNAI,SALEM,,,6.00Hrs,40 Seats Available,Standard,Rs 536,16/01/2026,"[{""city"": ""&nbsp;"", ""landmark"": """", ""time"": ""Service&nbsp;Details""}, {""city"": ""2230KCBSALMS"", ""landmark"": ""Route&nbsp;No.&nbsp;:"", ""time"": ""422MS""}, {""city"": ""CHENNAI-KILAMBAKKAM-KCBT"", ""landmark"": ""To&nbsp;Place&nbsp;:"", ""time"": ""SALEM""}, {""city"": ""16/01/2026"", ""landmark"": ""Journey&nbsp;Hours&nbsp;*:"", ""time"": ""6:00""}, {""city"": ""323.00"", ""landmark"": ""Corporation&nbsp;:"", ""time"": ""SETC""}, {""city"": ""&nbsp;"", ""landmark"": ""Adult&nbsp;Fare&nbsp;**"", ""time"": ""536""}, {""city"": ""City"", ""landmark"": ""Land&nbsp;Mark&nbsp;"", ""time"": ""Dep.&nbsp;Time&nbsp;""}, {""city"": ""CHENNAI-KILAMBAKKAM-KCBT"", ""landmark"": ""CHENNAI KALAIGNAR CBT"", ""time"": ""22:30""}, {""city"": ""CHENNAI-KILAMBAKKAM-KCBT"", ""landmark"": ""GUDUVANCHERY"", ""time"": ""22:35""}, {""city"": ""CHENNAI-KILAMBAKKAM-KCBT"", ""landmark"": ""SRM UNIVERSITY"", ""time"": ""22:45""}, {""city"": ""CHENNAI-KILAMBAKKAM-KCBT"", ""landmark"": ""MARAIMALAI NAGAR BUSSTOP"", ""time"": ""22:55""}, {""city"": ""CHENNAI-KILAMBAKKAM-KCBT"", ""landmark"": ""MAHINDRA CITY"", ""time"": ""23:05""}, {""city"": ""CHENNAI-KILAMBAKKAM-KCBT"", ""landmark"": ""CHENGALPATTU TOLL"", ""time"": ""23:15""}, {""city"": ""CHENNAI-KILAMBAKKAM-KCBT"", ""landmark"": ""CHENGALPATTU BYPASS"", ""time"": ""23:25""}, {""city"": ""CHENNAI-KILAMBAKKAM-KCBT"", ""landmark"": ""MELMARUVATHUR BUS STOP"", ""time"": ""23:50""}, {""city"": ""CHENNAI-KILAMBAKKAM-KCBT"", ""landmark"": ""TINDIVANAM"", ""time"": ""00:15""}, {""city"": ""SALEM"", ""landmark"": ""SALEM"", ""time"": ""04:30""}]",2026-01-13T17:54:38.598742
2230KCBSALMS,,SETC,CHENNAI,SALEM,,,6.00Hrs,40 Seats Available,Standard,Rs 536,16/01/2026,"[{""city"": ""&nbsp;"", ""landmark"": """", ""time"": ""Service&nbsp;Details""}, {""city"": ""2230KCBSALMS"", ""landmark"": ""Route&nbsp;No.&nbsp;:"", ""time"": ""422MS""}, {""city"": ""CHENNAI-KILAMBAKKAM-KCBT"", ""landmark"": ""To&nbsp;Place&nbsp;:"", ""time"": ""SALEM""}, {""city"": ""16/01/2026"", ""landmark"": ""Journey&nbsp;Hours&nbsp;*:"", ""time"": ""6:00""}, {""city"": ""323.00"", ""landmark"": ""Corporation&nbsp;:"", ""time"": ""SETC""}, {""city"": ""&nbsp;"", ""landmark"": ""Adult&nbsp;Fare&nbsp;**"", ""time"": ""536""}, {""city"": ""City"", ""landmark"": ""Land&nbsp;Mark&nbsp;"", ""time"": ""Dep.&nbsp;Time&nbsp;""}, {""city"": ""CHENNAI-KILAMBAKKAM-KCBT"", ""landmark"": ""CHENNAI KALAIGNAR CBT"", ""time"": ""22:30""}, {""city"": ""CHENNAI-KILAMBAKKAM-KCBT"", ""landmark"": ""GUDUVANCHERY"", ""time"": ""22:35""}, {""city"": ""CHENNAI-KILAMBAKKAM-KCBT"", ""landmark"": ""SRM UNIVERSITY"", ""time"": ""22:45""}, {""city"": ""CHENNAI-KILAMBAKKAM-KCBT"", ""landmark"": ""MARAIMALAI NAGAR BUSSTOP"", ""time"": ""22:55""}, {""city"": ""CHENNAI-KILAMBAKKAM-KCBT"", ""landmark"": ""MAHINDRA CITY"", ""time"": ""23:05""}, {""city"": ""CHENNAI-KILAMBAKKAM-KCBT"", ""landmark"": ""CHENGALPATTU TOLL"", ""time"": ""23:15""}, {""city"": ""CHENNAI-KILAMBAKKAM-KCBT"", ""landmark"": ""CHENGALPATTU BYPASS"", ""time"": ""23:25""}, {""city"": ""CHENNAI-KILAMBAKKAM-KCBT"", ""landmark"": ""MELMARUVATHUR BUS STOP"", ""time"": ""23:50""}, {""city"": ""CHENNAI-KILAMBAKKAM-KCBT"", ""landmark"": ""TINDIVANAM"", ""time"": ""00:15""}, {""city"": ""SALEM"", ""landmark"": ""SALEM"", ""time"": ""04:30""}]",2026-01-13T17:54:38.598742
2245KCBSAL,,SETC,CHENNAI,SALEM,,,7.30Hrs,27 Seats Available,Standard,Rs 318,16/01/2026,"[{""city"": ""&nbsp;"", ""landmark"": """", ""time"": ""Service&nbsp;Details""}, {""city"": ""2245KCBSAL"", ""landmark"": ""Route&nbsp;No.&nbsp;:"", ""time"": ""422UD""}, {""city"": ""CHENNAI-KILAMBAKKAM-KCBT"", ""landmark"": ""To&nbsp;Place&nbsp;:"", ""time"": ""SALEM""}, {""city"": ""16/01/2026"", ""landmark"": ""Journey&nbsp;Hours&nbsp;*:"", ""time"": ""7:30""}, {""city"": ""317.00"", ""landmark"": ""Corporation&nbsp;:"", ""time"": ""SETC""}, {""city"": ""&nbsp;"", ""landmark"": ""Adult&nbsp;Fare&nbsp;**"", ""time"": ""318""}, {""city"": ""City"", ""landmark"": ""Land&nbsp;Mark&nbsp;"", ""time"": ""Dep.&nbsp;Time&nbsp;""}, {""city"": ""CHENNAI-KILAMBAKKAM-KCBT"", ""landmark"": ""CHENNAI KALAIGNAR CBT"", ""time"": ""22:45""}, {""city"": ""CHENNAI-KILAMBAKKAM-KCBT"", ""landmark"": ""GUDUVANCHERY"", ""time"": ""22:50""}, {""city"": ""CHENNAI-KILAMBAKKAM-KCBT"", ""landmark"": ""SRM UNIVERSITY"", ""time"": ""23:00""}, {""city"": ""CHENNAI-KILAMBAKKAM-KCBT"", ""landmark"": ""MARAIMALAI NAGAR BUSSTOP"", ""time"": ""23:10""}, {""city"": ""CHENNAI-KILAMBAKKAM-KCBT"", ""landmark"": ""MAHINDRA CITY"", ""time"": ""23:20""}, {""city"": ""CHENNAI-KILAMBAKKAM-KCBT"", ""landmark"": ""CHENGALPATTU TOLL"", ""time"": ""23:30""}, {""city"": ""CHENNAI-KILAMBAKKAM-KCBT"", ""landmark"": ""CHENGALPATTU BYPASS"", ""time"": ""23:40""}, {""city"": ""SALEM"", ""landmark"": ""SALEM"", ""time"": ""04:45""}]",2026-01-13T17:54:38.598742
2245KCBSAL,,SETC,CHENNAI,SALEM,,,7.30Hrs,27 Seats Available,Standard,Rs 318,16/01/2026,"[{""city"": ""&nbsp;"", ""landmark"": """", ""time"": ""Service&nbsp;Details""}, {""city"": ""2245KCBSAL"", ""landmark"": ""Route&nbsp;No.&nbsp;:"", ""time"": ""422UD""}, {""city"": ""CHENNAI-KILAMBAKKAM-KCBT"", ""landmark"": ""To&nbsp;Place&nbsp;:"", ""time"": ""SALEM""}, {""city"": ""16/01/2026"", ""landmark"": ""Journey&nbsp;Hours&nbsp;*:"", ""time"": ""7:30""}, {""city"": ""317.00"", ""landmark"": ""Corporation&nbsp;:"", ""time"": ""SETC""}, {""city"": ""&nbsp;"", ""landmark"": ""Adult&nbsp;Fare&nbsp;**"", ""time"": ""318""}, {""city"": ""City"", ""landmark"": ""Land&nbsp;Mark&nbsp;"", ""time"": ""Dep.&nbsp;Time&nbsp;""}, {""city"": ""CHENNAI-KILAMBAKKAM-KCBT"", ""landmark"": ""CHENNAI KALAIGNAR CBT"", ""time"": ""22:45""}, {""city"": ""CHENNAI-KILAMBAKKAM-KCBT"", ""landmark"": ""GUDUVANCHERY"", ""time"": ""22:50""}, {""city"": ""CHENNAI-KILAMBAKKAM-KCBT"", ""landmark"": ""SRM UNIVERSITY"", ""time"": ""23:00""}, {""city"": ""CHENNAI-KILAMBAKKAM-KCBT"", ""landmark"": ""MARAIMALAI NAGAR BUSSTOP"", ""time"": ""23:10""}, {""city"": ""CHENNAI-KILAMBAKKAM-KCBT"", ""landmark"": ""MAHINDRA CITY"", ""time"": ""23:20""}, {""city"": ""CHENNAI-KILAMBAKKAM-KCBT"", ""landmark"": ""CHENGALPATTU TOLL"", ""time"": ""23:30""}, {""city"": ""CHENNAI-KILAMBAKKAM-KCBT"", ""landmark"": ""CHENGALPATTU BYPASS"", ""time"": ""23:40""}, {""city"": ""SALEM"", ""landmark"": ""SALEM"", ""time"": ""04:45""}]",2026-01-13T17:54:38.598742
2250KCBSALVV01L,,SETC,CHENNAI,SALEM,,,7.00Hrs,45 Seats Available,Standard,Rs 274,16/01/2026,"[{""city"": ""&nbsp;"", ""landmark"": """", ""time"": ""Service&nbsp;Details""}, {""city"": ""2250KCBSALVV01L"", ""landmark"": ""Route&nbsp;No.&nbsp;:"", ""time"": ""281Q""}, {""city"": ""CHENNAI-KILAMBAKKAM-KCBT"", ""landmark"": ""To&nbsp;Place&nbsp;:"", ""time"": ""SALEM""}, {""city"": ""16/01/2026"", ""landmark"": ""Journey&nbsp;Hours&nbsp;*:"", ""time"": ""7:00""}, {""city"": ""317.00"", ""landmark"": ""Corporation&nbsp;:"", ""time"": ""VILLUPURAM""}, {""city"": ""&nbsp;"", ""landmark"": ""Adult&nbsp;Fare&nbsp;**"", ""time"": ""274""}, {""city"": ""City"", ""landmark"": ""Land&nbsp;Mark&nbsp;"", ""time"": ""Dep.&nbsp;Time&nbsp;""}, {""city"": ""CHENNAI-KILAMBAKKAM-KCBT"", ""landmark"": ""CHENNAI KALAIGNAR CBT"", ""time"": ""22:50""}, {""city"": ""SALEM"", ""landmark"": ""SALEM"", ""time"": ""05:50""}]",2026-01-13T17:54:38.598742
2250KCBSALVV01L,,SETC,CHENNAI,SALEM,,,7.00Hrs,45 Seats Available,Standard,Rs 274,16/01/2026,"[{""city"": ""&nbsp;"", ""landmark"": """", ""time"": ""Service&nbsp;Details""}, {""city"": ""2250KCBSALVV01L"", ""landmark"": ""Route&nbsp;No.&nbsp;:"", ""time"": ""281Q""}, {""city"": ""CHENNAI-KILAMBAKKAM-KCBT"", ""landmark"": ""To&nbsp;Place&nbsp;:"", ""time"": ""SALEM""}, {""city"": ""16/01/2026"", ""landmark"": ""Journey&nbsp;Hours&nbsp;*:"", ""time"": ""7:00""}, {""city"": ""317.00"", ""landmark"": ""Corporation&nbsp;:"", ""time"": ""VILLUPURAM""}, {""city"": ""&nbsp;"", ""landmark"": ""Adult&nbsp;Fare&nbsp;**"", ""time"": ""274""}, {""city"": ""City"", ""landmark"": ""Land&nbsp;Mark&nbsp;"", ""time"": ""Dep.&nbsp;Time&nbsp;""}, {""city"": ""CHENNAI-KILAMBAKKAM-KCBT"", ""landmark"": ""CHENNAI KALAIGNAR CBT"", ""time"": ""22:50""}, {""city"": ""SALEM"", ""landmark"": ""SALEM"", ""time"": ""05:50""}]",2026-01-13T17:54:38.598742
2315KCBSALAC,,SETC,CHENNAI,SALEM,,,6.00Hrs,33 Seats Available,Standard,Rs 410,16/01/2026,"[{""city"": ""&nbsp;"", ""landmark"": """", ""time"": ""Service&nbsp;Details""}, {""city"": ""2315KCBSALAC"", ""landmark"": ""Route&nbsp;No.&nbsp;:"", ""time"": ""422AC""}, {""city"": ""CHENNAI-KILAMBAKKAM-KCBT"", ""landmark"": ""To&nbsp;Place&nbsp;:"", ""time"": ""SALEM""}, {""city"": ""16/01/2026"", ""landmark"": ""Journey&nbsp;Hours&nbsp;*:"", ""time"": ""6:00""}, {""city"": ""317.00"", ""landmark"": ""Corporation&nbsp;:"", ""time"": ""SETC""}, {""city"": ""&nbsp;"", ""landmark"": ""Adult&nbsp;Fare&nbsp;**"", ""time"": ""410""}, {""city"": ""City"", ""landmark"": ""Land&nbsp;Mark&nbsp;"", ""time"": ""Dep.&nbsp;Time&nbsp;""}, {""city"": ""CHENNAI-KILAMBAKKAM-KCBT"", ""landmark"": ""CHENNAI KALAIGNAR CBT"", ""time"": ""23:15""}, {""city"": ""CHENNAI-KILAMBAKKAM-KCBT"", ""landmark"": ""GUDUVANCHERY"", ""time"": ""23:20""}, {""city"": ""CHENNAI-KILAMBAKKAM-KCBT"", ""landmark"": ""SRM UNIVERSITY"", ""time"": ""23:30""}, {""city"": ""CHENNAI-KILAMBAKKAM-KCBT"", ""landmark"": ""MARAIMALAI NAGAR BUSSTOP"", ""time"": ""23:40""}, {""city"": ""CHENNAI-KILAMBAKKAM-KCBT"", ""landmark"": ""MAHINDRA CITY"", ""time"": ""23:50""}, {""city"": ""CHENNAI-KILAMBAKKAM-KCBT"", ""landmark"": ""CHENGALPATTU TOLL"", ""time"": ""23:55""}, {""city"": ""SALEM"", ""landmark"": ""SALEM"", ""time"": ""05:15""}]",2026-01-13T17:54:38.598742
2315KCBSALAC,,SETC,CHENNAI,SALEM,,,6.00Hrs,33 Seats Available,Standard,Rs 410,16/01/2026,"[{""city"": ""&nbsp;"", ""landmark"": """", ""time"": ""Service&nbsp;Details""}, {""city"": ""2315KCBSALAC"", ""landmark"": ""Route&nbsp;No.&nbsp;:"", ""time"": ""422AC""}, {""city"": ""CHENNAI-KILAMBAKKAM-KCBT"", ""landmark"": ""To&nbsp;Place&nbsp;:"", ""time"": ""SALEM""}, {""city"": ""16/01/2026"", ""landmark"": ""Journey&nbsp;Hours&nbsp;*:"", ""time"": ""6:00""}, {""city"": ""317.00"", ""landmark"": ""Corporation&nbsp;:"", ""time"": ""SETC""}, {""city"": ""&nbsp;"", ""landmark"": ""Adult&nbsp;Fare&nbsp;**"", ""time"": ""410""}, {""city"": ""City"", ""landmark"": ""Land&nbsp;Mark&nbsp;"", ""time"": ""Dep.&nbsp;Time&nbsp;""}, {""city"": ""CHENNAI-KILAMBAKKAM-KCBT"", ""landmark"": ""CHENNAI KALAIGNAR CBT"", ""time"": ""23:15""}, {""city"": ""CHENNAI-KILAMBAKKAM-KCBT"", ""landmark"": ""GUDUVANCHERY"", ""time"": ""23:20""}, {""city"": ""CHENNAI-KILAMBAKKAM-KCBT"", ""landmark"": ""SRM UNIVERSITY"", ""time"": ""23:30""}, {""city"": ""CHENNAI-KILAMBAKKAM-KCBT"", ""landmark"": ""MARAIMALAI NAGAR BUSSTOP"", ""time"": ""23:40""}, {""city"": ""CHENNAI-KILAMBAKKAM-KCBT"", ""landmark"": ""MAHINDRA CITY"", ""time"": ""23:50""}, {""city"": ""CHENNAI-KILAMBAKKAM-KCBT"", ""landmark"": ""CHENGALPATTU TOLL"", ""time"": ""23:55""}, {""city"": ""SALEM"", ""landmark"": ""SALEM"", ""time"": ""05:15""}]",2026-01-13T17:54:38.598742
2315KCBSALVV01L,,SETC,CHENNAI,SALEM,,,7.00Hrs,45 Seats Available,Standard,Rs 274,16/01/2026,"[{""city"": ""&nbsp;"", ""landmark"": """", ""time"": ""Service&nbsp;Details""}, {""city"": ""2315KCBSALVV01L"", ""landmark"": ""Route&nbsp;No.&nbsp;:"", ""time"": ""281L""}, {""city"": ""CHENNAI-KILAMBAKKAM-KCBT"", ""landmark"": ""To&nbsp;Place&nbsp;:"", ""time"": ""SALEM""}, {""city"": ""16/01/2026"", ""landmark"": ""Journey&nbsp;Hours&nbsp;*:"", ""time"": ""7:00""}, {""city"": ""317.00"", ""landmark"": ""Corporation&nbsp;:"", ""time"": ""VILLUPURAM""}, {""city"": ""&nbsp;"", ""landmark"": ""Adult&nbsp;Fare&nbsp;**"", ""time"": ""274""}, {""city"": ""City"", ""landmark"": ""Land&nbsp;Mark&nbsp;"", ""time"": ""Dep.&nbsp;Time&nbsp;""}, {""city"": ""CHENNAI-KILAMBAKKAM-KCBT"", ""landmark"": ""CHENNAI KALAIGNAR CBT"", ""time"": ""23:15""}, {""city"": ""SALEM"", ""landmark"": ""SALEM"", ""time"": ""06:15""}]",2026-01-13T17:54:38.598742
2315KCBSALVV01L,,SETC,CHENNAI,SALEM,,,7.00Hrs,45 Seats Available,Standard,Rs 274,16/01/2026,"[{""city"": ""&nbsp;"", ""landmark"": """", ""time"": ""Service&nbsp;Details""}, {""city"": ""2315KCBSALVV01L"", ""landmark"": ""Route&nbsp;No.&nbsp;:"", ""time"": ""281L""}, {""city"": ""CHENNAI-KILAMBAKKAM-KCBT"", ""landmark"": ""To&nbsp;Place&nbsp;:"", ""time"": ""SALEM""}, {""city"": ""16/01/2026"", ""landmark"": ""Journey&nbsp;Hours&nbsp;*:"", ""time"": ""7:00""}, {""city"": ""317.00"", ""landmark"": ""Corporation&nbsp;:"", ""time"": ""VILLUPURAM""}, {""city"": ""&nbsp;"", ""landmark"": ""Adult&nbsp;Fare&nbsp;**"", ""time"": ""274""}, {""city"": ""City"", ""landmark"": ""Land&nbsp;Mark&nbsp;"", ""time"": ""Dep.&nbsp;Time&nbsp;""}, {""city"": ""CHENNAI-KILAMBAKKAM-KCBT"", ""landmark"": ""CHENNAI KALAIGNAR CBT"", ""time"": ""23:15""}, {""city"": ""SALEM"", ""landmark"": ""SALEM"", ""time"": ""06:15""}]",2026-01-13T17:54:38.598742
2320KCBSALVV01L,,SETC,CHENNAI,SALEM,,,7.00Hrs,45 Seats Available,Standard,Rs 274,16/01/2026,"[{""city"": ""&nbsp;"", ""landmark"": """", ""time"": ""Service&nbsp;Details""}, {""city"": ""2320KCBSALVV01L"", ""landmark"": ""Route&nbsp;No.&nbsp;:"", ""time"": ""281R""}, {""city"": ""CHENNAI-KILAMBAKKAM-KCBT"", ""landmark"": ""To&nbsp;Place&nbsp;:"", ""time"": ""SALEM""}, {""city"": ""16/01/2026"", ""landmark"": ""Journey&nbsp;Hours&nbsp;*:"", ""time"": ""7:00""}, {""city"": ""317.00"", ""landmark"": ""Corporation&nbsp;:"", ""time"": ""VILLUPURAM""}, {""city"": ""&nbsp;"", ""landmark"": ""Adult&nbsp;Fare&nbsp;**"", ""time"": ""274""}, {""city"": ""City"", ""landmark"": ""Land&nbsp;Mark&nbsp;"", ""time"": ""Dep.&nbsp;Time&nbsp;""}, {""city"": ""CHENNAI-KILAMBAKKAM-KCBT"", ""landmark"": ""CHENNAI KALAIGNAR CBT"", ""time"": ""23:20""}, {""city"": ""SALEM"", ""landmark"": ""SALEM"", ""time"": ""06:20""}]",2026-01-13T17:54:38.598742
2320KCBSALVV01L,,SETC,CHENNAI,SALEM,,,7.00Hrs,45 Seats Available,Standard,Rs 274,16/01/2026,"[{""city"": ""&nbsp;"", ""landmark"": """", ""time"": ""Service&nbsp;Details""}, {""city"": ""2320KCBSALVV01L"", ""landmark"": ""Route&nbsp;No.&nbsp;:"", ""time"": ""281R""}, {""city"": ""CHENNAI-KILAMBAKKAM-KCBT"", ""landmark"": ""To&nbsp;Place&nbsp;:"", ""time"": ""SALEM""}, {""city"": ""16/01/2026"", ""landmark"": ""Journey&nbsp;Hours&nbsp;*:"", ""time"": ""7:00""}, {""city"": ""317.00"", ""landmark"": ""Corporation&nbsp;:"", ""time"": ""VILLUPURAM""}, {""city"": ""&nbsp;"", ""landmark"": ""Adult&nbsp;Fare&nbsp;**"", ""time"": ""274""}, {""city"": ""City"", ""landmark"": ""Land&nbsp;Mark&nbsp;"", ""time"": ""Dep.&nbsp;Time&nbsp;""}, {""city"": ""CHENNAI-KILAMBAKKAM-KCBT"", ""landmark"": ""CHENNAI KALAIGNAR CBT"", ""time"": ""23:20""}, {""city"": ""SALEM"", ""landmark"": ""SALEM"", ""time"": ""06:20""}]",2026-01-13T17:54:38.598742
2330KCBSALAB,,SETC,CHENNAI,SALEM,,,6.00Hrs,34 Seats Available,Standard,Rs 410/631,16/01/2026,"[{""city"": ""&nbsp;"", ""landmark"": """", ""time"": ""Service&nbsp;Details""}, {""city"": ""2330KCBSALAB"", ""landmark"": ""Route&nbsp;No.&nbsp;:"", ""time"": ""422AB""}, {""city"": ""CHENNAI-KILAMBAKKAM-KCBT"", ""landmark"": ""To&nbsp;Place&nbsp;:"", ""time"": ""SALEM""}, {""city"": ""16/01/2026"", ""landmark"": ""Journey&nbsp;Hours&nbsp;*:"", ""time"": ""6:00""}, {""city"": ""317.00"", ""landmark"": ""Corporation&nbsp;:"", ""time"": ""SETC""}, {""city"": ""&nbsp;"", ""landmark"": ""Adult&nbsp;Fare&nbsp;**"", ""time"": ""410""}, {""city"": ""City"", ""landmark"": ""Land&nbsp;Mark&nbsp;"", ""time"": ""Dep.&nbsp;Time&nbsp;""}, {""city"": ""CHENNAI-KILAMBAKKAM-KCBT"", ""landmark"": ""CHENNAI KALAIGNAR CBT"", ""time"": ""23:30""}, {""city"": ""CHENNAI-KILAMBAKKAM-KCBT"", ""landmark"": ""SRM UNIVERSITY"", ""time"": ""23:40""}, {""city"": ""CHENNAI-KILAMBAKKAM-KCBT"", ""landmark"": ""MARAIMALAI NAGAR BUSSTOP"", ""time"": ""23:55""}, {""city"": ""SALEM"", ""landmark"": ""SALEM"", ""time"": ""05:30""}]",2026-01-13T17:54:38.598742
2330KCBSALAB,,SETC,CHENNAI,SALEM,,,6.00Hrs,34 Seats Available,Standard,Rs 410/631,16/01/2026,"[{""city"": ""&nbsp;"", ""landmark"": """", ""time"": ""Service&nbsp;Details""}, {""city"": ""2330KCBSALAB"", ""landmark"": ""Route&nbsp;No.&nbsp;:"", ""time"": ""422AB""}, {""city"": ""CHENNAI-KILAMBAKKAM-KCBT"", ""landmark"": ""To&nbsp;Place&nbsp;:"", ""time"": ""SALEM""}, {""city"": ""16/01/2026"", ""landmark"": ""Journey&nbsp;Hours&nbsp;*:"", ""time"": ""6:00""}, {""city"": ""317.00"", ""landmark"": ""Corporation&nbsp;:"", ""time"": ""SETC""}, {""city"": ""&nbsp;"", ""landmark"": ""Adult&nbsp;Fare&nbsp;**"", ""time"": ""410""}, {""city"": ""City"", ""landmark"": ""Land&nbsp;Mark&nbsp;"", ""time"": ""Dep.&nbsp;Time&nbsp;""}, {""city"": ""CHENNAI-KILAMBAKKAM-KCBT"", ""landmark"": ""CHENNAI KALAIGNAR CBT"", ""time"": ""23:30""}, {""city"": ""CHENNAI-KILAMBAKKAM-KCBT"", ""landmark"": ""SRM UNIVERSITY"", ""time"": ""23:40""}, {""city"": ""CHENNAI-KILAMBAKKAM-KCBT"", ""landmark"": ""MARAIMALAI NAGAR BUSSTOP"", ""time"": ""23:55""}, {""city"": ""SALEM"", ""landmark"": ""SALEM"", ""time"": ""05:30""}]",2026-01-13T17:54:38.598742
2345KCBSALNS,,SETC,CHENNAI,SALEM,,,6.00Hrs,33 Seats Available,Standard,Rs 318/492,16/01/2026,"[{""city"": ""&nbsp;"", ""landmark"": """", ""time"": ""Service&nbsp;Details""}, {""city"": ""2345KCBSALNS"", ""landmark"": ""Route&nbsp;No.&nbsp;:"", ""time"": ""422NS""}, {""city"": ""CHENNAI-KILAMBAKKAM-KCBT"", ""landmark"": ""To&nbsp;Place&nbsp;:"", ""time"": ""SALEM""}, {""city"": ""16/01/2026"", ""landmark"": ""Journey&nbsp;Hours&nbsp;*:"", ""time"": ""6:00""}, {""city"": ""317.00"", ""landmark"": ""Corporation&nbsp;:"", ""time"": ""SETC""}, {""city"": ""&nbsp;"", ""landmark"": ""Adult&nbsp;Fare&nbsp;**"", ""time"": ""318""}, {""city"": ""City"", ""landmark"": ""Land&nbsp;Mark&nbsp;"", ""time"": ""Dep.&nbsp;Time&nbsp;""}, {""city"": ""CHENNAI-KILAMBAKKAM-KCBT"", ""landmark"": ""CHENNAI KALAIGNAR CBT"", ""time"": ""23:45""}, {""city"": ""SALEM"", ""landmark"": ""SALEM"", ""time"": ""05:45""}]",2026-01-13T17:54:38.598742
2345KCBSALNS,,SETC,CHENNAI,SALEM,,,6.00Hrs,33 Seats Available,Standard,Rs 318/492,16/01/2026,"[{""city"": ""&nbsp;"", ""landmark"": """", ""time"": ""Service&nbsp;Details""}, {""city"": ""2345KCBSALNS"", ""landmark"": ""Route&nbsp;No.&nbsp;:"", ""time"": ""422NS""}, {""city"": ""CHENNAI-KILAMBAKKAM-KCBT"", ""landmark"": ""To&nbsp;Place&nbsp;:"", ""time"": ""SALEM""}, {""city"": ""16/01/2026"", ""landmark"": ""Journey&nbsp;Hours&nbsp;*:"", ""time"": ""6:00""}, {""city"": ""317.00"", ""landmark"": ""Corporation&nbsp;:"", ""time"": ""SETC""}, {""city"": ""&nbsp;"", ""landmark"": ""Adult&nbsp;Fare&nbsp;**"", ""time"": ""318""}, {""city"": ""City"", ""landmark"": ""Land&nbsp;Mark&nbsp;"", ""time"": ""Dep.&nbsp;Time&nbsp;""}, {""city"": ""CHENNAI-KILAMBAKKAM-KCBT"", ""landmark"": ""CHENNAI KALAIGNAR CBT"", ""time"": ""23:45""}, {""city"": ""SALEM"", ""landmark"": ""SALEM"", ""time"": ""05:45""}]",2026-01-13T17:54:38.598742
