service_code,route_number,corporation,origin,destination,departure_time,arrival_time,duration,available_seats,bus_type,fare,journey_date,stops_json,scraped_at
0400KCBMADNS,,SETC,CHENNAI,MADURAI,,,9.00Hrs,33 Seats Available,Standard,Rs 437/675,16/01/2026,"[{""city"": ""&nbsp;"", ""landmark"": """", ""time"": ""Service&nbsp;Details""}, {""city"": ""0400KCBMADNS"", ""landmark"": ""Route&nbsp;No.&nbsp;:"", ""time"": ""137NS""}, {""city"": ""CHENNAI-KILAMBAKKAM-KCBT"", ""landmark"": ""To&nbsp;Place&nbsp;:"", ""time"": ""MADURAI""}, {""city"": ""16/01/2026"", ""landmark"": ""Journey&nbsp;Hours&nbsp;*:"", ""time"": ""9:00""}, {""city"": ""436.00"", ""landmark"": ""Corporation&nbsp;:"", ""time"": ""SETC""}, {""city"": ""&nbsp;"", ""landmark"": ""Adult&nbsp;Fare&nbsp;**"", ""time"": ""437""}, {""city"": ""City"", ""landmark"": ""Land&nbsp;Mark&nbsp;"", ""time"": ""Dep.&nbsp;Time&nbsp;""}, {""city"": ""CHENNAI-KILAMBAKKAM-KCBT"", ""landmark"": ""CHENNAI KALAIGNAR CBT"", ""time"": ""04:00""}, {""city"": ""CHENNAI-KILAMBAKKAM-KCBT"", ""landmark"": ""GUDUVANCHERY"", ""time"": ""04:05""}, {""city"": ""CHENNAI-KILAMBAKKAM-KCBT"", ""landmark"": ""SRM UNIVERSITY"", ""time"": ""04:10""}, {""city"": ""CHENNAI-KILAMBAKKAM-KCBT"", ""landmark"": ""MARAIMALAI NAGAR BUSSTOP"", ""time"": ""04:20""}, {""city"": ""CHENNAI-KILAMBAKKAM-KCBT"", ""landmark"": ""MAHINDRA CITY"", ""time"": ""04:30""}, {""city"": ""CHENNAI-KILAMBAKKAM-KCBT"", ""landmark"": ""CHENGALPATTU TOLL"", ""time"": ""04:40""}, {""city"": ""CHENNAI-KILAMBAKKAM-KCBT"", ""landmark"": ""CHENGALPATTU BYPASS"", ""time"": ""04:50""}, {""city"": ""CHENNAI-KILAMBAKKAM-KCBT"", ""landmark"": ""MELMARUVATHUR BUS STOP"", ""time"": ""05:20""}, {""city"": ""MADURAI"", ""landmark"": ""MATTUTHAVANI BS"", ""time"": ""12:30""}]",2026-01-13T17:54:42.637035
0400KCBMADNS,,SETC,CHENNAI,MADURAI,,,9.00Hrs,33 Seats Available,Standard,Rs 437/675,16/01/2026,"[{""city"": ""&nbsp;"", ""landmark"": """", ""time"": ""Service&nbsp;Details""}, {""city"": ""0400KCBMADNS"", ""landmark"": ""Route&nbsp;No.&nbsp;:"", ""time"": ""137NS""}, {""city"": ""CHENNAI-KILAMBAKKAM-KCBT"", ""landmark"": ""To&nbsp;Place&nbsp;:"", ""time"": ""MADURAI""}, {""city"": ""16/01/2026"", ""landmark"": ""Journey&nbsp;Hours&nbsp;*:"", ""time"": ""9:00""}, {""city"": ""436.00"", ""landmark"": ""Corporation&nbsp;:"", ""time"": ""SETC""}, {""city"": ""&nbsp;"", ""landmark"": ""Adult&nbsp;Fare&nbsp;**"", ""time"": ""437""}, {""city"": ""City"", ""landmark"": ""Land&nbsp;Mark&nbsp;"", ""time"": ""Dep.&nbsp;Time&nbsp;""}, {""city"": ""CHENNAI-KILAMBAKKAM-KCBT"", ""landmark"": ""CHENNAI KALAIGNAR CBT"", ""time"": ""04:00""}, {""city"": ""CHENNAI-KILAMBAKKAM-KCBT"", ""landmark"": ""GUDUVANCHERY"", ""time"": ""04:05""}, {""city"": ""CHENNAI-KILAMBAKKAM-KCBT"", ""landmark"": ""SRM UNIVERSITY"", ""time"": ""04:10""}, {""city"": ""CHENNAI-KILAMBAKKAM-KCBT"", ""landmark"": ""MARAIMALAI NAGAR BUSSTOP"", ""time"": ""04:20""}, {""city"": ""CHENNAI-KILAMBAKKAM-KCBT"", ""landmark"": ""MAHINDRA CITY"", ""time"": ""04:30""}, {""city"": ""CHENNAI-KILAMBAKKAM-KCBT"", ""landmark"": ""CHENGALPATTU TOLL"", ""time"": ""04:40""}, {""city"": ""CHENNAI-KILAMBAKKAM-KCBT"", ""landmark"": ""CHENGALPATTU BYPASS"", ""time"": ""04:50""}, {""city"": ""CHENNAI-KILAMBAKKAM-KCBT"", ""landmark"": ""MELMARUVATHUR BUS STOP"", ""time"": ""05:20""}, {""city"": ""MADURAI"", ""landmark"": ""MATTUTHAVANI BS"", ""time"": ""12:30""}]",2026-01-13T17:54:42.637035
0500KCBMAD,,SETC,CHENNAI,MADURAI,,,9.00Hrs,31 Seats Available,Standard,Rs 437,16/01/2026,"[{""city"": ""&nbsp;"", ""landmark"": """", ""time"": ""Service&nbsp;Details""}, {""city"": ""0500KCBMAD"", ""landmark"": ""Route&nbsp;No.&nbsp;:"", ""time"": ""137UD""}, {""city"": ""CHENNAI-KILAMBAKKAM-KCBT"", ""landmark"": ""To&nbsp;Place&nbsp;:"", ""time"": ""MADURAI""}, {""city"": ""16/01/2026"", ""landmark"": ""Journey&nbsp;Hours&nbsp;*:"", ""time"": ""9:00""}, {""city"": ""436.00"", ""landmark"": ""Corporation&nbsp;:"", ""time"": ""SETC""}, {""city"": ""&nbsp;"", ""landmark"": ""Adult&nbsp;Fare&nbsp;**"", ""time"": ""437""}, {""city"": ""City"", ""landmark"": ""Land&nbsp;Mark&nbsp;"", ""time"": ""Dep.&nbsp;Time&nbsp;""}, {""city"": ""CHENNAI-KILAMBAKKAM-KCBT"", ""landmark"": ""CHENNAI KALAIGNAR CBT"", ""time"": ""05:00""}, {""city"": ""CHENNAI-KILAMBAKKAM-KCBT"", ""landmark"": ""GUDUVANCHERY"", ""time"": ""05:05""}, {""city"": ""CHENNAI-KILAMBAKKAM-KCBT"", ""landmark"": ""SRM UNIVERSITY"", ""time"": ""05:10""}, {""city"": ""CHENNAI-KILAMBAKKAM-KCBT"", ""landmark"": ""MARAIMALAI NAGAR BUSSTOP"", ""time"": ""05:20""}, {""city"": ""CHENNAI-KILAMBAKKAM-KCBT"", ""landmark"": ""MAHINDRA CITY"", ""time"": ""05:30""}, {""city"": ""CHENNAI-KILAMBAKKAM-KCBT"", ""landmark"": ""CHENGALPATTU TOLL"", ""time"": ""05:40""}, {""city"": ""CHENNAI-KILAMBAKKAM-KCBT"", ""landmark"": ""CHENGALPATTU BYPASS"", ""time"": ""05:50""}, {""city"": ""CHENNAI-KILAMBAKKAM-KCBT"", ""landmark"": ""MELMARUVATHUR BUS STOP"", ""time"": ""06:20""}, {""city"": ""CHENNAI-KILAMBAKKAM-KCBT"", ""landmark"": ""TINDIVANAM"", ""time"": ""06:40""}, {""city"": ""VILLUPURAM"", ""landmark"": ""VILLUPURAM"", ""time"": ""08:00""}, {""city"": ""MADURAI"", ""landmark"": ""MATTUTHAVANI BS"", ""time"": ""13:30""}]",2026-01-13T17:54:42.637035
0500KCBMAD,,SETC,CHENNAI,MADURAI,,,9.00Hrs,31 Seats Available,Standard,Rs 437,16/01/2026,"[{""city"": ""&nbsp;"", ""landmark"": """", ""time"": ""Service&nbsp;Details""}, {""city"": ""0500KCBMAD"", ""landmark"": ""Route&nbsp;No.&nbsp;:"", ""time"": ""137UD""}, {""city"": ""CHENNAI-KILAMBAKKAM-KCBT"", ""landmark"": ""To&nbsp;Place&nbsp;:"", ""time"": ""MADURAI""}, {""city"": ""16/01/2026"", ""landmark"": ""Journey&nbsp;Hours&nbsp;*:"", ""time"": ""9:00""}, {""city"": ""436.00"", ""landmark"": ""Corporation&nbsp;:"", ""time"": ""SETC""}, {""city"": ""&nbsp;"", ""landmark"": ""Adult&nbsp;Fare&nbsp;**"", ""time"": ""437""}, {""city"": ""City"", ""landmark"": ""Land&nbsp;Mark&nbsp;"", ""time"": ""Dep.&nbsp;Time&nbsp;""}, {""city"": ""CHENNAI-KILAMBAKKAM-KCBT"", ""landmark"": ""CHENNAI KALAIGNAR CBT"", ""time"": ""05:00""}, {""city"": ""CHENNAI-KILAMBAKKAM-KCBT"", ""landmark"": ""GUDUVANCHERY"", ""time"": ""05:05""}, {""city"": ""CHENNAI-KILAMBAKKAM-KCBT"", ""landmark"": ""SRM UNIVERSITY"", ""time"": ""05:10""}, {""city"": ""CHENNAI-KILAMBAKKAM-KCBT"", ""landmark"": ""MARAIMALAI NAGAR BUSSTOP"", ""time"": ""05:20""}, {""city"": ""CHENNAI-KILAMBAKKAM-KCBT"", ""landmark"": ""MAHINDRA CITY"", ""time"": ""05:30""}, {""city"": ""CHENNAI-KILAMBAKKAM-KCBT"", ""landmark"": ""CHENGALPATTU TOLL"", ""time"": ""05:40""}, {""city"": ""CHENNAI-KILAMBAKKAM-KCBT"", ""landmark"": ""CHENGALPATTU BYPASS"", ""time"": ""05:50""}, {""city"": ""CHENNAI-KILAMBAKKAM-KCBT"", ""landmark"": ""MELMARUVATHUR BUS STOP"", ""time"": ""06:20""}, {""city"": ""CHENNAI-KILAMBAKKAM-KCBT"", ""landmark"": ""TINDIVANAM"", ""time"": ""06:40""}, {""city"": ""VILLUPURAM"", ""landmark"": ""VILLUPURAM"", ""time"": ""08:00""}, {""city"": ""MADURAI"", ""landmark"": ""MATTUTHAVANI BS"", ""time"": ""13:30""}]",2026-01-13T17:54:42.637035
0600KCBMAD,,SETC,CHENNAI,MADURAI,,,9.00Hrs,32 Seats Available,Standard,Rs 437,16/01/2026,"[{""city"": ""&nbsp;"", ""landmark"": """", ""time"": ""Service&nbsp;Details""}, {""city"": ""0600KCBMAD"", ""landmark"": ""Route&nbsp;No.&nbsp;:"", ""time"": ""137UD""}, {""city"": ""CHENNAI-KILAMBAKKAM-KCBT"", ""landmark"": ""To&nbsp;Place&nbsp;:"", ""time"": ""MADURAI""}, {""city"": ""16/01/2026"", ""landmark"": ""Journey&nbsp;Hours&nbsp;*:"", ""time"": ""9:00""}, {""city"": ""436.00"", ""landmark"": ""Corporation&nbsp;:"", ""time"": ""SETC""}, {""city"": ""&nbsp;"", ""landmark"": ""Adult&nbsp;Fare&nbsp;**"", ""time"": ""437""}, {""city"": ""City"", ""landmark"": ""Land&nbsp;Mark&nbsp;"", ""time"": ""Dep.&nbsp;Time&nbsp;""}, {""city"": ""CHENNAI-KILAMBAKKAM-KCBT"", ""landmark"": ""CHENNAI KALAIGNAR CBT"", ""time"": ""06:00""}, {""city"": ""CHENNAI-KILAMBAKKAM-KCBT"", ""landmark"": ""GUDUVANCHERY"", ""time"": ""06:05""}, {""city"": ""CHENNAI-KILAMBAKKAM-KCBT"", ""landmark"": ""SRM UNIVERSITY"", ""time"": ""06:10""}, {""city"": ""CHENNAI-KILAMBAKKAM-KCBT"", ""landmark"": ""MARAIMALAI NAGAR BUSSTOP"", ""time"": ""06:20""}, {""city"": ""CHENNAI-KILAMBAKKAM-KCBT"", ""landmark"": ""MAHINDRA CITY"", ""time"": ""06:30""}, {""city"": ""CHENNAI-KILAMBAKKAM-KCBT"", ""landmark"": ""CHENGALPATTU TOLL"", ""time"": ""06:40""}, {""city"": ""CHENNAI-KILAMBAKKAM-KCBT"", ""landmark"": ""CHENGALPATTU BYPASS"", ""time"": ""06:50""}, {""city"": ""CHENNAI-KILAMBAKKAM-KCBT"", ""landmark"": ""MELMARUVATHUR BUS STOP"", ""time"": ""07:20""}, {""city"": ""CHENNAI-KILAMBAKKAM-KCBT"", ""landmark"": ""TINDIVANAM"", ""time"": ""07:40""}, {""city"": ""VILLUPURAM"", ""landmark"": ""VILLUPURAM"", ""time"": ""09:00""}, {""city"": ""MADURAI"", ""landmark"": ""MATTUTHAVANI BS"", ""time"": ""14:30""}]",2026-01-13T17:54:42.637035
0600KCBMAD,,SETC,CHENNAI,MADURAI,,,9.00Hrs,32 Seats Available,Standard,Rs 437,16/01/2026,"[{""city"": ""&nbsp;"", ""landmark"": """", ""time"": ""Service&nbsp;Details""}, {""city"": ""0600KCBMAD"", ""landmark"": ""Route&nbsp;No.&nbsp;:"", ""time"": ""137UD""}, {""city"": ""CHENNAI-KILAMBAKKAM-KCBT"", ""landmark"": ""To&nbsp;Place&nbsp;:"", ""time"": ""MADURAI""}, {""city"": ""16/01/2026"", ""landmark"": ""Journey&nbsp;Hours&nbsp;*:"", ""time"": ""9:00""}, {""city"": ""436.00"", ""landmark"": ""Corporation&nbsp;:"", ""time"": ""SETC""}, {""city"": ""&nbsp;"", ""landmark"": ""Adult&nbsp;Fare&nbsp;**"", ""time"": ""437""}, {""city"": ""City"", ""landmark"": ""Land&nbsp;Mark&nbsp;"", ""time"": ""Dep.&nbsp;Time&nbsp;""}, {""city"": ""CHENNAI-KILAMBAKKAM-KCBT"", ""landmark"": ""CHENNAI KALAIGNAR CBT"", ""time"": ""06:00""}, {""city"": ""CHENNAI-KILAMBAKKAM-KCBT"", ""landmark"": ""GUDUVANCHERY"", ""time"": ""06:05""}, {""city"": ""CHENNAI-KILAMBAKKAM-KCBT"", ""landmark"": ""SRM UNIVERSITY"", ""time"": ""06:10""}, {""city"": ""CHENNAI-KILAMBAKKAM-KCBT"", ""landmark"": ""MARAIMALAI NAGAR BUSSTOP"", ""time"": ""06:20""}, {""city"": ""CHENNAI-KILAMBAKKAM-KCBT"", ""landmark"": ""MAHINDRA CITY"", ""time"": ""06:30""}, {""city"": ""CHENNAI-KILAMBAKKAM-KCBT"", ""landmark"": ""CHENGALPATTU TOLL"", ""time"": ""06:40""}, {""city"": ""CHENNAI-KILAMBAKKAM-KCBT"", ""landmark"": ""CHENGALPATTU BYPASS"", ""time"": ""06:50""}, {""city"": ""CHENNAI-KILAMBAKKAM-KCBT"", ""landmark"": ""MELMARUVATHUR BUS STOP"", ""time"": ""07:20""}, {""city"": ""CHENNAI-KILAMBAKKAM-KCBT"", ""landmark"": ""TINDIVANAM"", ""time"": ""07:40""}, {""city"": ""VILLUPURAM"", ""landmark"": ""VILLUPURAM"", ""time"": ""09:00""}, {""city"": ""MADURAI"", ""landmark"": ""MATTUTHAVANI BS"", ""time"": ""14:30""}]",2026-01-13T17:54:42.637035
0700KCBMAD,,SETC,CHENNAI,MADURAI,,,9.00Hrs,33 Seats Available,Standard,Rs 437,16/01/2026,"[{""city"": ""&nbsp;"", ""landmark"": """", ""time"": ""Service&nbsp;Details""}, {""city"": ""0700KCBMAD"", ""landmark"": ""Route&nbsp;No.&nbsp;:"", ""time"": ""137UD""}, {""city"": ""CHENNAI-KILAMBAKKAM-KCBT"", ""landmark"": ""To&nbsp;Place&nbsp;:"", ""time"": ""MADURAI""}, {""city"": ""16/01/2026"", ""landmark"": ""Journey&nbsp;Hours&nbsp;*:"", ""time"": ""9:00""}, {""city"": ""436.00"", ""landmark"": ""Corporation&nbsp;:"", ""time"": ""SETC""}, {""city"": ""&nbsp;"", ""landmark"": ""Adult&nbsp;Fare&nbsp;**"", ""time"": ""437""}, {""city"": ""City"", ""landmark"": ""Land&nbsp;Mark&nbsp;"", ""time"": ""Dep.&nbsp;Time&nbsp;""}, {""city"": ""CHENNAI-KILAMBAKKAM-KCBT"", ""landmark"": ""CHENNAI KALAIGNAR CBT"", ""time"": ""07:00""}, {""city"": ""CHENNAI-KILAMBAKKAM-KCBT"", ""landmark"": ""GUDUVANCHERY"", ""time"": ""07:05""}, {""city"": ""CHENNAI-KILAMBAKKAM-KCBT"", ""landmark"": ""SRM UNIVERSITY"", ""time"": ""07:10""}, {""city"": ""CHENNAI-KILAMBAKKAM-KCBT"", ""landmark"": ""MARAIMALAI NAGAR BUSSTOP"", ""time"": ""07:20""}, {""city"": ""CHENNAI-KILAMBAKKAM-KCBT"", ""landmark"": ""MAHINDRA CITY"", ""time"": ""07:30""}, {""city"": ""CHENNAI-KILAMBAKKAM-KCBT"", ""landmark"": ""CHENGALPATTU TOLL"", ""time"": ""07:40""}, {""city"": ""CHENNAI-KILAMBAKKAM-KCBT"", ""landmark"": ""CHENGALPATTU BYPASS"", ""time"": ""07:50""}, {""city"": ""CHENNAI-KILAMBAKKAM-KCBT"", ""landmark"": ""MELMARUVATHUR BUS STOP"", ""time"": ""08:20""}, {""city"": ""CHENNAI-KILAMBAKKAM-KCBT"", ""landmark"": ""TINDIVANAM"", ""time"": ""08:40""}, {""city"": ""VILLUPURAM"", ""landmark"": ""VILLUPURAM"", ""time"": ""10:00""}, {""city"": ""MADURAI"", ""landmark"": ""MATTUTHAVANI BS"", ""time"": ""15:30""}]",2026-01-13T17:54:42.637035
0700KCBMAD,,SETC,CHENNAI,MADURAI,,,9.00Hrs,33 Seats Available,Standard,Rs 437,16/01/2026,"[{""city"": ""&nbsp;"", ""landmark"": """", ""time"": ""Service&nbsp;Details""}, {""city"": ""0700KCBMAD"", ""landmark"": ""Route&nbsp;No.&nbsp;:"", ""time"": ""137UD""}, {""city"": ""CHENNAI-KILAMBAKKAM-KCBT"", ""landmark"": ""To&nbsp;Place&nbsp;:"", ""time"": ""MADURAI""}, {""city"": ""16/01/2026"", ""landmark"": ""Journey&nbsp;Hours&nbsp;*:"", ""time"": ""9:00""}, {""city"": ""436.00"", ""landmark"": ""Corporation&nbsp;:"", ""time"": ""SETC""}, {""city"": ""&nbsp;"", ""landmark"": ""Adult&nbsp;Fare&nbsp;**"", ""time"": ""437""}, {""city"": ""City"", ""landmark"": ""Land&nbsp;Mark&nbsp;"", ""time"": ""Dep.&nbsp;Time&nbsp;""}, {""city"": ""CHENNAI-KILAMBAKKAM-KCBT"", ""landmark"": ""CHENNAI KALAIGNAR CBT"", ""time"": ""07:00""}, {""city"": ""CHENNAI-KILAMBAKKAM-KCBT"", ""landmark"": ""GUDUVANCHERY"", ""time"": ""07:05""}, {""city"": ""CHENNAI-KILAMBAKKAM-KCBT"", ""landmark"": ""SRM UNIVERSITY"", ""time"": ""07:10""}, {""city"": ""CHENNAI-KILAMBAKKAM-KCBT"", ""landmark"": ""MARAIMALAI NAGAR BUSSTOP"", ""time"": ""07:20""}, {""city"": ""CHENNAI-KILAMBAKKAM-KCBT"", ""landmark"": ""MAHINDRA CITY"", ""time"": ""07:30""}, {""city"": ""CHENNAI-KILAMBAKKAM-KCBT"", ""landmark"": ""CHENGALPATTU TOLL"", ""time"": ""07:40""}, {""city"": ""CHENNAI-KILAMBAKKAM-KCBT"", ""landmark"": ""CHENGALPATTU BYPASS"", ""time"": ""07:50""}, {""city"": ""CHENNAI-KILAMBAKKAM-KCBT"", ""landmark"": ""MELMARUVATHUR BUS STOP"", ""time"": ""08:20""}, {""city"": ""CHENNAI-KILAMBAKKAM-KCBT"", ""landmark"": ""TINDIVANAM"", ""time"": ""08:40""}, {""city"": ""VILLUPURAM"", ""landmark"": ""VILLUPURAM"", ""time"": ""10:00""}, {""city"": ""MADURAI"", ""landmark"": ""MATTUTHAVANI BS"", ""time"": ""15:30""}]",2026-01-13T17:54:42.637035
0800KCBMAD,,SETC,CHENNAI,MADURAI,,,9.00Hrs,30 Seats Available,Standard,Rs 437,16/01/2026,"[{""city"": ""&nbsp;"", ""landmark"": """", ""time"": ""Service&nbsp;Details""}, {""city"": ""0800KCBMAD"", ""landmark"": ""Route&nbsp;No.&nbsp;:"", ""time"": ""137UD""}, {""city"": ""CHENNAI-KILAMBAKKAM-KCBT"", ""landmark"": ""To&nbsp;Place&nbsp;:"", ""time"": ""MADURAI""}, {""city"": ""16/01/2026"", ""landmark"": ""Journey&nbsp;Hours&nbsp;*:"", ""time"": ""9:00""}, {""city"": ""436.00"", ""landmark"": ""Corporation&nbsp;:"", ""time"": ""SETC""}, {""city"": ""&nbsp;"", ""landmark"": ""Adult&nbsp;Fare&nbsp;**"", ""time"": ""437""}, {""city"": ""City"", ""landmark"": ""Land&nbsp;Mark&nbsp;"", ""time"": ""Dep.&nbsp;Time&nbsp;""}, {""city"": ""CHENNAI-KILAMBAKKAM-KCBT"", ""landmark"": ""CHENNAI KALAIGNAR CBT"", ""time"": ""08:00""}, {""city"": ""CHENNAI-KILAMBAKKAM-KCBT"", ""landmark"": ""GUDUVANCHERY"", ""time"": ""08:05""}, {""city"": ""CHENNAI-KILAMBAKKAM-KCBT"", ""landmark"": ""SRM UNIVERSITY"", ""time"": ""08:10""}, {""city"": ""CHENNAI-KILAMBAKKAM-KCBT"", ""landmark"": ""MARAIMALAI NAGAR BUSSTOP"", ""time"": ""08:20""}, {""city"": ""CHENNAI-KILAMBAKKAM-KCBT"", ""landmark"": ""MAHINDRA CITY"", ""time"": ""08:30""}, {""city"": ""CHENNAI-KILAMBAKKAM-KCBT"", ""landmark"": ""CHENGALPATTU TOLL"", ""time"": ""08:40""}, {""city"": ""CHENNAI-KILAMBAKKAM-KCBT"", ""landmark"": ""CHENGALPATTU BYPASS"", ""time"": ""08:50""}, {""city"": ""CHENNAI-KILAMBAKKAM-KCBT"", ""landmark"": ""MELMARUVATHUR BUS STOP"", ""time"": ""09:20""}, {""city"": ""CHENNAI-KILAMBAKKAM-KCBT"", ""landmark"": ""TINDIVANAM"", ""time"": ""09:40""}, {""city"": ""VILLUPURAM"", ""landmark"": ""VILLUPURAM"", ""time"": ""11:00""}, {""city"": ""MADURAI"", ""landmark"": ""MATTUTHAVANI BS"", ""time"": ""16:30""}]",2026-01-13T17:54:42.637035
0800KCBMAD,,SETC,CHENNAI,MADURAI,,,9.00Hrs,30 Seats Available,Standard,Rs 437,16/01/2026,"[{""city"": ""&nbsp;"", ""landmark"": """", ""time"": ""Service&nbsp;Details""}, {""city"": ""0800KCBMAD"", ""landmark"": ""Route&nbsp;No.&nbsp;:"", ""time"": ""137UD""}, {""city"": ""CHENNAI-KILAMBAKKAM-KCBT"", ""landmark"": ""To&nbsp;Place&nbsp;:"", ""time"": ""MADURAI""}, {""city"": ""16/01/2026"", ""landmark"": ""Journey&nbsp;Hours&nbsp;*:"", ""time"": ""9:00""}, {""city"": ""436.00"", ""landmark"": ""Corporation&nbsp;:"", ""time"": ""SETC""}, {""city"": ""&nbsp;"", ""landmark"": ""Adult&nbsp;Fare&nbsp;**"", ""time"": ""437""}, {""city"": ""City"", ""landmark"": ""Land&nbsp;Mark&nbsp;"", ""time"": ""Dep.&nbsp;Time&nbsp;""}, {""city"": ""CHENNAI-KILAMBAKKAM-KCBT"", ""landmark"": ""CHENNAI KALAIGNAR CBT"", ""time"": ""08:00""}, {""city"": ""CHENNAI-KILAMBAKKAM-KCBT"", ""landmark"": ""GUDUVANCHERY"", ""time"": ""08:05""}, {""city"": ""CHENNAI-KILAMBAKKAM-KCBT"", ""landmark"": ""SRM UNIVERSITY"", ""time"": ""08:10""}, {""city"": ""CHENNAI-KILAMBAKKAM-KCBT"", ""landmark"": ""MARAIMALAI NAGAR BUSSTOP"", ""time"": ""08:20""}, {""city"": ""CHENNAI-KILAMBAKKAM-KCBT"", ""landmark"": ""MAHINDRA CITY"", ""time"": ""08:30""}, {""city"": ""CHENNAI-KILAMBAKKAM-KCBT"", ""landmark"": ""CHENGALPATTU TOLL"", ""time"": ""08:40""}, {""city"": ""CHENNAI-KILAMBAKKAM-KCBT"", ""landmark"": ""CHENGALPATTU BYPASS"", ""time"": ""08:50""}, {""city"": ""CHENNAI-KILAMBAKKAM-KCBT"", ""landmark"": ""MELMARUVATHUR BUS STOP"", ""time"": ""09:20""}, {""city"": ""CHENNAI-KILAMBAKKAM-KCBT"", ""landmark"": ""TINDIVANAM"", ""time"": ""09:40""}, {""city"": ""VILLUPURAM"", ""landmark"": ""VILLUPURAM"", ""time"": ""11:00""}, {""city"": ""MADURAI"", ""landmark"": ""MATTUTHAVANI BS"", ""time"": ""16:30""}]",2026-01-13T17:54:42.637035
0801KCBMADLB,,SETC,CHENNAI,MADURAI,,,9.00Hrs,33 Seats Available,Standard,Rs 437/675,16/01/2026,"[{""city"": ""&nbsp;"", ""landmark"": """", ""time"": ""Service&nbsp;Details""}, {""city"": ""0801KCBMADLB"", ""landmark"": ""Route&nbsp;No.&nbsp;:"", ""time"": ""137LB""}, {""city"": ""CHENNAI-KILAMBAKKAM-KCBT"", ""landmark"": ""To&nbsp;Place&nbsp;:"", ""time"": ""MADURAI""}, {""city"": ""16/01/2026"", ""landmark"": ""Journey&nbsp;Hours&nbsp;*:"", ""time"": ""9:00""}, {""city"": ""436.00"", ""landmark"": ""Corporation&nbsp;:"", ""time"": ""SETC""}, {""city"": ""&nbsp;"", ""landmark"": ""Adult&nbsp;Fare&nbsp;**"", ""time"": ""437""}, {""city"": ""City"", ""landmark"": ""Land&nbsp;Mark&nbsp;"", ""time"": ""Dep.&nbsp;Time&nbsp;""}, {""city"": ""CHENNAI-KILAMBAKKAM-KCBT"", ""landmark"": ""CHENNAI KALAIGNAR CBT"", ""time"": ""08:01""}, {""city"": ""CHENNAI-KILAMBAKKAM-KCBT"", ""landmark"": ""GUDUVANCHERY"", ""time"": ""08:06""}, {""city"": ""CHENNAI-KILAMBAKKAM-KCBT"", ""landmark"": ""SRM UNIVERSITY"", ""time"": ""08:11""}, {""city"": ""CHENNAI-KILAMBAKKAM-KCBT"", ""landmark"": ""MARAIMALAI NAGAR BUSSTOP"", ""time"": ""08:21""}, {""city"": ""CHENNAI-KILAMBAKKAM-KCBT"", ""landmark"": ""MAHINDRA CITY"", ""time"": ""08:31""}, {""city"": ""CHENNAI-KILAMBAKKAM-KCBT"", ""landmark"": ""CHENGALPATTU TOLL"", ""time"": ""08:41""}, {""city"": ""CHENNAI-KILAMBAKKAM-KCBT"", ""landmark"": ""CHENGALPATTU BYPASS"", ""time"": ""08:51""}, {""city"": ""CHENNAI-KILAMBAKKAM-KCBT"", ""landmark"": ""MELMARUVATHUR BUS STOP"", ""time"": ""09:21""}, {""city"": ""MADURAI"", ""landmark"": ""MATTUTHAVANI BS"", ""time"": ""17:00""}]",2026-01-13T17:54:42.637035
0801KCBMADLB,,SETC,CHENNAI,MADURAI,,,9.00Hrs,33 Seats Available,Standard,Rs 437/675,16/01/2026,"[{""city"": ""&nbsp;"", ""landmark"": """", ""time"": ""Service&nbsp;Details""}, {""city"": ""0801KCBMADLB"", ""landmark"": ""Route&nbsp;No.&nbsp;:"", ""time"": ""137LB""}, {""city"": ""CHENNAI-KILAMBAKKAM-KCBT"", ""landmark"": ""To&nbsp;Place&nbsp;:"", ""time"": ""MADURAI""}, {""city"": ""16/01/2026"", ""landmark"": ""Journey&nbsp;Hours&nbsp;*:"", ""time"": ""9:00""}, {""city"": ""436.00"", ""landmark"": ""Corporation&nbsp;:"", ""time"": ""SETC""}, {""city"": ""&nbsp;"", ""landmark"": ""Adult&nbsp;Fare&nbsp;**"", ""time"": ""437""}, {""city"": ""City"", ""landmark"": ""Land&nbsp;Mark&nbsp;"", ""time"": ""Dep.&nbsp;Time&nbsp;""}, {""city"": ""CHENNAI-KILAMBAKKAM-KCBT"", ""landmark"": ""CHENNAI KALAIGNAR CBT"", ""time"": ""08:01""}, {""city"": ""CHENNAI-KILAMBAKKAM-KCBT"", ""landmark"": ""GUDUVANCHERY"", ""time"": ""08:06""}, {""city"": ""CHENNAI-KILAMBAKKAM-KCBT"", ""landmark"": ""SRM UNIVERSITY"", ""time"": ""08:11""}, {""city"": ""CHENNAI-KILAMBAKKAM-KCBT"", ""landmark"": ""MARAIMALAI NAGAR BUSSTOP"", ""time"": ""08:21""}, {""city"": ""CHENNAI-KILAMBAKKAM-KCBT"", ""landmark"": ""MAHINDRA CITY"", ""time"": ""08:31""}, {""city"": ""CHENNAI-KILAMBAKKAM-KCBT"", ""landmark"": ""CHENGALPATTU TOLL"", ""time"": ""08:41""}, {""city"": ""CHENNAI-KILAMBAKKAM-KCBT"", ""landmark"": ""CHENGALPATTU BYPASS"", ""time"": ""08:51""}, {""city"": ""CHENNAI-KILAMBAKKAM-KCBT"", ""landmark"": ""MELMARUVATHUR BUS STOP"", ""time"": ""09:21""}, {""city"": ""MADURAI"", ""landmark"": ""MATTUTHAVANI BS"", ""time"": ""17:00""}]",2026-01-13T17:54:42.637035
0830KCBMADAB,,SETC,CHENNAI,MADURAI,,,9.00Hrs,37 Seats Available,Standard,Rs 565/869,16/01/2026,"[{""city"": ""&nbsp;"", ""landmark"": """", ""time"": ""Service&nbsp;Details""}, {""city"": ""0830KCBMADAB"", ""landmark"": ""Route&nbsp;No.&nbsp;:"", ""time"": ""137AB""}, {""city"": ""CHENNAI-KILAMBAKKAM-KCBT"", ""landmark"": ""To&nbsp;Place&nbsp;:"", ""time"": ""MADURAI""}, {""city"": ""16/01/2026"", ""landmark"": ""Journey&nbsp;Hours&nbsp;*:"", ""time"": ""9:00""}, {""city"": ""436.00"", ""landmark"": ""Corporation&nbsp;:"", ""time"": ""SETC""}, {""city"": ""&nbsp;"", ""landmark"": ""Adult&nbsp;Fare&nbsp;**"", ""time"": ""565""}, {""city"": ""City"", ""landmark"": ""Land&nbsp;Mark&nbsp;"", ""time"": ""Dep.&nbsp;Time&nbsp;""}, {""city"": ""CHENNAI-KILAMBAKKAM-KCBT"", ""landmark"": ""CHENNAI KALAIGNAR CBT"", ""time"": ""08:30""}, {""city"": ""CHENNAI-KILAMBAKKAM-KCBT"", ""landmark"": ""GUDUVANCHERY"", ""time"": ""08:35""}, {""city"": ""CHENNAI-KILAMBAKKAM-KCBT"", ""landmark"": ""SRM UNIVERSITY"", ""time"": ""08:40""}, {""city"": ""CHENNAI-KILAMBAKKAM-KCBT"", ""landmark"": ""MARAIMALAI NAGAR BUSSTOP"", ""time"": ""08:50""}, {""city"": ""CHENNAI-KILAMBAKKAM-KCBT"", ""landmark"": ""MAHINDRA CITY"", ""time"": ""09:00""}, {""city"": ""CHENNAI-KILAMBAKKAM-KCBT"", ""landmark"": ""CHENGALPATTU TOLL"", ""time"": ""09:10""}, {""city"": ""CHENNAI-KILAMBAKKAM-KCBT"", ""landmark"": ""CHENGALPATTU BYPASS"", ""time"": ""09:20""}, {""city"": ""CHENNAI-KILAMBAKKAM-KCBT"", ""landmark"": ""MELMARUVATHUR BUS STOP"", ""time"": ""09:50""}, {""city"": ""CHENNAI-KILAMBAKKAM-KCBT"", ""landmark"": ""TINDIVANAM"", ""time"": ""10:10""}, {""city"": ""MADURAI"", ""landmark"": ""MATTUTHAVANI BS"", ""time"": ""17:00""}]",2026-01-13T17:54:42.637035
0830KCBMADAB,,SETC,CHENNAI,MADURAI,,,9.00Hrs,37 Seats Available,Standard,Rs 565/869,16/01/2026,"[{""city"": ""&nbsp;"", ""landmark"": """", ""time"": ""Service&nbsp;Details""}, {""city"": ""0830KCBMADAB"", ""landmark"": ""Route&nbsp;No.&nbsp;:"", ""time"": ""137AB""}, {""city"": ""CHENNAI-KILAMBAKKAM-KCBT"", ""landmark"": ""To&nbsp;Place&nbsp;:"", ""time"": ""MADURAI""}, {""city"": ""16/01/2026"", ""landmark"": ""Journey&nbsp;Hours&nbsp;*:"", ""time"": ""9:00""}, {""city"": ""436.00"", ""landmark"": ""Corporation&nbsp;:"", ""time"": ""SETC""}, {""city"": ""&nbsp;"", ""landmark"": ""Adult&nbsp;Fare&nbsp;**"", ""time"": ""565""}, {""city"": ""City"", ""landmark"": ""Land&nbsp;Mark&nbsp;"", ""time"": ""Dep.&nbsp;Time&nbsp;""}, {""city"": ""CHENNAI-KILAMBAKKAM-KCBT"", ""landmark"": ""CHENNAI KALAIGNAR CBT"", ""time"": ""08:30""}, {""city"": ""CHENNAI-KILAMBAKKAM-KCBT"", ""landmark"": ""GUDUVANCHERY"", ""time"": ""08:35""}, {""city"": ""CHENNAI-KILAMBAKKAM-KCBT"", ""landmark"": ""SRM UNIVERSITY"", ""time"": ""08:40""}, {""city"": ""CHENNAI-KILAMBAKKAM-KCBT"", ""landmark"": ""MARAIMALAI NAGAR BUSSTOP"", ""time"": ""08:50""}, {""city"": ""CHENNAI-KILAMBAKKAM-KCBT"", ""landmark"": ""MAHINDRA CITY"", ""time"": ""09:00""}, {""city"": ""CHENNAI-KILAMBAKKAM-KCBT"", ""landmark"": ""CHENGALPATTU TOLL"", ""time"": ""09:10""}, {""city"": ""CHENNAI-KILAMBAKKAM-KCBT"", ""landmark"": ""CHENGALPATTU BYPASS"", ""time"": ""09:20""}, {""city"": ""CHENNAI-KILAMBAKKAM-KCBT"", ""landmark"": ""MELMARUVATHUR BUS STOP"", ""time"": ""09:50""}, {""city"": ""CHENNAI-KILAMBAKKAM-KCBT"", ""landmark"": ""TINDIVANAM"", ""time"": ""10:10""}, {""city"": ""MADURAI"", ""landmark"": ""MATTUTHAVANI BS"", ""time"": ""17:00""}]",2026-01-13T17:54:42.637035
0900KCBMADNS,,SETC,CHENNAI,MADURAI,,,9.00Hrs,37 Seats Available,Standard,Rs 437/675,16/01/2026,"[{""city"": ""&nbsp;"", ""landmark"": """", ""time"": ""Service&nbsp;Details""}, {""city"": ""0900KCBMADNS"", ""landmark"": ""Route&nbsp;No.&nbsp;:"", ""time"": ""137NS""}, {""city"": ""CHENNAI-KILAMBAKKAM-KCBT"", ""landmark"": ""To&nbsp;Place&nbsp;:"", ""time"": ""MADURAI""}, {""city"": ""16/01/2026"", ""landmark"": ""Journey&nbsp;Hours&nbsp;*:"", ""time"": ""9:00""}, {""city"": ""436.00"", ""landmark"": ""Corporation&nbsp;:"", ""time"": ""SETC""}, {""city"": ""&nbsp;"", ""landmark"": ""Adult&nbsp;Fare&nbsp;**"", ""time"": ""437""}, {""city"": ""City"", ""landmark"": ""Land&nbsp;Mark&nbsp;"", ""time"": ""Dep.&nbsp;Time&nbsp;""}, {""city"": ""CHENNAI-KILAMBAKKAM-KCBT"", ""landmark"": ""CHENNAI KALAIGNAR CBT"", ""time"": ""09:00""}, {""city"": ""CHENNAI-KILAMBAKKAM-KCBT"", ""landmark"": ""GUDUVANCHERY"", ""time"": ""09:05""}, {""city"": ""CHENNAI-KILAMBAKKAM-KCBT"", ""landmark"": ""SRM UNIVERSITY"", ""time"": ""09:10""}, {""city"": ""CHENNAI-KILAMBAKKAM-KCBT"", ""landmark"": ""MARAIMALAI NAGAR BUSSTOP"", ""time"": ""09:20""}, {""city"": ""CHENNAI-KILAMBAKKAM-KCBT"", ""landmark"": ""MAHINDRA CITY"", ""time"": ""09:30""}, {""city"": ""CHENNAI-KILAMBAKKAM-KCBT"", ""landmark"": ""CHENGALPATTU TOLL"", ""time"": ""09:40""}, {""city"": ""CHENNAI-KILAMBAKKAM-KCBT"", ""landmark"": ""CHENGALPATTU BYPASS"", ""time"": ""09:50""}, {""city"": ""CHENNAI-KILAMBAKKAM-KCBT"", ""landmark"": ""MELMARUVATHUR BUS STOP"", ""time"": ""10:20""}, {""city"": ""MADURAI"", ""landmark"": ""MATTUTHAVANI BS"", ""time"": ""17:30""}]",2026-01-13T17:54:42.637035
0900KCBMADNS,,SETC,CHENNAI,MADURAI,,,9.00Hrs,37 Seats Available,Standard,Rs 437/675,16/01/2026,"[{""city"": ""&nbsp;"", ""landmark"": """", ""time"": ""Service&nbsp;Details""}, {""city"": ""0900KCBMADNS"", ""landmark"": ""Route&nbsp;No.&nbsp;:"", ""time"": ""137NS""}, {""city"": ""CHENNAI-KILAMBAKKAM-KCBT"", ""landmark"": ""To&nbsp;Place&nbsp;:"", ""time"": ""MADURAI""}, {""city"": ""16/01/2026"", ""landmark"": ""Journey&nbsp;Hours&nbsp;*:"", ""time"": ""9:00""}, {""city"": ""436.00"", ""landmark"": ""Corporation&nbsp;:"", ""time"": ""SETC""}, {""city"": ""&nbsp;"", ""landmark"": ""Adult&nbsp;Fare&nbsp;**"", ""time"": ""437""}, {""city"": ""City"", ""landmark"": ""Land&nbsp;Mark&nbsp;"", ""time"": ""Dep.&nbsp;Time&nbsp;""}, {""city"": ""CHENNAI-KILAMBAKKAM-KCBT"", ""landmark"": ""CHENNAI KALAIGNAR CBT"", ""time"": ""09:00""}, {""city"": ""CHENNAI-KILAMBAKKAM-KCBT"", ""landmark"": ""GUDUVANCHERY"", ""time"": ""09:05""}, {""city"": ""CHENNAI-KILAMBAKKAM-KCBT"", ""landmark"": ""SRM UNIVERSITY"", ""time"": ""09:10""}, {""city"": ""CHENNAI-KILAMBAKKAM-KCBT"", ""landmark"": ""MARAIMALAI NAGAR BUSSTOP"", ""time"": ""09:20""}, {""city"": ""CHENNAI-KILAMBAKKAM-KCBT"", ""landmark"": ""MAHINDRA CITY"", ""time"": ""09:30""}, {""city"": ""CHENNAI-KILAMBAKKAM-KCBT"", ""landmark"": ""CHENGALPATTU TOLL"", ""time"": ""09:40""}, {""city"": ""CHENNAI-KILAMBAKKAM-KCBT"", ""landmark"": ""CHENGALPATTU BYPASS"", ""time"": ""09:50""}, {""city"": ""CHENNAI-KILAMBAKKAM-KCBT"", ""landmark"": ""MELMARUVATHUR BUS STOP"", ""time"": ""10:20""}, {""city"": ""MADURAI"", ""landmark"": ""MATTUTHAVANI BS"", ""time"": ""17:30""}]",2026-01-13T17:54:42.637035
0930KCBMADAB,,SETC,CHENNAI,MADURAI,,,9.00Hrs,36 Seats Available,Standard,Rs 565/869,16/01/2026,"[{""city"": ""&nbsp;"", ""landmark"": """", ""time"": ""Service&nbsp;Details""}, {""city"": ""0930KCBMADAB"", ""landmark"": ""Route&nbsp;No.&nbsp;:"", ""time"": ""137AB""}, {""city"": ""CHENNAI-KILAMBAKKAM-KCBT"", ""landmark"": ""To&nbsp;Place&nbsp;:"", ""time"": ""MADURAI""}, {""city"": ""16/01/2026"", ""landmark"": ""Journey&nbsp;Hours&nbsp;*:"", ""time"": ""9:00""}, {""city"": ""436.00"", ""landmark"": ""Corporation&nbsp;:"", ""time"": ""SETC""}, {""city"": ""&nbsp;"", ""landmark"": ""Adult&nbsp;Fare&nbsp;**"", ""time"": ""565""}, {""city"": ""City"", ""landmark"": ""Land&nbsp;Mark&nbsp;"", ""time"": ""Dep.&nbsp;Time&nbsp;""}, {""city"": ""CHENNAI-KILAMBAKKAM-KCBT"", ""landmark"": ""CHENNAI KALAIGNAR CBT"", ""time"": ""09:30""}, {""city"": ""CHENNAI-KILAMBAKKAM-KCBT"", ""landmark"": ""GUDUVANCHERY"", ""time"": ""09:35""}, {""city"": ""CHENNAI-KILAMBAKKAM-KCBT"", ""landmark"": ""SRM UNIVERSITY"", ""time"": ""09:40""}, {""city"": ""CHENNAI-KILAMBAKKAM-KCBT"", ""landmark"": ""MARAIMALAI NAGAR BUSSTOP"", ""time"": ""09:50""}, {""city"": ""CHENNAI-KILAMBAKKAM-KCBT"", ""landmark"": ""MAHINDRA CITY"", ""time"": ""10:00""}, {""city"": ""CHENNAI-KILAMBAKKAM-KCBT"", ""landmark"": ""CHENGALPATTU TOLL"", ""time"": ""10:10""}, {""city"": ""CHENNAI-KILAMBAKKAM-KCBT"", ""landmark"": ""CHENGALPATTU BYPASS"", ""time"": ""10:20""}, {""city"": ""CHENNAI-KILAMBAKKAM-KCBT"", ""landmark"": ""MELMARUVATHUR BUS STOP"", ""time"": ""10:50""}, {""city"": ""CHENNAI-KILAMBAKKAM-KCBT"", ""landmark"": ""TINDIVANAM"", ""time"": ""11:10""}, {""city"": ""MADURAI"", ""landmark"": ""MATTUTHAVANI BS"", ""time"": ""18:00""}]",2026-01-13T17:54:42.637035
0930KCBMADAB,,SETC,CHENNAI,MADURAI,,,9.00Hrs,36 Seats Available,Standard,Rs 565/869,16/01/2026,"[{""city"": ""&nbsp;"", ""landmark"": """", ""time"": ""Service&nbsp;Details""}, {""city"": ""0930KCBMADAB"", ""landmark"": ""Route&nbsp;No.&nbsp;:"", ""time"": ""137AB""}, {""city"": ""CHENNAI-KILAMBAKKAM-KCBT"", ""landmark"": ""To&nbsp;Place&nbsp;:"", ""time"": ""MADURAI""}, {""city"": ""16/01/2026"", ""landmark"": ""Journey&nbsp;Hours&nbsp;*:"", ""time"": ""9:00""}, {""city"": ""436.00"", ""landmark"": ""Corporation&nbsp;:"", ""time"": ""SETC""}, {""city"": ""&nbsp;"", ""landmark"": ""Adult&nbsp;Fare&nbsp;**"", ""time"": ""565""}, {""city"": ""City"", ""landmark"": ""Land&nbsp;Mark&nbsp;"", ""time"": ""Dep.&nbsp;Time&nbsp;""}, {""city"": ""CHENNAI-KILAMBAKKAM-KCBT"", ""landmark"": ""CHENNAI KALAIGNAR CBT"", ""time"": ""09:30""}, {""city"": ""CHENNAI-KILAMBAKKAM-KCBT"", ""landmark"": ""GUDUVANCHERY"", ""time"": ""09:35""}, {""city"": ""CHENNAI-KILAMBAKKAM-KCBT"", ""landmark"": ""SRM UNIVERSITY"", ""time"": ""09:40""}, {""city"": ""CHENNAI-KILAMBAKKAM-KCBT"", ""landmark"": ""MARAIMALAI NAGAR BUSSTOP"", ""time"": ""09:50""}, {""city"": ""CHENNAI-KILAMBAKKAM-KCBT"", ""landmark"": ""MAHINDRA CITY"", ""time"": ""10:00""}, {""city"": ""CHENNAI-KILAMBAKKAM-KCBT"", ""landmark"": ""CHENGALPATTU TOLL"", ""time"": ""10:10""}, {""city"": ""CHENNAI-KILAMBAKKAM-KCBT"", ""landmark"": ""CHENGALPATTU BYPASS"", ""time"": ""10:20""}, {""city"": ""CHENNAI-KILAMBAKKAM-KCBT"", ""landmark"": ""MELMARUVATHUR BUS STOP"", ""time"": ""10:50""}, {""city"": ""CHENNAI-KILAMBAKKAM-KCBT"", ""landmark"": ""TINDIVANAM"", ""time"": ""11:10""}, {""city"": ""MADURAI"", ""landmark"": ""MATTUTHAVANI BS"", ""time"": ""18:00""}]",2026-01-13T17:54:42.637035
1000KCBMADNS,,SETC,CHENNAI,MADURAI,,,9.00Hrs,37 Seats Available,Standard,Rs 437/675,16/01/2026,"[{""city"": ""&nbsp;"", ""landmark"": """", ""time"": ""Service&nbsp;Details""}, {""city"": ""1000KCBMADNS"", ""landmark"": ""Route&nbsp;No.&nbsp;:"", ""time"": ""137NS""}, {""city"": ""CHENNAI-KILAMBAKKAM-KCBT"", ""landmark"": ""To&nbsp;Place&nbsp;:"", ""time"": ""MADURAI""}, {""city"": ""16/01/2026"", ""landmark"": ""Journey&nbsp;Hours&nbsp;*:"", ""time"": ""9:00""}, {""city"": ""436.00"", ""landmark"": ""Corporation&nbsp;:"", ""time"": ""SETC""}, {""city"": ""&nbsp;"", ""landmark"": ""Adult&nbsp;Fare&nbsp;**"", ""time"": ""437""}, {""city"": ""City"", ""landmark"": ""Land&nbsp;Mark&nbsp;"", ""time"": ""Dep.&nbsp;Time&nbsp;""}, {""city"": ""CHENNAI-KILAMBAKKAM-KCBT"", ""landmark"": ""CHENNAI KALAIGNAR CBT"", ""time"": ""10:00""}, {""city"": ""CHENNAI-KILAMBAKKAM-KCBT"", ""landmark"": ""GUDUVANCHERY"", ""time"": ""10:05""}, {""city"": ""CHENNAI-KILAMBAKKAM-KCBT"", ""landmark"": ""SRM UNIVERSITY"", ""time"": ""10:10""}, {""city"": ""CHENNAI-KILAMBAKKAM-KCBT"", ""landmark"": ""MARAIMALAI NAGAR BUSSTOP"", ""time"": ""10:20""}, {""city"": ""CHENNAI-KILAMBAKKAM-KCBT"", ""landmark"": ""MAHINDRA CITY"", ""time"": ""10:30""}, {""city"": ""CHENNAI-KILAMBAKKAM-KCBT"", ""landmark"": ""CHENGALPATTU TOLL"", ""time"": ""10:40""}, {""city"": ""CHENNAI-KILAMBAKKAM-KCBT"", ""landmark"": ""CHENGALPATTU BYPASS"", ""time"": ""10:50""}, {""city"": ""CHENNAI-KILAMBAKKAM-KCBT"", ""landmark"": ""MELMARUVATHUR BUS STOP"", ""time"": ""11:20""}, {""city"": ""MADURAI"", ""landmark"": ""MATTUTHAVANI BS"", ""time"": ""18:30""}]",2026-01-13T17:54:42.637035
1000KCBMADNS,,SETC,CHENNAI,MADURAI,,,9.00Hrs,37 Seats Available,Standard,Rs 437/675,16/01/2026,"[{""city"": ""&nbsp;"", ""landmark"": """", ""time"": ""Service&nbsp;Details""}, {""city"": ""1000KCBMADNS"", ""landmark"": ""Route&nbsp;No.&nbsp;:"", ""time"": ""137NS""}, {""city"": ""CHENNAI-KILAMBAKKAM-KCBT"", ""landmark"": ""To&nbsp;Place&nbsp;:"", ""time"": ""MADURAI""}, {""city"": ""16/01/2026"", ""landmark"": ""Journey&nbsp;Hours&nbsp;*:"", ""time"": ""9:00""}, {""city"": ""436.00"", ""landmark"": ""Corporation&nbsp;:"", ""time"": ""SETC""}, {""city"": ""&nbsp;"", ""landmark"": ""Adult&nbsp;Fare&nbsp;**"", ""time"": ""437""}, {""city"": ""City"", ""landmark"": ""Land&nbsp;Mark&nbsp;"", ""time"": ""Dep.&nbsp;Time&nbsp;""}, {""city"": ""CHENNAI-KILAMBAKKAM-KCBT"", ""landmark"": ""CHENNAI KALAIGNAR CBT"", ""time"": ""10:00""}, {""city"": ""CHENNAI-KILAMBAKKAM-KCBT"", ""landmark"": ""GUDUVANCHERY"", ""time"": ""10:05""}, {""city"": ""CHENNAI-KILAMBAKKAM-KCBT"", ""landmark"": ""SRM UNIVERSITY"", ""time"": ""10:10""}, {""city"": ""CHENNAI-KILAMBAKKAM-KCBT"", ""landmark"": ""MARAIMALAI NAGAR BUSSTOP"", ""time"": ""10:20""}, {""city"": ""CHENNAI-KILAMBAKKAM-KCBT"", ""landmark"": ""MAHINDRA CITY"", ""time"": ""10:30""}, {""city"": ""CHENNAI-KILAMBAKKAM-KCBT"", ""landmark"": ""CHENGALPATTU TOLL"", ""time"": ""10:40""}, {""city"": ""CHENNAI-KILAMBAKKAM-KCBT"", ""landmark"": ""CHENGALPATTU BYPASS"", ""time"": ""10:50""}, {""city"": ""CHENNAI-KILAMBAKKAM-KCBT"", ""landmark"": ""MELMARUVATHUR BUS STOP"", ""time"": ""11:20""}, {""city"": ""MADURAI"", ""landmark"": ""MATTUTHAVANI BS"", ""time"": ""18:30""}]",2026-01-13T17:54:42.637035
1030KCBMADAB,,SETC,CHENNAI,MADURAI,,,9.00Hrs,37 Seats Available,Standard,Rs 565/869,16/01/2026,"[{""city"": ""&nbsp;"", ""landmark"": """", ""time"": ""Service&nbsp;Details""}, {""city"": ""1030KCBMADAB"", ""landmark"": ""Route&nbsp;No.&nbsp;:"", ""time"": ""137AB""}, {""city"": ""CHENNAI-KILAMBAKKAM-KCBT"", ""landmark"": ""To&nbsp;Place&nbsp;:"", ""time"": ""MADURAI""}, {""city"": ""16/01/2026"", ""landmark"": ""Journey&nbsp;Hours&nbsp;*:"", ""time"": ""9:00""}, {""city"": ""436.00"", ""landmark"": ""Corporation&nbsp;:"", ""time"": ""SETC""}, {""city"": ""&nbsp;"", ""landmark"": ""Adult&nbsp;Fare&nbsp;**"", ""time"": ""565""}, {""city"": ""City"", ""landmark"": ""Land&nbsp;Mark&nbsp;"", ""time"": ""Dep.&nbsp;Time&nbsp;""}, {""city"": ""CHENNAI-KILAMBAKKAM-KCBT"", ""landmark"": ""CHENNAI KALAIGNAR CBT"", ""time"": ""10:30""}, {""city"": ""CHENNAI-KILAMBAKKAM-KCBT"", ""landmark"": ""GUDUVANCHERY"", ""time"": ""10:35""}, {""city"": ""CHENNAI-KILAMBAKKAM-KCBT"", ""landmark"": ""SRM UNIVERSITY"", ""time"": ""10:40""}, {""city"": ""CHENNAI-KILAMBAKKAM-KCBT"", ""landmark"": ""MARAIMALAI NAGAR BUSSTOP"", ""time"": ""10:50""}, {""city"": ""CHENNAI-KILAMBAKKAM-KCBT"", ""landmark"": ""MAHINDRA CITY"", ""time"": ""11:00""}, {""city"": ""CHENNAI-KILAMBAKKAM-KCBT"", ""landmark"": ""CHENGALPATTU TOLL"", ""time"": ""11:10""}, {""city"": ""CHENNAI-KILAMBAKKAM-KCBT"", ""landmark"": ""CHENGALPATTU BYPASS"", ""time"": ""11:20""}, {""city"": ""CHENNAI-KILAMBAKKAM-KCBT"", ""landmark"": ""MELMARUVATHUR BUS STOP"", ""time"": ""11:50""}, {""city"": ""CHENNAI-KILAMBAKKAM-KCBT"", ""landmark"": ""TINDIVANAM"", ""time"": ""12:10""}, {""city"": ""MADURAI"", ""landmark"": ""MATTUTHAVANI BS"", ""time"": ""19:00""}]",2026-01-13T17:54:42.637035
1030KCBMADAB,,SETC,CHENNAI,MADURAI,,,9.00Hrs,37 Seats Available,Standard,Rs 565/869,16/01/2026,"[{""city"": ""&nbsp;"", ""landmark"": """", ""time"": ""Service&nbsp;Details""}, {""city"": ""1030KCBMADAB"", ""landmark"": ""Route&nbsp;No.&nbsp;:"", ""time"": ""137AB""}, {""city"": ""CHENNAI-KILAMBAKKAM-KCBT"", ""landmark"": ""To&nbsp;Place&nbsp;:"", ""time"": ""MADURAI""}, {""city"": ""16/01/2026"", ""landmark"": ""Journey&nbsp;Hours&nbsp;*:"", ""time"": ""9:00""}, {""city"": ""436.00"", ""landmark"": ""Corporation&nbsp;:"", ""time"": ""SETC""}, {""city"": ""&nbsp;"", ""landmark"": ""Adult&nbsp;Fare&nbsp;**"", ""time"": ""565""}, {""city"": ""City"", ""landmark"": ""Land&nbsp;Mark&nbsp;"", ""time"": ""Dep.&nbsp;Time&nbsp;""}, {""city"": ""CHENNAI-KILAMBAKKAM-KCBT"", ""landmark"": ""CHENNAI KALAIGNAR CBT"", ""time"": ""10:30""}, {""city"": ""CHENNAI-KILAMBAKKAM-KCBT"", ""landmark"": ""GUDUVANCHERY"", ""time"": ""10:35""}, {""city"": ""CHENNAI-KILAMBAKKAM-KCBT"", ""landmark"": ""SRM UNIVERSITY"", ""time"": ""10:40""}, {""city"": ""CHENNAI-KILAMBAKKAM-KCBT"", ""landmark"": ""MARAIMALAI NAGAR BUSSTOP"", ""time"": ""10:50""}, {""city"": ""CHENNAI-KILAMBAKKAM-KCBT"", ""landmark"": ""MAHINDRA CITY"", ""time"": ""11:00""}, {""city"": ""CHENNAI-KILAMBAKKAM-KCBT"", ""landmark"": ""CHENGALPATTU TOLL"", ""time"": ""11:10""}, {""city"": ""CHENNAI-KILAMBAKKAM-KCBT"", ""landmark"": ""CHENGALPATTU BYPASS"", ""time"": ""11:20""}, {""city"": ""CHENNAI-KILAMBAKKAM-KCBT"", ""landmark"": ""MELMARUVATHUR BUS STOP"", ""time"": ""11:50""}, {""city"": ""CHENNAI-KILAMBAKKAM-KCBT"", ""landmark"": ""TINDIVANAM"", ""time"": ""12:10""}, {""city"": ""MADURAI"", ""landmark"": ""MATTUTHAVANI BS"", ""time"": ""19:00""}]",2026-01-13T17:54:42.637035
1030KCBTUTAB,,SETC,CHENNAI,MADURAI,,,9.00Hrs,37 Seats Available,Standard,Rs 565/869,16/01/2026,"[{""city"": ""&nbsp;"", ""landmark"": """", ""time"": ""Service&nbsp;Details""}, {""city"": ""1030KCBTUTAB"", ""landmark"": ""Route&nbsp;No.&nbsp;:"", ""time"": ""170AB""}, {""city"": ""CHENNAI-KILAMBAKKAM-KCBT"", ""landmark"": ""To&nbsp;Place&nbsp;:"", ""time"": ""MADURAI""}, {""city"": ""16/01/2026"", ""landmark"": ""Journey&nbsp;Hours&nbsp;*:"", ""time"": ""9:00""}, {""city"": ""436.00"", ""landmark"": ""Corporation&nbsp;:"", ""time"": ""SETC""}, {""city"": ""&nbsp;"", ""landmark"": ""Adult&nbsp;Fare&nbsp;**"", ""time"": ""565""}, {""city"": ""City"", ""landmark"": ""Land&nbsp;Mark&nbsp;"", ""time"": ""Dep.&nbsp;Time&nbsp;""}, {""city"": ""CHENNAI-KILAMBAKKAM-KCBT"", ""landmark"": ""CHENNAI KALAIGNAR CBT"", ""time"": ""10:30""}, {""city"": ""CHENNAI-KILAMBAKKAM-KCBT"", ""landmark"": ""GUDUVANCHERY"", ""time"": ""10:35""}, {""city"": ""CHENNAI-KILAMBAKKAM-KCBT"", ""landmark"": ""SRM UNIVERSITY"", ""time"": ""10:40""}, {""city"": ""CHENNAI-KILAMBAKKAM-KCBT"", ""landmark"": ""MARAIMALAI NAGAR BUSSTOP"", ""time"": ""10:50""}, {""city"": ""CHENNAI-KILAMBAKKAM-KCBT"", ""landmark"": ""MAHINDRA CITY"", ""time"": ""11:00""}, {""city"": ""CHENNAI-KILAMBAKKAM-KCBT"", ""landmark"": ""CHENGALPATTU TOLL"", ""time"": ""11:10""}, {""city"": ""CHENNAI-KILAMBAKKAM-KCBT"", ""landmark"": ""CHENGALPATTU BYPASS"", ""time"": ""11:20""}, {""city"": ""CHENNAI-KILAMBAKKAM-KCBT"", ""landmark"": ""MELMARUVATHUR BUS STOP"", ""time"": ""11:50""}, {""city"": ""CHENNAI-KILAMBAKKAM-KCBT"", ""landmark"": ""TINDIVANAM"", ""time"": ""12:10""}, {""city"": ""MADURAI"", ""landmark"": ""MATTUTHAVANI BS"", ""time"": ""19:30""}, {""city"": ""TUTICORIN"", ""landmark"": ""TUTICORIN"", ""time"": ""21:30""}]",2026-01-13T17:54:42.637035
1030KCBTUTAB,,SETC,CHENNAI,MADURAI,,,9.00Hrs,37 Seats Available,Standard,Rs 565/869,16/01/2026,"[{""city"": ""&nbsp;"", ""landmark"": """", ""time"": ""Service&nbsp;Details""}, {""city"": ""1030KCBTUTAB"", ""landmark"": ""Route&nbsp;No.&nbsp;:"", ""time"": ""170AB""}, {""city"": ""CHENNAI-KILAMBAKKAM-KCBT"", ""landmark"": ""To&nbsp;Place&nbsp;:"", ""time"": ""MADURAI""}, {""city"": ""16/01/2026"", ""landmark"": ""Journey&nbsp;Hours&nbsp;*:"", ""time"": ""9:00""}, {""city"": ""436.00"", ""landmark"": ""Corporation&nbsp;:"", ""time"": ""SETC""}, {""city"": ""&nbsp;"", ""landmark"": ""Adult&nbsp;Fare&nbsp;**"", ""time"": ""565""}, {""city"": ""City"", ""landmark"": ""Land&nbsp;Mark&nbsp;"", ""time"": ""Dep.&nbsp;Time&nbsp;""}, {""city"": ""CHENNAI-KILAMBAKKAM-KCBT"", ""landmark"": ""CHENNAI KALAIGNAR CBT"", ""time"": ""10:30""}, {""city"": ""CHENNAI-KILAMBAKKAM-KCBT"", ""landmark"": ""GUDUVANCHERY"", ""time"": ""10:35""}, {""city"": ""CHENNAI-KILAMBAKKAM-KCBT"", ""landmark"": ""SRM UNIVERSITY"", ""time"": ""10:40""}, {""city"": ""CHENNAI-KILAMBAKKAM-KCBT"", ""landmark"": ""MARAIMALAI NAGAR BUSSTOP"", ""time"": ""10:50""}, {""city"": ""CHENNAI-KILAMBAKKAM-KCBT"", ""landmark"": ""MAHINDRA CITY"", ""time"": ""11:00""}, {""city"": ""CHENNAI-KILAMBAKKAM-KCBT"", ""landmark"": ""CHENGALPATTU TOLL"", ""time"": ""11:10""}, {""city"": ""CHENNAI-KILAMBAKKAM-KCBT"", ""landmark"": ""CHENGALPATTU BYPASS"", ""time"": ""11:20""}, {""city"": ""CHENNAI-KILAMBAKKAM-KCBT"", ""landmark"": ""MELMARUVATHUR BUS STOP"", ""time"": ""11:50""}, {""city"": ""CHENNAI-KILAMBAKKAM-KCBT"", ""landmark"": ""TINDIVANAM"", ""time"": ""12:10""}, {""city"": ""MADURAI"", ""landmark"": ""MATTUTHAVANI BS"", ""time"": ""19:30""}, {""city"": ""TUTICORIN"", ""landmark"": ""TUTICORIN"", ""time"": ""21:30""}]",2026-01-13T17:54:42.637035
1045KCBMADNS,,SETC,CHENNAI,MADURAI,,,9.00Hrs,32 Seats Available,Standard,Rs 437/675,16/01/2026,"[{""city"": ""&nbsp;"", ""landmark"": """", ""time"": ""Service&nbsp;Details""}, {""city"": ""1045KCBMADNS"", ""landmark"": ""Route&nbsp;No.&nbsp;:"", ""time"": ""137NS""}, {""city"": ""CHENNAI-KILAMBAKKAM-KCBT"", ""landmark"": ""To&nbsp;Place&nbsp;:"", ""time"": ""MADURAI""}, {""city"": ""16/01/2026"", ""landmark"": ""Journey&nbsp;Hours&nbsp;*:"", ""time"": ""9:00""}, {""city"": ""436.00"", ""landmark"": ""Corporation&nbsp;:"", ""time"": ""SETC""}, {""city"": ""&nbsp;"", ""landmark"": ""Adult&nbsp;Fare&nbsp;**"", ""time"": ""437""}, {""city"": ""City"", ""landmark"": ""Land&nbsp;Mark&nbsp;"", ""time"": ""Dep.&nbsp;Time&nbsp;""}, {""city"": ""CHENNAI-KILAMBAKKAM-KCBT"", ""landmark"": ""CHENNAI KALAIGNAR CBT"", ""time"": ""10:45""}, {""city"": ""CHENNAI-KILAMBAKKAM-KCBT"", ""landmark"": ""GUDUVANCHERY"", ""time"": ""10:50""}, {""city"": ""CHENNAI-KILAMBAKKAM-KCBT"", ""landmark"": ""SRM UNIVERSITY"", ""time"": ""10:55""}, {""city"": ""CHENNAI-KILAMBAKKAM-KCBT"", ""landmark"": ""MARAIMALAI NAGAR BUSSTOP"", ""time"": ""11:05""}, {""city"": ""CHENNAI-KILAMBAKKAM-KCBT"", ""landmark"": ""MAHINDRA CITY"", ""time"": ""11:15""}, {""city"": ""CHENNAI-KILAMBAKKAM-KCBT"", ""landmark"": ""CHENGALPATTU TOLL"", ""time"": ""11:25""}, {""city"": ""CHENNAI-KILAMBAKKAM-KCBT"", ""landmark"": ""CHENGALPATTU BYPASS"", ""time"": ""11:35""}, {""city"": ""CHENNAI-KILAMBAKKAM-KCBT"", ""landmark"": ""MELMARUVATHUR BUS STOP"", ""time"": ""12:05""}, {""city"": ""MADURAI"", ""landmark"": ""MATTUTHAVANI BS"", ""time"": ""19:15""}]",2026-01-13T17:54:42.637035
1045KCBMADNS,,SETC,CHENNAI,MADURAI,,,9.00Hrs,32 Seats Available,Standard,Rs 437/675,16/01/2026,"[{""city"": ""&nbsp;"", ""landmark"": """", ""time"": ""Service&nbsp;Details""}, {""city"": ""1045KCBMADNS"", ""landmark"": ""Route&nbsp;No.&nbsp;:"", ""time"": ""137NS""}, {""city"": ""CHENNAI-KILAMBAKKAM-KCBT"", ""landmark"": ""To&nbsp;Place&nbsp;:"", ""time"": ""MADURAI""}, {""city"": ""16/01/2026"", ""landmark"": ""Journey&nbsp;Hours&nbsp;*:"", ""time"": ""9:00""}, {""city"": ""436.00"", ""landmark"": ""Corporation&nbsp;:"", ""time"": ""SETC""}, {""city"": ""&nbsp;"", ""landmark"": ""Adult&nbsp;Fare&nbsp;**"", ""time"": ""437""}, {""city"": ""City"", ""landmark"": ""Land&nbsp;Mark&nbsp;"", ""time"": ""Dep.&nbsp;Time&nbsp;""}, {""city"": ""CHENNAI-KILAMBAKKAM-KCBT"", ""landmark"": ""CHENNAI KALAIGNAR CBT"", ""time"": ""10:45""}, {""city"": ""CHENNAI-KILAMBAKKAM-KCBT"", ""landmark"": ""GUDUVANCHERY"", ""time"": ""10:50""}, {""city"": ""CHENNAI-KILAMBAKKAM-KCBT"", ""landmark"": ""SRM UNIVERSITY"", ""time"": ""10:55""}, {""city"": ""CHENNAI-KILAMBAKKAM-KCBT"", ""landmark"": ""MARAIMALAI NAGAR BUSSTOP"", ""time"": ""11:05""}, {""city"": ""CHENNAI-KILAMBAKKAM-KCBT"", ""landmark"": ""MAHINDRA CITY"", ""time"": ""11:15""}, {""city"": ""CHENNAI-KILAMBAKKAM-KCBT"", ""landmark"": ""CHENGALPATTU TOLL"", ""time"": ""11:25""}, {""city"": ""CHENNAI-KILAMBAKKAM-KCBT"", ""landmark"": ""CHENGALPATTU BYPASS"", ""time"": ""11:35""}, {""city"": ""CHENNAI-KILAMBAKKAM-KCBT"", ""landmark"": ""MELMARUVATHUR BUS STOP"", ""time"": ""12:05""}, {""city"": ""MADURAI"", ""landmark"": ""MATTUTHAVANI BS"", ""time"": ""19:15""}]",2026-01-13T17:54:42.637035
1100KCBMADAB,,SETC,CHENNAI,MADURAI,,,9.00Hrs,37 Seats Available,Standard,Rs 565/869,16/01/2026,"[{""city"": ""&nbsp;"", ""landmark"": """", ""time"": ""Service&nbsp;Details""}, {""city"": ""1100KCBMADAB"", ""landmark"": ""Route&nbsp;No.&nbsp;:"", ""time"": ""137AB""}, {""city"": ""CHENNAI-KILAMBAKKAM-KCBT"", ""landmark"": ""To&nbsp;Place&nbsp;:"", ""time"": ""MADURAI""}, {""city"": ""16/01/2026"", ""landmark"": ""Journey&nbsp;Hours&nbsp;*:"", ""time"": ""9:00""}, {""city"": ""436.00"", ""landmark"": ""Corporation&nbsp;:"", ""time"": ""SETC""}, {""city"": ""&nbsp;"", ""landmark"": ""Adult&nbsp;Fare&nbsp;**"", ""time"": ""565""}, {""city"": ""City"", ""landmark"": ""Land&nbsp;Mark&nbsp;"", ""time"": ""Dep.&nbsp;Time&nbsp;""}, {""city"": ""CHENNAI-KILAMBAKKAM-KCBT"", ""landmark"": ""CHENNAI KALAIGNAR CBT"", ""time"": ""11:00""}, {""city"": ""CHENNAI-KILAMBAKKAM-KCBT"", ""landmark"": ""GUDUVANCHERY"", ""time"": ""11:05""}, {""city"": ""CHENNAI-KILAMBAKKAM-KCBT"", ""landmark"": ""SRM UNIVERSITY"", ""time"": ""11:10""}, {""city"": ""CHENNAI-KILAMBAKKAM-KCBT"", ""landmark"": ""MARAIMALAI NAGAR BUSSTOP"", ""time"": ""11:20""}, {""city"": ""CHENNAI-KILAMBAKKAM-KCBT"", ""landmark"": ""MAHINDRA CITY"", ""time"": ""11:30""}, {""city"": ""CHENNAI-KILAMBAKKAM-KCBT"", ""landmark"": ""CHENGALPATTU TOLL"", ""time"": ""11:40""}, {""city"": ""CHENNAI-KILAMBAKKAM-KCBT"", ""landmark"": ""CHENGALPATTU BYPASS"", ""time"": ""11:50""}, {""city"": ""CHENNAI-KILAMBAKKAM-KCBT"", ""landmark"": ""MELMARUVATHUR BUS STOP"", ""time"": ""12:20""}, {""city"": ""CHENNAI-KILAMBAKKAM-KCBT"", ""landmark"": ""TINDIVANAM"", ""time"": ""12:40""}, {""city"": ""MADURAI"", ""landmark"": ""MATTUTHAVANI BS"", ""time"": ""19:30""}]",2026-01-13T17:54:42.637035
1100KCBMADAB,,SETC,CHENNAI,MADURAI,,,9.00Hrs,37 Seats Available,Standard,Rs 565/869,16/01/2026,"[{""city"": ""&nbsp;"", ""landmark"": """", ""time"": ""Service&nbsp;Details""}, {""city"": ""1100KCBMADAB"", ""landmark"": ""Route&nbsp;No.&nbsp;:"", ""time"": ""137AB""}, {""city"": ""CHENNAI-KILAMBAKKAM-KCBT"", ""landmark"": ""To&nbsp;Place&nbsp;:"", ""time"": ""MADURAI""}, {""city"": ""16/01/2026"", ""landmark"": ""Journey&nbsp;Hours&nbsp;*:"", ""time"": ""9:00""}, {""city"": ""436.00"", ""landmark"": ""Corporation&nbsp;:"", ""time"": ""SETC""}, {""city"": ""&nbsp;"", ""landmark"": ""Adult&nbsp;Fare&nbsp;**"", ""time"": ""565""}, {""city"": ""City"", ""landmark"": ""Land&nbsp;Mark&nbsp;"", ""time"": ""Dep.&nbsp;Time&nbsp;""}, {""city"": ""CHENNAI-KILAMBAKKAM-KCBT"", ""landmark"": ""CHENNAI KALAIGNAR CBT"", ""time"": ""11:00""}, {""city"": ""CHENNAI-KILAMBAKKAM-KCBT"", ""landmark"": ""GUDUVANCHERY"", ""time"": ""11:05""}, {""city"": ""CHENNAI-KILAMBAKKAM-KCBT"", ""landmark"": ""SRM UNIVERSITY"", ""time"": ""11:10""}, {""city"": ""CHENNAI-KILAMBAKKAM-KCBT"", ""landmark"": ""MARAIMALAI NAGAR BUSSTOP"", ""time"": ""11:20""}, {""city"": ""CHENNAI-KILAMBAKKAM-KCBT"", ""landmark"": ""MAHINDRA CITY"", ""time"": ""11:30""}, {""city"": ""CHENNAI-KILAMBAKKAM-KCBT"", ""landmark"": ""CHENGALPATTU TOLL"", ""time"": ""11:40""}, {""city"": ""CHENNAI-KILAMBAKKAM-KCBT"", ""landmark"": ""CHENGALPATTU BYPASS"", ""time"": ""11:50""}, {""city"": ""CHENNAI-KILAMBAKKAM-KCBT"", ""landmark"": ""MELMARUVATHUR BUS STOP"", ""time"": ""12:20""}, {""city"": ""CHENNAI-KILAMBAKKAM-KCBT"", ""landmark"": ""TINDIVANAM"", ""time"": ""12:40""}, {""city"": ""MADURAI"", ""landmark"": ""MATTUTHAVANI BS"", ""time"": ""19:30""}]",2026-01-13T17:54:42.637035
1100KCBMAD,,SETC,CHENNAI,MADURAI,,,9.00Hrs,33 Seats Available,Standard,Rs 437,16/01/2026,"[{""city"": ""&nbsp;"", ""landmark"": """", ""time"": ""Service&nbsp;Details""}, {""city"": ""1100KCBMAD"", ""landmark"": ""Route&nbsp;No.&nbsp;:"", ""time"": ""137UD""}, {""city"": ""CHENNAI-KILAMBAKKAM-KCBT"", ""landmark"": ""To&nbsp;Place&nbsp;:"", ""time"": ""MADURAI""}, {""city"": ""16/01/2026"", ""landmark"": ""Journey&nbsp;Hours&nbsp;*:"", ""time"": ""9:00""}, {""city"": ""436.00"", ""landmark"": ""Corporation&nbsp;:"", ""time"": ""SETC""}, {""city"": ""&nbsp;"", ""landmark"": ""Adult&nbsp;Fare&nbsp;**"", ""time"": ""437""}, {""city"": ""City"", ""landmark"": ""Land&nbsp;Mark&nbsp;"", ""time"": ""Dep.&nbsp;Time&nbsp;""}, {""city"": ""CHENNAI-KILAMBAKKAM-KCBT"", ""landmark"": ""CHENNAI KALAIGNAR CBT"", ""time"": ""11:00""}, {""city"": ""CHENNAI-KILAMBAKKAM-KCBT"", ""landmark"": ""GUDUVANCHERY"", ""time"": ""11:05""}, {""city"": ""CHENNAI-KILAMBAKKAM-KCBT"", ""landmark"": ""SRM UNIVERSITY"", ""time"": ""11:10""}, {""city"": ""CHENNAI-KILAMBAKKAM-KCBT"", ""landmark"": ""MARAIMALAI NAGAR BUSSTOP"", ""time"": ""11:20""}, {""city"": ""CHENNAI-KILAMBAKKAM-KCBT"", ""landmark"": ""MAHINDRA CITY"", ""time"": ""11:30""}, {""city"": ""CHENNAI-KILAMBAKKAM-KCBT"", ""landmark"": ""CHENGALPATTU TOLL"", ""time"": ""11:40""}, {""city"": ""CHENNAI-KILAMBAKKAM-KCBT"", ""landmark"": ""CHENGALPATTU BYPASS"", ""time"": ""11:50""}, {""city"": ""CHENNAI-KILAMBAKKAM-KCBT"", ""landmark"": ""MELMARUVATHUR BUS STOP"", ""time"": ""12:20""}, {""city"": ""CHENNAI-KILAMBAKKAM-KCBT"", ""landmark"": ""TINDIVANAM"", ""time"": ""12:40""}, {""city"": ""VILLUPURAM"", ""landmark"": ""VILLUPURAM"", ""time"": ""14:00""}, {""city"": ""MADURAI"", ""landmark"": ""MATTUTHAVANI BS"", ""time"": ""19:30""}]",2026-01-13T17:54:42.637035
1100KCBMAD,,SETC,CHENNAI,MADURAI,,,9.00Hrs,33 Seats Available,Standard,Rs 437,16/01/2026,"[{""city"": ""&nbsp;"", ""landmark"": """", ""time"": ""Service&nbsp;Details""}, {""city"": ""1100KCBMAD"", ""landmark"": ""Route&nbsp;No.&nbsp;:"", ""time"": ""137UD""}, {""city"": ""CHENNAI-KILAMBAKKAM-KCBT"", ""landmark"": ""To&nbsp;Place&nbsp;:"", ""time"": ""MADURAI""}, {""city"": ""16/01/2026"", ""landmark"": ""Journey&nbsp;Hours&nbsp;*:"", ""time"": ""9:00""}, {""city"": ""436.00"", ""landmark"": ""Corporation&nbsp;:"", ""time"": ""SETC""}, {""city"": ""&nbsp;"", ""landmark"": ""Adult&nbsp;Fare&nbsp;**"", ""time"": ""437""}, {""city"": ""City"", ""landmark"": ""Land&nbsp;Mark&nbsp;"", ""time"": ""Dep.&nbsp;Time&nbsp;""}, {""city"": ""CHENNAI-KILAMBAKKAM-KCBT"", ""landmark"": ""CHENNAI KALAIGNAR CBT"", ""time"": ""11:00""}, {""city"": ""CHENNAI-KILAMBAKKAM-KCBT"", ""landmark"": ""GUDUVANCHERY"", ""time"": ""11:05""}, {""city"": ""CHENNAI-KILAMBAKKAM-KCBT"", ""landmark"": ""SRM UNIVERSITY"", ""time"": ""11:10""}, {""city"": ""CHENNAI-KILAMBAKKAM-KCBT"", ""landmark"": ""MARAIMALAI NAGAR BUSSTOP"", ""time"": ""11:20""}, {""city"": ""CHENNAI-KILAMBAKKAM-KCBT"", ""landmark"": ""MAHINDRA CITY"", ""time"": ""11:30""}, {""city"": ""CHENNAI-KILAMBAKKAM-KCBT"", ""landmark"": ""CHENGALPATTU TOLL"", ""time"": ""11:40""}, {""city"": ""CHENNAI-KILAMBAKKAM-KCBT"", ""landmark"": ""CHENGALPATTU BYPASS"", ""time"": ""11:50""}, {""city"": ""CHENNAI-KILAMBAKKAM-KCBT"", ""landmark"": ""MELMARUVATHUR BUS STOP"", ""time"": ""12:20""}, {""city"": ""CHENNAI-KILAMBAKKAM-KCBT"", ""landmark"": ""TINDIVANAM"", ""time"": ""12:40""}, {""city"": ""VILLUPURAM"", ""landmark"": ""VILLUPURAM"", ""time"": ""14:00""}, {""city"": ""MADURAI"", ""landmark"": ""MATTUTHAVANI BS"", ""time"": ""19:30""}]",2026-01-13T17:54:42.637035
1100KCBMADAL,,SETC,CHENNAI,MADURAI,,,9.30Hrs,33 Seats Available,Standard,Rs 565/869,16/01/2026,"[{""city"": ""&nbsp;"", ""landmark"": """", ""time"": ""Service&nbsp;Details""}, {""city"": ""1100KCBMADAL"", ""landmark"": ""Route&nbsp;No.&nbsp;:"", ""time"": ""137AL""}, {""city"": ""CHENNAI-KILAMBAKKAM-KCBT"", ""landmark"": ""To&nbsp;Place&nbsp;:"", ""time"": ""MADURAI""}, {""city"": ""16/01/2026"", ""landmark"": ""Journey&nbsp;Hours&nbsp;*:"", ""time"": ""9:30""}, {""city"": ""436.00"", ""landmark"": ""Corporation&nbsp;:"", ""time"": ""SETC""}, {""city"": ""&nbsp;"", ""landmark"": ""Adult&nbsp;Fare&nbsp;**"", ""time"": ""565""}, {""city"": ""City"", ""landmark"": ""Land&nbsp;Mark&nbsp;"", ""time"": ""Dep.&nbsp;Time&nbsp;""}, {""city"": ""CHENNAI-KILAMBAKKAM-KCBT"", ""landmark"": ""CHENNAI KALAIGNAR CBT"", ""time"": ""11:00""}, {""city"": ""CHENNAI-KILAMBAKKAM-KCBT"", ""landmark"": ""GUDUVANCHERY"", ""time"": ""11:05""}, {""city"": ""CHENNAI-KILAMBAKKAM-KCBT"", ""landmark"": ""SRM UNIVERSITY"", ""time"": ""11:10""}, {""city"": ""CHENNAI-KILAMBAKKAM-KCBT"", ""landmark"": ""MARAIMALAI NAGAR BUSSTOP"", ""time"": ""11:20""}, {""city"": ""CHENNAI-KILAMBAKKAM-KCBT"", ""landmark"": ""MAHINDRA CITY"", ""time"": ""11:30""}, {""city"": ""CHENNAI-KILAMBAKKAM-KCBT"", ""landmark"": ""CHENGALPATTU TOLL"", ""time"": ""11:40""}, {""city"": ""CHENNAI-KILAMBAKKAM-KCBT"", ""landmark"": ""CHENGALPATTU BYPASS"", ""time"": ""11:44""}, {""city"": ""MADURAI"", ""landmark"": ""MATTUTHAVANI BS"", ""time"": ""19:30""}]",2026-01-13T17:54:42.637035
1100KCBMADAL,,SETC,CHENNAI,MADURAI,,,9.30Hrs,33 Seats Available,Standard,Rs 565/869,16/01/2026,"[{""city"": ""&nbsp;"", ""landmark"": """", ""time"": ""Service&nbsp;Details""}, {""city"": ""1100KCBMADAL"", ""landmark"": ""Route&nbsp;No.&nbsp;:"", ""time"": ""137AL""}, {""city"": ""CHENNAI-KILAMBAKKAM-KCBT"", ""landmark"": ""To&nbsp;Place&nbsp;:"", ""time"": ""MADURAI""}, {""city"": ""16/01/2026"", ""landmark"": ""Journey&nbsp;Hours&nbsp;*:"", ""time"": ""9:30""}, {""city"": ""436.00"", ""landmark"": ""Corporation&nbsp;:"", ""time"": ""SETC""}, {""city"": ""&nbsp;"", ""landmark"": ""Adult&nbsp;Fare&nbsp;**"", ""time"": ""565""}, {""city"": ""City"", ""landmark"": ""Land&nbsp;Mark&nbsp;"", ""time"": ""Dep.&nbsp;Time&nbsp;""}, {""city"": ""CHENNAI-KILAMBAKKAM-KCBT"", ""landmark"": ""CHENNAI KALAIGNAR CBT"", ""time"": ""11:00""}, {""city"": ""CHENNAI-KILAMBAKKAM-KCBT"", ""landmark"": ""GUDUVANCHERY"", ""time"": ""11:05""}, {""city"": ""CHENNAI-KILAMBAKKAM-KCBT"", ""landmark"": ""SRM UNIVERSITY"", ""time"": ""11:10""}, {""city"": ""CHENNAI-KILAMBAKKAM-KCBT"", ""landmark"": ""MARAIMALAI NAGAR BUSSTOP"", ""time"": ""11:20""}, {""city"": ""CHENNAI-KILAMBAKKAM-KCBT"", ""landmark"": ""MAHINDRA CITY"", ""time"": ""11:30""}, {""city"": ""CHENNAI-KILAMBAKKAM-KCBT"", ""landmark"": ""CHENGALPATTU TOLL"", ""time"": ""11:40""}, {""city"": ""CHENNAI-KILAMBAKKAM-KCBT"", ""landmark"": ""CHENGALPATTU BYPASS"", ""time"": ""11:44""}, {""city"": ""MADURAI"", ""landmark"": ""MATTUTHAVANI BS"", ""time"": ""19:30""}]",2026-01-13T17:54:42.637035
1400KCBMADAC,,SETC,CHENNAI,MADURAI,,,9.30Hrs,33 Seats Available,Standard,Rs 565,16/01/2026,"[{""city"": ""&nbsp;"", ""landmark"": """", ""time"": ""Service&nbsp;Details""}, {""city"": ""1400KCBMADAC"", ""landmark"": ""Route&nbsp;No.&nbsp;:"", ""time"": ""137AC""}, {""city"": ""CHENNAI-KILAMBAKKAM-KCBT"", ""landmark"": ""To&nbsp;Place&nbsp;:"", ""time"": ""MADURAI""}, {""city"": ""16/01/2026"", ""landmark"": ""Journey&nbsp;Hours&nbsp;*:"", ""time"": ""9:30""}, {""city"": ""436.00"", ""landmark"": ""Corporation&nbsp;:"", ""time"": ""SETC""}, {""city"": ""&nbsp;"", ""landmark"": ""Adult&nbsp;Fare&nbsp;**"", ""time"": ""565""}, {""city"": ""City"", ""landmark"": ""Land&nbsp;Mark&nbsp;"", ""time"": ""Dep.&nbsp;Time&nbsp;""}, {""city"": ""CHENNAI-KILAMBAKKAM-KCBT"", ""landmark"": ""CHENNAI KALAIGNAR CBT"", ""time"": ""14:00""}, {""city"": ""CHENNAI-KILAMBAKKAM-KCBT"", ""landmark"": ""GUDUVANCHERY"", ""time"": ""14:05""}, {""city"": ""CHENNAI-KILAMBAKKAM-KCBT"", ""landmark"": ""SRM UNIVERSITY"", ""time"": ""14:10""}, {""city"": ""CHENNAI-KILAMBAKKAM-KCBT"", ""landmark"": ""MARAIMALAI NAGAR BUSSTOP"", ""time"": ""14:20""}, {""city"": ""CHENNAI-KILAMBAKKAM-KCBT"", ""landmark"": ""MAHINDRA CITY"", ""time"": ""14:30""}, {""city"": ""CHENNAI-KILAMBAKKAM-KCBT"", ""landmark"": ""CHENGALPATTU TOLL"", ""time"": ""14:40""}, {""city"": ""CHENNAI-KILAMBAKKAM-KCBT"", ""landmark"": ""CHENGALPATTU BYPASS"", ""time"": ""14:50""}, {""city"": ""CHENNAI-KILAMBAKKAM-KCBT"", ""landmark"": ""MELMARUVATHUR BUS STOP"", ""time"": ""15:20""}, {""city"": ""CHENNAI-KILAMBAKKAM-KCBT"", ""landmark"": ""TINDIVANAM"", ""time"": ""15:40""}, {""city"": ""MADURAI"", ""landmark"": ""MATTUTHAVANI BS"", ""time"": ""22:30""}]",2026-01-13T17:54:42.637035
1400KCBMADAC,,SETC,CHENNAI,MADURAI,,,9.30Hrs,33 Seats Available,Standard,Rs 565,16/01/2026,"[{""city"": ""&nbsp;"", ""landmark"": """", ""time"": ""Service&nbsp;Details""}, {""city"": ""1400KCBMADAC"", ""landmark"": ""Route&nbsp;No.&nbsp;:"", ""time"": ""137AC""}, {""city"": ""CHENNAI-KILAMBAKKAM-KCBT"", ""landmark"": ""To&nbsp;Place&nbsp;:"", ""time"": ""MADURAI""}, {""city"": ""16/01/2026"", ""landmark"": ""Journey&nbsp;Hours&nbsp;*:"", ""time"": ""9:30""}, {""city"": ""436.00"", ""landmark"": ""Corporation&nbsp;:"", ""time"": ""SETC""}, {""city"": ""&nbsp;"", ""landmark"": ""Adult&nbsp;Fare&nbsp;**"", ""time"": ""565""}, {""city"": ""City"", ""landmark"": ""Land&nbsp;Mark&nbsp;"", ""time"": ""Dep.&nbsp;Time&nbsp;""}, {""city"": ""CHENNAI-KILAMBAKKAM-KCBT"", ""landmark"": ""CHENNAI KALAIGNAR CBT"", ""time"": ""14:00""}, {""city"": ""CHENNAI-KILAMBAKKAM-KCBT"", ""landmark"": ""GUDUVANCHERY"", ""time"": ""14:05""}, {""city"": ""CHENNAI-KILAMBAKKAM-KCBT"", ""landmark"": ""SRM UNIVERSITY"", ""time"": ""14:10""}, {""city"": ""CHENNAI-KILAMBAKKAM-KCBT"", ""landmark"": ""MARAIMALAI NAGAR BUSSTOP"", ""time"": ""14:20""}, {""city"": ""CHENNAI-KILAMBAKKAM-KCBT"", ""landmark"": ""MAHINDRA CITY"", ""time"": ""14:30""}, {""city"": ""CHENNAI-KILAMBAKKAM-KCBT"", ""landmark"": ""CHENGALPATTU TOLL"", ""time"": ""14:40""}, {""city"": ""CHENNAI-KILAMBAKKAM-KCBT"", ""landmark"": ""CHENGALPATTU BYPASS"", ""time"": ""14:50""}, {""city"": ""CHENNAI-KILAMBAKKAM-KCBT"", ""landmark"": ""MELMARUVATHUR BUS STOP"", ""time"": ""15:20""}, {""city"": ""CHENNAI-KILAMBAKKAM-KCBT"", ""landmark"": ""TINDIVANAM"", ""time"": ""15:40""}, {""city"": ""MADURAI"", ""landmark"": ""MATTUTHAVANI BS"", ""time"": ""22:30""}]",2026-01-13T17:54:42.637035
1730TIITICNS,,SETC,CHENNAI,MADURAI,,,9.00Hrs,22 Seats Available,Standard,Rs 437/675,16/01/2026,"[{""city"": ""&nbsp;"", ""landmark"": """", ""time"": ""Service&nbsp;Details""}, {""city"": ""1730TIITICNS"", ""landmark"": ""Route&nbsp;No.&nbsp;:"", ""time"": ""H191NS""}, {""city"": ""CHENNAI-KILAMBAKKAM-KCBT"", ""landmark"": ""To&nbsp;Place&nbsp;:"", ""time"": ""MADURAI""}, {""city"": ""16/01/2026"", ""landmark"": ""Journey&nbsp;Hours&nbsp;*:"", ""time"": ""9:00""}, {""city"": ""436.00"", ""landmark"": ""Corporation&nbsp;:"", ""time"": ""SETC""}, {""city"": ""&nbsp;"", ""landmark"": ""Adult&nbsp;Fare&nbsp;**"", ""time"": ""437""}, {""city"": ""City"", ""landmark"": ""Land&nbsp;Mark&nbsp;"", ""time"": ""Dep.&nbsp;Time&nbsp;""}, {""city"": ""CHENNAI TIRUVOTRIYUR"", ""landmark"": ""CHENNAI TIRUVOTRIYUR"", ""time"": ""17:30""}, {""city"": ""CHENNAI-KILAMBAKKAM-KCBT"", ""landmark"": ""CHENNAI KALAIGNAR CBT"", ""time"": ""18:45""}, {""city"": ""CHENNAI-KILAMBAKKAM-KCBT"", ""landmark"": ""GUDUVANCHERY"", ""time"": ""18:50""}, {""city"": ""CHENNAI-KILAMBAKKAM-KCBT"", ""landmark"": ""SRM UNIVERSITY"", ""time"": ""18:55""}, {""city"": ""CHENNAI-KILAMBAKKAM-KCBT"", ""landmark"": ""MARAIMALAI NAGAR BUSSTOP"", ""time"": ""19:05""}, {""city"": ""CHENNAI-KILAMBAKKAM-KCBT"", ""landmark"": ""MAHINDRA CITY"", ""time"": ""19:15""}, {""city"": ""CHENNAI-KILAMBAKKAM-KCBT"", ""landmark"": ""CHENGALPATTU TOLL"", ""time"": ""19:25""}, {""city"": ""CHENNAI-KILAMBAKKAM-KCBT"", ""landmark"": ""CHENGALPATTU BYPASS"", ""time"": ""19:35""}, {""city"": ""CHENNAI-KILAMBAKKAM-KCBT"", ""landmark"": ""MELMARUVATHUR BUS STOP"", ""time"": ""20:05""}, {""city"": ""MADURAI"", ""landmark"": ""MATTUTHAVANI BS"", ""time"": ""04:00""}, {""city"": ""ARUPPUKOTTAI"", ""landmark"": ""ARUPPUKOTTAI"", ""time"": ""05:00""}, {""city"": ""TUTICORIN"", ""landmark"": ""TUTICORIN"", ""time"": ""07:00""}, {""city"": ""TIRUCHENDUR"", ""landmark"": ""TIRUCHENDUR"", ""time"": ""08:00""}]",2026-01-13T17:54:42.637035
1730TIITICNS,,SETC,CHENNAI,MADURAI,,,9.00Hrs,22 Seats Available,Standard,Rs 437/675,16/01/2026,"[{""city"": ""&nbsp;"", ""landmark"": """", ""time"": ""Service&nbsp;Details""}, {""city"": ""1730TIITICNS"", ""landmark"": ""Route&nbsp;No.&nbsp;:"", ""time"": ""H191NS""}, {""city"": ""CHENNAI-KILAMBAKKAM-KCBT"", ""landmark"": ""To&nbsp;Place&nbsp;:"", ""time"": ""MADURAI""}, {""city"": ""16/01/2026"", ""landmark"": ""Journey&nbsp;Hours&nbsp;*:"", ""time"": ""9:00""}, {""city"": ""436.00"", ""landmark"": ""Corporation&nbsp;:"", ""time"": ""SETC""}, {""city"": ""&nbsp;"", ""landmark"": ""Adult&nbsp;Fare&nbsp;**"", ""time"": ""437""}, {""city"": ""City"", ""landmark"": ""Land&nbsp;Mark&nbsp;"", ""time"": ""Dep.&nbsp;Time&nbsp;""}, {""city"": ""CHENNAI TIRUVOTRIYUR"", ""landmark"": ""CHENNAI TIRUVOTRIYUR"", ""time"": ""17:30""}, {""city"": ""CHENNAI-KILAMBAKKAM-KCBT"", ""landmark"": ""CHENNAI KALAIGNAR CBT"", ""time"": ""18:45""}, {""city"": ""CHENNAI-KILAMBAKKAM-KCBT"", ""landmark"": ""GUDUVANCHERY"", ""time"": ""18:50""}, {""city"": ""CHENNAI-KILAMBAKKAM-KCBT"", ""landmark"": ""SRM UNIVERSITY"", ""time"": ""18:55""}, {""city"": ""CHENNAI-KILAMBAKKAM-KCBT"", ""landmark"": ""MARAIMALAI NAGAR BUSSTOP"", ""time"": ""19:05""}, {""city"": ""CHENNAI-KILAMBAKKAM-KCBT"", ""landmark"": ""MAHINDRA CITY"", ""time"": ""19:15""}, {""city"": ""CHENNAI-KILAMBAKKAM-KCBT"", ""landmark"": ""CHENGALPATTU TOLL"", ""time"": ""19:25""}, {""city"": ""CHENNAI-KILAMBAKKAM-KCBT"", ""landmark"": ""CHENGALPATTU BYPASS"", ""time"": ""19:35""}, {""city"": ""CHENNAI-KILAMBAKKAM-KCBT"", ""landmark"": ""MELMARUVATHUR BUS STOP"", ""time"": ""20:05""}, {""city"": ""MADURAI"", ""landmark"": ""MATTUTHAVANI BS"", ""time"": ""04:00""}, {""city"": ""ARUPPUKOTTAI"", ""landmark"": ""ARUPPUKOTTAI"", ""time"": ""05:00""}, {""city"": ""TUTICORIN"", ""landmark"": ""TUTICORIN"", ""time"": ""07:00""}, {""city"": ""TIRUCHENDUR"", ""landmark"": ""TIRUCHENDUR"", ""time"": ""08:00""}]",2026-01-13T17:54:42.637035
1945KCBMAD,,SETC,CHENNAI,MADURAI,,,9.00Hrs,31 Seats Available,Standard,Rs 437,16/01/2026,"[{""city"": ""&nbsp;"", ""landmark"": """", ""time"": ""Service&nbsp;Details""}, {""city"": ""1945KCBMAD"", ""landmark"": ""Route&nbsp;No.&nbsp;:"", ""time"": ""137UD""}, {""city"": ""CHENNAI-KILAMBAKKAM-KCBT"", ""landmark"": ""To&nbsp;Place&nbsp;:"", ""time"": ""MADURAI""}, {""city"": ""16/01/2026"", ""landmark"": ""Journey&nbsp;Hours&nbsp;*:"", ""time"": ""9:00""}, {""city"": ""436.00"", ""landmark"": ""Corporation&nbsp;:"", ""time"": ""SETC""}, {""city"": ""&nbsp;"", ""landmark"": ""Adult&nbsp;Fare&nbsp;**"", ""time"": ""437""}, {""city"": ""City"", ""landmark"": ""Land&nbsp;Mark&nbsp;"", ""time"": ""Dep.&nbsp;Time&nbsp;""}, {""city"": ""CHENNAI-KILAMBAKKAM-KCBT"", ""landmark"": ""CHENNAI KALAIGNAR CBT"", ""time"": ""19:45""}, {""city"": ""CHENNAI-KILAMBAKKAM-KCBT"", ""landmark"": ""GUDUVANCHERY"", ""time"": ""19:50""}, {""city"": ""CHENNAI-KILAMBAKKAM-KCBT"", ""landmark"": ""SRM UNIVERSITY"", ""time"": ""19:55""}, {""city"": ""CHENNAI-KILAMBAKKAM-KCBT"", ""landmark"": ""MARAIMALAI NAGAR BUSSTOP"", ""time"": ""20:05""}, {""city"": ""CHENNAI-KILAMBAKKAM-KCBT"", ""landmark"": ""MAHINDRA CITY"", ""time"": ""20:15""}, {""city"": ""CHENNAI-KILAMBAKKAM-KCBT"", ""landmark"": ""CHENGALPATTU TOLL"", ""time"": ""20:25""}, {""city"": ""CHENNAI-KILAMBAKKAM-KCBT"", ""landmark"": ""CHENGALPATTU BYPASS"", ""time"": ""20:35""}, {""city"": ""CHENNAI-KILAMBAKKAM-KCBT"", ""landmark"": ""MELMARUVATHUR BUS STOP"", ""time"": ""21:05""}, {""city"": ""CHENNAI-KILAMBAKKAM-KCBT"", ""landmark"": ""TINDIVANAM"", ""time"": ""21:25""}, {""city"": ""MADURAI"", ""landmark"": ""MATTUTHAVANI BS"", ""time"": ""04:15""}]",2026-01-13T17:54:42.637035
1945KCBMAD,,SETC,CHENNAI,MADURAI,,,9.00Hrs,31 Seats Available,Standard,Rs 437,16/01/2026,"[{""city"": ""&nbsp;"", ""landmark"": """", ""time"": ""Service&nbsp;Details""}, {""city"": ""1945KCBMAD"", ""landmark"": ""Route&nbsp;No.&nbsp;:"", ""time"": ""137UD""}, {""city"": ""CHENNAI-KILAMBAKKAM-KCBT"", ""landmark"": ""To&nbsp;Place&nbsp;:"", ""time"": ""MADURAI""}, {""city"": ""16/01/2026"", ""landmark"": ""Journey&nbsp;Hours&nbsp;*:"", ""time"": ""9:00""}, {""city"": ""436.00"", ""landmark"": ""Corporation&nbsp;:"", ""time"": ""SETC""}, {""city"": ""&nbsp;"", ""landmark"": ""Adult&nbsp;Fare&nbsp;**"", ""time"": ""437""}, {""city"": ""City"", ""landmark"": ""Land&nbsp;Mark&nbsp;"", ""time"": ""Dep.&nbsp;Time&nbsp;""}, {""city"": ""CHENNAI-KILAMBAKKAM-KCBT"", ""landmark"": ""CHENNAI KALAIGNAR CBT"", ""time"": ""19:45""}, {""city"": ""CHENNAI-KILAMBAKKAM-KCBT"", ""landmark"": ""GUDUVANCHERY"", ""time"": ""19:50""}, {""city"": ""CHENNAI-KILAMBAKKAM-KCBT"", ""landmark"": ""SRM UNIVERSITY"", ""time"": ""19:55""}, {""city"": ""CHENNAI-KILAMBAKKAM-KCBT"", ""landmark"": ""MARAIMALAI NAGAR BUSSTOP"", ""time"": ""20:05""}, {""city"": ""CHENNAI-KILAMBAKKAM-KCBT"", ""landmark"": ""MAHINDRA CITY"", ""time"": ""20:15""}, {""city"": ""CHENNAI-KILAMBAKKAM-KCBT"", ""landmark"": ""CHENGALPATTU TOLL"", ""time"": ""20:25""}, {""city"": ""CHENNAI-KILAMBAKKAM-KCBT"", ""landmark"": ""CHENGALPATTU BYPASS"", ""time"": ""20:35""}, {""city"": ""CHENNAI-KILAMBAKKAM-KCBT"", ""landmark"": ""MELMARUVATHUR BUS STOP"", ""time"": ""21:05""}, {""city"": ""CHENNAI-KILAMBAKKAM-KCBT"", ""landmark"": ""TINDIVANAM"", ""time"": ""21:25""}, {""city"": ""MADURAI"", ""landmark"": ""MATTUTHAVANI BS"", ""time"": ""04:15""}]",2026-01-13T17:54:42.637035
1950KCBSVI,,SETC,CHENNAI,MADURAI,,,9.00Hrs,29 Seats Available,Standard,Rs 437,16/01/2026,"[{""city"": ""&nbsp;"", ""landmark"": """", ""time"": ""Service&nbsp;Details""}, {""city"": ""1950KCBSVI"", ""landmark"": ""Route&nbsp;No.&nbsp;:"", ""time"": ""185UD""}, {""city"": ""CHENNAI-KILAMBAKKAM-KCBT"", ""landmark"": ""To&nbsp;Place&nbsp;:"", ""time"": ""MADURAI""}, {""city"": ""16/01/2026"", ""landmark"": ""Journey&nbsp;Hours&nbsp;*:"", ""time"": ""9:00""}, {""city"": ""436.00"", ""landmark"": ""Corporation&nbsp;:"", ""time"": ""SETC""}, {""city"": ""&nbsp;"", ""landmark"": ""Adult&nbsp;Fare&nbsp;**"", ""time"": ""437""}, {""city"": ""City"", ""landmark"": ""Land&nbsp;Mark&nbsp;"", ""time"": ""Dep.&nbsp;Time&nbsp;""}, {""city"": ""CHENNAI-KILAMBAKKAM-KCBT"", ""landmark"": ""CHENNAI KALAIGNAR CBT"", ""time"": ""19:50""}, {""city"": ""CHENNAI-KILAMBAKKAM-KCBT"", ""landmark"": ""GUDUVANCHERY"", ""time"": ""19:55""}, {""city"": ""CHENNAI-KILAMBAKKAM-KCBT"", ""landmark"": ""SRM UNIVERSITY"", ""time"": ""20:05""}, {""city"": ""CHENNAI-KILAMBAKKAM-KCBT"", ""landmark"": ""MARAIMALAI NAGAR BUSSTOP"", ""time"": ""20:15""}, {""city"": ""CHENNAI-KILAMBAKKAM-KCBT"", ""landmark"": ""MAHINDRA CITY"", ""time"": ""20:25""}, {""city"": ""CHENNAI-KILAMBAKKAM-KCBT"", ""landmark"": ""CHENGALPATTU TOLL"", ""time"": ""20:35""}, {""city"": ""CHENNAI-KILAMBAKKAM-KCBT"", ""landmark"": ""CHENGALPATTU BYPASS"", ""time"": ""20:45""}, {""city"": ""CHENNAI-KILAMBAKKAM-KCBT"", ""landmark"": ""MELMARUVATHUR BUS STOP"", ""time"": ""21:05""}, {""city"": ""CHENNAI-KILAMBAKKAM-KCBT"", ""landmark"": ""TINDIVANAM"", ""time"": ""21:30""}, {""city"": ""MADURAI"", ""landmark"": ""MATTUTHAVANI BS"", ""time"": ""04:50""}, {""city"": ""TIRUMANGALAM"", ""landmark"": ""TIRUMANGALAM"", ""time"": ""05:20""}, {""city"": ""VIRUDHUNAGAR"", ""landmark"": ""VIRUDHUNAGAR"", ""time"": ""06:00""}, {""city"": ""SIVAKASI"", ""landmark"": ""SIVAKASI"", ""time"": ""07:05""}]",2026-01-13T17:54:42.637035
1950KCBSVI,,SETC,CHENNAI,MADURAI,,,9.00Hrs,29 Seats Available,Standard,Rs 437,16/01/2026,"[{""city"": ""&nbsp;"", ""landmark"": """", ""time"": ""Service&nbsp;Details""}, {""city"": ""1950KCBSVI"", ""landmark"": ""Route&nbsp;No.&nbsp;:"", ""time"": ""185UD""}, {""city"": ""CHENNAI-KILAMBAKKAM-KCBT"", ""landmark"": ""To&nbsp;Place&nbsp;:"", ""time"": ""MADURAI""}, {""city"": ""16/01/2026"", ""landmark"": ""Journey&nbsp;Hours&nbsp;*:"", ""time"": ""9:00""}, {""city"": ""436.00"", ""landmark"": ""Corporation&nbsp;:"", ""time"": ""SETC""}, {""city"": ""&nbsp;"", ""landmark"": ""Adult&nbsp;Fare&nbsp;**"", ""time"": ""437""}, {""city"": ""City"", ""landmark"": ""Land&nbsp;Mark&nbsp;"", ""time"": ""Dep.&nbsp;Time&nbsp;""}, {""city"": ""CHENNAI-KILAMBAKKAM-KCBT"", ""landmark"": ""CHENNAI KALAIGNAR CBT"", ""time"": ""19:50""}, {""city"": ""CHENNAI-KILAMBAKKAM-KCBT"", ""landmark"": ""GUDUVANCHERY"", ""time"": ""19:55""}, {""city"": ""CHENNAI-KILAMBAKKAM-KCBT"", ""landmark"": ""SRM UNIVERSITY"", ""time"": ""20:05""}, {""city"": ""CHENNAI-KILAMBAKKAM-KCBT"", ""landmark"": ""MARAIMALAI NAGAR BUSSTOP"", ""time"": ""20:15""}, {""city"": ""CHENNAI-KILAMBAKKAM-KCBT"", ""landmark"": ""MAHINDRA CITY"", ""time"": ""20:25""}, {""city"": ""CHENNAI-KILAMBAKKAM-KCBT"", ""landmark"": ""CHENGALPATTU TOLL"", ""time"": ""20:35""}, {""city"": ""CHENNAI-KILAMBAKKAM-KCBT"", ""landmark"": ""CHENGALPATTU BYPASS"", ""time"": ""20:45""}, {""city"": ""CHENNAI-KILAMBAKKAM-KCBT"", ""landmark"": ""MELMARUVATHUR BUS STOP"", ""time"": ""21:05""}, {""city"": ""CHENNAI-KILAMBAKKAM-KCBT"", ""landmark"": ""TINDIVANAM"", ""time"": ""21:30""}, {""city"": ""MADURAI"", ""landmark"": ""MATTUTHAVANI BS"", ""time"": ""04:50""}, {""city"": ""TIRUMANGALAM"", ""landmark"": ""TIRUMANGALAM"", ""time"": ""05:20""}, {""city"": ""VIRUDHUNAGAR"", ""landmark"": ""VIRUDHUNAGAR"", ""time"": ""06:00""}, {""city"": ""SIVAKASI"", ""landmark"": ""SIVAKASI"", ""time"": ""07:05""}]",2026-01-13T17:54:42.637035
2001KCBMADLB,,SETC,CHENNAI,MADURAI,,,9.00Hrs,33 Seats Available,Standard,Rs 437/675,16/01/2026,"[{""city"": ""&nbsp;"", ""landmark"": """", ""time"": ""Service&nbsp;Details""}, {""city"": ""2001KCBMADLB"", ""landmark"": ""Route&nbsp;No.&nbsp;:"", ""time"": ""137LB""}, {""city"": ""CHENNAI-KILAMBAKKAM-KCBT"", ""landmark"": ""To&nbsp;Place&nbsp;:"", ""time"": ""MADURAI""}, {""city"": ""16/01/2026"", ""landmark"": ""Journey&nbsp;Hours&nbsp;*:"", ""time"": ""9:00""}, {""city"": ""436.00"", ""landmark"": ""Corporation&nbsp;:"", ""time"": ""SETC""}, {""city"": ""&nbsp;"", ""landmark"": ""Adult&nbsp;Fare&nbsp;**"", ""time"": ""437""}, {""city"": ""City"", ""landmark"": ""Land&nbsp;Mark&nbsp;"", ""time"": ""Dep.&nbsp;Time&nbsp;""}, {""city"": ""CHENNAI-KILAMBAKKAM-KCBT"", ""landmark"": ""CHENNAI KALAIGNAR CBT"", ""time"": ""20:01""}, {""city"": ""CHENNAI-KILAMBAKKAM-KCBT"", ""landmark"": ""GUDUVANCHERY"", ""time"": ""20:06""}, {""city"": ""CHENNAI-KILAMBAKKAM-KCBT"", ""landmark"": ""SRM UNIVERSITY"", ""time"": ""20:11""}, {""city"": ""CHENNAI-KILAMBAKKAM-KCBT"", ""landmark"": ""MARAIMALAI NAGAR BUSSTOP"", ""time"": ""20:21""}, {""city"": ""CHENNAI-KILAMBAKKAM-KCBT"", ""landmark"": ""MAHINDRA CITY"", ""time"": ""20:31""}, {""city"": ""CHENNAI-KILAMBAKKAM-KCBT"", ""landmark"": ""CHENGALPATTU TOLL"", ""time"": ""20:41""}, {""city"": ""CHENNAI-KILAMBAKKAM-KCBT"", ""landmark"": ""CHENGALPATTU BYPASS"", ""time"": ""20:51""}, {""city"": ""CHENNAI-KILAMBAKKAM-KCBT"", ""landmark"": ""MELMARUVATHUR BUS STOP"", ""time"": ""21:21""}, {""city"": ""MADURAI"", ""landmark"": ""MATTUTHAVANI BS"", ""time"": ""04:31""}]",2026-01-13T17:54:42.637035
2001KCBMADLB,,SETC,CHENNAI,MADURAI,,,9.00Hrs,33 Seats Available,Standard,Rs 437/675,16/01/2026,"[{""city"": ""&nbsp;"", ""landmark"": """", ""time"": ""Service&nbsp;Details""}, {""city"": ""2001KCBMADLB"", ""landmark"": ""Route&nbsp;No.&nbsp;:"", ""time"": ""137LB""}, {""city"": ""CHENNAI-KILAMBAKKAM-KCBT"", ""landmark"": ""To&nbsp;Place&nbsp;:"", ""time"": ""MADURAI""}, {""city"": ""16/01/2026"", ""landmark"": ""Journey&nbsp;Hours&nbsp;*:"", ""time"": ""9:00""}, {""city"": ""436.00"", ""landmark"": ""Corporation&nbsp;:"", ""time"": ""SETC""}, {""city"": ""&nbsp;"", ""landmark"": ""Adult&nbsp;Fare&nbsp;**"", ""time"": ""437""}, {""city"": ""City"", ""landmark"": ""Land&nbsp;Mark&nbsp;"", ""time"": ""Dep.&nbsp;Time&nbsp;""}, {""city"": ""CHENNAI-KILAMBAKKAM-KCBT"", ""landmark"": ""CHENNAI KALAIGNAR CBT"", ""time"": ""20:01""}, {""city"": ""CHENNAI-KILAMBAKKAM-KCBT"", ""landmark"": ""GUDUVANCHERY"", ""time"": ""20:06""}, {""city"": ""CHENNAI-KILAMBAKKAM-KCBT"", ""landmark"": ""SRM UNIVERSITY"", ""time"": ""20:11""}, {""city"": ""CHENNAI-KILAMBAKKAM-KCBT"", ""landmark"": ""MARAIMALAI NAGAR BUSSTOP"", ""time"": ""20:21""}, {""city"": ""CHENNAI-KILAMBAKKAM-KCBT"", ""landmark"": ""MAHINDRA CITY"", ""time"": ""20:31""}, {""city"": ""CHENNAI-KILAMBAKKAM-KCBT"", ""landmark"": ""CHENGALPATTU TOLL"", ""time"": ""20:41""}, {""city"": ""CHENNAI-KILAMBAKKAM-KCBT"", ""landmark"": ""CHENGALPATTU BYPASS"", ""time"": ""20:51""}, {""city"": ""CHENNAI-KILAMBAKKAM-KCBT"", ""landmark"": ""MELMARUVATHUR BUS STOP"", ""time"": ""21:21""}, {""city"": ""MADURAI"", ""landmark"": ""MATTUTHAVANI BS"", ""time"": ""04:31""}]",2026-01-13T17:54:42.637035
2030KCBMADAB,,SETC,CHENNAI,MADURAI,,,9.00Hrs,37 Seats Available,Standard,Rs 565/869,16/01/2026,"[{""city"": ""&nbsp;"", ""landmark"": """", ""time"": ""Service&nbsp;Details""}, {""city"": ""2030KCBMADAB"", ""landmark"": ""Route&nbsp;No.&nbsp;:"", ""time"": ""137AB""}, {""city"": ""CHENNAI-KILAMBAKKAM-KCBT"", ""landmark"": ""To&nbsp;Place&nbsp;:"", ""time"": ""MADURAI""}, {""city"": ""16/01/2026"", ""landmark"": ""Journey&nbsp;Hours&nbsp;*:"", ""time"": ""9:00""}, {""city"": ""436.00"", ""landmark"": ""Corporation&nbsp;:"", ""time"": ""SETC""}, {""city"": ""&nbsp;"", ""landmark"": ""Adult&nbsp;Fare&nbsp;**"", ""time"": ""565""}, {""city"": ""City"", ""landmark"": ""Land&nbsp;Mark&nbsp;"", ""time"": ""Dep.&nbsp;Time&nbsp;""}, {""city"": ""CHENNAI-KILAMBAKKAM-KCBT"", ""landmark"": ""CHENNAI KALAIGNAR CBT"", ""time"": ""20:30""}, {""city"": ""CHENNAI-KILAMBAKKAM-KCBT"", ""landmark"": ""GUDUVANCHERY"", ""time"": ""20:35""}, {""city"": ""CHENNAI-KILAMBAKKAM-KCBT"", ""landmark"": ""SRM UNIVERSITY"", ""time"": ""20:40""}, {""city"": ""CHENNAI-KILAMBAKKAM-KCBT"", ""landmark"": ""MARAIMALAI NAGAR BUSSTOP"", ""time"": ""20:50""}, {""city"": ""CHENNAI-KILAMBAKKAM-KCBT"", ""landmark"": ""MAHINDRA CITY"", ""time"": ""21:00""}, {""city"": ""CHENNAI-KILAMBAKKAM-KCBT"", ""landmark"": ""CHENGALPATTU TOLL"", ""time"": ""21:10""}, {""city"": ""CHENNAI-KILAMBAKKAM-KCBT"", ""landmark"": ""CHENGALPATTU BYPASS"", ""time"": ""21:20""}, {""city"": ""CHENNAI-KILAMBAKKAM-KCBT"", ""landmark"": ""MELMARUVATHUR BUS STOP"", ""time"": ""21:50""}, {""city"": ""CHENNAI-KILAMBAKKAM-KCBT"", ""landmark"": ""TINDIVANAM"", ""time"": ""22:10""}, {""city"": ""MADURAI"", ""landmark"": ""MATTUTHAVANI BS"", ""time"": ""05:00""}]",2026-01-13T17:54:42.637035
2030KCBMADAB,,SETC,CHENNAI,MADURAI,,,9.00Hrs,37 Seats Available,Standard,Rs 565/869,16/01/2026,"[{""city"": ""&nbsp;"", ""landmark"": """", ""time"": ""Service&nbsp;Details""}, {""city"": ""2030KCBMADAB"", ""landmark"": ""Route&nbsp;No.&nbsp;:"", ""time"": ""137AB""}, {""city"": ""CHENNAI-KILAMBAKKAM-KCBT"", ""landmark"": ""To&nbsp;Place&nbsp;:"", ""time"": ""MADURAI""}, {""city"": ""16/01/2026"", ""landmark"": ""Journey&nbsp;Hours&nbsp;*:"", ""time"": ""9:00""}, {""city"": ""436.00"", ""landmark"": ""Corporation&nbsp;:"", ""time"": ""SETC""}, {""city"": ""&nbsp;"", ""landmark"": ""Adult&nbsp;Fare&nbsp;**"", ""time"": ""565""}, {""city"": ""City"", ""landmark"": ""Land&nbsp;Mark&nbsp;"", ""time"": ""Dep.&nbsp;Time&nbsp;""}, {""city"": ""CHENNAI-KILAMBAKKAM-KCBT"", ""landmark"": ""CHENNAI KALAIGNAR CBT"", ""time"": ""20:30""}, {""city"": ""CHENNAI-KILAMBAKKAM-KCBT"", ""landmark"": ""GUDUVANCHERY"", ""time"": ""20:35""}, {""city"": ""CHENNAI-KILAMBAKKAM-KCBT"", ""landmark"": ""SRM UNIVERSITY"", ""time"": ""20:40""}, {""city"": ""CHENNAI-KILAMBAKKAM-KCBT"", ""landmark"": ""MARAIMALAI NAGAR BUSSTOP"", ""time"": ""20:50""}, {""city"": ""CHENNAI-KILAMBAKKAM-KCBT"", ""landmark"": ""MAHINDRA CITY"", ""time"": ""21:00""}, {""city"": ""CHENNAI-KILAMBAKKAM-KCBT"", ""landmark"": ""CHENGALPATTU TOLL"", ""time"": ""21:10""}, {""city"": ""CHENNAI-KILAMBAKKAM-KCBT"", ""landmark"": ""CHENGALPATTU BYPASS"", ""time"": ""21:20""}, {""city"": ""CHENNAI-KILAMBAKKAM-KCBT"", ""landmark"": ""MELMARUVATHUR BUS STOP"", ""time"": ""21:50""}, {""city"": ""CHENNAI-KILAMBAKKAM-KCBT"", ""landmark"": ""TINDIVANAM"", ""time"": ""22:10""}, {""city"": ""MADURAI"", ""landmark"": ""MATTUTHAVANI BS"", ""time"": ""05:00""}]",2026-01-13T17:54:42.637035
2030KCBMADNS,,SETC,CHENNAI,MADURAI,,,9.00Hrs,23 Seats Available,Standard,Rs 437/675,16/01/2026,"[{""city"": ""&nbsp;"", ""landmark"": """", ""time"": ""Service&nbsp;Details""}, {""city"": ""2030KCBMADNS"", ""landmark"": ""Route&nbsp;No.&nbsp;:"", ""time"": ""137NS""}, {""city"": ""CHENNAI-KILAMBAKKAM-KCBT"", ""landmark"": ""To&nbsp;Place&nbsp;:"", ""time"": ""MADURAI""}, {""city"": ""16/01/2026"", ""landmark"": ""Journey&nbsp;Hours&nbsp;*:"", ""time"": ""9:00""}, {""city"": ""436.00"", ""landmark"": ""Corporation&nbsp;:"", ""time"": ""SETC""}, {""city"": ""&nbsp;"", ""landmark"": ""Adult&nbsp;Fare&nbsp;**"", ""time"": ""437""}, {""city"": ""City"", ""landmark"": ""Land&nbsp;Mark&nbsp;"", ""time"": ""Dep.&nbsp;Time&nbsp;""}, {""city"": ""CHENNAI-KILAMBAKKAM-KCBT"", ""landmark"": ""CHENNAI KALAIGNAR CBT"", ""time"": ""20:30""}, {""city"": ""CHENNAI-KILAMBAKKAM-KCBT"", ""landmark"": ""GUDUVANCHERY"", ""time"": ""20:35""}, {""city"": ""CHENNAI-KILAMBAKKAM-KCBT"", ""landmark"": ""SRM UNIVERSITY"", ""time"": ""20:40""}, {""city"": ""CHENNAI-KILAMBAKKAM-KCBT"", ""landmark"": ""MARAIMALAI NAGAR BUSSTOP"", ""time"": ""20:50""}, {""city"": ""CHENNAI-KILAMBAKKAM-KCBT"", ""landmark"": ""MAHINDRA CITY"", ""time"": ""21:00""}, {""city"": ""CHENNAI-KILAMBAKKAM-KCBT"", ""landmark"": ""CHENGALPATTU TOLL"", ""time"": ""21:10""}, {""city"": ""CHENNAI-KILAMBAKKAM-KCBT"", ""landmark"": ""CHENGALPATTU BYPASS"", ""time"": ""21:20""}, {""city"": ""CHENNAI-KILAMBAKKAM-KCBT"", ""landmark"": ""MELMARUVATHUR BUS STOP"", ""time"": ""21:50""}, {""city"": ""MADURAI"", ""landmark"": ""MATTUTHAVANI BS"", ""time"": ""05:00""}]",2026-01-13T17:54:42.637035
2030KCBMADNS,,SETC,CHENNAI,MADURAI,,,9.00Hrs,23 Seats Available,Standard,Rs 437/675,16/01/2026,"[{""city"": ""&nbsp;"", ""landmark"": """", ""time"": ""Service&nbsp;Details""}, {""city"": ""2030KCBMADNS"", ""landmark"": ""Route&nbsp;No.&nbsp;:"", ""time"": ""137NS""}, {""city"": ""CHENNAI-KILAMBAKKAM-KCBT"", ""landmark"": ""To&nbsp;Place&nbsp;:"", ""time"": ""MADURAI""}, {""city"": ""16/01/2026"", ""landmark"": ""Journey&nbsp;Hours&nbsp;*:"", ""time"": ""9:00""}, {""city"": ""436.00"", ""landmark"": ""Corporation&nbsp;:"", ""time"": ""SETC""}, {""city"": ""&nbsp;"", ""landmark"": ""Adult&nbsp;Fare&nbsp;**"", ""time"": ""437""}, {""city"": ""City"", ""landmark"": ""Land&nbsp;Mark&nbsp;"", ""time"": ""Dep.&nbsp;Time&nbsp;""}, {""city"": ""CHENNAI-KILAMBAKKAM-KCBT"", ""landmark"": ""CHENNAI KALAIGNAR CBT"", ""time"": ""20:30""}, {""city"": ""CHENNAI-KILAMBAKKAM-KCBT"", ""landmark"": ""GUDUVANCHERY"", ""time"": ""20:35""}, {""city"": ""CHENNAI-KILAMBAKKAM-KCBT"", ""landmark"": ""SRM UNIVERSITY"", ""time"": ""20:40""}, {""city"": ""CHENNAI-KILAMBAKKAM-KCBT"", ""landmark"": ""MARAIMALAI NAGAR BUSSTOP"", ""time"": ""20:50""}, {""city"": ""CHENNAI-KILAMBAKKAM-KCBT"", ""landmark"": ""MAHINDRA CITY"", ""time"": ""21:00""}, {""city"": ""CHENNAI-KILAMBAKKAM-KCBT"", ""landmark"": ""CHENGALPATTU TOLL"", ""time"": ""21:10""}, {""city"": ""CHENNAI-KILAMBAKKAM-KCBT"", ""landmark"": ""CHENGALPATTU BYPASS"", ""time"": ""21:20""}, {""city"": ""CHENNAI-KILAMBAKKAM-KCBT"", ""landmark"": ""MELMARUVATHUR BUS STOP"", ""time"": ""21:50""}, {""city"": ""MADURAI"", ""landmark"": ""MATTUTHAVANI BS"", ""time"": ""05:00""}]",2026-01-13T17:54:42.637035
2035KCBUSI,,SETC,CHENNAI,MADURAI,,,9.00Hrs,33 Seats Available,Standard,Rs 437,16/01/2026,"[{""city"": ""&nbsp;"", ""landmark"": """", ""time"": ""Service&nbsp;Details""}, {""city"": ""2035KCBUSI"", ""landmark"": ""Route&nbsp;No.&nbsp;:"", ""time"": ""157UD""}, {""city"": ""CHENNAI-KILAMBAKKAM-KCBT"", ""landmark"": ""To&nbsp;Place&nbsp;:"", ""time"": ""MADURAI""}, {""city"": ""16/01/2026"", ""landmark"": ""Journey&nbsp;Hours&nbsp;*:"", ""time"": ""9:00""}, {""city"": ""436.00"", ""landmark"": ""Corporation&nbsp;:"", ""time"": ""SETC""}, {""city"": ""&nbsp;"", ""landmark"": ""Adult&nbsp;Fare&nbsp;**"", ""time"": ""437""}, {""city"": ""City"", ""landmark"": ""Land&nbsp;Mark&nbsp;"", ""time"": ""Dep.&nbsp;Time&nbsp;""}, {""city"": ""CHENNAI-KILAMBAKKAM-KCBT"", ""landmark"": ""CHENNAI KALAIGNAR CBT"", ""time"": ""20:35""}, {""city"": ""CHENNAI-KILAMBAKKAM-KCBT"", ""landmark"": ""MAHINDRA CITY"", ""time"": ""20:55""}, {""city"": ""CHENNAI-KILAMBAKKAM-KCBT"", ""landmark"": ""CHENGALPATTU TOLL"", ""time"": ""21:10""}, {""city"": ""MADURAI"", ""landmark"": ""MATTUTHAVANI BS"", ""time"": ""05:35""}, {""city"": ""USILAMPATTI"", ""landmark"": ""USILAMPATTI"", ""time"": ""07:00""}]",2026-01-13T17:54:42.637035
2035KCBUSI,,SETC,CHENNAI,MADURAI,,,9.00Hrs,33 Seats Available,Standard,Rs 437,16/01/2026,"[{""city"": ""&nbsp;"", ""landmark"": """", ""time"": ""Service&nbsp;Details""}, {""city"": ""2035KCBUSI"", ""landmark"": ""Route&nbsp;No.&nbsp;:"", ""time"": ""157UD""}, {""city"": ""CHENNAI-KILAMBAKKAM-KCBT"", ""landmark"": ""To&nbsp;Place&nbsp;:"", ""time"": ""MADURAI""}, {""city"": ""16/01/2026"", ""landmark"": ""Journey&nbsp;Hours&nbsp;*:"", ""time"": ""9:00""}, {""city"": ""436.00"", ""landmark"": ""Corporation&nbsp;:"", ""time"": ""SETC""}, {""city"": ""&nbsp;"", ""landmark"": ""Adult&nbsp;Fare&nbsp;**"", ""time"": ""437""}, {""city"": ""City"", ""landmark"": ""Land&nbsp;Mark&nbsp;"", ""time"": ""Dep.&nbsp;Time&nbsp;""}, {""city"": ""CHENNAI-KILAMBAKKAM-KCBT"", ""landmark"": ""CHENNAI KALAIGNAR CBT"", ""time"": ""20:35""}, {""city"": ""CHENNAI-KILAMBAKKAM-KCBT"", ""landmark"": ""MAHINDRA CITY"", ""time"": ""20:55""}, {""city"": ""CHENNAI-KILAMBAKKAM-KCBT"", ""landmark"": ""CHENGALPATTU TOLL"", ""time"": ""21:10""}, {""city"": ""MADURAI"", ""landmark"": ""MATTUTHAVANI BS"", ""time"": ""05:35""}, {""city"": ""USILAMPATTI"", ""landmark"": ""USILAMPATTI"", ""time"": ""07:00""}]",2026-01-13T17:54:42.637035
2100KCBMADNS,,SETC,CHENNAI,MADURAI,,,9.00Hrs,18 Seats Available,Standard,Rs 437/675,16/01/2026,"[{""city"": ""&nbsp;"", ""landmark"": """", ""time"": ""Service&nbsp;Details""}, {""city"": ""2100KCBMADNS"", ""landmark"": ""Route&nbsp;No.&nbsp;:"", ""time"": ""137NS""}, {""city"": ""CHENNAI-KILAMBAKKAM-KCBT"", ""landmark"": ""To&nbsp;Place&nbsp;:"", ""time"": ""MADURAI""}, {""city"": ""16/01/2026"", ""landmark"": ""Journey&nbsp;Hours&nbsp;*:"", ""time"": ""9:00""}, {""city"": ""436.00"", ""landmark"": ""Corporation&nbsp;:"", ""time"": ""SETC""}, {""city"": ""&nbsp;"", ""landmark"": ""Adult&nbsp;Fare&nbsp;**"", ""time"": ""437""}, {""city"": ""City"", ""landmark"": ""Land&nbsp;Mark&nbsp;"", ""time"": ""Dep.&nbsp;Time&nbsp;""}, {""city"": ""CHENNAI-KILAMBAKKAM-KCBT"", ""landmark"": ""CHENNAI KALAIGNAR CBT"", ""time"": ""21:00""}, {""city"": ""CHENNAI-KILAMBAKKAM-KCBT"", ""landmark"": ""GUDUVANCHERY"", ""time"": ""21:05""}, {""city"": ""CHENNAI-KILAMBAKKAM-KCBT"", ""landmark"": ""SRM UNIVERSITY"", ""time"": ""21:10""}, {""city"": ""CHENNAI-KILAMBAKKAM-KCBT"", ""landmark"": ""MARAIMALAI NAGAR BUSSTOP"", ""time"": ""21:20""}, {""city"": ""CHENNAI-KILAMBAKKAM-KCBT"", ""landmark"": ""MAHINDRA CITY"", ""time"": ""21:30""}, {""city"": ""CHENNAI-KILAMBAKKAM-KCBT"", ""landmark"": ""CHENGALPATTU TOLL"", ""time"": ""21:40""}, {""city"": ""CHENNAI-KILAMBAKKAM-KCBT"", ""landmark"": ""CHENGALPATTU BYPASS"", ""time"": ""21:50""}, {""city"": ""CHENNAI-KILAMBAKKAM-KCBT"", ""landmark"": ""MELMARUVATHUR BUS STOP"", ""time"": ""22:20""}, {""city"": ""MADURAI"", ""landmark"": ""MATTUTHAVANI BS"", ""time"": ""05:30""}]",2026-01-13T17:54:42.637035
2100KCBMADNS,,SETC,CHENNAI,MADURAI,,,9.00Hrs,18 Seats Available,Standard,Rs 437/675,16/01/2026,"[{""city"": ""&nbsp;"", ""landmark"": """", ""time"": ""Service&nbsp;Details""}, {""city"": ""2100KCBMADNS"", ""landmark"": ""Route&nbsp;No.&nbsp;:"", ""time"": ""137NS""}, {""city"": ""CHENNAI-KILAMBAKKAM-KCBT"", ""landmark"": ""To&nbsp;Place&nbsp;:"", ""time"": ""MADURAI""}, {""city"": ""16/01/2026"", ""landmark"": ""Journey&nbsp;Hours&nbsp;*:"", ""time"": ""9:00""}, {""city"": ""436.00"", ""landmark"": ""Corporation&nbsp;:"", ""time"": ""SETC""}, {""city"": ""&nbsp;"", ""landmark"": ""Adult&nbsp;Fare&nbsp;**"", ""time"": ""437""}, {""city"": ""City"", ""landmark"": ""Land&nbsp;Mark&nbsp;"", ""time"": ""Dep.&nbsp;Time&nbsp;""}, {""city"": ""CHENNAI-KILAMBAKKAM-KCBT"", ""landmark"": ""CHENNAI KALAIGNAR CBT"", ""time"": ""21:00""}, {""city"": ""CHENNAI-KILAMBAKKAM-KCBT"", ""landmark"": ""GUDUVANCHERY"", ""time"": ""21:05""}, {""city"": ""CHENNAI-KILAMBAKKAM-KCBT"", ""landmark"": ""SRM UNIVERSITY"", ""time"": ""21:10""}, {""city"": ""CHENNAI-KILAMBAKKAM-KCBT"", ""landmark"": ""MARAIMALAI NAGAR BUSSTOP"", ""time"": ""21:20""}, {""city"": ""CHENNAI-KILAMBAKKAM-KCBT"", ""landmark"": ""MAHINDRA CITY"", ""time"": ""21:30""}, {""city"": ""CHENNAI-KILAMBAKKAM-KCBT"", ""landmark"": ""CHENGALPATTU TOLL"", ""time"": ""21:40""}, {""city"": ""CHENNAI-KILAMBAKKAM-KCBT"", ""landmark"": ""CHENGALPATTU BYPASS"", ""time"": ""21:50""}, {""city"": ""CHENNAI-KILAMBAKKAM-KCBT"", ""landmark"": ""MELMARUVATHUR BUS STOP"", ""time"": ""22:20""}, {""city"": ""MADURAI"", ""landmark"": ""MATTUTHAVANI BS"", ""time"": ""05:30""}]",2026-01-13T17:54:42.637035
2130KCBMADAB,,SETC,CHENNAI,MADURAI,,,9.00Hrs,35 Seats Available,Standard,Rs 565/869,16/01/2026,"[{""city"": ""&nbsp;"", ""landmark"": """", ""time"": ""Service&nbsp;Details""}, {""city"": ""2130KCBMADAB"", ""landmark"": ""Route&nbsp;No.&nbsp;:"", ""time"": ""137AB""}, {""city"": ""CHENNAI-KILAMBAKKAM-KCBT"", ""landmark"": ""To&nbsp;Place&nbsp;:"", ""time"": ""MADURAI""}, {""city"": ""16/01/2026"", ""landmark"": ""Journey&nbsp;Hours&nbsp;*:"", ""time"": ""9:00""}, {""city"": ""436.00"", ""landmark"": ""Corporation&nbsp;:"", ""time"": ""SETC""}, {""city"": ""&nbsp;"", ""landmark"": ""Adult&nbsp;Fare&nbsp;**"", ""time"": ""565""}, {""city"": ""City"", ""landmark"": ""Land&nbsp;Mark&nbsp;"", ""time"": ""Dep.&nbsp;Time&nbsp;""}, {""city"": ""CHENNAI-KILAMBAKKAM-KCBT"", ""landmark"": ""CHENNAI KALAIGNAR CBT"", ""time"": ""21:30""}, {""city"": ""CHENNAI-KILAMBAKKAM-KCBT"", ""landmark"": ""GUDUVANCHERY"", ""time"": ""21:35""}, {""city"": ""CHENNAI-KILAMBAKKAM-KCBT"", ""landmark"": ""SRM UNIVERSITY"", ""time"": ""21:40""}, {""city"": ""CHENNAI-KILAMBAKKAM-KCBT"", ""landmark"": ""MARAIMALAI NAGAR BUSSTOP"", ""time"": ""21:50""}, {""city"": ""CHENNAI-KILAMBAKKAM-KCBT"", ""landmark"": ""MAHINDRA CITY"", ""time"": ""22:00""}, {""city"": ""CHENNAI-KILAMBAKKAM-KCBT"", ""landmark"": ""CHENGALPATTU TOLL"", ""time"": ""22:10""}, {""city"": ""CHENNAI-KILAMBAKKAM-KCBT"", ""landmark"": ""CHENGALPATTU BYPASS"", ""time"": ""22:20""}, {""city"": ""CHENNAI-KILAMBAKKAM-KCBT"", ""landmark"": ""MELMARUVATHUR BUS STOP"", ""time"": ""22:50""}, {""city"": ""CHENNAI-KILAMBAKKAM-KCBT"", ""landmark"": ""TINDIVANAM"", ""time"": ""23:10""}, {""city"": ""MADURAI"", ""landmark"": ""MATTUTHAVANI BS"", ""time"": ""06:00""}]",2026-01-13T17:54:42.637035
2130KCBMADAB,,SETC,CHENNAI,MADURAI,,,9.00Hrs,35 Seats Available,Standard,Rs 565/869,16/01/2026,"[{""city"": ""&nbsp;"", ""landmark"": """", ""time"": ""Service&nbsp;Details""}, {""city"": ""2130KCBMADAB"", ""landmark"": ""Route&nbsp;No.&nbsp;:"", ""time"": ""137AB""}, {""city"": ""CHENNAI-KILAMBAKKAM-KCBT"", ""landmark"": ""To&nbsp;Place&nbsp;:"", ""time"": ""MADURAI""}, {""city"": ""16/01/2026"", ""landmark"": ""Journey&nbsp;Hours&nbsp;*:"", ""time"": ""9:00""}, {""city"": ""436.00"", ""landmark"": ""Corporation&nbsp;:"", ""time"": ""SETC""}, {""city"": ""&nbsp;"", ""landmark"": ""Adult&nbsp;Fare&nbsp;**"", ""time"": ""565""}, {""city"": ""City"", ""landmark"": ""Land&nbsp;Mark&nbsp;"", ""time"": ""Dep.&nbsp;Time&nbsp;""}, {""city"": ""CHENNAI-KILAMBAKKAM-KCBT"", ""landmark"": ""CHENNAI KALAIGNAR CBT"", ""time"": ""21:30""}, {""city"": ""CHENNAI-KILAMBAKKAM-KCBT"", ""landmark"": ""GUDUVANCHERY"", ""time"": ""21:35""}, {""city"": ""CHENNAI-KILAMBAKKAM-KCBT"", ""landmark"": ""SRM UNIVERSITY"", ""time"": ""21:40""}, {""city"": ""CHENNAI-KILAMBAKKAM-KCBT"", ""landmark"": ""MARAIMALAI NAGAR BUSSTOP"", ""time"": ""21:50""}, {""city"": ""CHENNAI-KILAMBAKKAM-KCBT"", ""landmark"": ""MAHINDRA CITY"", ""time"": ""22:00""}, {""city"": ""CHENNAI-KILAMBAKKAM-KCBT"", ""landmark"": ""CHENGALPATTU TOLL"", ""time"": ""22:10""}, {""city"": ""CHENNAI-KILAMBAKKAM-KCBT"", ""landmark"": ""CHENGALPATTU BYPASS"", ""time"": ""22:20""}, {""city"": ""CHENNAI-KILAMBAKKAM-KCBT"", ""landmark"": ""MELMARUVATHUR BUS STOP"", ""time"": ""22:50""}, {""city"": ""CHENNAI-KILAMBAKKAM-KCBT"", ""landmark"": ""TINDIVANAM"", ""time"": ""23:10""}, {""city"": ""MADURAI"", ""landmark"": ""MATTUTHAVANI BS"", ""time"": ""06:00""}]",2026-01-13T17:54:42.637035
2130KCBMADMS,,SETC,CHENNAI,MADURAI,,,9.30Hrs,36 Seats Available,Standard,Rs 741,16/01/2026,"[{""city"": ""&nbsp;"", ""landmark"": """", ""time"": ""Service&nbsp;Details""}, {""city"": ""2130KCBMADMS"", ""landmark"": ""Route&nbsp;No.&nbsp;:"", ""time"": ""137MS""}, {""city"": ""CHENNAI-KILAMBAKKAM-KCBT"", ""landmark"": ""To&nbsp;Place&nbsp;:"", ""time"": ""MADURAI""}, {""city"": ""16/01/2026"", ""landmark"": ""Journey&nbsp;Hours&nbsp;*:"", ""time"": ""9:30""}, {""city"": ""442.00"", ""landmark"": ""Corporation&nbsp;:"", ""time"": ""SETC""}, {""city"": ""&nbsp;"", ""landmark"": ""Adult&nbsp;Fare&nbsp;**"", ""time"": ""741""}, {""city"": ""City"", ""landmark"": ""Land&nbsp;Mark&nbsp;"", ""time"": ""Dep.&nbsp;Time&nbsp;""}, {""city"": ""CHENNAI-KILAMBAKKAM-KCBT"", ""landmark"": ""CHENNAI KALAIGNAR CBT"", ""time"": ""21:30""}, {""city"": ""CHENNAI-KILAMBAKKAM-KCBT"", ""landmark"": ""GUDUVANCHERY"", ""time"": ""21:35""}, {""city"": ""CHENNAI-KILAMBAKKAM-KCBT"", ""landmark"": ""SRM UNIVERSITY"", ""time"": ""21:40""}, {""city"": ""CHENNAI-KILAMBAKKAM-KCBT"", ""landmark"": ""MARAIMALAI NAGAR BUSSTOP"", ""time"": ""21:50""}, {""city"": ""CHENNAI-KILAMBAKKAM-KCBT"", ""landmark"": ""MAHINDRA CITY"", ""time"": ""22:00""}, {""city"": ""CHENNAI-KILAMBAKKAM-KCBT"", ""landmark"": ""CHENGALPATTU TOLL"", ""time"": ""22:10""}, {""city"": ""CHENNAI-KILAMBAKKAM-KCBT"", ""landmark"": ""CHENGALPATTU BYPASS"", ""time"": ""22:20""}, {""city"": ""CHENNAI-KILAMBAKKAM-KCBT"", ""landmark"": ""MELMARUVATHUR BUS STOP"", ""time"": ""22:50""}, {""city"": ""CHENNAI-KILAMBAKKAM-KCBT"", ""landmark"": ""TINDIVANAM"", ""time"": ""23:10""}, {""city"": ""MADURAI"", ""landmark"": ""MATTUTHAVANI BS"", ""time"": ""06:00""}]",2026-01-13T17:54:42.637035
2130KCBMADMS,,SETC,CHENNAI,MADURAI,,,9.30Hrs,36 Seats Available,Standard,Rs 741,16/01/2026,"[{""city"": ""&nbsp;"", ""landmark"": """", ""time"": ""Service&nbsp;Details""}, {""city"": ""2130KCBMADMS"", ""landmark"": ""Route&nbsp;No.&nbsp;:"", ""time"": ""137MS""}, {""city"": ""CHENNAI-KILAMBAKKAM-KCBT"", ""landmark"": ""To&nbsp;Place&nbsp;:"", ""time"": ""MADURAI""}, {""city"": ""16/01/2026"", ""landmark"": ""Journey&nbsp;Hours&nbsp;*:"", ""time"": ""9:30""}, {""city"": ""442.00"", ""landmark"": ""Corporation&nbsp;:"", ""time"": ""SETC""}, {""city"": ""&nbsp;"", ""landmark"": ""Adult&nbsp;Fare&nbsp;**"", ""time"": ""741""}, {""city"": ""City"", ""landmark"": ""Land&nbsp;Mark&nbsp;"", ""time"": ""Dep.&nbsp;Time&nbsp;""}, {""city"": ""CHENNAI-KILAMBAKKAM-KCBT"", ""landmark"": ""CHENNAI KALAIGNAR CBT"", ""time"": ""21:30""}, {""city"": ""CHENNAI-KILAMBAKKAM-KCBT"", ""landmark"": ""GUDUVANCHERY"", ""time"": ""21:35""}, {""city"": ""CHENNAI-KILAMBAKKAM-KCBT"", ""landmark"": ""SRM UNIVERSITY"", ""time"": ""21:40""}, {""city"": ""CHENNAI-KILAMBAKKAM-KCBT"", ""landmark"": ""MARAIMALAI NAGAR BUSSTOP"", ""time"": ""21:50""}, {""city"": ""CHENNAI-KILAMBAKKAM-KCBT"", ""landmark"": ""MAHINDRA CITY"", ""time"": ""22:00""}, {""city"": ""CHENNAI-KILAMBAKKAM-KCBT"", ""landmark"": ""CHENGALPATTU TOLL"", ""time"": ""22:10""}, {""city"": ""CHENNAI-KILAMBAKKAM-KCBT"", ""landmark"": ""CHENGALPATTU BYPASS"", ""time"": ""22:20""}, {""city"": ""CHENNAI-KILAMBAKKAM-KCBT"", ""landmark"": ""MELMARUVATHUR BUS STOP"", ""time"": ""22:50""}, {""city"": ""CHENNAI-KILAMBAKKAM-KCBT"", ""landmark"": ""TINDIVANAM"", ""time"": ""23:10""}, {""city"": ""MADURAI"", ""landmark"": ""MATTUTHAVANI BS"", ""time"": ""06:00""}]",2026-01-13T17:54:42.637035
2205KCBMADLB,,SETC,CHENNAI,MADURAI,,,9.00Hrs,29 Seats Available,Standard,Rs 437/675,16/01/2026,"[{""city"": ""&nbsp;"", ""landmark"": """", ""time"": ""Service&nbsp;Details""}, {""city"": ""2205KCBMADLB"", ""landmark"": ""Route&nbsp;No.&nbsp;:"", ""time"": ""137LB""}, {""city"": ""CHENNAI-KILAMBAKKAM-KCBT"", ""landmark"": ""To&nbsp;Place&nbsp;:"", ""time"": ""MADURAI""}, {""city"": ""16/01/2026"", ""landmark"": ""Journey&nbsp;Hours&nbsp;*:"", ""time"": ""9:00""}, {""city"": ""436.00"", ""landmark"": ""Corporation&nbsp;:"", ""time"": ""SETC""}, {""city"": ""&nbsp;"", ""landmark"": ""Adult&nbsp;Fare&nbsp;**"", ""time"": ""437""}, {""city"": ""City"", ""landmark"": ""Land&nbsp;Mark&nbsp;"", ""time"": ""Dep.&nbsp;Time&nbsp;""}, {""city"": ""CHENNAI-KILAMBAKKAM-KCBT"", ""landmark"": ""CHENNAI KALAIGNAR CBT"", ""time"": ""22:05""}, {""city"": ""CHENNAI-KILAMBAKKAM-KCBT"", ""landmark"": ""GUDUVANCHERY"", ""time"": ""22:10""}, {""city"": ""CHENNAI-KILAMBAKKAM-KCBT"", ""landmark"": ""SRM UNIVERSITY"", ""time"": ""22:15""}, {""city"": ""CHENNAI-KILAMBAKKAM-KCBT"", ""landmark"": ""MARAIMALAI NAGAR BUSSTOP"", ""time"": ""22:25""}, {""city"": ""CHENNAI-KILAMBAKKAM-KCBT"", ""landmark"": ""MAHINDRA CITY"", ""time"": ""22:35""}, {""city"": ""CHENNAI-KILAMBAKKAM-KCBT"", ""landmark"": ""CHENGALPATTU TOLL"", ""time"": ""22:45""}, {""city"": ""CHENNAI-KILAMBAKKAM-KCBT"", ""landmark"": ""CHENGALPATTU BYPASS"", ""time"": ""22:55""}, {""city"": ""CHENNAI-KILAMBAKKAM-KCBT"", ""landmark"": ""MELMARUVATHUR BUS STOP"", ""time"": ""23:25""}, {""city"": ""MADURAI"", ""landmark"": ""MATTUTHAVANI BS"", ""time"": ""06:35""}]",2026-01-13T17:54:42.637035
2205KCBMADLB,,SETC,CHENNAI,MADURAI,,,9.00Hrs,29 Seats Available,Standard,Rs 437/675,16/01/2026,"[{""city"": ""&nbsp;"", ""landmark"": """", ""time"": ""Service&nbsp;Details""}, {""city"": ""2205KCBMADLB"", ""landmark"": ""Route&nbsp;No.&nbsp;:"", ""time"": ""137LB""}, {""city"": ""CHENNAI-KILAMBAKKAM-KCBT"", ""landmark"": ""To&nbsp;Place&nbsp;:"", ""time"": ""MADURAI""}, {""city"": ""16/01/2026"", ""landmark"": ""Journey&nbsp;Hours&nbsp;*:"", ""time"": ""9:00""}, {""city"": ""436.00"", ""landmark"": ""Corporation&nbsp;:"", ""time"": ""SETC""}, {""city"": ""&nbsp;"", ""landmark"": ""Adult&nbsp;Fare&nbsp;**"", ""time"": ""437""}, {""city"": ""City"", ""landmark"": ""Land&nbsp;Mark&nbsp;"", ""time"": ""Dep.&nbsp;Time&nbsp;""}, {""city"": ""CHENNAI-KILAMBAKKAM-KCBT"", ""landmark"": ""CHENNAI KALAIGNAR CBT"", ""time"": ""22:05""}, {""city"": ""CHENNAI-KILAMBAKKAM-KCBT"", ""landmark"": ""GUDUVANCHERY"", ""time"": ""22:10""}, {""city"": ""CHENNAI-KILAMBAKKAM-KCBT"", ""landmark"": ""SRM UNIVERSITY"", ""time"": ""22:15""}, {""city"": ""CHENNAI-KILAMBAKKAM-KCBT"", ""landmark"": ""MARAIMALAI NAGAR BUSSTOP"", ""time"": ""22:25""}, {""city"": ""CHENNAI-KILAMBAKKAM-KCBT"", ""landmark"": ""MAHINDRA CITY"", ""time"": ""22:35""}, {""city"": ""CHENNAI-KILAMBAKKAM-KCBT"", ""landmark"": ""CHENGALPATTU TOLL"", ""time"": ""22:45""}, {""city"": ""CHENNAI-KILAMBAKKAM-KCBT"", ""landmark"": ""CHENGALPATTU BYPASS"", ""time"": ""22:55""}, {""city"": ""CHENNAI-KILAMBAKKAM-KCBT"", ""landmark"": ""MELMARUVATHUR BUS STOP"", ""time"": ""23:25""}, {""city"": ""MADURAI"", ""landmark"": ""MATTUTHAVANI BS"", ""time"": ""06:35""}]",2026-01-13T17:54:42.637035
2230KCBMADNS,,SETC,CHENNAI,MADURAI,,,9.00Hrs,35 Seats Available,Standard,Rs 437/675,16/01/2026,"[{""city"": ""&nbsp;"", ""landmark"": """", ""time"": ""Service&nbsp;Details""}, {""city"": ""2230KCBMADNS"", ""landmark"": ""Route&nbsp;No.&nbsp;:"", ""time"": ""137NS""}, {""city"": ""CHENNAI-KILAMBAKKAM-KCBT"", ""landmark"": ""To&nbsp;Place&nbsp;:"", ""time"": ""MADURAI""}, {""city"": ""16/01/2026"", ""landmark"": ""Journey&nbsp;Hours&nbsp;*:"", ""time"": ""9:00""}, {""city"": ""436.00"", ""landmark"": ""Corporation&nbsp;:"", ""time"": ""SETC""}, {""city"": ""&nbsp;"", ""landmark"": ""Adult&nbsp;Fare&nbsp;**"", ""time"": ""437""}, {""city"": ""City"", ""landmark"": ""Land&nbsp;Mark&nbsp;"", ""time"": ""Dep.&nbsp;Time&nbsp;""}, {""city"": ""CHENNAI-KILAMBAKKAM-KCBT"", ""landmark"": ""CHENNAI KALAIGNAR CBT"", ""time"": ""22:30""}, {""city"": ""CHENNAI-KILAMBAKKAM-KCBT"", ""landmark"": ""GUDUVANCHERY"", ""time"": ""22:35""}, {""city"": ""CHENNAI-KILAMBAKKAM-KCBT"", ""landmark"": ""SRM UNIVERSITY"", ""time"": ""22:40""}, {""city"": ""CHENNAI-KILAMBAKKAM-KCBT"", ""landmark"": ""MARAIMALAI NAGAR BUSSTOP"", ""time"": ""22:50""}, {""city"": ""CHENNAI-KILAMBAKKAM-KCBT"", ""landmark"": ""MAHINDRA CITY"", ""time"": ""23:00""}, {""city"": ""CHENNAI-KILAMBAKKAM-KCBT"", ""landmark"": ""CHENGALPATTU TOLL"", ""time"": ""23:10""}, {""city"": ""CHENNAI-KILAMBAKKAM-KCBT"", ""landmark"": ""CHENGALPATTU BYPASS"", ""time"": ""23:20""}, {""city"": ""CHENNAI-KILAMBAKKAM-KCBT"", ""landmark"": ""MELMARUVATHUR BUS STOP"", ""time"": ""23:50""}, {""city"": ""MADURAI"", ""landmark"": ""MATTUTHAVANI BS"", ""time"": ""07:00""}]",2026-01-13T17:54:42.637035
2230KCBMADNS,,SETC,CHENNAI,MADURAI,,,9.00Hrs,35 Seats Available,Standard,Rs 437/675,16/01/2026,"[{""city"": ""&nbsp;"", ""landmark"": """", ""time"": ""Service&nbsp;Details""}, {""city"": ""2230KCBMADNS"", ""landmark"": ""Route&nbsp;No.&nbsp;:"", ""time"": ""137NS""}, {""city"": ""CHENNAI-KILAMBAKKAM-KCBT"", ""landmark"": ""To&nbsp;Place&nbsp;:"", ""time"": ""MADURAI""}, {""city"": ""16/01/2026"", ""landmark"": ""Journey&nbsp;Hours&nbsp;*:"", ""time"": ""9:00""}, {""city"": ""436.00"", ""landmark"": ""Corporation&nbsp;:"", ""time"": ""SETC""}, {""city"": ""&nbsp;"", ""landmark"": ""Adult&nbsp;Fare&nbsp;**"", ""time"": ""437""}, {""city"": ""City"", ""landmark"": ""Land&nbsp;Mark&nbsp;"", ""time"": ""Dep.&nbsp;Time&nbsp;""}, {""city"": ""CHENNAI-KILAMBAKKAM-KCBT"", ""landmark"": ""CHENNAI KALAIGNAR CBT"", ""time"": ""22:30""}, {""city"": ""CHENNAI-KILAMBAKKAM-KCBT"", ""landmark"": ""GUDUVANCHERY"", ""time"": ""22:35""}, {""city"": ""CHENNAI-KILAMBAKKAM-KCBT"", ""landmark"": ""SRM UNIVERSITY"", ""time"": ""22:40""}, {""city"": ""CHENNAI-KILAMBAKKAM-KCBT"", ""landmark"": ""MARAIMALAI NAGAR BUSSTOP"", ""time"": ""22:50""}, {""city"": ""CHENNAI-KILAMBAKKAM-KCBT"", ""landmark"": ""MAHINDRA CITY"", ""time"": ""23:00""}, {""city"": ""CHENNAI-KILAMBAKKAM-KCBT"", ""landmark"": ""CHENGALPATTU TOLL"", ""time"": ""23:10""}, {""city"": ""CHENNAI-KILAMBAKKAM-KCBT"", ""landmark"": ""CHENGALPATTU BYPASS"", ""time"": ""23:20""}, {""city"": ""CHENNAI-KILAMBAKKAM-KCBT"", ""landmark"": ""MELMARUVATHUR BUS STOP"", ""time"": ""23:50""}, {""city"": ""MADURAI"", ""landmark"": ""MATTUTHAVANI BS"", ""time"": ""07:00""}]",2026-01-13T17:54:42.637035
2230KCBMADAB,,SETC,CHENNAI,MADURAI,,,9.00Hrs,33 Seats Available,Standard,Rs 565/869,16/01/2026,"[{""city"": ""&nbsp;"", ""landmark"": """", ""time"": ""Service&nbsp;Details""}, {""city"": ""2230KCBMADAB"", ""landmark"": ""Route&nbsp;No.&nbsp;:"", ""time"": ""137AB""}, {""city"": ""CHENNAI-KILAMBAKKAM-KCBT"", ""landmark"": ""To&nbsp;Place&nbsp;:"", ""time"": ""MADURAI""}, {""city"": ""16/01/2026"", ""landmark"": ""Journey&nbsp;Hours&nbsp;*:"", ""time"": ""9:00""}, {""city"": ""436.00"", ""landmark"": ""Corporation&nbsp;:"", ""time"": ""SETC""}, {""city"": ""&nbsp;"", ""landmark"": ""Adult&nbsp;Fare&nbsp;**"", ""time"": ""565""}, {""city"": ""City"", ""landmark"": ""Land&nbsp;Mark&nbsp;"", ""time"": ""Dep.&nbsp;Time&nbsp;""}, {""city"": ""CHENNAI-KILAMBAKKAM-KCBT"", ""landmark"": ""CHENNAI KALAIGNAR CBT"", ""time"": ""22:30""}, {""city"": ""CHENNAI-KILAMBAKKAM-KCBT"", ""landmark"": ""GUDUVANCHERY"", ""time"": ""22:35""}, {""city"": ""CHENNAI-KILAMBAKKAM-KCBT"", ""landmark"": ""SRM UNIVERSITY"", ""time"": ""22:40""}, {""city"": ""CHENNAI-KILAMBAKKAM-KCBT"", ""landmark"": ""MARAIMALAI NAGAR BUSSTOP"", ""time"": ""22:50""}, {""city"": ""CHENNAI-KILAMBAKKAM-KCBT"", ""landmark"": ""MAHINDRA CITY"", ""time"": ""23:00""}, {""city"": ""CHENNAI-KILAMBAKKAM-KCBT"", ""landmark"": ""CHENGALPATTU TOLL"", ""time"": ""23:10""}, {""city"": ""CHENNAI-KILAMBAKKAM-KCBT"", ""landmark"": ""CHENGALPATTU BYPASS"", ""time"": ""23:20""}, {""city"": ""CHENNAI-KILAMBAKKAM-KCBT"", ""landmark"": ""MELMARUVATHUR BUS STOP"", ""time"": ""23:50""}, {""city"": ""CHENNAI-KILAMBAKKAM-KCBT"", ""landmark"": ""TINDIVANAM"", ""time"": ""00:10""}, {""city"": ""MADURAI"", ""landmark"": ""MATTUTHAVANI BS"", ""time"": ""07:00""}]",2026-01-13T17:54:42.637035
2230KCBMADAB,,SETC,CHENNAI,MADURAI,,,9.00Hrs,33 Seats Available,Standard,Rs 565/869,16/01/2026,"[{""city"": ""&nbsp;"", ""landmark"": """", ""time"": ""Service&nbsp;Details""}, {""city"": ""2230KCBMADAB"", ""landmark"": ""Route&nbsp;No.&nbsp;:"", ""time"": ""137AB""}, {""city"": ""CHENNAI-KILAMBAKKAM-KCBT"", ""landmark"": ""To&nbsp;Place&nbsp;:"", ""time"": ""MADURAI""}, {""city"": ""16/01/2026"", ""landmark"": ""Journey&nbsp;Hours&nbsp;*:"", ""time"": ""9:00""}, {""city"": ""436.00"", ""landmark"": ""Corporation&nbsp;:"", ""time"": ""SETC""}, {""city"": ""&nbsp;"", ""landmark"": ""Adult&nbsp;Fare&nbsp;**"", ""time"": ""565""}, {""city"": ""City"", ""landmark"": ""Land&nbsp;Mark&nbsp;"", ""time"": ""Dep.&nbsp;Time&nbsp;""}, {""city"": ""CHENNAI-KILAMBAKKAM-KCBT"", ""landmark"": ""CHENNAI KALAIGNAR CBT"", ""time"": ""22:30""}, {""city"": ""CHENNAI-KILAMBAKKAM-KCBT"", ""landmark"": ""GUDUVANCHERY"", ""time"": ""22:35""}, {""city"": ""CHENNAI-KILAMBAKKAM-KCBT"", ""landmark"": ""SRM UNIVERSITY"", ""time"": ""22:40""}, {""city"": ""CHENNAI-KILAMBAKKAM-KCBT"", ""landmark"": ""MARAIMALAI NAGAR BUSSTOP"", ""time"": ""22:50""}, {""city"": ""CHENNAI-KILAMBAKKAM-KCBT"", ""landmark"": ""MAHINDRA CITY"", ""time"": ""23:00""}, {""city"": ""CHENNAI-KILAMBAKKAM-KCBT"", ""landmark"": ""CHENGALPATTU TOLL"", ""time"": ""23:10""}, {""city"": ""CHENNAI-KILAMBAKKAM-KCBT"", ""landmark"": ""CHENGALPATTU BYPASS"", ""time"": ""23:20""}, {""city"": ""CHENNAI-KILAMBAKKAM-KCBT"", ""landmark"": ""MELMARUVATHUR BUS STOP"", ""time"": ""23:50""}, {""city"": ""CHENNAI-KILAMBAKKAM-KCBT"", ""landmark"": ""TINDIVANAM"", ""time"": ""00:10""}, {""city"": ""MADURAI"", ""landmark"": ""MATTUTHAVANI BS"", ""time"": ""07:00""}]",2026-01-13T17:54:42.637035
2300KCBMAD,,SETC,CHENNAI,MADURAI,,,9.00Hrs,33 Seats Available,Standard,Rs 437,16/01/2026,"[{""city"": ""&nbsp;"", ""landmark"": """", ""time"": ""Service&nbsp;Details""}, {""city"": ""2300KCBMAD"", ""landmark"": ""Route&nbsp;No.&nbsp;:"", ""time"": ""137UD""}, {""city"": ""CHENNAI-KILAMBAKKAM-KCBT"", ""landmark"": ""To&nbsp;Place&nbsp;:"", ""time"": ""MADURAI""}, {""city"": ""16/01/2026"", ""landmark"": ""Journey&nbsp;Hours&nbsp;*:"", ""time"": ""9:00""}, {""city"": ""436.00"", ""landmark"": ""Corporation&nbsp;:"", ""time"": ""SETC""}, {""city"": ""&nbsp;"", ""landmark"": ""Adult&nbsp;Fare&nbsp;**"", ""time"": ""437""}, {""city"": ""City"", ""landmark"": ""Land&nbsp;Mark&nbsp;"", ""time"": ""Dep.&nbsp;Time&nbsp;""}, {""city"": ""CHENNAI-KILAMBAKKAM-KCBT"", ""landmark"": ""CHENNAI KALAIGNAR CBT"", ""time"": ""23:00""}, {""city"": ""CHENNAI-KILAMBAKKAM-KCBT"", ""landmark"": ""GUDUVANCHERY"", ""time"": ""23:05""}, {""city"": ""CHENNAI-KILAMBAKKAM-KCBT"", ""landmark"": ""SRM UNIVERSITY"", ""time"": ""23:10""}, {""city"": ""CHENNAI-KILAMBAKKAM-KCBT"", ""landmark"": ""MARAIMALAI NAGAR BUSSTOP"", ""time"": ""23:20""}, {""city"": ""CHENNAI-KILAMBAKKAM-KCBT"", ""landmark"": ""MAHINDRA CITY"", ""time"": ""23:30""}, {""city"": ""CHENNAI-KILAMBAKKAM-KCBT"", ""landmark"": ""CHENGALPATTU TOLL"", ""time"": ""23:40""}, {""city"": ""CHENNAI-KILAMBAKKAM-KCBT"", ""landmark"": ""CHENGALPATTU BYPASS"", ""time"": ""23:50""}, {""city"": ""CHENNAI-KILAMBAKKAM-KCBT"", ""landmark"": ""MELMARUVATHUR BUS STOP"", ""time"": ""00:20""}, {""city"": ""CHENNAI-KILAMBAKKAM-KCBT"", ""landmark"": ""TINDIVANAM"", ""time"": ""00:40""}, {""city"": ""MADURAI"", ""landmark"": ""MATTUTHAVANI BS"", ""time"": ""07:30""}]",2026-01-13T17:54:42.637035
2300KCBMAD,,SETC,CHENNAI,MADURAI,,,9.00Hrs,33 Seats Available,Standard,Rs 437,16/01/2026,"[{""city"": ""&nbsp;"", ""landmark"": """", ""time"": ""Service&nbsp;Details""}, {""city"": ""2300KCBMAD"", ""landmark"": ""Route&nbsp;No.&nbsp;:"", ""time"": ""137UD""}, {""city"": ""CHENNAI-KILAMBAKKAM-KCBT"", ""landmark"": ""To&nbsp;Place&nbsp;:"", ""time"": ""MADURAI""}, {""city"": ""16/01/2026"", ""landmark"": ""Journey&nbsp;Hours&nbsp;*:"", ""time"": ""9:00""}, {""city"": ""436.00"", ""landmark"": ""Corporation&nbsp;:"", ""time"": ""SETC""}, {""city"": ""&nbsp;"", ""landmark"": ""Adult&nbsp;Fare&nbsp;**"", ""time"": ""437""}, {""city"": ""City"", ""landmark"": ""Land&nbsp;Mark&nbsp;"", ""time"": ""Dep.&nbsp;Time&nbsp;""}, {""city"": ""CHENNAI-KILAMBAKKAM-KCBT"", ""landmark"": ""CHENNAI KALAIGNAR CBT"", ""time"": ""23:00""}, {""city"": ""CHENNAI-KILAMBAKKAM-KCBT"", ""landmark"": ""GUDUVANCHERY"", ""time"": ""23:05""}, {""city"": ""CHENNAI-KILAMBAKKAM-KCBT"", ""landmark"": ""SRM UNIVERSITY"", ""time"": ""23:10""}, {""city"": ""CHENNAI-KILAMBAKKAM-KCBT"", ""landmark"": ""MARAIMALAI NAGAR BUSSTOP"", ""time"": ""23:20""}, {""city"": ""CHENNAI-KILAMBAKKAM-KCBT"", ""landmark"": ""MAHINDRA CITY"", ""time"": ""23:30""}, {""city"": ""CHENNAI-KILAMBAKKAM-KCBT"", ""landmark"": ""CHENGALPATTU TOLL"", ""time"": ""23:40""}, {""city"": ""CHENNAI-KILAMBAKKAM-KCBT"", ""landmark"": ""CHENGALPATTU BYPASS"", ""time"": ""23:50""}, {""city"": ""CHENNAI-KILAMBAKKAM-KCBT"", ""landmark"": ""MELMARUVATHUR BUS STOP"", ""time"": ""00:20""}, {""city"": ""CHENNAI-KILAMBAKKAM-KCBT"", ""landmark"": ""TINDIVANAM"", ""time"": ""00:40""}, {""city"": ""MADURAI"", ""landmark"": ""MATTUTHAVANI BS"", ""time"": ""07:30""}]",2026-01-13T17:54:42.637035
2301KCBMADLB,,SETC,CHENNAI,MADURAI,,,9.00Hrs,33 Seats Available,Standard,Rs 437/675,16/01/2026,"[{""city"": ""&nbsp;"", ""landmark"": """", ""time"": ""Service&nbsp;Details""}, {""city"": ""2301KCBMADLB"", ""landmark"": ""Route&nbsp;No.&nbsp;:"", ""time"": ""137LB""}, {""city"": ""CHENNAI-KILAMBAKKAM-KCBT"", ""landmark"": ""To&nbsp;Place&nbsp;:"", ""time"": ""MADURAI""}, {""city"": ""16/01/2026"", ""landmark"": ""Journey&nbsp;Hours&nbsp;*:"", ""time"": ""9:00""}, {""city"": ""436.00"", ""landmark"": ""Corporation&nbsp;:"", ""time"": ""SETC""}, {""city"": ""&nbsp;"", ""landmark"": ""Adult&nbsp;Fare&nbsp;**"", ""time"": ""437""}, {""city"": ""City"", ""landmark"": ""Land&nbsp;Mark&nbsp;"", ""time"": ""Dep.&nbsp;Time&nbsp;""}, {""city"": ""CHENNAI-KILAMBAKKAM-KCBT"", ""landmark"": ""CHENNAI KALAIGNAR CBT"", ""time"": ""23:01""}, {""city"": ""CHENNAI-KILAMBAKKAM-KCBT"", ""landmark"": ""GUDUVANCHERY"", ""time"": ""23:06""}, {""city"": ""CHENNAI-KILAMBAKKAM-KCBT"", ""landmark"": ""SRM UNIVERSITY"", ""time"": ""23:11""}, {""city"": ""CHENNAI-KILAMBAKKAM-KCBT"", ""landmark"": ""MARAIMALAI NAGAR BUSSTOP"", ""time"": ""23:21""}, {""city"": ""CHENNAI-KILAMBAKKAM-KCBT"", ""landmark"": ""MAHINDRA CITY"", ""time"": ""23:31""}, {""city"": ""CHENNAI-KILAMBAKKAM-KCBT"", ""landmark"": ""CHENGALPATTU TOLL"", ""time"": ""23:41""}, {""city"": ""CHENNAI-KILAMBAKKAM-KCBT"", ""landmark"": ""CHENGALPATTU BYPASS"", ""time"": ""23:51""}, {""city"": ""MADURAI"", ""landmark"": ""MATTUTHAVANI BS"", ""time"": ""07:31""}]",2026-01-13T17:54:42.637035
2301KCBMADLB,,SETC,CHENNAI,MADURAI,,,9.00Hrs,33 Seats Available,Standard,Rs 437/675,16/01/2026,"[{""city"": ""&nbsp;"", ""landmark"": """", ""time"": ""Service&nbsp;Details""}, {""city"": ""2301KCBMADLB"", ""landmark"": ""Route&nbsp;No.&nbsp;:"", ""time"": ""137LB""}, {""city"": ""CHENNAI-KILAMBAKKAM-KCBT"", ""landmark"": ""To&nbsp;Place&nbsp;:"", ""time"": ""MADURAI""}, {""city"": ""16/01/2026"", ""landmark"": ""Journey&nbsp;Hours&nbsp;*:"", ""time"": ""9:00""}, {""city"": ""436.00"", ""landmark"": ""Corporation&nbsp;:"", ""time"": ""SETC""}, {""city"": ""&nbsp;"", ""landmark"": ""Adult&nbsp;Fare&nbsp;**"", ""time"": ""437""}, {""city"": ""City"", ""landmark"": ""Land&nbsp;Mark&nbsp;"", ""time"": ""Dep.&nbsp;Time&nbsp;""}, {""city"": ""CHENNAI-KILAMBAKKAM-KCBT"", ""landmark"": ""CHENNAI KALAIGNAR CBT"", ""time"": ""23:01""}, {""city"": ""CHENNAI-KILAMBAKKAM-KCBT"", ""landmark"": ""GUDUVANCHERY"", ""time"": ""23:06""}, {""city"": ""CHENNAI-KILAMBAKKAM-KCBT"", ""landmark"": ""SRM UNIVERSITY"", ""time"": ""23:11""}, {""city"": ""CHENNAI-KILAMBAKKAM-KCBT"", ""landmark"": ""MARAIMALAI NAGAR BUSSTOP"", ""time"": ""23:21""}, {""city"": ""CHENNAI-KILAMBAKKAM-KCBT"", ""landmark"": ""MAHINDRA CITY"", ""time"": ""23:31""}, {""city"": ""CHENNAI-KILAMBAKKAM-KCBT"", ""landmark"": ""CHENGALPATTU TOLL"", ""time"": ""23:41""}, {""city"": ""CHENNAI-KILAMBAKKAM-KCBT"", ""landmark"": ""CHENGALPATTU BYPASS"", ""time"": ""23:51""}, {""city"": ""MADURAI"", ""landmark"": ""MATTUTHAVANI BS"", ""time"": ""07:31""}]",2026-01-13T17:54:42.637035
2330KCBMADAB,,SETC,CHENNAI,MADURAI,,,9.00Hrs,37 Seats Available,Standard,Rs 565/869,16/01/2026,"[{""city"": ""&nbsp;"", ""landmark"": """", ""time"": ""Service&nbsp;Details""}, {""city"": ""2330KCBMADAB"", ""landmark"": ""Route&nbsp;No.&nbsp;:"", ""time"": ""137AB""}, {""city"": ""CHENNAI-KILAMBAKKAM-KCBT"", ""landmark"": ""To&nbsp;Place&nbsp;:"", ""time"": ""MADURAI""}, {""city"": ""16/01/2026"", ""landmark"": ""Journey&nbsp;Hours&nbsp;*:"", ""time"": ""9:00""}, {""city"": ""436.00"", ""landmark"": ""Corporation&nbsp;:"", ""time"": ""SETC""}, {""city"": ""&nbsp;"", ""landmark"": ""Adult&nbsp;Fare&nbsp;**"", ""time"": ""565""}, {""city"": ""City"", ""landmark"": ""Land&nbsp;Mark&nbsp;"", ""time"": ""Dep.&nbsp;Time&nbsp;""}, {""city"": ""CHENNAI-KILAMBAKKAM-KCBT"", ""landmark"": ""CHENNAI KALAIGNAR CBT"", ""time"": ""23:30""}, {""city"": ""CHENNAI-KILAMBAKKAM-KCBT"", ""landmark"": ""GUDUVANCHERY"", ""time"": ""23:35""}, {""city"": ""CHENNAI-KILAMBAKKAM-KCBT"", ""landmark"": ""SRM UNIVERSITY"", ""time"": ""23:40""}, {""city"": ""CHENNAI-KILAMBAKKAM-KCBT"", ""landmark"": ""MARAIMALAI NAGAR BUSSTOP"", ""time"": ""23:50""}, {""city"": ""CHENNAI-KILAMBAKKAM-KCBT"", ""landmark"": ""MAHINDRA CITY"", ""time"": ""00:00""}, {""city"": ""CHENNAI-KILAMBAKKAM-KCBT"", ""landmark"": ""CHENGALPATTU TOLL"", ""time"": ""00:10""}, {""city"": ""CHENNAI-KILAMBAKKAM-KCBT"", ""landmark"": ""CHENGALPATTU BYPASS"", ""time"": ""00:20""}, {""city"": ""CHENNAI-KILAMBAKKAM-KCBT"", ""landmark"": ""MELMARUVATHUR BUS STOP"", ""time"": ""00:50""}, {""city"": ""CHENNAI-KILAMBAKKAM-KCBT"", ""landmark"": ""TINDIVANAM"", ""time"": ""01:10""}, {""city"": ""MADURAI"", ""landmark"": ""MATTUTHAVANI BS"", ""time"": ""08:00""}]",2026-01-13T17:54:42.637035
2330KCBMADAB,,SETC,CHENNAI,MADURAI,,,9.00Hrs,37 Seats Available,Standard,Rs 565/869,16/01/2026,"[{""city"": ""&nbsp;"", ""landmark"": """", ""time"": ""Service&nbsp;Details""}, {""city"": ""2330KCBMADAB"", ""landmark"": ""Route&nbsp;No.&nbsp;:"", ""time"": ""137AB""}, {""city"": ""CHENNAI-KILAMBAKKAM-KCBT"", ""landmark"": ""To&nbsp;Place&nbsp;:"", ""time"": ""MADURAI""}, {""city"": ""16/01/2026"", ""landmark"": ""Journey&nbsp;Hours&nbsp;*:"", ""time"": ""9:00""}, {""city"": ""436.00"", ""landmark"": ""Corporation&nbsp;:"", ""time"": ""SETC""}, {""city"": ""&nbsp;"", ""landmark"": ""Adult&nbsp;Fare&nbsp;**"", ""time"": ""565""}, {""city"": ""City"", ""landmark"": ""Land&nbsp;Mark&nbsp;"", ""time"": ""Dep.&nbsp;Time&nbsp;""}, {""city"": ""CHENNAI-KILAMBAKKAM-KCBT"", ""landmark"": ""CHENNAI KALAIGNAR CBT"", ""time"": ""23:30""}, {""city"": ""CHENNAI-KILAMBAKKAM-KCBT"", ""landmark"": ""GUDUVANCHERY"", ""time"": ""23:35""}, {""city"": ""CHENNAI-KILAMBAKKAM-KCBT"", ""landmark"": ""SRM UNIVERSITY"", ""time"": ""23:40""}, {""city"": ""CHENNAI-KILAMBAKKAM-KCBT"", ""landmark"": ""MARAIMALAI NAGAR BUSSTOP"", ""time"": ""23:50""}, {""city"": ""CHENNAI-KILAMBAKKAM-KCBT"", ""landmark"": ""MAHINDRA CITY"", ""time"": ""00:00""}, {""city"": ""CHENNAI-KILAMBAKKAM-KCBT"", ""landmark"": ""CHENGALPATTU TOLL"", ""time"": ""00:10""}, {""city"": ""CHENNAI-KILAMBAKKAM-KCBT"", ""landmark"": ""CHENGALPATTU BYPASS"", ""time"": ""00:20""}, {""city"": ""CHENNAI-KILAMBAKKAM-KCBT"", ""landmark"": ""MELMARUVATHUR BUS STOP"", ""time"": ""00:50""}, {""city"": ""CHENNAI-KILAMBAKKAM-KCBT"", ""landmark"": ""TINDIVANAM"", ""time"": ""01:10""}, {""city"": ""MADURAI"", ""landmark"": ""MATTUTHAVANI BS"", ""time"": ""08:00""}]",2026-01-13T17:54:42.637035
2330KCBMADAL,,SETC,CHENNAI,MADURAI,,,9.30Hrs,33 Seats Available,Standard,Rs 565/869,16/01/2026,"[{""city"": ""&nbsp;"", ""landmark"": """", ""time"": ""Service&nbsp;Details""}, {""city"": ""2330KCBMADAL"", ""landmark"": ""Route&nbsp;No.&nbsp;:"", ""time"": ""137AL""}, {""city"": ""CHENNAI-KILAMBAKKAM-KCBT"", ""landmark"": ""To&nbsp;Place&nbsp;:"", ""time"": ""MADURAI""}, {""city"": ""16/01/2026"", ""landmark"": ""Journey&nbsp;Hours&nbsp;*:"", ""time"": ""9:30""}, {""city"": ""436.00"", ""landmark"": ""Corporation&nbsp;:"", ""time"": ""SETC""}, {""city"": ""&nbsp;"", ""landmark"": ""Adult&nbsp;Fare&nbsp;**"", ""time"": ""565""}, {""city"": ""City"", ""landmark"": ""Land&nbsp;Mark&nbsp;"", ""time"": ""Dep.&nbsp;Time&nbsp;""}, {""city"": ""CHENNAI-KILAMBAKKAM-KCBT"", ""landmark"": ""CHENNAI KALAIGNAR CBT"", ""time"": ""23:30""}, {""city"": ""CHENNAI-KILAMBAKKAM-KCBT"", ""landmark"": ""GUDUVANCHERY"", ""time"": ""23:35""}, {""city"": ""CHENNAI-KILAMBAKKAM-KCBT"", ""landmark"": ""SRM UNIVERSITY"", ""time"": ""23:40""}, {""city"": ""CHENNAI-KILAMBAKKAM-KCBT"", ""landmark"": ""MARAIMALAI NAGAR BUSSTOP"", ""time"": ""23:50""}, {""city"": ""CHENNAI-KILAMBAKKAM-KCBT"", ""landmark"": ""MAHINDRA CITY"", ""time"": ""00:00""}, {""city"": ""CHENNAI-KILAMBAKKAM-KCBT"", ""landmark"": ""CHENGALPATTU TOLL"", ""time"": ""00:10""}, {""city"": ""CHENNAI-KILAMBAKKAM-KCBT"", ""landmark"": ""CHENGALPATTU BYPASS"", ""time"": ""00:14""}, {""city"": ""MADURAI"", ""landmark"": ""MATTUTHAVANI BS"", ""time"": ""08:00""}]",2026-01-13T17:54:42.637035
2330KCBMADAL,,SETC,CHENNAI,MADURAI,,,9.30Hrs,33 Seats Available,Standard,Rs 565/869,16/01/2026,"[{""city"": ""&nbsp;"", ""landmark"": """", ""time"": ""Service&nbsp;Details""}, {""city"": ""2330KCBMADAL"", ""landmark"": ""Route&nbsp;No.&nbsp;:"", ""time"": ""137AL""}, {""city"": ""CHENNAI-KILAMBAKKAM-KCBT"", ""landmark"": ""To&nbsp;Place&nbsp;:"", ""time"": ""MADURAI""}, {""city"": ""16/01/2026"", ""landmark"": ""Journey&nbsp;Hours&nbsp;*:"", ""time"": ""9:30""}, {""city"": ""436.00"", ""landmark"": ""Corporation&nbsp;:"", ""time"": ""SETC""}, {""city"": ""&nbsp;"", ""landmark"": ""Adult&nbsp;Fare&nbsp;**"", ""time"": ""565""}, {""city"": ""City"", ""landmark"": ""Land&nbsp;Mark&nbsp;"", ""time"": ""Dep.&nbsp;Time&nbsp;""}, {""city"": ""CHENNAI-KILAMBAKKAM-KCBT"", ""landmark"": ""CHENNAI KALAIGNAR CBT"", ""time"": ""23:30""}, {""city"": ""CHENNAI-KILAMBAKKAM-KCBT"", ""landmark"": ""GUDUVANCHERY"", ""time"": ""23:35""}, {""city"": ""CHENNAI-KILAMBAKKAM-KCBT"", ""landmark"": ""SRM UNIVERSITY"", ""time"": ""23:40""}, {""city"": ""CHENNAI-KILAMBAKKAM-KCBT"", ""landmark"": ""MARAIMALAI NAGAR BUSSTOP"", ""time"": ""23:50""}, {""city"": ""CHENNAI-KILAMBAKKAM-KCBT"", ""landmark"": ""MAHINDRA CITY"", ""time"": ""00:00""}, {""city"": ""CHENNAI-KILAMBAKKAM-KCBT"", ""landmark"": ""CHENGALPATTU TOLL"", ""time"": ""00:10""}, {""city"": ""CHENNAI-KILAMBAKKAM-KCBT"", ""landmark"": ""CHENGALPATTU BYPASS"", ""time"": ""00:14""}, {""city"": ""MADURAI"", ""landmark"": ""MATTUTHAVANI BS"", ""time"": ""08:00""}]",2026-01-13T17:54:42.637035
2330KCBMADAC,,SETC,CHENNAI,MADURAI,,,9.30Hrs,33 Seats Available,Standard,Rs 565,16/01/2026,"[{""city"": ""&nbsp;"", ""landmark"": """", ""time"": ""Service&nbsp;Details""}, {""city"": ""2330KCBMADAC"", ""landmark"": ""Route&nbsp;No.&nbsp;:"", ""time"": ""137AC""}, {""city"": ""CHENNAI-KILAMBAKKAM-KCBT"", ""landmark"": ""To&nbsp;Place&nbsp;:"", ""time"": ""MADURAI""}, {""city"": ""16/01/2026"", ""landmark"": ""Journey&nbsp;Hours&nbsp;*:"", ""time"": ""9:30""}, {""city"": ""436.00"", ""landmark"": ""Corporation&nbsp;:"", ""time"": ""SETC""}, {""city"": ""&nbsp;"", ""landmark"": ""Adult&nbsp;Fare&nbsp;**"", ""time"": ""565""}, {""city"": ""City"", ""landmark"": ""Land&nbsp;Mark&nbsp;"", ""time"": ""Dep.&nbsp;Time&nbsp;""}, {""city"": ""CHENNAI-KILAMBAKKAM-KCBT"", ""landmark"": ""CHENNAI KALAIGNAR CBT"", ""time"": ""23:30""}, {""city"": ""CHENNAI-KILAMBAKKAM-KCBT"", ""landmark"": ""GUDUVANCHERY"", ""time"": ""23:35""}, {""city"": ""CHENNAI-KILAMBAKKAM-KCBT"", ""landmark"": ""SRM UNIVERSITY"", ""time"": ""23:40""}, {""city"": ""CHENNAI-KILAMBAKKAM-KCBT"", ""landmark"": ""MARAIMALAI NAGAR BUSSTOP"", ""time"": ""23:50""}, {""city"": ""CHENNAI-KILAMBAKKAM-KCBT"", ""landmark"": ""MAHINDRA CITY"", ""time"": ""00:00""}, {""city"": ""CHENNAI-KILAMBAKKAM-KCBT"", ""landmark"": ""CHENGALPATTU TOLL"", ""time"": ""00:10""}, {""city"": ""CHENNAI-KILAMBAKKAM-KCBT"", ""landmark"": ""CHENGALPATTU BYPASS"", ""time"": ""00:20""}, {""city"": ""CHENNAI-KILAMBAKKAM-KCBT"", ""landmark"": ""MELMARUVATHUR BUS STOP"", ""time"": ""00:50""}, {""city"": ""CHENNAI-KILAMBAKKAM-KCBT"", ""landmark"": ""TINDIVANAM"", ""time"": ""01:10""}, {""city"": ""MADURAI"", ""landmark"": ""MATTUTHAVANI BS"", ""time"": ""08:00""}]",2026-01-13T17:54:42.637035
2330KCBMADAC,,SETC,CHENNAI,MADURAI,,,9.30Hrs,33 Seats Available,Standard,Rs 565,16/01/2026,"[{""city"": ""&nbsp;"", ""landmark"": """", ""time"": ""Service&nbsp;Details""}, {""city"": ""2330KCBMADAC"", ""landmark"": ""Route&nbsp;No.&nbsp;:"", ""time"": ""137AC""}, {""city"": ""CHENNAI-KILAMBAKKAM-KCBT"", ""landmark"": ""To&nbsp;Place&nbsp;:"", ""time"": ""MADURAI""}, {""city"": ""16/01/2026"", ""landmark"": ""Journey&nbsp;Hours&nbsp;*:"", ""time"": ""9:30""}, {""city"": ""436.00"", ""landmark"": ""Corporation&nbsp;:"", ""time"": ""SETC""}, {""city"": ""&nbsp;"", ""landmark"": ""Adult&nbsp;Fare&nbsp;**"", ""time"": ""565""}, {""city"": ""City"", ""landmark"": ""Land&nbsp;Mark&nbsp;"", ""time"": ""Dep.&nbsp;Time&nbsp;""}, {""city"": ""CHENNAI-KILAMBAKKAM-KCBT"", ""landmark"": ""CHENNAI KALAIGNAR CBT"", ""time"": ""23:30""}, {""city"": ""CHENNAI-KILAMBAKKAM-KCBT"", ""landmark"": ""GUDUVANCHERY"", ""time"": ""23:35""}, {""city"": ""CHENNAI-KILAMBAKKAM-KCBT"", ""landmark"": ""SRM UNIVERSITY"", ""time"": ""23:40""}, {""city"": ""CHENNAI-KILAMBAKKAM-KCBT"", ""landmark"": ""MARAIMALAI NAGAR BUSSTOP"", ""time"": ""23:50""}, {""city"": ""CHENNAI-KILAMBAKKAM-KCBT"", ""landmark"": ""MAHINDRA CITY"", ""time"": ""00:00""}, {""city"": ""CHENNAI-KILAMBAKKAM-KCBT"", ""landmark"": ""CHENGALPATTU TOLL"", ""time"": ""00:10""}, {""city"": ""CHENNAI-KILAMBAKKAM-KCBT"", ""landmark"": ""CHENGALPATTU BYPASS"", ""time"": ""00:20""}, {""city"": ""CHENNAI-KILAMBAKKAM-KCBT"", ""landmark"": ""MELMARUVATHUR BUS STOP"", ""time"": ""00:50""}, {""city"": ""CHENNAI-KILAMBAKKAM-KCBT"", ""landmark"": ""TINDIVANAM"", ""time"": ""01:10""}, {""city"": ""MADURAI"", ""landmark"": ""MATTUTHAVANI BS"", ""time"": ""08:00""}]",2026-01-13T17:54:42.637035
