route_number,route_name,origin_value,origin_name,destination_value,destination_name,timing,scraped_at
101,101,ANNA NAGAR EAST,ANNA NAGAR EAST,M.G.R.KOYAMBEDU,M.G.R.KOYAMBEDU,04:05,2026-01-13T21:21:52.163902
101,101,ANNA NAGAR EAST,ANNA NAGAR EAST,M.G.R.KOYAMBEDU,M.G.R.KOYAMBEDU,05:05,2026-01-13T21:21:52.163902
101,101,ANNA NAGAR EAST,ANNA NAGAR EAST,M.G.R.KOYAMBEDU,M.G.R.KOYAMBEDU,08:30,2026-01-13T21:21:52.163902
101,101,ANNA NAGAR EAST,ANNA NAGAR EAST,M.G.R.KOYAMBEDU,M.G.R.KOYAMBEDU,09:00,2026-01-13T21:21:52.163902
101,101,ANNA NAGAR EAST,ANNA NAGAR EAST,M.G.R.KOYAMBEDU,M.G.R.KOYAMBEDU,13:38,2026-01-13T21:21:52.163902
101,101,BROADWAY,BROADWAY,POONAMALLEE B.S,POONAMALLEE B.S,08:45,2026-01-13T21:22:11.408732
101,101,BROADWAY,BROADWAY,POONAMALLEE B.S,POONAMALLEE B.S,09:13,2026-01-13T21:22:11.408732
101,101,BROADWAY,BROADWAY,POONAMALLEE B.S,POONAMALLEE B.S,09:29,2026-01-13T21:22:11.408732
101,101,BROADWAY,BROADWAY,POONAMALLEE B.S,POONAMALLEE B.S,10:01,2026-01-13T21:22:11.408732
101,101,BROADWAY,BROADWAY,POONAMALLEE B.S,POONAMALLEE B.S,10:17,2026-01-13T21:22:11.408732
101,101,BROADWAY,BROADWAY,POONAMALLEE B.S,POONAMALLEE B.S,10:55,2026-01-13T21:22:11.408732
101,101,BROADWAY,BROADWAY,POONAMALLEE B.S,POONAMALLEE B.S,11:15,2026-01-13T21:22:11.408732
101,101,BROADWAY,BROADWAY,POONAMALLEE B.S,POONAMALLEE B.S,11:37,2026-01-13T21:22:11.408732
101,101,BROADWAY,BROADWAY,POONAMALLEE B.S,POONAMALLEE B.S,11:55,2026-01-13T21:22:11.408732
101,101,BROADWAY,BROADWAY,POONAMALLEE B.S,POONAMALLEE B.S,12:25,2026-01-13T21:22:11.408732
101,101,BROADWAY,BROADWAY,POONAMALLEE B.S,POONAMALLEE B.S,12:35,2026-01-13T21:22:11.408732
101,101,BROADWAY,BROADWAY,POONAMALLEE B.S,POONAMALLEE B.S,13:10,2026-01-13T21:22:11.408732
101,101,BROADWAY,BROADWAY,POONAMALLEE B.S,POONAMALLEE B.S,13:30,2026-01-13T21:22:11.408732
101,101,BROADWAY,BROADWAY,POONAMALLEE B.S,POONAMALLEE B.S,13:40,2026-01-13T21:22:11.408732
101,101,BROADWAY,BROADWAY,POONAMALLEE B.S,POONAMALLEE B.S,13:50,2026-01-13T21:22:11.408732
101,101,BROADWAY,BROADWAY,POONAMALLEE B.S,POONAMALLEE B.S,14:05,2026-01-13T21:22:11.408732
101,101,BROADWAY,BROADWAY,POONAMALLEE B.S,POONAMALLEE B.S,14:30,2026-01-13T21:22:11.408732
101,101,BROADWAY,BROADWAY,POONAMALLEE B.S,POONAMALLEE B.S,14:40,2026-01-13T21:22:11.408732
101,101,BROADWAY,BROADWAY,POONAMALLEE B.S,POONAMALLEE B.S,15:00,2026-01-13T21:22:11.408732
101,101,BROADWAY,BROADWAY,POONAMALLEE B.S,POONAMALLEE B.S,15:10,2026-01-13T21:22:11.408732
101,101,BROADWAY,BROADWAY,POONAMALLEE B.S,POONAMALLEE B.S,15:35,2026-01-13T21:22:11.408732
101,101,BROADWAY,BROADWAY,POONAMALLEE B.S,POONAMALLEE B.S,15:45,2026-01-13T21:22:11.408732
101,101,BROADWAY,BROADWAY,POONAMALLEE B.S,POONAMALLEE B.S,15:55,2026-01-13T21:22:11.408732
101,101,BROADWAY,BROADWAY,POONAMALLEE B.S,POONAMALLEE B.S,16:00,2026-01-13T21:22:11.408732
101,101,BROADWAY,BROADWAY,POONAMALLEE B.S,POONAMALLEE B.S,16:10,2026-01-13T21:22:11.408732
101,101,BROADWAY,BROADWAY,POONAMALLEE B.S,POONAMALLEE B.S,16:20,2026-01-13T21:22:11.408732
101,101,BROADWAY,BROADWAY,POONAMALLEE B.S,POONAMALLEE B.S,16:55,2026-01-13T21:22:11.408732
101,101,BROADWAY,BROADWAY,POONAMALLEE B.S,POONAMALLEE B.S,17:15,2026-01-13T21:22:11.408732
101,101,BROADWAY,BROADWAY,POONAMALLEE B.S,POONAMALLEE B.S,17:50,2026-01-13T21:22:11.408732
101,101,BROADWAY,BROADWAY,POONAMALLEE B.S,POONAMALLEE B.S,19:40,2026-01-13T21:22:11.408732
101,101,M.G.R.KOYAMBEDU,M.G.R.KOYAMBEDU,POONAMALLEE B.S,POONAMALLEE B.S,04:20,2026-01-13T21:22:30.650410
101,101,M.G.R.KOYAMBEDU,M.G.R.KOYAMBEDU,POONAMALLEE B.S,POONAMALLEE B.S,04:35,2026-01-13T21:22:30.650410
101,101,M.G.R.KOYAMBEDU,M.G.R.KOYAMBEDU,POONAMALLEE B.S,POONAMALLEE B.S,05:20,2026-01-13T21:22:30.650410
101,101,M.G.R.KOYAMBEDU,M.G.R.KOYAMBEDU,POONAMALLEE B.S,POONAMALLEE B.S,05:25,2026-01-13T21:22:30.650410
101,101,M.G.R.KOYAMBEDU,M.G.R.KOYAMBEDU,POONAMALLEE B.S,POONAMALLEE B.S,05:40,2026-01-13T21:22:30.650410
101,101,M.G.R.KOYAMBEDU,M.G.R.KOYAMBEDU,POONAMALLEE B.S,POONAMALLEE B.S,05:55,2026-01-13T21:22:30.650410
101,101,M.G.R.KOYAMBEDU,M.G.R.KOYAMBEDU,POONAMALLEE B.S,POONAMALLEE B.S,06:00,2026-01-13T21:22:30.650410
101,101,M.G.R.KOYAMBEDU,M.G.R.KOYAMBEDU,POONAMALLEE B.S,POONAMALLEE B.S,06:10,2026-01-13T21:22:30.650410
101,101,M.G.R.KOYAMBEDU,M.G.R.KOYAMBEDU,POONAMALLEE B.S,POONAMALLEE B.S,06:25,2026-01-13T21:22:30.650410
101,101,M.G.R.KOYAMBEDU,M.G.R.KOYAMBEDU,POONAMALLEE B.S,POONAMALLEE B.S,06:30,2026-01-13T21:22:30.650410
101,101,M.G.R.KOYAMBEDU,M.G.R.KOYAMBEDU,POONAMALLEE B.S,POONAMALLEE B.S,06:35,2026-01-13T21:22:30.650410
101,101,M.G.R.KOYAMBEDU,M.G.R.KOYAMBEDU,POONAMALLEE B.S,POONAMALLEE B.S,08:45,2026-01-13T21:22:30.650410
101,101,M.G.R.KOYAMBEDU,M.G.R.KOYAMBEDU,POONAMALLEE B.S,POONAMALLEE B.S,09:15,2026-01-13T21:22:30.650410
101,101,POONAMALLEE B.S,POONAMALLEE B.S,BROADWAY,BROADWAY,07:10,2026-01-13T21:22:49.993804
101,101,POONAMALLEE B.S,POONAMALLEE B.S,BROADWAY,BROADWAY,07:48,2026-01-13T21:22:49.993804
101,101,POONAMALLEE B.S,POONAMALLEE B.S,BROADWAY,BROADWAY,08:04,2026-01-13T21:22:49.993804
101,101,POONAMALLEE B.S,POONAMALLEE B.S,BROADWAY,BROADWAY,08:36,2026-01-13T21:22:49.993804
101,101,POONAMALLEE B.S,POONAMALLEE B.S,BROADWAY,BROADWAY,08:52,2026-01-13T21:22:49.993804
101,101,POONAMALLEE B.S,POONAMALLEE B.S,BROADWAY,BROADWAY,09:30,2026-01-13T21:22:49.993804
101,101,POONAMALLEE B.S,POONAMALLEE B.S,BROADWAY,BROADWAY,09:50,2026-01-13T21:22:49.993804
101,101,POONAMALLEE B.S,POONAMALLEE B.S,BROADWAY,BROADWAY,10:10,2026-01-13T21:22:49.993804
101,101,POONAMALLEE B.S,POONAMALLEE B.S,BROADWAY,BROADWAY,10:30,2026-01-13T21:22:49.993804
101,101,POONAMALLEE B.S,POONAMALLEE B.S,BROADWAY,BROADWAY,10:47,2026-01-13T21:22:49.993804
101,101,POONAMALLEE B.S,POONAMALLEE B.S,BROADWAY,BROADWAY,11:00,2026-01-13T21:22:49.993804
101,101,POONAMALLEE B.S,POONAMALLEE B.S,BROADWAY,BROADWAY,11:45,2026-01-13T21:22:49.993804
101,101,POONAMALLEE B.S,POONAMALLEE B.S,BROADWAY,BROADWAY,12:00,2026-01-13T21:22:49.993804
101,101,POONAMALLEE B.S,POONAMALLEE B.S,BROADWAY,BROADWAY,12:10,2026-01-13T21:22:49.993804
101,101,POONAMALLEE B.S,POONAMALLEE B.S,BROADWAY,BROADWAY,12:25,2026-01-13T21:22:49.993804
101,101,POONAMALLEE B.S,POONAMALLEE B.S,BROADWAY,BROADWAY,12:35,2026-01-13T21:22:49.993804
101,101,POONAMALLEE B.S,POONAMALLEE B.S,BROADWAY,BROADWAY,12:55,2026-01-13T21:22:49.993804
101,101,POONAMALLEE B.S,POONAMALLEE B.S,BROADWAY,BROADWAY,13:15,2026-01-13T21:22:49.993804
101,101,POONAMALLEE B.S,POONAMALLEE B.S,BROADWAY,BROADWAY,13:30,2026-01-13T21:22:49.993804
101,101,POONAMALLEE B.S,POONAMALLEE B.S,BROADWAY,BROADWAY,13:35,2026-01-13T21:22:49.993804
101,101,POONAMALLEE B.S,POONAMALLEE B.S,BROADWAY,BROADWAY,13:40,2026-01-13T21:22:49.993804
101,101,POONAMALLEE B.S,POONAMALLEE B.S,BROADWAY,BROADWAY,14:05,2026-01-13T21:22:49.993804
101,101,POONAMALLEE B.S,POONAMALLEE B.S,BROADWAY,BROADWAY,14:15,2026-01-13T21:22:49.993804
101,101,POONAMALLEE B.S,POONAMALLEE B.S,BROADWAY,BROADWAY,14:20,2026-01-13T21:22:49.993804
101,101,POONAMALLEE B.S,POONAMALLEE B.S,BROADWAY,BROADWAY,14:30,2026-01-13T21:22:49.993804
101,101,POONAMALLEE B.S,POONAMALLEE B.S,BROADWAY,BROADWAY,14:40,2026-01-13T21:22:49.993804
101,101,POONAMALLEE B.S,POONAMALLEE B.S,BROADWAY,BROADWAY,15:30,2026-01-13T21:22:49.993804
101,101,POONAMALLEE B.S,POONAMALLEE B.S,BROADWAY,BROADWAY,15:45,2026-01-13T21:22:49.993804
101,101,POONAMALLEE B.S,POONAMALLEE B.S,BROADWAY,BROADWAY,16:20,2026-01-13T21:22:49.993804
101,101,POONAMALLEE B.S,POONAMALLEE B.S,BROADWAY,BROADWAY,18:10,2026-01-13T21:22:49.993804
101,101,POONAMALLEE B.S,POONAMALLEE B.S,M.G.R.KOYAMBEDU,M.G.R.KOYAMBEDU,19:20,2026-01-13T21:23:05.082493
101,101,POONAMALLEE B.S,POONAMALLEE B.S,M.G.R.KOYAMBEDU,M.G.R.KOYAMBEDU,19:37,2026-01-13T21:23:05.082493
101,101,POONAMALLEE B.S,POONAMALLEE B.S,M.G.R.KOYAMBEDU,M.G.R.KOYAMBEDU,19:45,2026-01-13T21:23:05.082493
101,101,POONAMALLEE B.S,POONAMALLEE B.S,M.G.R.KOYAMBEDU,M.G.R.KOYAMBEDU,19:50,2026-01-13T21:23:05.082493
101,101,POONAMALLEE B.S,POONAMALLEE B.S,M.G.R.KOYAMBEDU,M.G.R.KOYAMBEDU,20:15,2026-01-13T21:23:05.082493
101,101,POONAMALLEE B.S,POONAMALLEE B.S,M.G.R.KOYAMBEDU,M.G.R.KOYAMBEDU,20:30,2026-01-13T21:23:05.082493
101,101,POONAMALLEE B.S,POONAMALLEE B.S,M.G.R.KOYAMBEDU,M.G.R.KOYAMBEDU,20:35,2026-01-13T21:23:05.082493
101,101,POONAMALLEE B.S,POONAMALLEE B.S,M.G.R.KOYAMBEDU,M.G.R.KOYAMBEDU,21:00,2026-01-13T21:23:05.082493
101,101,POONAMALLEE B.S,POONAMALLEE B.S,M.G.R.KOYAMBEDU,M.G.R.KOYAMBEDU,21:10,2026-01-13T21:23:05.082493
101,101,POONAMALLEE B.S,POONAMALLEE B.S,M.G.R.KOYAMBEDU,M.G.R.KOYAMBEDU,21:30,2026-01-13T21:23:05.082493
101,101,POONAMALLEE B.S,POONAMALLEE B.S,M.G.R.KOYAMBEDU,M.G.R.KOYAMBEDU,21:40,2026-01-13T21:23:05.082493
101,101,POONAMALLEE B.S,POONAMALLEE B.S,THIRUVOTRIYUR,THIRUVOTRIYUR,00:30,2026-01-13T21:23:20.187777
101,101,POONAMALLEE B.S,POONAMALLEE B.S,THIRUVOTRIYUR,THIRUVOTRIYUR,01:10,2026-01-13T21:23:20.187777
101,101,POONAMALLEE B.S,POONAMALLEE B.S,THIRUVOTRIYUR,THIRUVOTRIYUR,02:05,2026-01-13T21:23:20.187777
101,101,POONAMALLEE B.S,POONAMALLEE B.S,THIRUVOTRIYUR,THIRUVOTRIYUR,02:30,2026-01-13T21:23:20.187777
101,101,POONAMALLEE B.S,POONAMALLEE B.S,THIRUVOTRIYUR,THIRUVOTRIYUR,05:05,2026-01-13T21:23:20.187777
101,101,POONAMALLEE B.S,POONAMALLEE B.S,THIRUVOTRIYUR,THIRUVOTRIYUR,05:25,2026-01-13T21:23:20.187777
101,101,POONAMALLEE B.S,POONAMALLEE B.S,THIRUVOTRIYUR,THIRUVOTRIYUR,05:55,2026-01-13T21:23:20.187777
101,101,POONAMALLEE B.S,POONAMALLEE B.S,THIRUVOTRIYUR,THIRUVOTRIYUR,06:05,2026-01-13T21:23:20.187777
101,101,POONAMALLEE B.S,POONAMALLEE B.S,THIRUVOTRIYUR,THIRUVOTRIYUR,06:15,2026-01-13T21:23:20.187777
101,101,POONAMALLEE B.S,POONAMALLEE B.S,THIRUVOTRIYUR,THIRUVOTRIYUR,06:20,2026-01-13T21:23:20.187777
101,101,POONAMALLEE B.S,POONAMALLEE B.S,THIRUVOTRIYUR,THIRUVOTRIYUR,06:25,2026-01-13T21:23:20.187777
101,101,POONAMALLEE B.S,POONAMALLEE B.S,THIRUVOTRIYUR,THIRUVOTRIYUR,06:40,2026-01-13T21:23:20.187777
101,101,POONAMALLEE B.S,POONAMALLEE B.S,THIRUVOTRIYUR,THIRUVOTRIYUR,06:50,2026-01-13T21:23:20.187777
101,101,POONAMALLEE B.S,POONAMALLEE B.S,THIRUVOTRIYUR,THIRUVOTRIYUR,06:55,2026-01-13T21:23:20.187777
101,101,POONAMALLEE B.S,POONAMALLEE B.S,THIRUVOTRIYUR,THIRUVOTRIYUR,07:20,2026-01-13T21:23:20.187777
101,101,POONAMALLEE B.S,POONAMALLEE B.S,THIRUVOTRIYUR,THIRUVOTRIYUR,07:25,2026-01-13T21:23:20.187777
101,101,POONAMALLEE B.S,POONAMALLEE B.S,THIRUVOTRIYUR,THIRUVOTRIYUR,07:30,2026-01-13T21:23:20.187777
101,101,POONAMALLEE B.S,POONAMALLEE B.S,THIRUVOTRIYUR,THIRUVOTRIYUR,07:35,2026-01-13T21:23:20.187777
101,101,POONAMALLEE B.S,POONAMALLEE B.S,THIRUVOTRIYUR,THIRUVOTRIYUR,07:40,2026-01-13T21:23:20.187777
101,101,POONAMALLEE B.S,POONAMALLEE B.S,THIRUVOTRIYUR,THIRUVOTRIYUR,07:55,2026-01-13T21:23:20.187777
101,101,POONAMALLEE B.S,POONAMALLEE B.S,THIRUVOTRIYUR,THIRUVOTRIYUR,08:10,2026-01-13T21:23:20.187777
101,101,POONAMALLEE B.S,POONAMALLEE B.S,THIRUVOTRIYUR,THIRUVOTRIYUR,08:30,2026-01-13T21:23:20.187777
101,101,POONAMALLEE B.S,POONAMALLEE B.S,THIRUVOTRIYUR,THIRUVOTRIYUR,08:45,2026-01-13T21:23:20.187777
101,101,POONAMALLEE B.S,POONAMALLEE B.S,THIRUVOTRIYUR,THIRUVOTRIYUR,09:00,2026-01-13T21:23:20.187777
101,101,POONAMALLEE B.S,POONAMALLEE B.S,THIRUVOTRIYUR,THIRUVOTRIYUR,09:15,2026-01-13T21:23:20.187777
101,101,POONAMALLEE B.S,POONAMALLEE B.S,THIRUVOTRIYUR,THIRUVOTRIYUR,09:25,2026-01-13T21:23:20.187777
101,101,POONAMALLEE B.S,POONAMALLEE B.S,THIRUVOTRIYUR,THIRUVOTRIYUR,09:35,2026-01-13T21:23:20.187777
101,101,POONAMALLEE B.S,POONAMALLEE B.S,THIRUVOTRIYUR,THIRUVOTRIYUR,09:55,2026-01-13T21:23:20.187777
101,101,POONAMALLEE B.S,POONAMALLEE B.S,THIRUVOTRIYUR,THIRUVOTRIYUR,10:00,2026-01-13T21:23:20.187777
101,101,POONAMALLEE B.S,POONAMALLEE B.S,THIRUVOTRIYUR,THIRUVOTRIYUR,10:05,2026-01-13T21:23:20.187777
101,101,POONAMALLEE B.S,POONAMALLEE B.S,THIRUVOTRIYUR,THIRUVOTRIYUR,10:15,2026-01-13T21:23:20.187777
101,101,POONAMALLEE B.S,POONAMALLEE B.S,THIRUVOTRIYUR,THIRUVOTRIYUR,10:20,2026-01-13T21:23:20.187777
101,101,POONAMALLEE B.S,POONAMALLEE B.S,THIRUVOTRIYUR,THIRUVOTRIYUR,10:25,2026-01-13T21:23:20.187777
101,101,POONAMALLEE B.S,POONAMALLEE B.S,THIRUVOTRIYUR,THIRUVOTRIYUR,10:35,2026-01-13T21:23:20.187777
101,101,POONAMALLEE B.S,POONAMALLEE B.S,THIRUVOTRIYUR,THIRUVOTRIYUR,10:45,2026-01-13T21:23:20.187777
101,101,POONAMALLEE B.S,POONAMALLEE B.S,THIRUVOTRIYUR,THIRUVOTRIYUR,10:50,2026-01-13T21:23:20.187777
101,101,POONAMALLEE B.S,POONAMALLEE B.S,THIRUVOTRIYUR,THIRUVOTRIYUR,10:55,2026-01-13T21:23:20.187777
101,101,POONAMALLEE B.S,POONAMALLEE B.S,THIRUVOTRIYUR,THIRUVOTRIYUR,11:05,2026-01-13T21:23:20.187777
101,101,POONAMALLEE B.S,POONAMALLEE B.S,THIRUVOTRIYUR,THIRUVOTRIYUR,11:20,2026-01-13T21:23:20.187777
101,101,POONAMALLEE B.S,POONAMALLEE B.S,THIRUVOTRIYUR,THIRUVOTRIYUR,11:35,2026-01-13T21:23:20.187777
101,101,POONAMALLEE B.S,POONAMALLEE B.S,THIRUVOTRIYUR,THIRUVOTRIYUR,11:40,2026-01-13T21:23:20.187777
101,101,POONAMALLEE B.S,POONAMALLEE B.S,THIRUVOTRIYUR,THIRUVOTRIYUR,11:50,2026-01-13T21:23:20.187777
101,101,POONAMALLEE B.S,POONAMALLEE B.S,THIRUVOTRIYUR,THIRUVOTRIYUR,12:05,2026-01-13T21:23:20.187777
101,101,POONAMALLEE B.S,POONAMALLEE B.S,THIRUVOTRIYUR,THIRUVOTRIYUR,12:15,2026-01-13T21:23:20.187777
101,101,POONAMALLEE B.S,POONAMALLEE B.S,THIRUVOTRIYUR,THIRUVOTRIYUR,12:20,2026-01-13T21:23:20.187777
101,101,POONAMALLEE B.S,POONAMALLEE B.S,THIRUVOTRIYUR,THIRUVOTRIYUR,12:30,2026-01-13T21:23:20.187777
101,101,POONAMALLEE B.S,POONAMALLEE B.S,THIRUVOTRIYUR,THIRUVOTRIYUR,12:50,2026-01-13T21:23:20.187777
101,101,POONAMALLEE B.S,POONAMALLEE B.S,THIRUVOTRIYUR,THIRUVOTRIYUR,13:10,2026-01-13T21:23:20.187777
101,101,POONAMALLEE B.S,POONAMALLEE B.S,THIRUVOTRIYUR,THIRUVOTRIYUR,13:25,2026-01-13T21:23:20.187777
101,101,POONAMALLEE B.S,POONAMALLEE B.S,THIRUVOTRIYUR,THIRUVOTRIYUR,13:55,2026-01-13T21:23:20.187777
101,101,POONAMALLEE B.S,POONAMALLEE B.S,THIRUVOTRIYUR,THIRUVOTRIYUR,14:00,2026-01-13T21:23:20.187777
101,101,POONAMALLEE B.S,POONAMALLEE B.S,THIRUVOTRIYUR,THIRUVOTRIYUR,14:10,2026-01-13T21:23:20.187777
101,101,POONAMALLEE B.S,POONAMALLEE B.S,THIRUVOTRIYUR,THIRUVOTRIYUR,14:25,2026-01-13T21:23:20.187777
101,101,POONAMALLEE B.S,POONAMALLEE B.S,THIRUVOTRIYUR,THIRUVOTRIYUR,14:35,2026-01-13T21:23:20.187777
101,101,POONAMALLEE B.S,POONAMALLEE B.S,THIRUVOTRIYUR,THIRUVOTRIYUR,14:45,2026-01-13T21:23:20.187777
101,101,POONAMALLEE B.S,POONAMALLEE B.S,THIRUVOTRIYUR,THIRUVOTRIYUR,14:55,2026-01-13T21:23:20.187777
101,101,POONAMALLEE B.S,POONAMALLEE B.S,THIRUVOTRIYUR,THIRUVOTRIYUR,15:00,2026-01-13T21:23:20.187777
101,101,POONAMALLEE B.S,POONAMALLEE B.S,THIRUVOTRIYUR,THIRUVOTRIYUR,15:05,2026-01-13T21:23:20.187777
101,101,POONAMALLEE B.S,POONAMALLEE B.S,THIRUVOTRIYUR,THIRUVOTRIYUR,15:15,2026-01-13T21:23:20.187777
101,101,POONAMALLEE B.S,POONAMALLEE B.S,THIRUVOTRIYUR,THIRUVOTRIYUR,15:25,2026-01-13T21:23:20.187777
101,101,POONAMALLEE B.S,POONAMALLEE B.S,THIRUVOTRIYUR,THIRUVOTRIYUR,15:35,2026-01-13T21:23:20.187777
101,101,POONAMALLEE B.S,POONAMALLEE B.S,THIRUVOTRIYUR,THIRUVOTRIYUR,15:50,2026-01-13T21:23:20.187777
101,101,POONAMALLEE B.S,POONAMALLEE B.S,THIRUVOTRIYUR,THIRUVOTRIYUR,15:55,2026-01-13T21:23:20.187777
101,101,POONAMALLEE B.S,POONAMALLEE B.S,THIRUVOTRIYUR,THIRUVOTRIYUR,16:00,2026-01-13T21:23:20.187777
101,101,POONAMALLEE B.S,POONAMALLEE B.S,THIRUVOTRIYUR,THIRUVOTRIYUR,16:10,2026-01-13T21:23:20.187777
101,101,POONAMALLEE B.S,POONAMALLEE B.S,THIRUVOTRIYUR,THIRUVOTRIYUR,16:15,2026-01-13T21:23:20.187777
101,101,POONAMALLEE B.S,POONAMALLEE B.S,THIRUVOTRIYUR,THIRUVOTRIYUR,16:25,2026-01-13T21:23:20.187777
101,101,POONAMALLEE B.S,POONAMALLEE B.S,THIRUVOTRIYUR,THIRUVOTRIYUR,16:30,2026-01-13T21:23:20.187777
101,101,POONAMALLEE B.S,POONAMALLEE B.S,THIRUVOTRIYUR,THIRUVOTRIYUR,16:35,2026-01-13T21:23:20.187777
101,101,POONAMALLEE B.S,POONAMALLEE B.S,THIRUVOTRIYUR,THIRUVOTRIYUR,16:40,2026-01-13T21:23:20.187777
101,101,POONAMALLEE B.S,POONAMALLEE B.S,THIRUVOTRIYUR,THIRUVOTRIYUR,16:45,2026-01-13T21:23:20.187777
101,101,POONAMALLEE B.S,POONAMALLEE B.S,THIRUVOTRIYUR,THIRUVOTRIYUR,16:50,2026-01-13T21:23:20.187777
101,101,POONAMALLEE B.S,POONAMALLEE B.S,THIRUVOTRIYUR,THIRUVOTRIYUR,17:05,2026-01-13T21:23:20.187777
101,101,POONAMALLEE B.S,POONAMALLEE B.S,THIRUVOTRIYUR,THIRUVOTRIYUR,17:10,2026-01-13T21:23:20.187777
101,101,POONAMALLEE B.S,POONAMALLEE B.S,THIRUVOTRIYUR,THIRUVOTRIYUR,17:15,2026-01-13T21:23:20.187777
101,101,POONAMALLEE B.S,POONAMALLEE B.S,THIRUVOTRIYUR,THIRUVOTRIYUR,17:20,2026-01-13T21:23:20.187777
101,101,POONAMALLEE B.S,POONAMALLEE B.S,THIRUVOTRIYUR,THIRUVOTRIYUR,17:23,2026-01-13T21:23:20.187777
101,101,POONAMALLEE B.S,POONAMALLEE B.S,THIRUVOTRIYUR,THIRUVOTRIYUR,17:35,2026-01-13T21:23:20.187777
101,101,POONAMALLEE B.S,POONAMALLEE B.S,THIRUVOTRIYUR,THIRUVOTRIYUR,17:40,2026-01-13T21:23:20.187777
101,101,POONAMALLEE B.S,POONAMALLEE B.S,THIRUVOTRIYUR,THIRUVOTRIYUR,17:45,2026-01-13T21:23:20.187777
101,101,POONAMALLEE B.S,POONAMALLEE B.S,THIRUVOTRIYUR,THIRUVOTRIYUR,18:15,2026-01-13T21:23:20.187777
101,101,POONAMALLEE B.S,POONAMALLEE B.S,THIRUVOTRIYUR,THIRUVOTRIYUR,18:35,2026-01-13T21:23:20.187777
101,101,POONAMALLEE B.S,POONAMALLEE B.S,THIRUVOTRIYUR,THIRUVOTRIYUR,18:40,2026-01-13T21:23:20.187777
101,101,POONAMALLEE B.S,POONAMALLEE B.S,THIRUVOTRIYUR,THIRUVOTRIYUR,18:50,2026-01-13T21:23:20.187777
101,101,POONAMALLEE B.S,POONAMALLEE B.S,THIRUVOTRIYUR,THIRUVOTRIYUR,18:55,2026-01-13T21:23:20.187777
101,101,POONAMALLEE B.S,POONAMALLEE B.S,THIRUVOTRIYUR,THIRUVOTRIYUR,19:00,2026-01-13T21:23:20.187777
101,101,POONAMALLEE B.S,POONAMALLEE B.S,THIRUVOTRIYUR,THIRUVOTRIYUR,19:30,2026-01-13T21:23:20.187777
101,101,POONAMALLEE B.S,POONAMALLEE B.S,THIRUVOTRIYUR,THIRUVOTRIYUR,20:20,2026-01-13T21:23:20.187777
101,101,POONAMALLEE B.S,POONAMALLEE B.S,THIRUVOTRIYUR,THIRUVOTRIYUR,20:50,2026-01-13T21:23:20.187777
101,101,POONAMALLEE B.S,POONAMALLEE B.S,THIRUVOTRIYUR,THIRUVOTRIYUR,21:50,2026-01-13T21:23:20.187777
101,101,POONAMALLEE B.S,POONAMALLEE B.S,THIRUVOTRIYUR,THIRUVOTRIYUR,22:30,2026-01-13T21:23:20.187777
101,101,POONAMALLEE B.S,POONAMALLEE B.S,THIRUVOTRIYUR,THIRUVOTRIYUR,23:05,2026-01-13T21:23:20.187777
101,101,POONAMALLEE B.S,POONAMALLEE B.S,THIRUVOTRIYUR,THIRUVOTRIYUR,23:50,2026-01-13T21:23:20.187777
101,101,POONAMALLEE B.S,POONAMALLEE B.S,TOLLGATE,TOLLGATE,03:15,2026-01-13T21:23:35.283043
101,101,POONAMALLEE B.S,POONAMALLEE B.S,TOLLGATE,TOLLGATE,03:55,2026-01-13T21:23:35.283043
101,101,POONAMALLEE B.S,POONAMALLEE B.S,TOLLGATE,TOLLGATE,04:35,2026-01-13T21:23:35.283043
101,101,POONAMALLEE B.S,POONAMALLEE B.S,TOLLGATE,TOLLGATE,17:30,2026-01-13T21:23:35.283043
101,101,POONAMALLEE B.S,POONAMALLEE B.S,TOLLGATE,TOLLGATE,17:50,2026-01-13T21:23:35.283043
101,101,POONAMALLEE B.S,POONAMALLEE B.S,TOLLGATE,TOLLGATE,18:00,2026-01-13T21:23:35.283043
101,101,POONAMALLEE B.S,POONAMALLEE B.S,TOLLGATE,TOLLGATE,19:15,2026-01-13T21:23:35.283043
101,101,POONAMALLEE B.S,POONAMALLEE B.S,TOLLGATE,TOLLGATE,19:25,2026-01-13T21:23:35.283043
101,101,POONAMALLEE B.S,POONAMALLEE B.S,TOLLGATE,TOLLGATE,19:35,2026-01-13T21:23:35.283043
101,101,POONAMALLEE B.S,POONAMALLEE B.S,TOLLGATE,TOLLGATE,19:55,2026-01-13T21:23:35.283043
101,101,POONAMALLEE B.S,POONAMALLEE B.S,TOLLGATE,TOLLGATE,20:25,2026-01-13T21:23:35.283043
101,101,POONAMALLEE B.S,POONAMALLEE B.S,TOLLGATE,TOLLGATE,20:40,2026-01-13T21:23:35.283043
101,101,POONAMALLEE B.S,POONAMALLEE B.S,TOLLGATE,TOLLGATE,20:45,2026-01-13T21:23:35.283043
101,101,POONAMALLEE B.S,POONAMALLEE B.S,TOLLGATE,TOLLGATE,21:15,2026-01-13T21:23:35.283043
101,101,POONAMALLEE B.S,POONAMALLEE B.S,TOLLGATE,TOLLGATE,21:35,2026-01-13T21:23:35.283043
101,101,POONAMALLEE B.S,POONAMALLEE B.S,TOLLGATE,TOLLGATE,21:45,2026-01-13T21:23:35.283043
101,101,THIRUVOTRIYUR,THIRUVOTRIYUR,M.G.R.KOYAMBEDU,M.G.R.KOYAMBEDU,03:10,2026-01-13T21:23:54.500321
101,101,THIRUVOTRIYUR,THIRUVOTRIYUR,M.G.R.KOYAMBEDU,M.G.R.KOYAMBEDU,04:00,2026-01-13T21:23:54.500321
101,101,THIRUVOTRIYUR,THIRUVOTRIYUR,M.G.R.KOYAMBEDU,M.G.R.KOYAMBEDU,04:20,2026-01-13T21:23:54.500321
101,101,THIRUVOTRIYUR,THIRUVOTRIYUR,M.G.R.KOYAMBEDU,M.G.R.KOYAMBEDU,13:10,2026-01-13T21:23:54.500321
101,101,THIRUVOTRIYUR,THIRUVOTRIYUR,M.G.R.KOYAMBEDU,M.G.R.KOYAMBEDU,13:58,2026-01-13T21:23:54.500321
101,101,THIRUVOTRIYUR,THIRUVOTRIYUR,M.G.R.KOYAMBEDU,M.G.R.KOYAMBEDU,14:45,2026-01-13T21:23:54.500321
101,101,THIRUVOTRIYUR,THIRUVOTRIYUR,M.G.R.KOYAMBEDU,M.G.R.KOYAMBEDU,18:35,2026-01-13T21:23:54.500321
101,101,THIRUVOTRIYUR,THIRUVOTRIYUR,M.G.R.KOYAMBEDU,M.G.R.KOYAMBEDU,18:45,2026-01-13T21:23:54.500321
101,101,THIRUVOTRIYUR,THIRUVOTRIYUR,M.G.R.KOYAMBEDU,M.G.R.KOYAMBEDU,18:50,2026-01-13T21:23:54.500321
101,101,THIRUVOTRIYUR,THIRUVOTRIYUR,M.G.R.KOYAMBEDU,M.G.R.KOYAMBEDU,19:10,2026-01-13T21:23:54.500321
101,101,THIRUVOTRIYUR,THIRUVOTRIYUR,M.G.R.KOYAMBEDU,M.G.R.KOYAMBEDU,20:00,2026-01-13T21:23:54.500321
101,101,THIRUVOTRIYUR,THIRUVOTRIYUR,M.G.R.KOYAMBEDU,M.G.R.KOYAMBEDU,20:20,2026-01-13T21:23:54.500321
101,101,THIRUVOTRIYUR,THIRUVOTRIYUR,M.G.R.KOYAMBEDU,M.G.R.KOYAMBEDU,20:40,2026-01-13T21:23:54.500321
101,101,THIRUVOTRIYUR,THIRUVOTRIYUR,M.G.R.KOYAMBEDU,M.G.R.KOYAMBEDU,20:50,2026-01-13T21:23:54.500321
101,101,THIRUVOTRIYUR,THIRUVOTRIYUR,M.G.R.KOYAMBEDU,M.G.R.KOYAMBEDU,21:10,2026-01-13T21:23:54.500321
101,101,THIRUVOTRIYUR,THIRUVOTRIYUR,M.G.R.KOYAMBEDU,M.G.R.KOYAMBEDU,21:20,2026-01-13T21:23:54.500321
101,101,THIRUVOTRIYUR,THIRUVOTRIYUR,POONAMALLEE B.S,POONAMALLEE B.S,00:35,2026-01-13T21:24:09.626241
101,101,THIRUVOTRIYUR,THIRUVOTRIYUR,POONAMALLEE B.S,POONAMALLEE B.S,01:10,2026-01-13T21:24:09.626241
101,101,THIRUVOTRIYUR,THIRUVOTRIYUR,POONAMALLEE B.S,POONAMALLEE B.S,01:55,2026-01-13T21:24:09.626241
101,101,THIRUVOTRIYUR,THIRUVOTRIYUR,POONAMALLEE B.S,POONAMALLEE B.S,02:30,2026-01-13T21:24:09.626241
101,101,THIRUVOTRIYUR,THIRUVOTRIYUR,POONAMALLEE B.S,POONAMALLEE B.S,04:10,2026-01-13T21:24:09.626241
101,101,THIRUVOTRIYUR,THIRUVOTRIYUR,POONAMALLEE B.S,POONAMALLEE B.S,05:22,2026-01-13T21:24:09.626241
101,101,THIRUVOTRIYUR,THIRUVOTRIYUR,POONAMALLEE B.S,POONAMALLEE B.S,05:30,2026-01-13T21:24:09.626241
101,101,THIRUVOTRIYUR,THIRUVOTRIYUR,POONAMALLEE B.S,POONAMALLEE B.S,05:35,2026-01-13T21:24:09.626241
101,101,THIRUVOTRIYUR,THIRUVOTRIYUR,POONAMALLEE B.S,POONAMALLEE B.S,05:38,2026-01-13T21:24:09.626241
101,101,THIRUVOTRIYUR,THIRUVOTRIYUR,POONAMALLEE B.S,POONAMALLEE B.S,05:45,2026-01-13T21:24:09.626241
101,101,THIRUVOTRIYUR,THIRUVOTRIYUR,POONAMALLEE B.S,POONAMALLEE B.S,05:54,2026-01-13T21:24:09.626241
101,101,THIRUVOTRIYUR,THIRUVOTRIYUR,POONAMALLEE B.S,POONAMALLEE B.S,06:00,2026-01-13T21:24:09.626241
101,101,THIRUVOTRIYUR,THIRUVOTRIYUR,POONAMALLEE B.S,POONAMALLEE B.S,06:20,2026-01-13T21:24:09.626241
101,101,THIRUVOTRIYUR,THIRUVOTRIYUR,POONAMALLEE B.S,POONAMALLEE B.S,06:26,2026-01-13T21:24:09.626241
101,101,THIRUVOTRIYUR,THIRUVOTRIYUR,POONAMALLEE B.S,POONAMALLEE B.S,06:35,2026-01-13T21:24:09.626241
101,101,THIRUVOTRIYUR,THIRUVOTRIYUR,POONAMALLEE B.S,POONAMALLEE B.S,06:40,2026-01-13T21:24:09.626241
101,101,THIRUVOTRIYUR,THIRUVOTRIYUR,POONAMALLEE B.S,POONAMALLEE B.S,06:45,2026-01-13T21:24:09.626241
101,101,THIRUVOTRIYUR,THIRUVOTRIYUR,POONAMALLEE B.S,POONAMALLEE B.S,07:00,2026-01-13T21:24:09.626241
101,101,THIRUVOTRIYUR,THIRUVOTRIYUR,POONAMALLEE B.S,POONAMALLEE B.S,07:10,2026-01-13T21:24:09.626241
101,101,THIRUVOTRIYUR,THIRUVOTRIYUR,POONAMALLEE B.S,POONAMALLEE B.S,07:20,2026-01-13T21:24:09.626241
101,101,THIRUVOTRIYUR,THIRUVOTRIYUR,POONAMALLEE B.S,POONAMALLEE B.S,07:32,2026-01-13T21:24:09.626241
101,101,THIRUVOTRIYUR,THIRUVOTRIYUR,POONAMALLEE B.S,POONAMALLEE B.S,07:40,2026-01-13T21:24:09.626241
101,101,THIRUVOTRIYUR,THIRUVOTRIYUR,POONAMALLEE B.S,POONAMALLEE B.S,07:45,2026-01-13T21:24:09.626241
101,101,THIRUVOTRIYUR,THIRUVOTRIYUR,POONAMALLEE B.S,POONAMALLEE B.S,07:52,2026-01-13T21:24:09.626241
101,101,THIRUVOTRIYUR,THIRUVOTRIYUR,POONAMALLEE B.S,POONAMALLEE B.S,08:00,2026-01-13T21:24:09.626241
101,101,THIRUVOTRIYUR,THIRUVOTRIYUR,POONAMALLEE B.S,POONAMALLEE B.S,08:05,2026-01-13T21:24:09.626241
101,101,THIRUVOTRIYUR,THIRUVOTRIYUR,POONAMALLEE B.S,POONAMALLEE B.S,08:15,2026-01-13T21:24:09.626241
101,101,THIRUVOTRIYUR,THIRUVOTRIYUR,POONAMALLEE B.S,POONAMALLEE B.S,08:20,2026-01-13T21:24:09.626241
101,101,THIRUVOTRIYUR,THIRUVOTRIYUR,POONAMALLEE B.S,POONAMALLEE B.S,08:25,2026-01-13T21:24:09.626241
101,101,THIRUVOTRIYUR,THIRUVOTRIYUR,POONAMALLEE B.S,POONAMALLEE B.S,08:35,2026-01-13T21:24:09.626241
101,101,THIRUVOTRIYUR,THIRUVOTRIYUR,POONAMALLEE B.S,POONAMALLEE B.S,08:40,2026-01-13T21:24:09.626241
101,101,THIRUVOTRIYUR,THIRUVOTRIYUR,POONAMALLEE B.S,POONAMALLEE B.S,08:50,2026-01-13T21:24:09.626241
101,101,THIRUVOTRIYUR,THIRUVOTRIYUR,POONAMALLEE B.S,POONAMALLEE B.S,09:05,2026-01-13T21:24:09.626241
101,101,THIRUVOTRIYUR,THIRUVOTRIYUR,POONAMALLEE B.S,POONAMALLEE B.S,09:15,2026-01-13T21:24:09.626241
101,101,THIRUVOTRIYUR,THIRUVOTRIYUR,POONAMALLEE B.S,POONAMALLEE B.S,09:30,2026-01-13T21:24:09.626241
101,101,THIRUVOTRIYUR,THIRUVOTRIYUR,POONAMALLEE B.S,POONAMALLEE B.S,09:40,2026-01-13T21:24:09.626241
101,101,THIRUVOTRIYUR,THIRUVOTRIYUR,POONAMALLEE B.S,POONAMALLEE B.S,09:45,2026-01-13T21:24:09.626241
101,101,THIRUVOTRIYUR,THIRUVOTRIYUR,POONAMALLEE B.S,POONAMALLEE B.S,09:50,2026-01-13T21:24:09.626241
101,101,THIRUVOTRIYUR,THIRUVOTRIYUR,POONAMALLEE B.S,POONAMALLEE B.S,09:55,2026-01-13T21:24:09.626241
101,101,THIRUVOTRIYUR,THIRUVOTRIYUR,POONAMALLEE B.S,POONAMALLEE B.S,10:00,2026-01-13T21:24:09.626241
101,101,THIRUVOTRIYUR,THIRUVOTRIYUR,POONAMALLEE B.S,POONAMALLEE B.S,10:05,2026-01-13T21:24:09.626241
101,101,THIRUVOTRIYUR,THIRUVOTRIYUR,POONAMALLEE B.S,POONAMALLEE B.S,10:20,2026-01-13T21:24:09.626241
101,101,THIRUVOTRIYUR,THIRUVOTRIYUR,POONAMALLEE B.S,POONAMALLEE B.S,10:40,2026-01-13T21:24:09.626241
101,101,THIRUVOTRIYUR,THIRUVOTRIYUR,POONAMALLEE B.S,POONAMALLEE B.S,10:55,2026-01-13T21:24:09.626241
101,101,THIRUVOTRIYUR,THIRUVOTRIYUR,POONAMALLEE B.S,POONAMALLEE B.S,11:10,2026-01-13T21:24:09.626241
101,101,THIRUVOTRIYUR,THIRUVOTRIYUR,POONAMALLEE B.S,POONAMALLEE B.S,11:25,2026-01-13T21:24:09.626241
101,101,THIRUVOTRIYUR,THIRUVOTRIYUR,POONAMALLEE B.S,POONAMALLEE B.S,11:45,2026-01-13T21:24:09.626241
101,101,THIRUVOTRIYUR,THIRUVOTRIYUR,POONAMALLEE B.S,POONAMALLEE B.S,11:50,2026-01-13T21:24:09.626241
101,101,THIRUVOTRIYUR,THIRUVOTRIYUR,POONAMALLEE B.S,POONAMALLEE B.S,12:10,2026-01-13T21:24:09.626241
101,101,THIRUVOTRIYUR,THIRUVOTRIYUR,POONAMALLEE B.S,POONAMALLEE B.S,12:15,2026-01-13T21:24:09.626241
101,101,THIRUVOTRIYUR,THIRUVOTRIYUR,POONAMALLEE B.S,POONAMALLEE B.S,12:25,2026-01-13T21:24:09.626241
101,101,THIRUVOTRIYUR,THIRUVOTRIYUR,POONAMALLEE B.S,POONAMALLEE B.S,12:30,2026-01-13T21:24:09.626241
101,101,THIRUVOTRIYUR,THIRUVOTRIYUR,POONAMALLEE B.S,POONAMALLEE B.S,12:35,2026-01-13T21:24:09.626241
101,101,THIRUVOTRIYUR,THIRUVOTRIYUR,POONAMALLEE B.S,POONAMALLEE B.S,12:40,2026-01-13T21:24:09.626241
101,101,THIRUVOTRIYUR,THIRUVOTRIYUR,POONAMALLEE B.S,POONAMALLEE B.S,12:50,2026-01-13T21:24:09.626241
101,101,THIRUVOTRIYUR,THIRUVOTRIYUR,POONAMALLEE B.S,POONAMALLEE B.S,12:57,2026-01-13T21:24:09.626241
101,101,THIRUVOTRIYUR,THIRUVOTRIYUR,POONAMALLEE B.S,POONAMALLEE B.S,13:05,2026-01-13T21:24:09.626241
101,101,THIRUVOTRIYUR,THIRUVOTRIYUR,POONAMALLEE B.S,POONAMALLEE B.S,13:15,2026-01-13T21:24:09.626241
101,101,THIRUVOTRIYUR,THIRUVOTRIYUR,POONAMALLEE B.S,POONAMALLEE B.S,13:20,2026-01-13T21:24:09.626241
101,101,THIRUVOTRIYUR,THIRUVOTRIYUR,POONAMALLEE B.S,POONAMALLEE B.S,13:25,2026-01-13T21:24:09.626241
101,101,THIRUVOTRIYUR,THIRUVOTRIYUR,POONAMALLEE B.S,POONAMALLEE B.S,13:48,2026-01-13T21:24:09.626241
101,101,THIRUVOTRIYUR,THIRUVOTRIYUR,POONAMALLEE B.S,POONAMALLEE B.S,13:55,2026-01-13T21:24:09.626241
101,101,THIRUVOTRIYUR,THIRUVOTRIYUR,POONAMALLEE B.S,POONAMALLEE B.S,14:00,2026-01-13T21:24:09.626241
101,101,THIRUVOTRIYUR,THIRUVOTRIYUR,POONAMALLEE B.S,POONAMALLEE B.S,14:05,2026-01-13T21:24:09.626241
101,101,THIRUVOTRIYUR,THIRUVOTRIYUR,POONAMALLEE B.S,POONAMALLEE B.S,14:10,2026-01-13T21:24:09.626241
101,101,THIRUVOTRIYUR,THIRUVOTRIYUR,POONAMALLEE B.S,POONAMALLEE B.S,14:25,2026-01-13T21:24:09.626241
101,101,THIRUVOTRIYUR,THIRUVOTRIYUR,POONAMALLEE B.S,POONAMALLEE B.S,14:37,2026-01-13T21:24:09.626241
101,101,THIRUVOTRIYUR,THIRUVOTRIYUR,POONAMALLEE B.S,POONAMALLEE B.S,14:50,2026-01-13T21:24:09.626241
101,101,THIRUVOTRIYUR,THIRUVOTRIYUR,POONAMALLEE B.S,POONAMALLEE B.S,15:00,2026-01-13T21:24:09.626241
101,101,THIRUVOTRIYUR,THIRUVOTRIYUR,POONAMALLEE B.S,POONAMALLEE B.S,15:20,2026-01-13T21:24:09.626241
101,101,THIRUVOTRIYUR,THIRUVOTRIYUR,POONAMALLEE B.S,POONAMALLEE B.S,15:30,2026-01-13T21:24:09.626241
101,101,THIRUVOTRIYUR,THIRUVOTRIYUR,POONAMALLEE B.S,POONAMALLEE B.S,15:40,2026-01-13T21:24:09.626241
101,101,THIRUVOTRIYUR,THIRUVOTRIYUR,POONAMALLEE B.S,POONAMALLEE B.S,15:55,2026-01-13T21:24:09.626241
101,101,THIRUVOTRIYUR,THIRUVOTRIYUR,POONAMALLEE B.S,POONAMALLEE B.S,16:00,2026-01-13T21:24:09.626241
101,101,THIRUVOTRIYUR,THIRUVOTRIYUR,POONAMALLEE B.S,POONAMALLEE B.S,16:20,2026-01-13T21:24:09.626241
101,101,THIRUVOTRIYUR,THIRUVOTRIYUR,POONAMALLEE B.S,POONAMALLEE B.S,16:25,2026-01-13T21:24:09.626241
101,101,THIRUVOTRIYUR,THIRUVOTRIYUR,POONAMALLEE B.S,POONAMALLEE B.S,16:35,2026-01-13T21:24:09.626241
101,101,THIRUVOTRIYUR,THIRUVOTRIYUR,POONAMALLEE B.S,POONAMALLEE B.S,16:50,2026-01-13T21:24:09.626241
101,101,THIRUVOTRIYUR,THIRUVOTRIYUR,POONAMALLEE B.S,POONAMALLEE B.S,16:57,2026-01-13T21:24:09.626241
101,101,THIRUVOTRIYUR,THIRUVOTRIYUR,POONAMALLEE B.S,POONAMALLEE B.S,17:10,2026-01-13T21:24:09.626241
101,101,THIRUVOTRIYUR,THIRUVOTRIYUR,POONAMALLEE B.S,POONAMALLEE B.S,17:12,2026-01-13T21:24:09.626241
101,101,THIRUVOTRIYUR,THIRUVOTRIYUR,POONAMALLEE B.S,POONAMALLEE B.S,17:17,2026-01-13T21:24:09.626241
101,101,THIRUVOTRIYUR,THIRUVOTRIYUR,POONAMALLEE B.S,POONAMALLEE B.S,17:25,2026-01-13T21:24:09.626241
101,101,THIRUVOTRIYUR,THIRUVOTRIYUR,POONAMALLEE B.S,POONAMALLEE B.S,17:30,2026-01-13T21:24:09.626241
101,101,THIRUVOTRIYUR,THIRUVOTRIYUR,POONAMALLEE B.S,POONAMALLEE B.S,17:35,2026-01-13T21:24:09.626241
101,101,THIRUVOTRIYUR,THIRUVOTRIYUR,POONAMALLEE B.S,POONAMALLEE B.S,17:40,2026-01-13T21:24:09.626241
101,101,THIRUVOTRIYUR,THIRUVOTRIYUR,POONAMALLEE B.S,POONAMALLEE B.S,17:55,2026-01-13T21:24:09.626241
101,101,THIRUVOTRIYUR,THIRUVOTRIYUR,POONAMALLEE B.S,POONAMALLEE B.S,18:00,2026-01-13T21:24:09.626241
101,101,THIRUVOTRIYUR,THIRUVOTRIYUR,POONAMALLEE B.S,POONAMALLEE B.S,18:08,2026-01-13T21:24:09.626241
101,101,THIRUVOTRIYUR,THIRUVOTRIYUR,POONAMALLEE B.S,POONAMALLEE B.S,18:10,2026-01-13T21:24:09.626241
101,101,THIRUVOTRIYUR,THIRUVOTRIYUR,POONAMALLEE B.S,POONAMALLEE B.S,18:15,2026-01-13T21:24:09.626241
101,101,THIRUVOTRIYUR,THIRUVOTRIYUR,POONAMALLEE B.S,POONAMALLEE B.S,18:25,2026-01-13T21:24:09.626241
101,101,THIRUVOTRIYUR,THIRUVOTRIYUR,POONAMALLEE B.S,POONAMALLEE B.S,18:30,2026-01-13T21:24:09.626241
101,101,THIRUVOTRIYUR,THIRUVOTRIYUR,POONAMALLEE B.S,POONAMALLEE B.S,18:35,2026-01-13T21:24:09.626241
101,101,THIRUVOTRIYUR,THIRUVOTRIYUR,POONAMALLEE B.S,POONAMALLEE B.S,18:40,2026-01-13T21:24:09.626241
101,101,THIRUVOTRIYUR,THIRUVOTRIYUR,POONAMALLEE B.S,POONAMALLEE B.S,18:57,2026-01-13T21:24:09.626241
101,101,THIRUVOTRIYUR,THIRUVOTRIYUR,POONAMALLEE B.S,POONAMALLEE B.S,19:17,2026-01-13T21:24:09.626241
101,101,THIRUVOTRIYUR,THIRUVOTRIYUR,POONAMALLEE B.S,POONAMALLEE B.S,19:25,2026-01-13T21:24:09.626241
101,101,THIRUVOTRIYUR,THIRUVOTRIYUR,POONAMALLEE B.S,POONAMALLEE B.S,19:30,2026-01-13T21:24:09.626241
101,101,THIRUVOTRIYUR,THIRUVOTRIYUR,POONAMALLEE B.S,POONAMALLEE B.S,19:35,2026-01-13T21:24:09.626241
101,101,THIRUVOTRIYUR,THIRUVOTRIYUR,POONAMALLEE B.S,POONAMALLEE B.S,19:47,2026-01-13T21:24:09.626241
101,101,THIRUVOTRIYUR,THIRUVOTRIYUR,POONAMALLEE B.S,POONAMALLEE B.S,20:10,2026-01-13T21:24:09.626241
101,101,THIRUVOTRIYUR,THIRUVOTRIYUR,POONAMALLEE B.S,POONAMALLEE B.S,20:55,2026-01-13T21:24:09.626241
101,101,THIRUVOTRIYUR,THIRUVOTRIYUR,POONAMALLEE B.S,POONAMALLEE B.S,21:35,2026-01-13T21:24:09.626241
101,101,THIRUVOTRIYUR,THIRUVOTRIYUR,POONAMALLEE B.S,POONAMALLEE B.S,22:25,2026-01-13T21:24:09.626241
101,101,THIRUVOTRIYUR,THIRUVOTRIYUR,POONAMALLEE B.S,POONAMALLEE B.S,23:00,2026-01-13T21:24:09.626241
101,101,THIRUVOTRIYUR,THIRUVOTRIYUR,TOLLGATE,TOLLGATE,19:55,2026-01-13T21:24:24.749604
101,101,TOLLGATE,TOLLGATE,POONAMALLEE B.S,POONAMALLEE B.S,04:05,2026-01-13T21:25:09.123223
102,102,BROADWAY,BROADWAY,KELAMBAKKAM,KELAMBAKKAM,06:15,2026-01-13T21:25:44.890613
102,102,BROADWAY,BROADWAY,KELAMBAKKAM,KELAMBAKKAM,06:35,2026-01-13T21:25:44.890613
102,102,BROADWAY,BROADWAY,KELAMBAKKAM,KELAMBAKKAM,06:50,2026-01-13T21:25:44.890613
102,102,BROADWAY,BROADWAY,KELAMBAKKAM,KELAMBAKKAM,07:15,2026-01-13T21:25:44.890613
102,102,BROADWAY,BROADWAY,KELAMBAKKAM,KELAMBAKKAM,07:20,2026-01-13T21:25:44.890613
102,102,BROADWAY,BROADWAY,KELAMBAKKAM,KELAMBAKKAM,08:05,2026-01-13T21:25:44.890613
102,102,BROADWAY,BROADWAY,KELAMBAKKAM,KELAMBAKKAM,08:10,2026-01-13T21:25:44.890613
102,102,BROADWAY,BROADWAY,KELAMBAKKAM,KELAMBAKKAM,08:50,2026-01-13T21:25:44.890613
102,102,BROADWAY,BROADWAY,KELAMBAKKAM,KELAMBAKKAM,08:55,2026-01-13T21:25:44.890613
102,102,BROADWAY,BROADWAY,KELAMBAKKAM,KELAMBAKKAM,09:20,2026-01-13T21:25:44.890613
102,102,BROADWAY,BROADWAY,KELAMBAKKAM,KELAMBAKKAM,09:45,2026-01-13T21:25:44.890613
102,102,BROADWAY,BROADWAY,KELAMBAKKAM,KELAMBAKKAM,10:05,2026-01-13T21:25:44.890613
102,102,BROADWAY,BROADWAY,KELAMBAKKAM,KELAMBAKKAM,12:30,2026-01-13T21:25:44.890613
102,102,BROADWAY,BROADWAY,KELAMBAKKAM,KELAMBAKKAM,13:10,2026-01-13T21:25:44.890613
102,102,BROADWAY,BROADWAY,KELAMBAKKAM,KELAMBAKKAM,13:55,2026-01-13T21:25:44.890613
102,102,BROADWAY,BROADWAY,KELAMBAKKAM,KELAMBAKKAM,15:20,2026-01-13T21:25:44.890613
102,102,BROADWAY,BROADWAY,KELAMBAKKAM,KELAMBAKKAM,16:30,2026-01-13T21:25:44.890613
102,102,BROADWAY,BROADWAY,KELAMBAKKAM,KELAMBAKKAM,16:50,2026-01-13T21:25:44.890613
102,102,BROADWAY,BROADWAY,KELAMBAKKAM,KELAMBAKKAM,17:15,2026-01-13T21:25:44.890613
102,102,BROADWAY,BROADWAY,KELAMBAKKAM,KELAMBAKKAM,18:00,2026-01-13T21:25:44.890613
102,102,BROADWAY,BROADWAY,KELAMBAKKAM,KELAMBAKKAM,18:30,2026-01-13T21:25:44.890613
102,102,BROADWAY,BROADWAY,KELAMBAKKAM,KELAMBAKKAM,18:35,2026-01-13T21:25:44.890613
102,102,BROADWAY,BROADWAY,KELAMBAKKAM,KELAMBAKKAM,18:45,2026-01-13T21:25:44.890613
102,102,BROADWAY,BROADWAY,KELAMBAKKAM,KELAMBAKKAM,19:00,2026-01-13T21:25:44.890613
102,102,BROADWAY,BROADWAY,KELAMBAKKAM,KELAMBAKKAM,20:10,2026-01-13T21:25:44.890613
102,102,BROADWAY,BROADWAY,KELAMBAKKAM,KELAMBAKKAM,20:50,2026-01-13T21:25:44.890613
102,102,BROADWAY,BROADWAY,KELAMBAKKAM,KELAMBAKKAM,21:30,2026-01-13T21:25:44.890613
102,102,BROADWAY,BROADWAY,PERUMPAKKAM TNUHDB,PERUMPAKKAM TNUHDB,10:10,2026-01-13T21:26:00.004110
102,102,BROADWAY,BROADWAY,PERUMPAKKAM TNUHDB,PERUMPAKKAM TNUHDB,10:30,2026-01-13T21:26:00.004110
102,102,BROADWAY,BROADWAY,PERUMPAKKAM TNUHDB,PERUMPAKKAM TNUHDB,10:55,2026-01-13T21:26:00.004110
102,102,BROADWAY,BROADWAY,PERUMPAKKAM TNUHDB,PERUMPAKKAM TNUHDB,11:15,2026-01-13T21:26:00.004110
102,102,BROADWAY,BROADWAY,PERUMPAKKAM TNUHDB,PERUMPAKKAM TNUHDB,11:35,2026-01-13T21:26:00.004110
102,102,BROADWAY,BROADWAY,PERUMPAKKAM TNUHDB,PERUMPAKKAM TNUHDB,12:00,2026-01-13T21:26:00.004110
102,102,BROADWAY,BROADWAY,PERUMPAKKAM TNUHDB,PERUMPAKKAM TNUHDB,12:20,2026-01-13T21:26:00.004110
102,102,BROADWAY,BROADWAY,PERUMPAKKAM TNUHDB,PERUMPAKKAM TNUHDB,12:40,2026-01-13T21:26:00.004110
102,102,BROADWAY,BROADWAY,PERUMPAKKAM TNUHDB,PERUMPAKKAM TNUHDB,13:00,2026-01-13T21:26:00.004110
102,102,BROADWAY,BROADWAY,PERUMPAKKAM TNUHDB,PERUMPAKKAM TNUHDB,13:20,2026-01-13T21:26:00.004110
102,102,BROADWAY,BROADWAY,PERUMPAKKAM TNUHDB,PERUMPAKKAM TNUHDB,19:40,2026-01-13T21:26:00.004110
102,102,BROADWAY,BROADWAY,PERUMPAKKAM TNUHDB,PERUMPAKKAM TNUHDB,19:55,2026-01-13T21:26:00.004110
102,102,BROADWAY,BROADWAY,PERUMPAKKAM TNUHDB,PERUMPAKKAM TNUHDB,20:20,2026-01-13T21:26:00.004110
102,102,BROADWAY,BROADWAY,PERUMPAKKAM TNUHDB,PERUMPAKKAM TNUHDB,20:40,2026-01-13T21:26:00.004110
102,102,BROADWAY,BROADWAY,PERUMPAKKAM TNUHDB,PERUMPAKKAM TNUHDB,21:00,2026-01-13T21:26:00.004110
102,102,BROADWAY,BROADWAY,PERUMPAKKAM TNUHDB,PERUMPAKKAM TNUHDB,21:30,2026-01-13T21:26:00.004110
102,102,BROADWAY,BROADWAY,PERUMPAKKAM TNUHDB,PERUMPAKKAM TNUHDB,21:45,2026-01-13T21:26:00.004110
102,102,BROADWAY,BROADWAY,PERUMPAKKAM TNUHDB,PERUMPAKKAM TNUHDB,22:10,2026-01-13T21:26:00.004110
102,102,BROADWAY,BROADWAY,PERUMPAKKAM TNUHDB,PERUMPAKKAM TNUHDB,22:25,2026-01-13T21:26:00.004110
102,102,BROADWAY,BROADWAY,PERUMPAKKAM TNUHDB,PERUMPAKKAM TNUHDB,22:45,2026-01-13T21:26:00.004110
102,102,BROADWAY,BROADWAY,SEMMANCHERI TNUHDB,SEMMANCHERI TNUHDB,10:20,2026-01-13T21:26:15.077518
102,102,BROADWAY,BROADWAY,SEMMANCHERI TNUHDB,SEMMANCHERI TNUHDB,11:00,2026-01-13T21:26:15.077518
102,102,BROADWAY,BROADWAY,SIRUCHERY I.T.PARK,SIRUCHERY I.T.PARK,06:35,2026-01-13T21:26:30.162380
102,102,BROADWAY,BROADWAY,SIRUCHERY I.T.PARK,SIRUCHERY I.T.PARK,07:00,2026-01-13T21:26:30.162380
102,102,BROADWAY,BROADWAY,SIRUCHERY I.T.PARK,SIRUCHERY I.T.PARK,07:05,2026-01-13T21:26:30.162380
102,102,BROADWAY,BROADWAY,SIRUCHERY I.T.PARK,SIRUCHERY I.T.PARK,07:45,2026-01-13T21:26:30.162380
102,102,BROADWAY,BROADWAY,SIRUCHERY I.T.PARK,SIRUCHERY I.T.PARK,07:50,2026-01-13T21:26:30.162380
102,102,BROADWAY,BROADWAY,SIRUCHERY I.T.PARK,SIRUCHERY I.T.PARK,08:35,2026-01-13T21:26:30.162380
102,102,BROADWAY,BROADWAY,SIRUCHERY I.T.PARK,SIRUCHERY I.T.PARK,09:05,2026-01-13T21:26:30.162380
102,102,BROADWAY,BROADWAY,SIRUCHERY I.T.PARK,SIRUCHERY I.T.PARK,09:10,2026-01-13T21:26:30.162380
102,102,BROADWAY,BROADWAY,SIRUCHERY I.T.PARK,SIRUCHERY I.T.PARK,09:45,2026-01-13T21:26:30.162380
102,102,BROADWAY,BROADWAY,SIRUCHERY I.T.PARK,SIRUCHERY I.T.PARK,10:50,2026-01-13T21:26:30.162380
102,102,BROADWAY,BROADWAY,SIRUCHERY I.T.PARK,SIRUCHERY I.T.PARK,11:30,2026-01-13T21:26:30.162380
102,102,BROADWAY,BROADWAY,SIRUCHERY I.T.PARK,SIRUCHERY I.T.PARK,11:40,2026-01-13T21:26:30.162380
102,102,BROADWAY,BROADWAY,SIRUCHERY I.T.PARK,SIRUCHERY I.T.PARK,12:20,2026-01-13T21:26:30.162380
102,102,BROADWAY,BROADWAY,SIRUCHERY I.T.PARK,SIRUCHERY I.T.PARK,12:55,2026-01-13T21:26:30.162380
102,102,BROADWAY,BROADWAY,SIRUCHERY I.T.PARK,SIRUCHERY I.T.PARK,13:20,2026-01-13T21:26:30.162380
102,102,BROADWAY,BROADWAY,SIRUCHERY I.T.PARK,SIRUCHERY I.T.PARK,14:10,2026-01-13T21:26:30.162380
102,102,BROADWAY,BROADWAY,SIRUCHERY I.T.PARK,SIRUCHERY I.T.PARK,14:40,2026-01-13T21:26:30.162380
102,102,BROADWAY,BROADWAY,SIRUCHERY I.T.PARK,SIRUCHERY I.T.PARK,15:10,2026-01-13T21:26:30.162380
102,102,BROADWAY,BROADWAY,SIRUCHERY I.T.PARK,SIRUCHERY I.T.PARK,15:50,2026-01-13T21:26:30.162380
102,102,BROADWAY,BROADWAY,SIRUCHERY I.T.PARK,SIRUCHERY I.T.PARK,16:05,2026-01-13T21:26:30.162380
102,102,BROADWAY,BROADWAY,SIRUCHERY I.T.PARK,SIRUCHERY I.T.PARK,16:10,2026-01-13T21:26:30.162380
102,102,BROADWAY,BROADWAY,SIRUCHERY I.T.PARK,SIRUCHERY I.T.PARK,16:40,2026-01-13T21:26:30.162380
102,102,BROADWAY,BROADWAY,SIRUCHERY I.T.PARK,SIRUCHERY I.T.PARK,16:50,2026-01-13T21:26:30.162380
102,102,BROADWAY,BROADWAY,SIRUCHERY I.T.PARK,SIRUCHERY I.T.PARK,17:00,2026-01-13T21:26:30.162380
102,102,BROADWAY,BROADWAY,SIRUCHERY I.T.PARK,SIRUCHERY I.T.PARK,17:35,2026-01-13T21:26:30.162380
102,102,BROADWAY,BROADWAY,SIRUCHERY I.T.PARK,SIRUCHERY I.T.PARK,17:40,2026-01-13T21:26:30.162380
102,102,BROADWAY,BROADWAY,SIRUCHERY I.T.PARK,SIRUCHERY I.T.PARK,18:00,2026-01-13T21:26:30.162380
102,102,BROADWAY,BROADWAY,SIRUCHERY I.T.PARK,SIRUCHERY I.T.PARK,18:15,2026-01-13T21:26:30.162380
102,102,BROADWAY,BROADWAY,SIRUCHERY I.T.PARK,SIRUCHERY I.T.PARK,19:05,2026-01-13T21:26:30.162380
102,102,KANNAGI NAGAR TNUHDB,KANNAGI NAGAR TNUHDB,BROADWAY,BROADWAY,05:20,2026-01-13T21:26:49.406233
102,102,KANNAGI NAGAR TNUHDB,KANNAGI NAGAR TNUHDB,BROADWAY,BROADWAY,06:40,2026-01-13T21:26:49.406233
102,102,KELAMBAKKAM,KELAMBAKKAM,BROADWAY,BROADWAY,04:40,2026-01-13T21:27:08.695871
102,102,KELAMBAKKAM,KELAMBAKKAM,BROADWAY,BROADWAY,05:00,2026-01-13T21:27:08.695871
102,102,KELAMBAKKAM,KELAMBAKKAM,BROADWAY,BROADWAY,05:10,2026-01-13T21:27:08.695871
102,102,KELAMBAKKAM,KELAMBAKKAM,BROADWAY,BROADWAY,05:50,2026-01-13T21:27:08.695871
102,102,KELAMBAKKAM,KELAMBAKKAM,BROADWAY,BROADWAY,06:40,2026-01-13T21:27:08.695871
102,102,KELAMBAKKAM,KELAMBAKKAM,BROADWAY,BROADWAY,07:00,2026-01-13T21:27:08.695871
102,102,KELAMBAKKAM,KELAMBAKKAM,BROADWAY,BROADWAY,07:20,2026-01-13T21:27:08.695871
102,102,KELAMBAKKAM,KELAMBAKKAM,BROADWAY,BROADWAY,07:40,2026-01-13T21:27:08.695871
102,102,KELAMBAKKAM,KELAMBAKKAM,BROADWAY,BROADWAY,08:00,2026-01-13T21:27:08.695871
102,102,KELAMBAKKAM,KELAMBAKKAM,BROADWAY,BROADWAY,08:10,2026-01-13T21:27:08.695871
102,102,KELAMBAKKAM,KELAMBAKKAM,BROADWAY,BROADWAY,08:30,2026-01-13T21:27:08.695871
102,102,KELAMBAKKAM,KELAMBAKKAM,BROADWAY,BROADWAY,08:50,2026-01-13T21:27:08.695871
102,102,KELAMBAKKAM,KELAMBAKKAM,BROADWAY,BROADWAY,09:15,2026-01-13T21:27:08.695871
102,102,KELAMBAKKAM,KELAMBAKKAM,BROADWAY,BROADWAY,09:20,2026-01-13T21:27:08.695871
102,102,KELAMBAKKAM,KELAMBAKKAM,BROADWAY,BROADWAY,10:10,2026-01-13T21:27:08.695871
102,102,KELAMBAKKAM,KELAMBAKKAM,BROADWAY,BROADWAY,10:55,2026-01-13T21:27:08.695871
102,102,KELAMBAKKAM,KELAMBAKKAM,BROADWAY,BROADWAY,11:10,2026-01-13T21:27:08.695871
102,102,KELAMBAKKAM,KELAMBAKKAM,BROADWAY,BROADWAY,11:35,2026-01-13T21:27:08.695871
102,102,KELAMBAKKAM,KELAMBAKKAM,BROADWAY,BROADWAY,12:10,2026-01-13T21:27:08.695871
102,102,KELAMBAKKAM,KELAMBAKKAM,BROADWAY,BROADWAY,14:05,2026-01-13T21:27:08.695871
102,102,KELAMBAKKAM,KELAMBAKKAM,BROADWAY,BROADWAY,14:20,2026-01-13T21:27:08.695871
102,102,KELAMBAKKAM,KELAMBAKKAM,BROADWAY,BROADWAY,14:30,2026-01-13T21:27:08.695871
102,102,KELAMBAKKAM,KELAMBAKKAM,BROADWAY,BROADWAY,14:55,2026-01-13T21:27:08.695871
102,102,KELAMBAKKAM,KELAMBAKKAM,BROADWAY,BROADWAY,15:00,2026-01-13T21:27:08.695871
102,102,KELAMBAKKAM,KELAMBAKKAM,BROADWAY,BROADWAY,15:15,2026-01-13T21:27:08.695871
102,102,KELAMBAKKAM,KELAMBAKKAM,BROADWAY,BROADWAY,15:30,2026-01-13T21:27:08.695871
102,102,KELAMBAKKAM,KELAMBAKKAM,BROADWAY,BROADWAY,15:45,2026-01-13T21:27:08.695871
102,102,KELAMBAKKAM,KELAMBAKKAM,BROADWAY,BROADWAY,16:10,2026-01-13T21:27:08.695871
102,102,KELAMBAKKAM,KELAMBAKKAM,BROADWAY,BROADWAY,16:25,2026-01-13T21:27:08.695871
102,102,KELAMBAKKAM,KELAMBAKKAM,BROADWAY,BROADWAY,17:10,2026-01-13T21:27:08.695871
102,102,KELAMBAKKAM,KELAMBAKKAM,BROADWAY,BROADWAY,17:30,2026-01-13T21:27:08.695871
102,102,KELAMBAKKAM,KELAMBAKKAM,BROADWAY,BROADWAY,18:20,2026-01-13T21:27:08.695871
102,102,KELAMBAKKAM,KELAMBAKKAM,BROADWAY,BROADWAY,19:00,2026-01-13T21:27:08.695871
102,102,KELAMBAKKAM,KELAMBAKKAM,BROADWAY,BROADWAY,19:05,2026-01-13T21:27:08.695871
102,102,KELAMBAKKAM,KELAMBAKKAM,BROADWAY,BROADWAY,19:20,2026-01-13T21:27:08.695871
102,102,KELAMBAKKAM,KELAMBAKKAM,BROADWAY,BROADWAY,19:55,2026-01-13T21:27:08.695871
102,102,KELAMBAKKAM,KELAMBAKKAM,BROADWAY,BROADWAY,20:35,2026-01-13T21:27:08.695871
102,102,KELAMBAKKAM,KELAMBAKKAM,KANNAGI NAGAR TNUHDB,KANNAGI NAGAR TNUHDB,20:30,2026-01-13T21:27:23.797426
102,102,KELAMBAKKAM,KELAMBAKKAM,KANNAGI NAGAR TNUHDB,KANNAGI NAGAR TNUHDB,21:55,2026-01-13T21:27:23.797426
102,102,M.G.R.CENTRAL,M.G.R.CENTRAL,KELAMBAKKAM,KELAMBAKKAM,04:40,2026-01-13T21:27:43.007086
102,102,PERUMPAKKAM TNUHDB,PERUMPAKKAM TNUHDB,KELAMBAKKAM,KELAMBAKKAM,04:40,2026-01-13T21:28:02.249291
102,102,PERUMPAKKAM TNUHDB,PERUMPAKKAM TNUHDB,KELAMBAKKAM,KELAMBAKKAM,05:20,2026-01-13T21:28:02.249291
102,102,PERUMPAKKAM TNUHDB,PERUMPAKKAM TNUHDB,KELAMBAKKAM,KELAMBAKKAM,06:05,2026-01-13T21:28:02.249291
102,102,PERUMPAKKAM TNUHDB,PERUMPAKKAM TNUHDB,KELAMBAKKAM,KELAMBAKKAM,06:45,2026-01-13T21:28:02.249291
102,102,PERUMPAKKAM TNUHDB,PERUMPAKKAM TNUHDB,KELAMBAKKAM,KELAMBAKKAM,13:25,2026-01-13T21:28:02.249291
102,102,PERUMPAKKAM TNUHDB,PERUMPAKKAM TNUHDB,KELAMBAKKAM,KELAMBAKKAM,13:40,2026-01-13T21:28:02.249291
102,102,PERUMPAKKAM TNUHDB,PERUMPAKKAM TNUHDB,KELAMBAKKAM,KELAMBAKKAM,14:20,2026-01-13T21:28:02.249291
102,102,PERUMPAKKAM TNUHDB,PERUMPAKKAM TNUHDB,KELAMBAKKAM,KELAMBAKKAM,15:05,2026-01-13T21:28:02.249291
102,102,PERUMPAKKAM TNUHDB,PERUMPAKKAM TNUHDB,KELAMBAKKAM,KELAMBAKKAM,15:45,2026-01-13T21:28:02.249291
102,102,PERUMPAKKAM TNUHDB,PERUMPAKKAM TNUHDB,KELAMBAKKAM,KELAMBAKKAM,16:25,2026-01-13T21:28:02.249291
102,102,PERUMPAKKAM TNUHDB,PERUMPAKKAM TNUHDB,SIRUCHERY I.T.PARK,SIRUCHERY I.T.PARK,04:05,2026-01-13T21:28:17.324957
102,102,PERUMPAKKAM TNUHDB,PERUMPAKKAM TNUHDB,SIRUCHERY I.T.PARK,SIRUCHERY I.T.PARK,04:20,2026-01-13T21:28:17.324957
102,102,PERUMPAKKAM TNUHDB,PERUMPAKKAM TNUHDB,SIRUCHERY I.T.PARK,SIRUCHERY I.T.PARK,05:00,2026-01-13T21:28:17.324957
102,102,PERUMPAKKAM TNUHDB,PERUMPAKKAM TNUHDB,SIRUCHERY I.T.PARK,SIRUCHERY I.T.PARK,05:45,2026-01-13T21:28:17.324957
102,102,PERUMPAKKAM TNUHDB,PERUMPAKKAM TNUHDB,SIRUCHERY I.T.PARK,SIRUCHERY I.T.PARK,06:25,2026-01-13T21:28:17.324957
102,102,PERUMPAKKAM TNUHDB,PERUMPAKKAM TNUHDB,SIRUCHERY I.T.PARK,SIRUCHERY I.T.PARK,07:05,2026-01-13T21:28:17.324957
102,102,PERUMPAKKAM TNUHDB,PERUMPAKKAM TNUHDB,SIRUCHERY I.T.PARK,SIRUCHERY I.T.PARK,14:00,2026-01-13T21:28:17.324957
102,102,PERUMPAKKAM TNUHDB,PERUMPAKKAM TNUHDB,SIRUCHERY I.T.PARK,SIRUCHERY I.T.PARK,14:40,2026-01-13T21:28:17.324957
102,102,PERUMPAKKAM TNUHDB,PERUMPAKKAM TNUHDB,SIRUCHERY I.T.PARK,SIRUCHERY I.T.PARK,15:25,2026-01-13T21:28:17.324957
102,102,PERUMPAKKAM TNUHDB,PERUMPAKKAM TNUHDB,SIRUCHERY I.T.PARK,SIRUCHERY I.T.PARK,16:05,2026-01-13T21:28:17.324957
102,102,SEMMANCHERI TNUHDB,SEMMANCHERI TNUHDB,KELAMBAKKAM,KELAMBAKKAM,14:05,2026-01-13T21:28:36.552061
102,102,SEMMANCHERI TNUHDB,SEMMANCHERI TNUHDB,KELAMBAKKAM,KELAMBAKKAM,14:40,2026-01-13T21:28:36.552061
102,102,SIRUCHERY I.T.PARK,SIRUCHERY I.T.PARK,BROADWAY,BROADWAY,04:35,2026-01-13T21:28:55.789854
102,102,SIRUCHERY I.T.PARK,SIRUCHERY I.T.PARK,BROADWAY,BROADWAY,04:50,2026-01-13T21:28:55.789854
102,102,SIRUCHERY I.T.PARK,SIRUCHERY I.T.PARK,BROADWAY,BROADWAY,05:30,2026-01-13T21:28:55.789854
102,102,SIRUCHERY I.T.PARK,SIRUCHERY I.T.PARK,BROADWAY,BROADWAY,06:15,2026-01-13T21:28:55.789854
102,102,SIRUCHERY I.T.PARK,SIRUCHERY I.T.PARK,BROADWAY,BROADWAY,07:00,2026-01-13T21:28:55.789854
102,102,SIRUCHERY I.T.PARK,SIRUCHERY I.T.PARK,BROADWAY,BROADWAY,07:40,2026-01-13T21:28:55.789854
102,102,SIRUCHERY I.T.PARK,SIRUCHERY I.T.PARK,BROADWAY,BROADWAY,08:30,2026-01-13T21:28:55.789854
102,102,SIRUCHERY I.T.PARK,SIRUCHERY I.T.PARK,BROADWAY,BROADWAY,08:55,2026-01-13T21:28:55.789854
102,102,SIRUCHERY I.T.PARK,SIRUCHERY I.T.PARK,BROADWAY,BROADWAY,09:00,2026-01-13T21:28:55.789854
102,102,SIRUCHERY I.T.PARK,SIRUCHERY I.T.PARK,BROADWAY,BROADWAY,09:45,2026-01-13T21:28:55.789854
102,102,SIRUCHERY I.T.PARK,SIRUCHERY I.T.PARK,BROADWAY,BROADWAY,09:50,2026-01-13T21:28:55.789854
102,102,SIRUCHERY I.T.PARK,SIRUCHERY I.T.PARK,BROADWAY,BROADWAY,10:35,2026-01-13T21:28:55.789854
102,102,SIRUCHERY I.T.PARK,SIRUCHERY I.T.PARK,BROADWAY,BROADWAY,10:55,2026-01-13T21:28:55.789854
102,102,SIRUCHERY I.T.PARK,SIRUCHERY I.T.PARK,BROADWAY,BROADWAY,11:15,2026-01-13T21:28:55.789854
102,102,SIRUCHERY I.T.PARK,SIRUCHERY I.T.PARK,BROADWAY,BROADWAY,11:20,2026-01-13T21:28:55.789854
102,102,SIRUCHERY I.T.PARK,SIRUCHERY I.T.PARK,BROADWAY,BROADWAY,12:45,2026-01-13T21:28:55.789854
102,102,SIRUCHERY I.T.PARK,SIRUCHERY I.T.PARK,BROADWAY,BROADWAY,13:25,2026-01-13T21:28:55.789854
102,102,SIRUCHERY I.T.PARK,SIRUCHERY I.T.PARK,BROADWAY,BROADWAY,13:35,2026-01-13T21:28:55.789854
102,102,SIRUCHERY I.T.PARK,SIRUCHERY I.T.PARK,BROADWAY,BROADWAY,14:10,2026-01-13T21:28:55.789854
102,102,SIRUCHERY I.T.PARK,SIRUCHERY I.T.PARK,BROADWAY,BROADWAY,14:35,2026-01-13T21:28:55.789854
102,102,SIRUCHERY I.T.PARK,SIRUCHERY I.T.PARK,BROADWAY,BROADWAY,14:50,2026-01-13T21:28:55.789854
102,102,SIRUCHERY I.T.PARK,SIRUCHERY I.T.PARK,BROADWAY,BROADWAY,15:20,2026-01-13T21:28:55.789854
102,102,SIRUCHERY I.T.PARK,SIRUCHERY I.T.PARK,BROADWAY,BROADWAY,16:05,2026-01-13T21:28:55.789854
102,102,SIRUCHERY I.T.PARK,SIRUCHERY I.T.PARK,BROADWAY,BROADWAY,16:35,2026-01-13T21:28:55.789854
102,102,SIRUCHERY I.T.PARK,SIRUCHERY I.T.PARK,BROADWAY,BROADWAY,16:40,2026-01-13T21:28:55.789854
102,102,SIRUCHERY I.T.PARK,SIRUCHERY I.T.PARK,BROADWAY,BROADWAY,17:05,2026-01-13T21:28:55.789854
102,102,SIRUCHERY I.T.PARK,SIRUCHERY I.T.PARK,BROADWAY,BROADWAY,17:40,2026-01-13T21:28:55.789854
102,102,SIRUCHERY I.T.PARK,SIRUCHERY I.T.PARK,BROADWAY,BROADWAY,18:00,2026-01-13T21:28:55.789854
102,102,SIRUCHERY I.T.PARK,SIRUCHERY I.T.PARK,BROADWAY,BROADWAY,18:40,2026-01-13T21:28:55.789854
102,102,SIRUCHERY I.T.PARK,SIRUCHERY I.T.PARK,BROADWAY,BROADWAY,18:55,2026-01-13T21:28:55.789854
102,102,SIRUCHERY I.T.PARK,SIRUCHERY I.T.PARK,BROADWAY,BROADWAY,19:35,2026-01-13T21:28:55.789854
102,102,SIRUCHERY I.T.PARK,SIRUCHERY I.T.PARK,BROADWAY,BROADWAY,20:00,2026-01-13T21:28:55.789854
102,102,SIRUCHERY I.T.PARK,SIRUCHERY I.T.PARK,BROADWAY,BROADWAY,20:15,2026-01-13T21:28:55.789854
102,102,SIRUCHERY I.T.PARK,SIRUCHERY I.T.PARK,BROADWAY,BROADWAY,20:55,2026-01-13T21:28:55.789854
102A,102A,PUDUPAKKAM/VANDALOOR RD.J,PUDUPAKKAM/VANDALOOR RD.J,THIRUVANMIYUR,THIRUVANMIYUR,06:15,2026-01-13T21:29:20.926495
102A,102A,PUDUPAKKAM/VANDALOOR RD.J,PUDUPAKKAM/VANDALOOR RD.J,THIRUVANMIYUR,THIRUVANMIYUR,09:00,2026-01-13T21:29:20.926495
102A,102A,PUDUPAKKAM/VANDALOOR RD.J,PUDUPAKKAM/VANDALOOR RD.J,THIRUVANMIYUR,THIRUVANMIYUR,11:50,2026-01-13T21:29:20.926495
102A,102A,PUDUPAKKAM/VANDALOOR RD.J,PUDUPAKKAM/VANDALOOR RD.J,THIRUVANMIYUR,THIRUVANMIYUR,14:45,2026-01-13T21:29:20.926495
102A,102A,PUDUPAKKAM/VANDALOOR RD.J,PUDUPAKKAM/VANDALOOR RD.J,THIRUVANMIYUR,THIRUVANMIYUR,17:30,2026-01-13T21:29:20.926495
102A,102A,PUDUPAKKAM/VANDALOOR RD.J,PUDUPAKKAM/VANDALOOR RD.J,THIRUVANMIYUR,THIRUVANMIYUR,20:10,2026-01-13T21:29:20.926495
102A,102A,THIRUVANMIYUR,THIRUVANMIYUR,PUDUPAKKAM/VANDALOOR RD.J,PUDUPAKKAM/VANDALOOR RD.J,05:05,2026-01-13T21:29:40.176863
102A,102A,THIRUVANMIYUR,THIRUVANMIYUR,PUDUPAKKAM/VANDALOOR RD.J,PUDUPAKKAM/VANDALOOR RD.J,07:35,2026-01-13T21:29:40.176863
102A,102A,THIRUVANMIYUR,THIRUVANMIYUR,PUDUPAKKAM/VANDALOOR RD.J,PUDUPAKKAM/VANDALOOR RD.J,10:25,2026-01-13T21:29:40.176863
102A,102A,THIRUVANMIYUR,THIRUVANMIYUR,PUDUPAKKAM/VANDALOOR RD.J,PUDUPAKKAM/VANDALOOR RD.J,13:20,2026-01-13T21:29:40.176863
102A,102A,THIRUVANMIYUR,THIRUVANMIYUR,PUDUPAKKAM/VANDALOOR RD.J,PUDUPAKKAM/VANDALOOR RD.J,16:05,2026-01-13T21:29:40.176863
102A,102A,THIRUVANMIYUR,THIRUVANMIYUR,PUDUPAKKAM/VANDALOOR RD.J,PUDUPAKKAM/VANDALOOR RD.J,18:50,2026-01-13T21:29:40.176863
102C,102C,BROADWAY,BROADWAY,SEMMANCHERI TNUHDB,SEMMANCHERI TNUHDB,04:30,2026-01-13T21:30:05.811020
102C,102C,BROADWAY,BROADWAY,SEMMANCHERI TNUHDB,SEMMANCHERI TNUHDB,05:15,2026-01-13T21:30:05.811020
102C,102C,BROADWAY,BROADWAY,SEMMANCHERI TNUHDB,SEMMANCHERI TNUHDB,06:00,2026-01-13T21:30:05.811020
102C,102C,BROADWAY,BROADWAY,SEMMANCHERI TNUHDB,SEMMANCHERI TNUHDB,06:10,2026-01-13T21:30:05.811020
102C,102C,BROADWAY,BROADWAY,SEMMANCHERI TNUHDB,SEMMANCHERI TNUHDB,07:10,2026-01-13T21:30:05.811020
102C,102C,BROADWAY,BROADWAY,SEMMANCHERI TNUHDB,SEMMANCHERI TNUHDB,07:50,2026-01-13T21:30:05.811020
102C,102C,BROADWAY,BROADWAY,SEMMANCHERI TNUHDB,SEMMANCHERI TNUHDB,08:05,2026-01-13T21:30:05.811020
102C,102C,BROADWAY,BROADWAY,SEMMANCHERI TNUHDB,SEMMANCHERI TNUHDB,08:55,2026-01-13T21:30:05.811020
102C,102C,BROADWAY,BROADWAY,SEMMANCHERI TNUHDB,SEMMANCHERI TNUHDB,09:50,2026-01-13T21:30:05.811020
102C,102C,BROADWAY,BROADWAY,SEMMANCHERI TNUHDB,SEMMANCHERI TNUHDB,10:20,2026-01-13T21:30:05.811020
102C,102C,BROADWAY,BROADWAY,SEMMANCHERI TNUHDB,SEMMANCHERI TNUHDB,11:15,2026-01-13T21:30:05.811020
102C,102C,BROADWAY,BROADWAY,SEMMANCHERI TNUHDB,SEMMANCHERI TNUHDB,11:50,2026-01-13T21:30:05.811020
102C,102C,BROADWAY,BROADWAY,SEMMANCHERI TNUHDB,SEMMANCHERI TNUHDB,12:05,2026-01-13T21:30:05.811020
102C,102C,BROADWAY,BROADWAY,SEMMANCHERI TNUHDB,SEMMANCHERI TNUHDB,13:00,2026-01-13T21:30:05.811020
102C,102C,BROADWAY,BROADWAY,SEMMANCHERI TNUHDB,SEMMANCHERI TNUHDB,13:45,2026-01-13T21:30:05.811020
102C,102C,BROADWAY,BROADWAY,SEMMANCHERI TNUHDB,SEMMANCHERI TNUHDB,14:50,2026-01-13T21:30:05.811020
102C,102C,BROADWAY,BROADWAY,SEMMANCHERI TNUHDB,SEMMANCHERI TNUHDB,15:45,2026-01-13T21:30:05.811020
102C,102C,BROADWAY,BROADWAY,SEMMANCHERI TNUHDB,SEMMANCHERI TNUHDB,16:25,2026-01-13T21:30:05.811020
102C,102C,BROADWAY,BROADWAY,SEMMANCHERI TNUHDB,SEMMANCHERI TNUHDB,17:10,2026-01-13T21:30:05.811020
102C,102C,BROADWAY,BROADWAY,SEMMANCHERI TNUHDB,SEMMANCHERI TNUHDB,17:50,2026-01-13T21:30:05.811020
102C,102C,BROADWAY,BROADWAY,SEMMANCHERI TNUHDB,SEMMANCHERI TNUHDB,19:05,2026-01-13T21:30:05.811020
102C,102C,BROADWAY,BROADWAY,SEMMANCHERI TNUHDB,SEMMANCHERI TNUHDB,19:30,2026-01-13T21:30:05.811020
102C,102C,BROADWAY,BROADWAY,St. Rapheals Girls H,St. Rapheals Girls H,15:15,2026-01-13T21:30:20.933035
102C,102C,SANTHOME,SANTHOME,BROADWAY,BROADWAY,09:00,2026-01-13T21:30:40.154184
102C,102C,SANTHOME,SANTHOME,BROADWAY,BROADWAY,16:00,2026-01-13T21:30:40.154184
102C,102C,SEMMANCHERI TNUHDB,SEMMANCHERI TNUHDB,BROADWAY,BROADWAY,04:30,2026-01-13T21:30:59.341877
102C,102C,SEMMANCHERI TNUHDB,SEMMANCHERI TNUHDB,BROADWAY,BROADWAY,06:10,2026-01-13T21:30:59.341877
102C,102C,SEMMANCHERI TNUHDB,SEMMANCHERI TNUHDB,BROADWAY,BROADWAY,07:00,2026-01-13T21:30:59.341877
102C,102C,SEMMANCHERI TNUHDB,SEMMANCHERI TNUHDB,BROADWAY,BROADWAY,08:00,2026-01-13T21:30:59.341877
102C,102C,SEMMANCHERI TNUHDB,SEMMANCHERI TNUHDB,BROADWAY,BROADWAY,09:10,2026-01-13T21:30:59.341877
102C,102C,SEMMANCHERI TNUHDB,SEMMANCHERI TNUHDB,BROADWAY,BROADWAY,09:40,2026-01-13T21:30:59.341877
102C,102C,SEMMANCHERI TNUHDB,SEMMANCHERI TNUHDB,BROADWAY,BROADWAY,10:10,2026-01-13T21:30:59.341877
102C,102C,SEMMANCHERI TNUHDB,SEMMANCHERI TNUHDB,BROADWAY,BROADWAY,11:00,2026-01-13T21:30:59.341877
102C,102C,SEMMANCHERI TNUHDB,SEMMANCHERI TNUHDB,BROADWAY,BROADWAY,11:45,2026-01-13T21:30:59.341877
102C,102C,SEMMANCHERI TNUHDB,SEMMANCHERI TNUHDB,BROADWAY,BROADWAY,12:35,2026-01-13T21:30:59.341877
102C,102C,SEMMANCHERI TNUHDB,SEMMANCHERI TNUHDB,BROADWAY,BROADWAY,13:15,2026-01-13T21:30:59.341877
102C,102C,SEMMANCHERI TNUHDB,SEMMANCHERI TNUHDB,BROADWAY,BROADWAY,13:35,2026-01-13T21:30:59.341877
102C,102C,SEMMANCHERI TNUHDB,SEMMANCHERI TNUHDB,BROADWAY,BROADWAY,14:05,2026-01-13T21:30:59.341877
102C,102C,SEMMANCHERI TNUHDB,SEMMANCHERI TNUHDB,BROADWAY,BROADWAY,15:00,2026-01-13T21:30:59.341877
102C,102C,SEMMANCHERI TNUHDB,SEMMANCHERI TNUHDB,BROADWAY,BROADWAY,15:45,2026-01-13T21:30:59.341877
102C,102C,SEMMANCHERI TNUHDB,SEMMANCHERI TNUHDB,BROADWAY,BROADWAY,17:05,2026-01-13T21:30:59.341877
102C,102C,SEMMANCHERI TNUHDB,SEMMANCHERI TNUHDB,BROADWAY,BROADWAY,17:20,2026-01-13T21:30:59.341877
102C,102C,SEMMANCHERI TNUHDB,SEMMANCHERI TNUHDB,BROADWAY,BROADWAY,17:30,2026-01-13T21:30:59.341877
102C,102C,SEMMANCHERI TNUHDB,SEMMANCHERI TNUHDB,BROADWAY,BROADWAY,18:30,2026-01-13T21:30:59.341877
102C,102C,SEMMANCHERI TNUHDB,SEMMANCHERI TNUHDB,BROADWAY,BROADWAY,19:15,2026-01-13T21:30:59.341877
102C,102C,SEMMANCHERI TNUHDB,SEMMANCHERI TNUHDB,BROADWAY,BROADWAY,20:00,2026-01-13T21:30:59.341877
102C,102C,SEMMANCHERI TNUHDB,SEMMANCHERI TNUHDB,BROADWAY,BROADWAY,21:30,2026-01-13T21:30:59.341877
102C,102C,SEMMANCHERI TNUHDB,SEMMANCHERI TNUHDB,YMCA HR. SCHOOL,YMCA HR. SCHOOL,07:45,2026-01-13T21:31:14.431444
102C,102C,St. Rapheals Girls H,St. Rapheals Girls H,SEMMANCHERI TNUHDB,SEMMANCHERI TNUHDB,15:50,2026-01-13T21:31:33.631670
102C,102C,YMCA HR. SCHOOL,YMCA HR. SCHOOL,BROADWAY,BROADWAY,08:22,2026-01-13T21:31:52.849884
102CT,102CT,ADYAR B.S,ADYAR B.S,SIRUCHERY I.T.PARK,SIRUCHERY I.T.PARK,10:10,2026-01-13T21:32:18.512613
102CT,102CT,ADYAR B.S,ADYAR B.S,SIRUCHERY I.T.PARK,SIRUCHERY I.T.PARK,16:15,2026-01-13T21:32:18.512613
102CT,102CT,ADYAR B.S,ADYAR B.S,SIRUCHERY I.T.PARK,SIRUCHERY I.T.PARK,17:15,2026-01-13T21:32:18.512613
102CT,102CT,ADYAR B.S,ADYAR B.S,SIRUCHERY I.T.PARK,SIRUCHERY I.T.PARK,17:35,2026-01-13T21:32:18.512613
102CT,102CT,ADYAR B.S,ADYAR B.S,SIRUCHERY I.T.PARK,SIRUCHERY I.T.PARK,18:30,2026-01-13T21:32:18.512613
102CT,102CT,ADYAR B.S,ADYAR B.S,SIRUCHERY I.T.PARK,SIRUCHERY I.T.PARK,19:05,2026-01-13T21:32:18.512613
102CT,102CT,ADYAR B.S,ADYAR B.S,SIRUCHERY I.T.PARK,SIRUCHERY I.T.PARK,20:10,2026-01-13T21:32:18.512613
102CT,102CT,ADYAR B.S,ADYAR B.S,SIRUCHERY I.T.PARK,SIRUCHERY I.T.PARK,20:30,2026-01-13T21:32:18.512613
102CT,102CT,ADYAR B.S,ADYAR B.S,THAIYUR KOMAN NAGAR,THAIYUR KOMAN NAGAR,07:00,2026-01-13T21:32:33.616034
102CT,102CT,ADYAR B.S,ADYAR B.S,THAIYUR KOMAN NAGAR,THAIYUR KOMAN NAGAR,15:20,2026-01-13T21:32:33.616034
102CT,102CT,BROADWAY,BROADWAY,PERUMPAKKAM TNUHDB,PERUMPAKKAM TNUHDB,14:50,2026-01-13T21:32:52.840535
102CT,102CT,BROADWAY,BROADWAY,PERUMPAKKAM TNUHDB,PERUMPAKKAM TNUHDB,15:45,2026-01-13T21:32:52.840535
102CT,102CT,BROADWAY,BROADWAY,SIRUCHERY I.T.PARK,SIRUCHERY I.T.PARK,09:00,2026-01-13T21:33:07.962661
102CT,102CT,BROADWAY,BROADWAY,SIRUCHERY I.T.PARK,SIRUCHERY I.T.PARK,09:40,2026-01-13T21:33:07.962661
102CT,102CT,BROADWAY,BROADWAY,SIRUCHERY I.T.PARK,SIRUCHERY I.T.PARK,10:00,2026-01-13T21:33:07.962661
102CT,102CT,BROADWAY,BROADWAY,SIRUCHERY I.T.PARK,SIRUCHERY I.T.PARK,10:10,2026-01-13T21:33:07.962661
102CT,102CT,BROADWAY,BROADWAY,SIRUCHERY I.T.PARK,SIRUCHERY I.T.PARK,10:15,2026-01-13T21:33:07.962661
102CT,102CT,BROADWAY,BROADWAY,SIRUCHERY I.T.PARK,SIRUCHERY I.T.PARK,10:40,2026-01-13T21:33:07.962661
102CT,102CT,BROADWAY,BROADWAY,SIRUCHERY I.T.PARK,SIRUCHERY I.T.PARK,19:05,2026-01-13T21:33:07.962661
102CT,102CT,BROADWAY,BROADWAY,SIRUCHERY I.T.PARK,SIRUCHERY I.T.PARK,20:00,2026-01-13T21:33:07.962661
102CT,102CT,BROADWAY,BROADWAY,THIRUVANMIYUR,THIRUVANMIYUR,12:55,2026-01-13T21:33:23.094166
102CT,102CT,BROADWAY,BROADWAY,THIRUVANMIYUR,THIRUVANMIYUR,13:40,2026-01-13T21:33:23.094166
102CT,102CT,BROADWAY,BROADWAY,THIRUVANMIYUR,THIRUVANMIYUR,13:55,2026-01-13T21:33:23.094166
102CT,102CT,BROADWAY,BROADWAY,THIRUVANMIYUR,THIRUVANMIYUR,14:00,2026-01-13T21:33:23.094166
102CT,102CT,KELAMBAKKAM,KELAMBAKKAM,THIRUVANMIYUR,THIRUVANMIYUR,09:00,2026-01-13T21:34:17.568187
102CT,102CT,KELAMBAKKAM,KELAMBAKKAM,THIRUVANMIYUR,THIRUVANMIYUR,16:40,2026-01-13T21:34:17.568187
102CT,102CT,OKK.THORAIPAKM SEC.COLONY,OKK.THORAIPAKM SEC.COLONY,BROADWAY,BROADWAY,08:15,2026-01-13T21:34:36.747982
102CT,102CT,PERUMPAKKAM TNUHDB,PERUMPAKKAM TNUHDB,BROADWAY,BROADWAY,07:05,2026-01-13T21:34:55.944872
102CT,102CT,PERUMPAKKAM TNUHDB,PERUMPAKKAM TNUHDB,BROADWAY,BROADWAY,07:50,2026-01-13T21:34:55.944872
102CT,102CT,PERUMPAKKAM TNUHDB,PERUMPAKKAM TNUHDB,BROADWAY,BROADWAY,08:05,2026-01-13T21:34:55.944872
102CT,102CT,PERUMPAKKAM TNUHDB,PERUMPAKKAM TNUHDB,BROADWAY,BROADWAY,08:10,2026-01-13T21:34:55.944872
102CT,102CT,PERUMPAKKAM TNUHDB,PERUMPAKKAM TNUHDB,BROADWAY,BROADWAY,09:00,2026-01-13T21:34:55.944872
102CT,102CT,PERUMPAKKAM TNUHDB,PERUMPAKKAM TNUHDB,BROADWAY,BROADWAY,17:10,2026-01-13T21:34:55.944872
102CT,102CT,PERUMPAKKAM TNUHDB,PERUMPAKKAM TNUHDB,BROADWAY,BROADWAY,17:55,2026-01-13T21:34:55.944872
102CT,102CT,SIRUCHERY I.T.PARK,SIRUCHERY I.T.PARK,ADYAR B.S,ADYAR B.S,14:05,2026-01-13T21:35:15.170325
102CT,102CT,SIRUCHERY I.T.PARK,SIRUCHERY I.T.PARK,ADYAR B.S,ADYAR B.S,14:55,2026-01-13T21:35:15.170325
102CT,102CT,SIRUCHERY I.T.PARK,SIRUCHERY I.T.PARK,ADYAR B.S,ADYAR B.S,16:00,2026-01-13T21:35:15.170325
102CT,102CT,SIRUCHERY I.T.PARK,SIRUCHERY I.T.PARK,ADYAR B.S,ADYAR B.S,16:10,2026-01-13T21:35:15.170325
102CT,102CT,SIRUCHERY I.T.PARK,SIRUCHERY I.T.PARK,ADYAR B.S,ADYAR B.S,17:45,2026-01-13T21:35:15.170325
102CT,102CT,SIRUCHERY I.T.PARK,SIRUCHERY I.T.PARK,ADYAR B.S,ADYAR B.S,18:45,2026-01-13T21:35:15.170325
102CT,102CT,SIRUCHERY I.T.PARK,SIRUCHERY I.T.PARK,ADYAR B.S,ADYAR B.S,19:05,2026-01-13T21:35:15.170325
102CT,102CT,SIRUCHERY I.T.PARK,SIRUCHERY I.T.PARK,BROADWAY,BROADWAY,11:00,2026-01-13T21:35:30.323554
102CT,102CT,SIRUCHERY I.T.PARK,SIRUCHERY I.T.PARK,BROADWAY,BROADWAY,11:45,2026-01-13T21:35:30.323554
102CT,102CT,SIRUCHERY I.T.PARK,SIRUCHERY I.T.PARK,BROADWAY,BROADWAY,12:00,2026-01-13T21:35:30.323554
102CT,102CT,SIRUCHERY I.T.PARK,SIRUCHERY I.T.PARK,BROADWAY,BROADWAY,12:05,2026-01-13T21:35:30.323554
102CT,102CT,SIRUCHERY I.T.PARK,SIRUCHERY I.T.PARK,THIRUVANMIYUR,THIRUVANMIYUR,05:45,2026-01-13T21:35:45.435875
102CT,102CT,SIRUCHERY I.T.PARK,SIRUCHERY I.T.PARK,THIRUVANMIYUR,THIRUVANMIYUR,05:50,2026-01-13T21:35:45.435875
102CT,102CT,SIRUCHERY I.T.PARK,SIRUCHERY I.T.PARK,THIRUVANMIYUR,THIRUVANMIYUR,06:30,2026-01-13T21:35:45.435875
102CT,102CT,SIRUCHERY I.T.PARK,SIRUCHERY I.T.PARK,THIRUVANMIYUR,THIRUVANMIYUR,06:35,2026-01-13T21:35:45.435875
102CT,102CT,SIRUCHERY I.T.PARK,SIRUCHERY I.T.PARK,THIRUVANMIYUR,THIRUVANMIYUR,08:35,2026-01-13T21:35:45.435875
102CT,102CT,SIRUCHERY I.T.PARK,SIRUCHERY I.T.PARK,THIRUVANMIYUR,THIRUVANMIYUR,09:05,2026-01-13T21:35:45.435875
102CT,102CT,SIRUCHERY I.T.PARK,SIRUCHERY I.T.PARK,THIRUVANMIYUR,THIRUVANMIYUR,09:35,2026-01-13T21:35:45.435875
102CT,102CT,SIRUCHERY I.T.PARK,SIRUCHERY I.T.PARK,THIRUVANMIYUR,THIRUVANMIYUR,11:10,2026-01-13T21:35:45.435875
102CT,102CT,SIRUCHERY I.T.PARK,SIRUCHERY I.T.PARK,THIRUVANMIYUR,THIRUVANMIYUR,11:15,2026-01-13T21:35:45.435875
102CT,102CT,SIRUCHERY I.T.PARK,SIRUCHERY I.T.PARK,THIRUVANMIYUR,THIRUVANMIYUR,11:30,2026-01-13T21:35:45.435875
102CT,102CT,SIRUCHERY I.T.PARK,SIRUCHERY I.T.PARK,THIRUVANMIYUR,THIRUVANMIYUR,11:35,2026-01-13T21:35:45.435875
102CT,102CT,SIRUCHERY I.T.PARK,SIRUCHERY I.T.PARK,THIRUVANMIYUR,THIRUVANMIYUR,12:10,2026-01-13T21:35:45.435875
102CT,102CT,SIRUCHERY I.T.PARK,SIRUCHERY I.T.PARK,THIRUVANMIYUR,THIRUVANMIYUR,12:15,2026-01-13T21:35:45.435875
102CT,102CT,SIRUCHERY I.T.PARK,SIRUCHERY I.T.PARK,THIRUVANMIYUR,THIRUVANMIYUR,12:20,2026-01-13T21:35:45.435875
102CT,102CT,SIRUCHERY I.T.PARK,SIRUCHERY I.T.PARK,THIRUVANMIYUR,THIRUVANMIYUR,13:10,2026-01-13T21:35:45.435875
102CT,102CT,SIRUCHERY I.T.PARK,SIRUCHERY I.T.PARK,THIRUVANMIYUR,THIRUVANMIYUR,13:45,2026-01-13T21:35:45.435875
102CT,102CT,SIRUCHERY I.T.PARK,SIRUCHERY I.T.PARK,THIRUVANMIYUR,THIRUVANMIYUR,14:00,2026-01-13T21:35:45.435875
102CT,102CT,SIRUCHERY I.T.PARK,SIRUCHERY I.T.PARK,THIRUVANMIYUR,THIRUVANMIYUR,14:10,2026-01-13T21:35:45.435875
102CT,102CT,SIRUCHERY I.T.PARK,SIRUCHERY I.T.PARK,THIRUVANMIYUR,THIRUVANMIYUR,14:50,2026-01-13T21:35:45.435875
102CT,102CT,SIRUCHERY I.T.PARK,SIRUCHERY I.T.PARK,THIRUVANMIYUR,THIRUVANMIYUR,15:40,2026-01-13T21:35:45.435875
102CT,102CT,SIRUCHERY I.T.PARK,SIRUCHERY I.T.PARK,THIRUVANMIYUR,THIRUVANMIYUR,15:45,2026-01-13T21:35:45.435875
102CT,102CT,SIRUCHERY I.T.PARK,SIRUCHERY I.T.PARK,THIRUVANMIYUR,THIRUVANMIYUR,16:40,2026-01-13T21:35:45.435875
102CT,102CT,SIRUCHERY I.T.PARK,SIRUCHERY I.T.PARK,THIRUVANMIYUR,THIRUVANMIYUR,17:15,2026-01-13T21:35:45.435875
102CT,102CT,SIRUCHERY I.T.PARK,SIRUCHERY I.T.PARK,THIRUVANMIYUR,THIRUVANMIYUR,17:55,2026-01-13T21:35:45.435875
102CT,102CT,SIRUCHERY I.T.PARK,SIRUCHERY I.T.PARK,THIRUVANMIYUR,THIRUVANMIYUR,18:15,2026-01-13T21:35:45.435875
102CT,102CT,SIRUCHERY I.T.PARK,SIRUCHERY I.T.PARK,THIRUVANMIYUR,THIRUVANMIYUR,18:55,2026-01-13T21:35:45.435875
102CT,102CT,SIRUCHERY I.T.PARK,SIRUCHERY I.T.PARK,THIRUVANMIYUR,THIRUVANMIYUR,19:50,2026-01-13T21:35:45.435875
102CT,102CT,SIRUCHERY I.T.PARK,SIRUCHERY I.T.PARK,THIRUVANMIYUR,THIRUVANMIYUR,19:57,2026-01-13T21:35:45.435875
102CT,102CT,SIRUCHERY I.T.PARK,SIRUCHERY I.T.PARK,THIRUVANMIYUR,THIRUVANMIYUR,20:00,2026-01-13T21:35:45.435875
102CT,102CT,SIRUCHERY I.T.PARK,SIRUCHERY I.T.PARK,THIRUVANMIYUR,THIRUVANMIYUR,20:25,2026-01-13T21:35:45.435875
102CT,102CT,SIRUCHERY I.T.PARK,SIRUCHERY I.T.PARK,THIRUVANMIYUR,THIRUVANMIYUR,20:55,2026-01-13T21:35:45.435875
102CT,102CT,SIRUCHERY I.T.PARK,SIRUCHERY I.T.PARK,THIRUVANMIYUR,THIRUVANMIYUR,21:30,2026-01-13T21:35:45.435875
102CT,102CT,SIRUCHERY I.T.PARK,SIRUCHERY I.T.PARK,THIRUVANMIYUR,THIRUVANMIYUR,21:50,2026-01-13T21:35:45.435875
102CT,102CT,THAIYUR KOMAN NAGAR,THAIYUR KOMAN NAGAR,ADYAR B.S,ADYAR B.S,08:30,2026-01-13T21:36:04.647769
102CT,102CT,THAIYUR KOMAN NAGAR,THAIYUR KOMAN NAGAR,ADYAR B.S,ADYAR B.S,16:50,2026-01-13T21:36:04.647769
102CT,102CT,THIRUVANMIYUR,THIRUVANMIYUR,BROADWAY,BROADWAY,13:50,2026-01-13T21:36:23.914933
102CT,102CT,THIRUVANMIYUR,THIRUVANMIYUR,BROADWAY,BROADWAY,14:50,2026-01-13T21:36:23.914933
102CT,102CT,THIRUVANMIYUR,THIRUVANMIYUR,KELAMBAKKAM,KELAMBAKKAM,07:00,2026-01-13T21:36:39.030733
102CT,102CT,THIRUVANMIYUR,THIRUVANMIYUR,KELAMBAKKAM,KELAMBAKKAM,15:05,2026-01-13T21:36:39.030733
102CT,102CT,THIRUVANMIYUR,THIRUVANMIYUR,OKK.THORAIPAKM SEC.COLONY,OKK.THORAIPAKM SEC.COLONY,07:35,2026-01-13T21:36:54.140748
102CT,102CT,THIRUVANMIYUR,THIRUVANMIYUR,PERUMPAKKAM TNUHDB,PERUMPAKKAM TNUHDB,05:55,2026-01-13T21:37:09.246703
102CT,102CT,THIRUVANMIYUR,THIRUVANMIYUR,PERUMPAKKAM TNUHDB,PERUMPAKKAM TNUHDB,06:35,2026-01-13T21:37:09.246703
102CT,102CT,THIRUVANMIYUR,THIRUVANMIYUR,PERUMPAKKAM TNUHDB,PERUMPAKKAM TNUHDB,06:50,2026-01-13T21:37:09.246703
102CT,102CT,THIRUVANMIYUR,THIRUVANMIYUR,PERUMPAKKAM TNUHDB,PERUMPAKKAM TNUHDB,07:05,2026-01-13T21:37:09.246703
102CT,102CT,THIRUVANMIYUR,THIRUVANMIYUR,PERUMPAKKAM TNUHDB,PERUMPAKKAM TNUHDB,07:45,2026-01-13T21:37:09.246703
102CT,102CT,THIRUVANMIYUR,THIRUVANMIYUR,SIRUCHERY I.T.PARK,SIRUCHERY I.T.PARK,04:50,2026-01-13T21:37:24.380356
102CT,102CT,THIRUVANMIYUR,THIRUVANMIYUR,SIRUCHERY I.T.PARK,SIRUCHERY I.T.PARK,05:00,2026-01-13T21:37:24.380356
102CT,102CT,THIRUVANMIYUR,THIRUVANMIYUR,SIRUCHERY I.T.PARK,SIRUCHERY I.T.PARK,05:25,2026-01-13T21:37:24.380356
102CT,102CT,THIRUVANMIYUR,THIRUVANMIYUR,SIRUCHERY I.T.PARK,SIRUCHERY I.T.PARK,05:30,2026-01-13T21:37:24.380356
102CT,102CT,THIRUVANMIYUR,THIRUVANMIYUR,SIRUCHERY I.T.PARK,SIRUCHERY I.T.PARK,07:30,2026-01-13T21:37:24.380356
102CT,102CT,THIRUVANMIYUR,THIRUVANMIYUR,SIRUCHERY I.T.PARK,SIRUCHERY I.T.PARK,08:00,2026-01-13T21:37:24.380356
102CT,102CT,THIRUVANMIYUR,THIRUVANMIYUR,SIRUCHERY I.T.PARK,SIRUCHERY I.T.PARK,08:30,2026-01-13T21:37:24.380356
102CT,102CT,THIRUVANMIYUR,THIRUVANMIYUR,SIRUCHERY I.T.PARK,SIRUCHERY I.T.PARK,09:40,2026-01-13T21:37:24.380356
102CT,102CT,THIRUVANMIYUR,THIRUVANMIYUR,SIRUCHERY I.T.PARK,SIRUCHERY I.T.PARK,10:10,2026-01-13T21:37:24.380356
102CT,102CT,THIRUVANMIYUR,THIRUVANMIYUR,SIRUCHERY I.T.PARK,SIRUCHERY I.T.PARK,10:25,2026-01-13T21:37:24.380356
102CT,102CT,THIRUVANMIYUR,THIRUVANMIYUR,SIRUCHERY I.T.PARK,SIRUCHERY I.T.PARK,10:40,2026-01-13T21:37:24.380356
102CT,102CT,THIRUVANMIYUR,THIRUVANMIYUR,SIRUCHERY I.T.PARK,SIRUCHERY I.T.PARK,12:10,2026-01-13T21:37:24.380356
102CT,102CT,THIRUVANMIYUR,THIRUVANMIYUR,SIRUCHERY I.T.PARK,SIRUCHERY I.T.PARK,12:45,2026-01-13T21:37:24.380356
102CT,102CT,THIRUVANMIYUR,THIRUVANMIYUR,SIRUCHERY I.T.PARK,SIRUCHERY I.T.PARK,12:55,2026-01-13T21:37:24.380356
102CT,102CT,THIRUVANMIYUR,THIRUVANMIYUR,SIRUCHERY I.T.PARK,SIRUCHERY I.T.PARK,13:00,2026-01-13T21:37:24.380356
102CT,102CT,THIRUVANMIYUR,THIRUVANMIYUR,SIRUCHERY I.T.PARK,SIRUCHERY I.T.PARK,13:10,2026-01-13T21:37:24.380356
102CT,102CT,THIRUVANMIYUR,THIRUVANMIYUR,SIRUCHERY I.T.PARK,SIRUCHERY I.T.PARK,13:35,2026-01-13T21:37:24.380356
102CT,102CT,THIRUVANMIYUR,THIRUVANMIYUR,SIRUCHERY I.T.PARK,SIRUCHERY I.T.PARK,13:40,2026-01-13T21:37:24.380356
102CT,102CT,THIRUVANMIYUR,THIRUVANMIYUR,SIRUCHERY I.T.PARK,SIRUCHERY I.T.PARK,14:40,2026-01-13T21:37:24.380356
102CT,102CT,THIRUVANMIYUR,THIRUVANMIYUR,SIRUCHERY I.T.PARK,SIRUCHERY I.T.PARK,14:45,2026-01-13T21:37:24.380356
102CT,102CT,THIRUVANMIYUR,THIRUVANMIYUR,SIRUCHERY I.T.PARK,SIRUCHERY I.T.PARK,15:00,2026-01-13T21:37:24.380356
102CT,102CT,THIRUVANMIYUR,THIRUVANMIYUR,SIRUCHERY I.T.PARK,SIRUCHERY I.T.PARK,15:45,2026-01-13T21:37:24.380356
102CT,102CT,THIRUVANMIYUR,THIRUVANMIYUR,SIRUCHERY I.T.PARK,SIRUCHERY I.T.PARK,16:02,2026-01-13T21:37:24.380356
102CT,102CT,THIRUVANMIYUR,THIRUVANMIYUR,SIRUCHERY I.T.PARK,SIRUCHERY I.T.PARK,16:50,2026-01-13T21:37:24.380356
102CT,102CT,THIRUVANMIYUR,THIRUVANMIYUR,SIRUCHERY I.T.PARK,SIRUCHERY I.T.PARK,17:10,2026-01-13T21:37:24.380356
102CT,102CT,THIRUVANMIYUR,THIRUVANMIYUR,SIRUCHERY I.T.PARK,SIRUCHERY I.T.PARK,17:50,2026-01-13T21:37:24.380356
102CT,102CT,THIRUVANMIYUR,THIRUVANMIYUR,SIRUCHERY I.T.PARK,SIRUCHERY I.T.PARK,18:35,2026-01-13T21:37:24.380356
102CT,102CT,THIRUVANMIYUR,THIRUVANMIYUR,SIRUCHERY I.T.PARK,SIRUCHERY I.T.PARK,18:45,2026-01-13T21:37:24.380356
102E,102E,PERUMPAKKAM TNUHDB,PERUMPAKKAM TNUHDB,THIRUVANMIYUR,THIRUVANMIYUR,07:00,2026-01-13T21:37:50.182357
102E,102E,PERUMPAKKAM TNUHDB,PERUMPAKKAM TNUHDB,THIRUVANMIYUR,THIRUVANMIYUR,07:30,2026-01-13T21:37:50.182357
102E,102E,PERUMPAKKAM TNUHDB,PERUMPAKKAM TNUHDB,THIRUVANMIYUR,THIRUVANMIYUR,07:50,2026-01-13T21:37:50.182357
102E,102E,PERUMPAKKAM TNUHDB,PERUMPAKKAM TNUHDB,THIRUVANMIYUR,THIRUVANMIYUR,08:10,2026-01-13T21:37:50.182357
102E,102E,PERUMPAKKAM TNUHDB,PERUMPAKKAM TNUHDB,THIRUVANMIYUR,THIRUVANMIYUR,08:45,2026-01-13T21:37:50.182357
102E,102E,SIRUCHERY I.T.PARK,SIRUCHERY I.T.PARK,THIRUVANMIYUR,THIRUVANMIYUR,09:25,2026-01-13T21:38:09.410071
102E,102E,SIRUCHERY I.T.PARK,SIRUCHERY I.T.PARK,THIRUVANMIYUR,THIRUVANMIYUR,10:00,2026-01-13T21:38:09.410071
102E,102E,SIRUCHERY I.T.PARK,SIRUCHERY I.T.PARK,THIRUVANMIYUR,THIRUVANMIYUR,10:20,2026-01-13T21:38:09.410071
102E,102E,SIRUCHERY I.T.PARK,SIRUCHERY I.T.PARK,THIRUVANMIYUR,THIRUVANMIYUR,10:40,2026-01-13T21:38:09.410071
102E,102E,SIRUCHERY I.T.PARK,SIRUCHERY I.T.PARK,THIRUVANMIYUR,THIRUVANMIYUR,11:05,2026-01-13T21:38:09.410071
102E,102E,SIRUCHERY I.T.PARK,SIRUCHERY I.T.PARK,THIRUVANMIYUR,THIRUVANMIYUR,11:55,2026-01-13T21:38:09.410071
102E,102E,SIRUCHERY I.T.PARK,SIRUCHERY I.T.PARK,THIRUVANMIYUR,THIRUVANMIYUR,12:30,2026-01-13T21:38:09.410071
102E,102E,SIRUCHERY I.T.PARK,SIRUCHERY I.T.PARK,THIRUVANMIYUR,THIRUVANMIYUR,12:50,2026-01-13T21:38:09.410071
102E,102E,SIRUCHERY I.T.PARK,SIRUCHERY I.T.PARK,THIRUVANMIYUR,THIRUVANMIYUR,13:00,2026-01-13T21:38:09.410071
102E,102E,SIRUCHERY I.T.PARK,SIRUCHERY I.T.PARK,THIRUVANMIYUR,THIRUVANMIYUR,13:30,2026-01-13T21:38:09.410071
102E,102E,SIRUCHERY I.T.PARK,SIRUCHERY I.T.PARK,THIRUVANMIYUR,THIRUVANMIYUR,14:20,2026-01-13T21:38:09.410071
102E,102E,SIRUCHERY I.T.PARK,SIRUCHERY I.T.PARK,THIRUVANMIYUR,THIRUVANMIYUR,14:40,2026-01-13T21:38:09.410071
102E,102E,SIRUCHERY I.T.PARK,SIRUCHERY I.T.PARK,THIRUVANMIYUR,THIRUVANMIYUR,15:10,2026-01-13T21:38:09.410071
102E,102E,SIRUCHERY I.T.PARK,SIRUCHERY I.T.PARK,THIRUVANMIYUR,THIRUVANMIYUR,15:30,2026-01-13T21:38:09.410071
102E,102E,SIRUCHERY I.T.PARK,SIRUCHERY I.T.PARK,THIRUVANMIYUR,THIRUVANMIYUR,15:55,2026-01-13T21:38:09.410071
102E,102E,SIRUCHERY I.T.PARK,SIRUCHERY I.T.PARK,THIRUVANMIYUR,THIRUVANMIYUR,16:30,2026-01-13T21:38:09.410071
102E,102E,SIRUCHERY I.T.PARK,SIRUCHERY I.T.PARK,THIRUVANMIYUR,THIRUVANMIYUR,17:00,2026-01-13T21:38:09.410071
102E,102E,SIRUCHERY I.T.PARK,SIRUCHERY I.T.PARK,THIRUVANMIYUR,THIRUVANMIYUR,17:30,2026-01-13T21:38:09.410071
102E,102E,SIRUCHERY I.T.PARK,SIRUCHERY I.T.PARK,THIRUVANMIYUR,THIRUVANMIYUR,17:50,2026-01-13T21:38:09.410071
102E,102E,SIRUCHERY I.T.PARK,SIRUCHERY I.T.PARK,THIRUVANMIYUR,THIRUVANMIYUR,18:25,2026-01-13T21:38:09.410071
102E,102E,THIRUVANMIYUR,THIRUVANMIYUR,PERUMPAKKAM TNUHDB,PERUMPAKKAM TNUHDB,17:50,2026-01-13T21:38:28.667927
102E,102E,THIRUVANMIYUR,THIRUVANMIYUR,PERUMPAKKAM TNUHDB,PERUMPAKKAM TNUHDB,18:20,2026-01-13T21:38:28.667927
102E,102E,THIRUVANMIYUR,THIRUVANMIYUR,PERUMPAKKAM TNUHDB,PERUMPAKKAM TNUHDB,18:40,2026-01-13T21:38:28.667927
102E,102E,THIRUVANMIYUR,THIRUVANMIYUR,PERUMPAKKAM TNUHDB,PERUMPAKKAM TNUHDB,19:05,2026-01-13T21:38:28.667927
102E,102E,THIRUVANMIYUR,THIRUVANMIYUR,PERUMPAKKAM TNUHDB,PERUMPAKKAM TNUHDB,19:40,2026-01-13T21:38:28.667927
102E,102E,THIRUVANMIYUR,THIRUVANMIYUR,SIRUCHERY I.T.PARK,SIRUCHERY I.T.PARK,08:10,2026-01-13T21:38:43.782984
102E,102E,THIRUVANMIYUR,THIRUVANMIYUR,SIRUCHERY I.T.PARK,SIRUCHERY I.T.PARK,08:40,2026-01-13T21:38:43.782984
102E,102E,THIRUVANMIYUR,THIRUVANMIYUR,SIRUCHERY I.T.PARK,SIRUCHERY I.T.PARK,09:00,2026-01-13T21:38:43.782984
102E,102E,THIRUVANMIYUR,THIRUVANMIYUR,SIRUCHERY I.T.PARK,SIRUCHERY I.T.PARK,09:20,2026-01-13T21:38:43.782984
102E,102E,THIRUVANMIYUR,THIRUVANMIYUR,SIRUCHERY I.T.PARK,SIRUCHERY I.T.PARK,09:55,2026-01-13T21:38:43.782984
102E,102E,THIRUVANMIYUR,THIRUVANMIYUR,SIRUCHERY I.T.PARK,SIRUCHERY I.T.PARK,10:50,2026-01-13T21:38:43.782984
102E,102E,THIRUVANMIYUR,THIRUVANMIYUR,SIRUCHERY I.T.PARK,SIRUCHERY I.T.PARK,11:10,2026-01-13T21:38:43.782984
102E,102E,THIRUVANMIYUR,THIRUVANMIYUR,SIRUCHERY I.T.PARK,SIRUCHERY I.T.PARK,11:30,2026-01-13T21:38:43.782984
102E,102E,THIRUVANMIYUR,THIRUVANMIYUR,SIRUCHERY I.T.PARK,SIRUCHERY I.T.PARK,11:50,2026-01-13T21:38:43.782984
102E,102E,THIRUVANMIYUR,THIRUVANMIYUR,SIRUCHERY I.T.PARK,SIRUCHERY I.T.PARK,12:25,2026-01-13T21:38:43.782984
102E,102E,THIRUVANMIYUR,THIRUVANMIYUR,SIRUCHERY I.T.PARK,SIRUCHERY I.T.PARK,13:20,2026-01-13T21:38:43.782984
102E,102E,THIRUVANMIYUR,THIRUVANMIYUR,SIRUCHERY I.T.PARK,SIRUCHERY I.T.PARK,13:30,2026-01-13T21:38:43.782984
102E,102E,THIRUVANMIYUR,THIRUVANMIYUR,SIRUCHERY I.T.PARK,SIRUCHERY I.T.PARK,14:00,2026-01-13T21:38:43.782984
102E,102E,THIRUVANMIYUR,THIRUVANMIYUR,SIRUCHERY I.T.PARK,SIRUCHERY I.T.PARK,14:20,2026-01-13T21:38:43.782984
102E,102E,THIRUVANMIYUR,THIRUVANMIYUR,SIRUCHERY I.T.PARK,SIRUCHERY I.T.PARK,14:50,2026-01-13T21:38:43.782984
102E,102E,THIRUVANMIYUR,THIRUVANMIYUR,SIRUCHERY I.T.PARK,SIRUCHERY I.T.PARK,15:25,2026-01-13T21:38:43.782984
102E,102E,THIRUVANMIYUR,THIRUVANMIYUR,SIRUCHERY I.T.PARK,SIRUCHERY I.T.PARK,15:55,2026-01-13T21:38:43.782984
102E,102E,THIRUVANMIYUR,THIRUVANMIYUR,SIRUCHERY I.T.PARK,SIRUCHERY I.T.PARK,16:20,2026-01-13T21:38:43.782984
102E,102E,THIRUVANMIYUR,THIRUVANMIYUR,SIRUCHERY I.T.PARK,SIRUCHERY I.T.PARK,16:40,2026-01-13T21:38:43.782984
102E,102E,THIRUVANMIYUR,THIRUVANMIYUR,SIRUCHERY I.T.PARK,SIRUCHERY I.T.PARK,17:00,2026-01-13T21:38:43.782984
102K,102K,ADYAR B.S,ADYAR B.S,EZHIL NAGAR,EZHIL NAGAR,13:20,2026-01-13T21:39:08.971081
102K,102K,ADYAR B.S,ADYAR B.S,EZHIL NAGAR,EZHIL NAGAR,18:05,2026-01-13T21:39:08.971081
102K,102K,ADYAR B.S,ADYAR B.S,KANNAGI NAGAR TNUHDB,KANNAGI NAGAR TNUHDB,06:10,2026-01-13T21:39:24.083651
102K,102K,ADYAR B.S,ADYAR B.S,KANNAGI NAGAR TNUHDB,KANNAGI NAGAR TNUHDB,07:00,2026-01-13T21:39:24.083651
102K,102K,ADYAR B.S,ADYAR B.S,KANNAGI NAGAR TNUHDB,KANNAGI NAGAR TNUHDB,07:30,2026-01-13T21:39:24.083651
102K,102K,ADYAR B.S,ADYAR B.S,KANNAGI NAGAR TNUHDB,KANNAGI NAGAR TNUHDB,07:35,2026-01-13T21:39:24.083651
102K,102K,ADYAR B.S,ADYAR B.S,KANNAGI NAGAR TNUHDB,KANNAGI NAGAR TNUHDB,09:27,2026-01-13T21:39:24.083651
102K,102K,ADYAR B.S,ADYAR B.S,KANNAGI NAGAR TNUHDB,KANNAGI NAGAR TNUHDB,11:45,2026-01-13T21:39:24.083651
102K,102K,ADYAR B.S,ADYAR B.S,KANNAGI NAGAR TNUHDB,KANNAGI NAGAR TNUHDB,12:00,2026-01-13T21:39:24.083651
102K,102K,ADYAR B.S,ADYAR B.S,KANNAGI NAGAR TNUHDB,KANNAGI NAGAR TNUHDB,12:20,2026-01-13T21:39:24.083651
102K,102K,ADYAR B.S,ADYAR B.S,KANNAGI NAGAR TNUHDB,KANNAGI NAGAR TNUHDB,12:50,2026-01-13T21:39:24.083651
102K,102K,ADYAR B.S,ADYAR B.S,KANNAGI NAGAR TNUHDB,KANNAGI NAGAR TNUHDB,12:58,2026-01-13T21:39:24.083651
102K,102K,ADYAR B.S,ADYAR B.S,KANNAGI NAGAR TNUHDB,KANNAGI NAGAR TNUHDB,13:10,2026-01-13T21:39:24.083651
102K,102K,ADYAR B.S,ADYAR B.S,KANNAGI NAGAR TNUHDB,KANNAGI NAGAR TNUHDB,13:25,2026-01-13T21:39:24.083651
102K,102K,ADYAR B.S,ADYAR B.S,KANNAGI NAGAR TNUHDB,KANNAGI NAGAR TNUHDB,13:30,2026-01-13T21:39:24.083651
102K,102K,ADYAR B.S,ADYAR B.S,KANNAGI NAGAR TNUHDB,KANNAGI NAGAR TNUHDB,14:20,2026-01-13T21:39:24.083651
102K,102K,ADYAR B.S,ADYAR B.S,KANNAGI NAGAR TNUHDB,KANNAGI NAGAR TNUHDB,15:10,2026-01-13T21:39:24.083651
102K,102K,ADYAR B.S,ADYAR B.S,KANNAGI NAGAR TNUHDB,KANNAGI NAGAR TNUHDB,15:30,2026-01-13T21:39:24.083651
102K,102K,ADYAR B.S,ADYAR B.S,KANNAGI NAGAR TNUHDB,KANNAGI NAGAR TNUHDB,15:50,2026-01-13T21:39:24.083651
102K,102K,ADYAR B.S,ADYAR B.S,KANNAGI NAGAR TNUHDB,KANNAGI NAGAR TNUHDB,17:10,2026-01-13T21:39:24.083651
102K,102K,ADYAR B.S,ADYAR B.S,KANNAGI NAGAR TNUHDB,KANNAGI NAGAR TNUHDB,17:27,2026-01-13T21:39:24.083651
102K,102K,ADYAR B.S,ADYAR B.S,KANNAGI NAGAR TNUHDB,KANNAGI NAGAR TNUHDB,17:30,2026-01-13T21:39:24.083651
102K,102K,ADYAR B.S,ADYAR B.S,KANNAGI NAGAR TNUHDB,KANNAGI NAGAR TNUHDB,17:40,2026-01-13T21:39:24.083651
102K,102K,ADYAR B.S,ADYAR B.S,KANNAGI NAGAR TNUHDB,KANNAGI NAGAR TNUHDB,18:10,2026-01-13T21:39:24.083651
102K,102K,ADYAR B.S,ADYAR B.S,KANNAGI NAGAR TNUHDB,KANNAGI NAGAR TNUHDB,18:40,2026-01-13T21:39:24.083651
102K,102K,ADYAR B.S,ADYAR B.S,KANNAGI NAGAR TNUHDB,KANNAGI NAGAR TNUHDB,19:20,2026-01-13T21:39:24.083651
102K,102K,ADYAR B.S,ADYAR B.S,YMCA HR. SCHOOL,YMCA HR. SCHOOL,14:55,2026-01-13T21:39:39.206248
102K,102K,ALWARPET,ALWARPET,BROADWAY,BROADWAY,08:25,2026-01-13T21:39:58.433835
102K,102K,ALWARPET,ALWARPET,PERUMPAKKAM TNUHDB,PERUMPAKKAM TNUHDB,15:30,2026-01-13T21:40:13.562292
102K,102K,BESANT NAGAR,BESANT NAGAR,THIRUVANMIYUR,THIRUVANMIYUR,06:25,2026-01-13T21:40:32.780020
102K,102K,BESANT NAGAR,BESANT NAGAR,THIRUVANMIYUR,THIRUVANMIYUR,06:50,2026-01-13T21:40:32.780020
102K,102K,BROADWAY,BROADWAY,EZHIL NAGAR,EZHIL NAGAR,05:50,2026-01-13T21:40:52.020546
102K,102K,BROADWAY,BROADWAY,EZHIL NAGAR,EZHIL NAGAR,07:50,2026-01-13T21:40:52.020546
102K,102K,BROADWAY,BROADWAY,EZHIL NAGAR,EZHIL NAGAR,08:55,2026-01-13T21:40:52.020546
102K,102K,BROADWAY,BROADWAY,EZHIL NAGAR,EZHIL NAGAR,10:55,2026-01-13T21:40:52.020546
102K,102K,BROADWAY,BROADWAY,EZHIL NAGAR,EZHIL NAGAR,14:00,2026-01-13T21:40:52.020546
102K,102K,BROADWAY,BROADWAY,EZHIL NAGAR,EZHIL NAGAR,15:50,2026-01-13T21:40:52.020546
102K,102K,BROADWAY,BROADWAY,EZHIL NAGAR,EZHIL NAGAR,18:50,2026-01-13T21:40:52.020546
102K,102K,BROADWAY,BROADWAY,EZHIL NAGAR,EZHIL NAGAR,20:35,2026-01-13T21:40:52.020546
102K,102K,BROADWAY,BROADWAY,KANNAGI NAGAR TNUHDB,KANNAGI NAGAR TNUHDB,04:50,2026-01-13T21:41:07.129978
102K,102K,BROADWAY,BROADWAY,KANNAGI NAGAR TNUHDB,KANNAGI NAGAR TNUHDB,05:00,2026-01-13T21:41:07.129978
102K,102K,BROADWAY,BROADWAY,KANNAGI NAGAR TNUHDB,KANNAGI NAGAR TNUHDB,05:10,2026-01-13T21:41:07.129978
102K,102K,BROADWAY,BROADWAY,KANNAGI NAGAR TNUHDB,KANNAGI NAGAR TNUHDB,05:40,2026-01-13T21:41:07.129978
102K,102K,BROADWAY,BROADWAY,KANNAGI NAGAR TNUHDB,KANNAGI NAGAR TNUHDB,05:55,2026-01-13T21:41:07.129978
102K,102K,BROADWAY,BROADWAY,KANNAGI NAGAR TNUHDB,KANNAGI NAGAR TNUHDB,06:05,2026-01-13T21:41:07.129978
102K,102K,BROADWAY,BROADWAY,KANNAGI NAGAR TNUHDB,KANNAGI NAGAR TNUHDB,06:10,2026-01-13T21:41:07.129978
102K,102K,BROADWAY,BROADWAY,KANNAGI NAGAR TNUHDB,KANNAGI NAGAR TNUHDB,06:15,2026-01-13T21:41:07.129978
102K,102K,BROADWAY,BROADWAY,KANNAGI NAGAR TNUHDB,KANNAGI NAGAR TNUHDB,06:20,2026-01-13T21:41:07.129978
102K,102K,BROADWAY,BROADWAY,KANNAGI NAGAR TNUHDB,KANNAGI NAGAR TNUHDB,06:25,2026-01-13T21:41:07.129978
102K,102K,BROADWAY,BROADWAY,KANNAGI NAGAR TNUHDB,KANNAGI NAGAR TNUHDB,06:35,2026-01-13T21:41:07.129978
102K,102K,BROADWAY,BROADWAY,KANNAGI NAGAR TNUHDB,KANNAGI NAGAR TNUHDB,06:40,2026-01-13T21:41:07.129978
102K,102K,BROADWAY,BROADWAY,KANNAGI NAGAR TNUHDB,KANNAGI NAGAR TNUHDB,06:45,2026-01-13T21:41:07.129978
102K,102K,BROADWAY,BROADWAY,KANNAGI NAGAR TNUHDB,KANNAGI NAGAR TNUHDB,06:50,2026-01-13T21:41:07.129978
102K,102K,BROADWAY,BROADWAY,KANNAGI NAGAR TNUHDB,KANNAGI NAGAR TNUHDB,07:10,2026-01-13T21:41:07.129978
102K,102K,BROADWAY,BROADWAY,KANNAGI NAGAR TNUHDB,KANNAGI NAGAR TNUHDB,07:25,2026-01-13T21:41:07.129978
102K,102K,BROADWAY,BROADWAY,KANNAGI NAGAR TNUHDB,KANNAGI NAGAR TNUHDB,08:05,2026-01-13T21:41:07.129978
102K,102K,BROADWAY,BROADWAY,KANNAGI NAGAR TNUHDB,KANNAGI NAGAR TNUHDB,08:20,2026-01-13T21:41:07.129978
102K,102K,BROADWAY,BROADWAY,KANNAGI NAGAR TNUHDB,KANNAGI NAGAR TNUHDB,08:30,2026-01-13T21:41:07.129978
102K,102K,BROADWAY,BROADWAY,KANNAGI NAGAR TNUHDB,KANNAGI NAGAR TNUHDB,08:35,2026-01-13T21:41:07.129978
102K,102K,BROADWAY,BROADWAY,KANNAGI NAGAR TNUHDB,KANNAGI NAGAR TNUHDB,08:45,2026-01-13T21:41:07.129978
102K,102K,BROADWAY,BROADWAY,KANNAGI NAGAR TNUHDB,KANNAGI NAGAR TNUHDB,09:00,2026-01-13T21:41:07.129978
102K,102K,BROADWAY,BROADWAY,KANNAGI NAGAR TNUHDB,KANNAGI NAGAR TNUHDB,09:02,2026-01-13T21:41:07.129978
102K,102K,BROADWAY,BROADWAY,KANNAGI NAGAR TNUHDB,KANNAGI NAGAR TNUHDB,09:05,2026-01-13T21:41:07.129978
102K,102K,BROADWAY,BROADWAY,KANNAGI NAGAR TNUHDB,KANNAGI NAGAR TNUHDB,09:10,2026-01-13T21:41:07.129978
102K,102K,BROADWAY,BROADWAY,KANNAGI NAGAR TNUHDB,KANNAGI NAGAR TNUHDB,09:15,2026-01-13T21:41:07.129978
102K,102K,BROADWAY,BROADWAY,KANNAGI NAGAR TNUHDB,KANNAGI NAGAR TNUHDB,09:20,2026-01-13T21:41:07.129978
102K,102K,BROADWAY,BROADWAY,KANNAGI NAGAR TNUHDB,KANNAGI NAGAR TNUHDB,09:25,2026-01-13T21:41:07.129978
102K,102K,BROADWAY,BROADWAY,KANNAGI NAGAR TNUHDB,KANNAGI NAGAR TNUHDB,09:30,2026-01-13T21:41:07.129978
102K,102K,BROADWAY,BROADWAY,KANNAGI NAGAR TNUHDB,KANNAGI NAGAR TNUHDB,09:32,2026-01-13T21:41:07.129978
102K,102K,BROADWAY,BROADWAY,KANNAGI NAGAR TNUHDB,KANNAGI NAGAR TNUHDB,09:35,2026-01-13T21:41:07.129978
102K,102K,BROADWAY,BROADWAY,KANNAGI NAGAR TNUHDB,KANNAGI NAGAR TNUHDB,09:37,2026-01-13T21:41:07.129978
102K,102K,BROADWAY,BROADWAY,KANNAGI NAGAR TNUHDB,KANNAGI NAGAR TNUHDB,09:40,2026-01-13T21:41:07.129978
102K,102K,BROADWAY,BROADWAY,KANNAGI NAGAR TNUHDB,KANNAGI NAGAR TNUHDB,09:45,2026-01-13T21:41:07.129978
102K,102K,BROADWAY,BROADWAY,KANNAGI NAGAR TNUHDB,KANNAGI NAGAR TNUHDB,09:47,2026-01-13T21:41:07.129978
102K,102K,BROADWAY,BROADWAY,KANNAGI NAGAR TNUHDB,KANNAGI NAGAR TNUHDB,09:50,2026-01-13T21:41:07.129978
102K,102K,BROADWAY,BROADWAY,KANNAGI NAGAR TNUHDB,KANNAGI NAGAR TNUHDB,09:52,2026-01-13T21:41:07.129978
102K,102K,BROADWAY,BROADWAY,KANNAGI NAGAR TNUHDB,KANNAGI NAGAR TNUHDB,09:55,2026-01-13T21:41:07.129978
102K,102K,BROADWAY,BROADWAY,KANNAGI NAGAR TNUHDB,KANNAGI NAGAR TNUHDB,10:05,2026-01-13T21:41:07.129978
102K,102K,BROADWAY,BROADWAY,KANNAGI NAGAR TNUHDB,KANNAGI NAGAR TNUHDB,10:13,2026-01-13T21:41:07.129978
102K,102K,BROADWAY,BROADWAY,KANNAGI NAGAR TNUHDB,KANNAGI NAGAR TNUHDB,10:15,2026-01-13T21:41:07.129978
102K,102K,BROADWAY,BROADWAY,KANNAGI NAGAR TNUHDB,KANNAGI NAGAR TNUHDB,10:25,2026-01-13T21:41:07.129978
102K,102K,BROADWAY,BROADWAY,KANNAGI NAGAR TNUHDB,KANNAGI NAGAR TNUHDB,10:27,2026-01-13T21:41:07.129978
102K,102K,BROADWAY,BROADWAY,KANNAGI NAGAR TNUHDB,KANNAGI NAGAR TNUHDB,10:30,2026-01-13T21:41:07.129978
102K,102K,BROADWAY,BROADWAY,KANNAGI NAGAR TNUHDB,KANNAGI NAGAR TNUHDB,10:40,2026-01-13T21:41:07.129978
102K,102K,BROADWAY,BROADWAY,KANNAGI NAGAR TNUHDB,KANNAGI NAGAR TNUHDB,10:50,2026-01-13T21:41:07.129978
102K,102K,BROADWAY,BROADWAY,KANNAGI NAGAR TNUHDB,KANNAGI NAGAR TNUHDB,11:20,2026-01-13T21:41:07.129978
102K,102K,BROADWAY,BROADWAY,KANNAGI NAGAR TNUHDB,KANNAGI NAGAR TNUHDB,11:30,2026-01-13T21:41:07.129978
102K,102K,BROADWAY,BROADWAY,KANNAGI NAGAR TNUHDB,KANNAGI NAGAR TNUHDB,11:40,2026-01-13T21:41:07.129978
102K,102K,BROADWAY,BROADWAY,KANNAGI NAGAR TNUHDB,KANNAGI NAGAR TNUHDB,11:50,2026-01-13T21:41:07.129978
102K,102K,BROADWAY,BROADWAY,KANNAGI NAGAR TNUHDB,KANNAGI NAGAR TNUHDB,12:05,2026-01-13T21:41:07.129978
102K,102K,BROADWAY,BROADWAY,KANNAGI NAGAR TNUHDB,KANNAGI NAGAR TNUHDB,12:10,2026-01-13T21:41:07.129978
102K,102K,BROADWAY,BROADWAY,KANNAGI NAGAR TNUHDB,KANNAGI NAGAR TNUHDB,12:12,2026-01-13T21:41:07.129978
102K,102K,BROADWAY,BROADWAY,KANNAGI NAGAR TNUHDB,KANNAGI NAGAR TNUHDB,12:15,2026-01-13T21:41:07.129978
102K,102K,BROADWAY,BROADWAY,KANNAGI NAGAR TNUHDB,KANNAGI NAGAR TNUHDB,12:35,2026-01-13T21:41:07.129978
102K,102K,BROADWAY,BROADWAY,KANNAGI NAGAR TNUHDB,KANNAGI NAGAR TNUHDB,12:45,2026-01-13T21:41:07.129978
102K,102K,BROADWAY,BROADWAY,KANNAGI NAGAR TNUHDB,KANNAGI NAGAR TNUHDB,12:50,2026-01-13T21:41:07.129978
102K,102K,BROADWAY,BROADWAY,KANNAGI NAGAR TNUHDB,KANNAGI NAGAR TNUHDB,12:55,2026-01-13T21:41:07.129978
102K,102K,BROADWAY,BROADWAY,KANNAGI NAGAR TNUHDB,KANNAGI NAGAR TNUHDB,13:05,2026-01-13T21:41:07.129978
102K,102K,BROADWAY,BROADWAY,KANNAGI NAGAR TNUHDB,KANNAGI NAGAR TNUHDB,13:10,2026-01-13T21:41:07.129978
102K,102K,BROADWAY,BROADWAY,KANNAGI NAGAR TNUHDB,KANNAGI NAGAR TNUHDB,13:15,2026-01-13T21:41:07.129978
102K,102K,BROADWAY,BROADWAY,KANNAGI NAGAR TNUHDB,KANNAGI NAGAR TNUHDB,13:30,2026-01-13T21:41:07.129978
102K,102K,BROADWAY,BROADWAY,KANNAGI NAGAR TNUHDB,KANNAGI NAGAR TNUHDB,13:55,2026-01-13T21:41:07.129978
102K,102K,BROADWAY,BROADWAY,KANNAGI NAGAR TNUHDB,KANNAGI NAGAR TNUHDB,14:10,2026-01-13T21:41:07.129978
102K,102K,BROADWAY,BROADWAY,KANNAGI NAGAR TNUHDB,KANNAGI NAGAR TNUHDB,14:20,2026-01-13T21:41:07.129978
102K,102K,BROADWAY,BROADWAY,KANNAGI NAGAR TNUHDB,KANNAGI NAGAR TNUHDB,14:35,2026-01-13T21:41:07.129978
102K,102K,BROADWAY,BROADWAY,KANNAGI NAGAR TNUHDB,KANNAGI NAGAR TNUHDB,14:40,2026-01-13T21:41:07.129978
102K,102K,BROADWAY,BROADWAY,KANNAGI NAGAR TNUHDB,KANNAGI NAGAR TNUHDB,14:50,2026-01-13T21:41:07.129978
102K,102K,BROADWAY,BROADWAY,KANNAGI NAGAR TNUHDB,KANNAGI NAGAR TNUHDB,14:57,2026-01-13T21:41:07.129978
102K,102K,BROADWAY,BROADWAY,KANNAGI NAGAR TNUHDB,KANNAGI NAGAR TNUHDB,15:00,2026-01-13T21:41:07.129978
102K,102K,BROADWAY,BROADWAY,KANNAGI NAGAR TNUHDB,KANNAGI NAGAR TNUHDB,15:05,2026-01-13T21:41:07.129978
102K,102K,BROADWAY,BROADWAY,KANNAGI NAGAR TNUHDB,KANNAGI NAGAR TNUHDB,15:10,2026-01-13T21:41:07.129978
102K,102K,BROADWAY,BROADWAY,KANNAGI NAGAR TNUHDB,KANNAGI NAGAR TNUHDB,15:20,2026-01-13T21:41:07.129978
102K,102K,BROADWAY,BROADWAY,KANNAGI NAGAR TNUHDB,KANNAGI NAGAR TNUHDB,15:25,2026-01-13T21:41:07.129978
102K,102K,BROADWAY,BROADWAY,KANNAGI NAGAR TNUHDB,KANNAGI NAGAR TNUHDB,15:30,2026-01-13T21:41:07.129978
102K,102K,BROADWAY,BROADWAY,KANNAGI NAGAR TNUHDB,KANNAGI NAGAR TNUHDB,15:35,2026-01-13T21:41:07.129978
102K,102K,BROADWAY,BROADWAY,KANNAGI NAGAR TNUHDB,KANNAGI NAGAR TNUHDB,15:40,2026-01-13T21:41:07.129978
102K,102K,BROADWAY,BROADWAY,KANNAGI NAGAR TNUHDB,KANNAGI NAGAR TNUHDB,15:45,2026-01-13T21:41:07.129978
102K,102K,BROADWAY,BROADWAY,KANNAGI NAGAR TNUHDB,KANNAGI NAGAR TNUHDB,15:55,2026-01-13T21:41:07.129978
102K,102K,BROADWAY,BROADWAY,KANNAGI NAGAR TNUHDB,KANNAGI NAGAR TNUHDB,16:00,2026-01-13T21:41:07.129978
102K,102K,BROADWAY,BROADWAY,KANNAGI NAGAR TNUHDB,KANNAGI NAGAR TNUHDB,16:05,2026-01-13T21:41:07.129978
102K,102K,BROADWAY,BROADWAY,KANNAGI NAGAR TNUHDB,KANNAGI NAGAR TNUHDB,16:10,2026-01-13T21:41:07.129978
102K,102K,BROADWAY,BROADWAY,KANNAGI NAGAR TNUHDB,KANNAGI NAGAR TNUHDB,16:30,2026-01-13T21:41:07.129978
102K,102K,BROADWAY,BROADWAY,KANNAGI NAGAR TNUHDB,KANNAGI NAGAR TNUHDB,16:45,2026-01-13T21:41:07.129978
102K,102K,BROADWAY,BROADWAY,KANNAGI NAGAR TNUHDB,KANNAGI NAGAR TNUHDB,16:50,2026-01-13T21:41:07.129978
102K,102K,BROADWAY,BROADWAY,KANNAGI NAGAR TNUHDB,KANNAGI NAGAR TNUHDB,17:10,2026-01-13T21:41:07.129978
102K,102K,BROADWAY,BROADWAY,KANNAGI NAGAR TNUHDB,KANNAGI NAGAR TNUHDB,17:25,2026-01-13T21:41:07.129978
102K,102K,BROADWAY,BROADWAY,KANNAGI NAGAR TNUHDB,KANNAGI NAGAR TNUHDB,17:35,2026-01-13T21:41:07.129978
102K,102K,BROADWAY,BROADWAY,KANNAGI NAGAR TNUHDB,KANNAGI NAGAR TNUHDB,17:40,2026-01-13T21:41:07.129978
102K,102K,BROADWAY,BROADWAY,KANNAGI NAGAR TNUHDB,KANNAGI NAGAR TNUHDB,17:55,2026-01-13T21:41:07.129978
102K,102K,BROADWAY,BROADWAY,KANNAGI NAGAR TNUHDB,KANNAGI NAGAR TNUHDB,18:00,2026-01-13T21:41:07.129978
102K,102K,BROADWAY,BROADWAY,KANNAGI NAGAR TNUHDB,KANNAGI NAGAR TNUHDB,18:20,2026-01-13T21:41:07.129978
102K,102K,BROADWAY,BROADWAY,KANNAGI NAGAR TNUHDB,KANNAGI NAGAR TNUHDB,18:30,2026-01-13T21:41:07.129978
102K,102K,BROADWAY,BROADWAY,KANNAGI NAGAR TNUHDB,KANNAGI NAGAR TNUHDB,18:38,2026-01-13T21:41:07.129978
102K,102K,BROADWAY,BROADWAY,KANNAGI NAGAR TNUHDB,KANNAGI NAGAR TNUHDB,18:40,2026-01-13T21:41:07.129978
102K,102K,BROADWAY,BROADWAY,KANNAGI NAGAR TNUHDB,KANNAGI NAGAR TNUHDB,18:45,2026-01-13T21:41:07.129978
102K,102K,BROADWAY,BROADWAY,KANNAGI NAGAR TNUHDB,KANNAGI NAGAR TNUHDB,18:55,2026-01-13T21:41:07.129978
102K,102K,BROADWAY,BROADWAY,KANNAGI NAGAR TNUHDB,KANNAGI NAGAR TNUHDB,19:05,2026-01-13T21:41:07.129978
102K,102K,BROADWAY,BROADWAY,KANNAGI NAGAR TNUHDB,KANNAGI NAGAR TNUHDB,19:10,2026-01-13T21:41:07.129978
102K,102K,BROADWAY,BROADWAY,KANNAGI NAGAR TNUHDB,KANNAGI NAGAR TNUHDB,19:20,2026-01-13T21:41:07.129978
102K,102K,BROADWAY,BROADWAY,KANNAGI NAGAR TNUHDB,KANNAGI NAGAR TNUHDB,19:22,2026-01-13T21:41:07.129978
102K,102K,BROADWAY,BROADWAY,KANNAGI NAGAR TNUHDB,KANNAGI NAGAR TNUHDB,19:25,2026-01-13T21:41:07.129978
102K,102K,BROADWAY,BROADWAY,KANNAGI NAGAR TNUHDB,KANNAGI NAGAR TNUHDB,19:30,2026-01-13T21:41:07.129978
102K,102K,BROADWAY,BROADWAY,KANNAGI NAGAR TNUHDB,KANNAGI NAGAR TNUHDB,19:35,2026-01-13T21:41:07.129978
102K,102K,BROADWAY,BROADWAY,KANNAGI NAGAR TNUHDB,KANNAGI NAGAR TNUHDB,19:40,2026-01-13T21:41:07.129978
102K,102K,BROADWAY,BROADWAY,KANNAGI NAGAR TNUHDB,KANNAGI NAGAR TNUHDB,19:45,2026-01-13T21:41:07.129978
102K,102K,BROADWAY,BROADWAY,KANNAGI NAGAR TNUHDB,KANNAGI NAGAR TNUHDB,19:50,2026-01-13T21:41:07.129978
102K,102K,BROADWAY,BROADWAY,KANNAGI NAGAR TNUHDB,KANNAGI NAGAR TNUHDB,19:55,2026-01-13T21:41:07.129978
102K,102K,BROADWAY,BROADWAY,KANNAGI NAGAR TNUHDB,KANNAGI NAGAR TNUHDB,20:05,2026-01-13T21:41:07.129978
102K,102K,BROADWAY,BROADWAY,KANNAGI NAGAR TNUHDB,KANNAGI NAGAR TNUHDB,20:15,2026-01-13T21:41:07.129978
102K,102K,BROADWAY,BROADWAY,KANNAGI NAGAR TNUHDB,KANNAGI NAGAR TNUHDB,20:20,2026-01-13T21:41:07.129978
102K,102K,BROADWAY,BROADWAY,KANNAGI NAGAR TNUHDB,KANNAGI NAGAR TNUHDB,20:35,2026-01-13T21:41:07.129978
102K,102K,BROADWAY,BROADWAY,KANNAGI NAGAR TNUHDB,KANNAGI NAGAR TNUHDB,20:45,2026-01-13T21:41:07.129978
102K,102K,BROADWAY,BROADWAY,KANNAGI NAGAR TNUHDB,KANNAGI NAGAR TNUHDB,20:50,2026-01-13T21:41:07.129978
102K,102K,BROADWAY,BROADWAY,KANNAGI NAGAR TNUHDB,KANNAGI NAGAR TNUHDB,21:00,2026-01-13T21:41:07.129978
102K,102K,BROADWAY,BROADWAY,KANNAGI NAGAR TNUHDB,KANNAGI NAGAR TNUHDB,21:20,2026-01-13T21:41:07.129978
102K,102K,BROADWAY,BROADWAY,KANNAGI NAGAR TNUHDB,KANNAGI NAGAR TNUHDB,21:40,2026-01-13T21:41:07.129978
102K,102K,BROADWAY,BROADWAY,KANNAGI NAGAR TNUHDB,KANNAGI NAGAR TNUHDB,22:00,2026-01-13T21:41:07.129978
102K,102K,BROADWAY,BROADWAY,PERUMPAKKAM TNUHDB,PERUMPAKKAM TNUHDB,15:02,2026-01-13T21:41:22.257449
102K,102K,BROADWAY,BROADWAY,PERUMPAKKAM TNUHDB,PERUMPAKKAM TNUHDB,15:12,2026-01-13T21:41:22.257449
102K,102K,BROADWAY,BROADWAY,PERUMPAKKAM TNUHDB,PERUMPAKKAM TNUHDB,16:02,2026-01-13T21:41:22.257449
102K,102K,BROADWAY,BROADWAY,SATHYA NAGAR,SATHYA NAGAR,07:35,2026-01-13T21:41:37.329128
102K,102K,BROADWAY,BROADWAY,ST FRANCIS XAVIER SCHOOL,ST FRANCIS XAVIER SCHOOL,15:20,2026-01-13T21:41:52.421798
102K,102K,BROADWAY,BROADWAY,THIRUVANMIYUR,THIRUVANMIYUR,12:42,2026-01-13T21:42:07.554559
102K,102K,BROADWAY,BROADWAY,THIRUVANMIYUR,THIRUVANMIYUR,13:02,2026-01-13T21:42:07.554559
102K,102K,BROADWAY,BROADWAY,THIRUVANMIYUR,THIRUVANMIYUR,13:42,2026-01-13T21:42:07.554559
102K,102K,BROADWAY,BROADWAY,THIRUVANMIYUR,THIRUVANMIYUR,21:55,2026-01-13T21:42:07.554559
102K,102K,BROADWAY,BROADWAY,THIRUVANMIYUR,THIRUVANMIYUR,22:05,2026-01-13T21:42:07.554559
102K,102K,EZHIL NAGAR,EZHIL NAGAR,ADYAR B.S,ADYAR B.S,12:35,2026-01-13T21:42:26.771128
102K,102K,EZHIL NAGAR,EZHIL NAGAR,ADYAR B.S,ADYAR B.S,17:25,2026-01-13T21:42:26.771128
102K,102K,EZHIL NAGAR,EZHIL NAGAR,BROADWAY,BROADWAY,06:15,2026-01-13T21:42:41.853795
102K,102K,EZHIL NAGAR,EZHIL NAGAR,BROADWAY,BROADWAY,07:20,2026-01-13T21:42:41.853795
102K,102K,EZHIL NAGAR,EZHIL NAGAR,BROADWAY,BROADWAY,09:20,2026-01-13T21:42:41.853795
102K,102K,EZHIL NAGAR,EZHIL NAGAR,BROADWAY,BROADWAY,12:12,2026-01-13T21:42:41.853795
102K,102K,EZHIL NAGAR,EZHIL NAGAR,BROADWAY,BROADWAY,14:20,2026-01-13T21:42:41.853795
102K,102K,EZHIL NAGAR,EZHIL NAGAR,BROADWAY,BROADWAY,17:15,2026-01-13T21:42:41.853795
102K,102K,EZHIL NAGAR,EZHIL NAGAR,BROADWAY,BROADWAY,18:55,2026-01-13T21:42:41.853795
102K,102K,EZHIL NAGAR,EZHIL NAGAR,BROADWAY,BROADWAY,20:25,2026-01-13T21:42:41.853795
102K,102K,EZHIL NAGAR,EZHIL NAGAR,THIRUVANMIYUR,THIRUVANMIYUR,10:30,2026-01-13T21:42:56.932312
102K,102K,EZHIL NAGAR,EZHIL NAGAR,THIRUVANMIYUR,THIRUVANMIYUR,15:30,2026-01-13T21:42:56.932312
102K,102K,GREAMS ROAD,GREAMS ROAD,PERUMPAKKAM TNUHDB,PERUMPAKKAM TNUHDB,15:35,2026-01-13T21:43:16.139241
102K,102K,KANNAGI NAGAR TNUHDB,KANNAGI NAGAR TNUHDB,ADYAR B.S,ADYAR B.S,05:25,2026-01-13T21:43:35.397546
102K,102K,KANNAGI NAGAR TNUHDB,KANNAGI NAGAR TNUHDB,ADYAR B.S,ADYAR B.S,06:15,2026-01-13T21:43:35.397546
102K,102K,KANNAGI NAGAR TNUHDB,KANNAGI NAGAR TNUHDB,ADYAR B.S,ADYAR B.S,06:50,2026-01-13T21:43:35.397546
102K,102K,KANNAGI NAGAR TNUHDB,KANNAGI NAGAR TNUHDB,ADYAR B.S,ADYAR B.S,06:52,2026-01-13T21:43:35.397546
102K,102K,KANNAGI NAGAR TNUHDB,KANNAGI NAGAR TNUHDB,ADYAR B.S,ADYAR B.S,10:55,2026-01-13T21:43:35.397546
102K,102K,KANNAGI NAGAR TNUHDB,KANNAGI NAGAR TNUHDB,ADYAR B.S,ADYAR B.S,11:15,2026-01-13T21:43:35.397546
102K,102K,KANNAGI NAGAR TNUHDB,KANNAGI NAGAR TNUHDB,ADYAR B.S,ADYAR B.S,11:35,2026-01-13T21:43:35.397546
102K,102K,KANNAGI NAGAR TNUHDB,KANNAGI NAGAR TNUHDB,ADYAR B.S,ADYAR B.S,12:10,2026-01-13T21:43:35.397546
102K,102K,KANNAGI NAGAR TNUHDB,KANNAGI NAGAR TNUHDB,ADYAR B.S,ADYAR B.S,12:13,2026-01-13T21:43:35.397546
102K,102K,KANNAGI NAGAR TNUHDB,KANNAGI NAGAR TNUHDB,ADYAR B.S,ADYAR B.S,12:25,2026-01-13T21:43:35.397546
102K,102K,KANNAGI NAGAR TNUHDB,KANNAGI NAGAR TNUHDB,ADYAR B.S,ADYAR B.S,12:45,2026-01-13T21:43:35.397546
102K,102K,KANNAGI NAGAR TNUHDB,KANNAGI NAGAR TNUHDB,ADYAR B.S,ADYAR B.S,12:50,2026-01-13T21:43:35.397546
102K,102K,KANNAGI NAGAR TNUHDB,KANNAGI NAGAR TNUHDB,ADYAR B.S,ADYAR B.S,13:40,2026-01-13T21:43:35.397546
102K,102K,KANNAGI NAGAR TNUHDB,KANNAGI NAGAR TNUHDB,ADYAR B.S,ADYAR B.S,14:00,2026-01-13T21:43:35.397546
102K,102K,KANNAGI NAGAR TNUHDB,KANNAGI NAGAR TNUHDB,ADYAR B.S,ADYAR B.S,14:25,2026-01-13T21:43:35.397546
102K,102K,KANNAGI NAGAR TNUHDB,KANNAGI NAGAR TNUHDB,ADYAR B.S,ADYAR B.S,14:40,2026-01-13T21:43:35.397546
102K,102K,KANNAGI NAGAR TNUHDB,KANNAGI NAGAR TNUHDB,ADYAR B.S,ADYAR B.S,15:10,2026-01-13T21:43:35.397546
102K,102K,KANNAGI NAGAR TNUHDB,KANNAGI NAGAR TNUHDB,ADYAR B.S,ADYAR B.S,16:30,2026-01-13T21:43:35.397546
102K,102K,KANNAGI NAGAR TNUHDB,KANNAGI NAGAR TNUHDB,ADYAR B.S,ADYAR B.S,16:42,2026-01-13T21:43:35.397546
102K,102K,KANNAGI NAGAR TNUHDB,KANNAGI NAGAR TNUHDB,ADYAR B.S,ADYAR B.S,16:50,2026-01-13T21:43:35.397546
102K,102K,KANNAGI NAGAR TNUHDB,KANNAGI NAGAR TNUHDB,ADYAR B.S,ADYAR B.S,16:55,2026-01-13T21:43:35.397546
102K,102K,KANNAGI NAGAR TNUHDB,KANNAGI NAGAR TNUHDB,ADYAR B.S,ADYAR B.S,17:15,2026-01-13T21:43:35.397546
102K,102K,KANNAGI NAGAR TNUHDB,KANNAGI NAGAR TNUHDB,ADYAR B.S,ADYAR B.S,17:50,2026-01-13T21:43:35.397546
102K,102K,KANNAGI NAGAR TNUHDB,KANNAGI NAGAR TNUHDB,ADYAR B.S,ADYAR B.S,18:30,2026-01-13T21:43:35.397546
102K,102K,KANNAGI NAGAR TNUHDB,KANNAGI NAGAR TNUHDB,BROADWAY,BROADWAY,04:40,2026-01-13T21:43:50.513156
102K,102K,KANNAGI NAGAR TNUHDB,KANNAGI NAGAR TNUHDB,BROADWAY,BROADWAY,04:50,2026-01-13T21:43:50.513156
102K,102K,KANNAGI NAGAR TNUHDB,KANNAGI NAGAR TNUHDB,BROADWAY,BROADWAY,05:05,2026-01-13T21:43:50.513156
102K,102K,KANNAGI NAGAR TNUHDB,KANNAGI NAGAR TNUHDB,BROADWAY,BROADWAY,05:20,2026-01-13T21:43:50.513156
102K,102K,KANNAGI NAGAR TNUHDB,KANNAGI NAGAR TNUHDB,BROADWAY,BROADWAY,05:40,2026-01-13T21:43:50.513156
102K,102K,KANNAGI NAGAR TNUHDB,KANNAGI NAGAR TNUHDB,BROADWAY,BROADWAY,05:55,2026-01-13T21:43:50.513156
102K,102K,KANNAGI NAGAR TNUHDB,KANNAGI NAGAR TNUHDB,BROADWAY,BROADWAY,06:05,2026-01-13T21:43:50.513156
102K,102K,KANNAGI NAGAR TNUHDB,KANNAGI NAGAR TNUHDB,BROADWAY,BROADWAY,06:25,2026-01-13T21:43:50.513156
102K,102K,KANNAGI NAGAR TNUHDB,KANNAGI NAGAR TNUHDB,BROADWAY,BROADWAY,06:45,2026-01-13T21:43:50.513156
102K,102K,KANNAGI NAGAR TNUHDB,KANNAGI NAGAR TNUHDB,BROADWAY,BROADWAY,06:55,2026-01-13T21:43:50.513156
102K,102K,KANNAGI NAGAR TNUHDB,KANNAGI NAGAR TNUHDB,BROADWAY,BROADWAY,07:15,2026-01-13T21:43:50.513156
102K,102K,KANNAGI NAGAR TNUHDB,KANNAGI NAGAR TNUHDB,BROADWAY,BROADWAY,07:20,2026-01-13T21:43:50.513156
102K,102K,KANNAGI NAGAR TNUHDB,KANNAGI NAGAR TNUHDB,BROADWAY,BROADWAY,07:25,2026-01-13T21:43:50.513156
102K,102K,KANNAGI NAGAR TNUHDB,KANNAGI NAGAR TNUHDB,BROADWAY,BROADWAY,07:35,2026-01-13T21:43:50.513156
102K,102K,KANNAGI NAGAR TNUHDB,KANNAGI NAGAR TNUHDB,BROADWAY,BROADWAY,07:45,2026-01-13T21:43:50.513156
102K,102K,KANNAGI NAGAR TNUHDB,KANNAGI NAGAR TNUHDB,BROADWAY,BROADWAY,07:50,2026-01-13T21:43:50.513156
102K,102K,KANNAGI NAGAR TNUHDB,KANNAGI NAGAR TNUHDB,BROADWAY,BROADWAY,07:52,2026-01-13T21:43:50.513156
102K,102K,KANNAGI NAGAR TNUHDB,KANNAGI NAGAR TNUHDB,BROADWAY,BROADWAY,07:55,2026-01-13T21:43:50.513156
102K,102K,KANNAGI NAGAR TNUHDB,KANNAGI NAGAR TNUHDB,BROADWAY,BROADWAY,08:00,2026-01-13T21:43:50.513156
102K,102K,KANNAGI NAGAR TNUHDB,KANNAGI NAGAR TNUHDB,BROADWAY,BROADWAY,08:02,2026-01-13T21:43:50.513156
102K,102K,KANNAGI NAGAR TNUHDB,KANNAGI NAGAR TNUHDB,BROADWAY,BROADWAY,08:05,2026-01-13T21:43:50.513156
102K,102K,KANNAGI NAGAR TNUHDB,KANNAGI NAGAR TNUHDB,BROADWAY,BROADWAY,08:10,2026-01-13T21:43:50.513156
102K,102K,KANNAGI NAGAR TNUHDB,KANNAGI NAGAR TNUHDB,BROADWAY,BROADWAY,08:15,2026-01-13T21:43:50.513156
102K,102K,KANNAGI NAGAR TNUHDB,KANNAGI NAGAR TNUHDB,BROADWAY,BROADWAY,08:20,2026-01-13T21:43:50.513156
102K,102K,KANNAGI NAGAR TNUHDB,KANNAGI NAGAR TNUHDB,BROADWAY,BROADWAY,08:25,2026-01-13T21:43:50.513156
102K,102K,KANNAGI NAGAR TNUHDB,KANNAGI NAGAR TNUHDB,BROADWAY,BROADWAY,08:30,2026-01-13T21:43:50.513156
102K,102K,KANNAGI NAGAR TNUHDB,KANNAGI NAGAR TNUHDB,BROADWAY,BROADWAY,08:35,2026-01-13T21:43:50.513156
102K,102K,KANNAGI NAGAR TNUHDB,KANNAGI NAGAR TNUHDB,BROADWAY,BROADWAY,08:45,2026-01-13T21:43:50.513156
102K,102K,KANNAGI NAGAR TNUHDB,KANNAGI NAGAR TNUHDB,BROADWAY,BROADWAY,08:50,2026-01-13T21:43:50.513156
102K,102K,KANNAGI NAGAR TNUHDB,KANNAGI NAGAR TNUHDB,BROADWAY,BROADWAY,09:00,2026-01-13T21:43:50.513156
102K,102K,KANNAGI NAGAR TNUHDB,KANNAGI NAGAR TNUHDB,BROADWAY,BROADWAY,09:10,2026-01-13T21:43:50.513156
102K,102K,KANNAGI NAGAR TNUHDB,KANNAGI NAGAR TNUHDB,BROADWAY,BROADWAY,09:35,2026-01-13T21:43:50.513156
102K,102K,KANNAGI NAGAR TNUHDB,KANNAGI NAGAR TNUHDB,BROADWAY,BROADWAY,09:55,2026-01-13T21:43:50.513156
102K,102K,KANNAGI NAGAR TNUHDB,KANNAGI NAGAR TNUHDB,BROADWAY,BROADWAY,10:05,2026-01-13T21:43:50.513156
102K,102K,KANNAGI NAGAR TNUHDB,KANNAGI NAGAR TNUHDB,BROADWAY,BROADWAY,10:10,2026-01-13T21:43:50.513156
102K,102K,KANNAGI NAGAR TNUHDB,KANNAGI NAGAR TNUHDB,BROADWAY,BROADWAY,10:20,2026-01-13T21:43:50.513156
102K,102K,KANNAGI NAGAR TNUHDB,KANNAGI NAGAR TNUHDB,BROADWAY,BROADWAY,10:30,2026-01-13T21:43:50.513156
102K,102K,KANNAGI NAGAR TNUHDB,KANNAGI NAGAR TNUHDB,BROADWAY,BROADWAY,10:37,2026-01-13T21:43:50.513156
102K,102K,KANNAGI NAGAR TNUHDB,KANNAGI NAGAR TNUHDB,BROADWAY,BROADWAY,10:40,2026-01-13T21:43:50.513156
102K,102K,KANNAGI NAGAR TNUHDB,KANNAGI NAGAR TNUHDB,BROADWAY,BROADWAY,11:05,2026-01-13T21:43:50.513156
102K,102K,KANNAGI NAGAR TNUHDB,KANNAGI NAGAR TNUHDB,BROADWAY,BROADWAY,11:07,2026-01-13T21:43:50.513156
102K,102K,KANNAGI NAGAR TNUHDB,KANNAGI NAGAR TNUHDB,BROADWAY,BROADWAY,11:12,2026-01-13T21:43:50.513156
102K,102K,KANNAGI NAGAR TNUHDB,KANNAGI NAGAR TNUHDB,BROADWAY,BROADWAY,11:17,2026-01-13T21:43:50.513156
102K,102K,KANNAGI NAGAR TNUHDB,KANNAGI NAGAR TNUHDB,BROADWAY,BROADWAY,11:20,2026-01-13T21:43:50.513156
102K,102K,KANNAGI NAGAR TNUHDB,KANNAGI NAGAR TNUHDB,BROADWAY,BROADWAY,11:30,2026-01-13T21:43:50.513156
102K,102K,KANNAGI NAGAR TNUHDB,KANNAGI NAGAR TNUHDB,BROADWAY,BROADWAY,11:32,2026-01-13T21:43:50.513156
102K,102K,KANNAGI NAGAR TNUHDB,KANNAGI NAGAR TNUHDB,BROADWAY,BROADWAY,11:55,2026-01-13T21:43:50.513156
102K,102K,KANNAGI NAGAR TNUHDB,KANNAGI NAGAR TNUHDB,BROADWAY,BROADWAY,12:07,2026-01-13T21:43:50.513156
102K,102K,KANNAGI NAGAR TNUHDB,KANNAGI NAGAR TNUHDB,BROADWAY,BROADWAY,12:15,2026-01-13T21:43:50.513156
102K,102K,KANNAGI NAGAR TNUHDB,KANNAGI NAGAR TNUHDB,BROADWAY,BROADWAY,12:30,2026-01-13T21:43:50.513156
102K,102K,KANNAGI NAGAR TNUHDB,KANNAGI NAGAR TNUHDB,BROADWAY,BROADWAY,12:37,2026-01-13T21:43:50.513156
102K,102K,KANNAGI NAGAR TNUHDB,KANNAGI NAGAR TNUHDB,BROADWAY,BROADWAY,12:55,2026-01-13T21:43:50.513156
102K,102K,KANNAGI NAGAR TNUHDB,KANNAGI NAGAR TNUHDB,BROADWAY,BROADWAY,13:00,2026-01-13T21:43:50.513156
102K,102K,KANNAGI NAGAR TNUHDB,KANNAGI NAGAR TNUHDB,BROADWAY,BROADWAY,13:05,2026-01-13T21:43:50.513156
102K,102K,KANNAGI NAGAR TNUHDB,KANNAGI NAGAR TNUHDB,BROADWAY,BROADWAY,13:25,2026-01-13T21:43:50.513156
102K,102K,KANNAGI NAGAR TNUHDB,KANNAGI NAGAR TNUHDB,BROADWAY,BROADWAY,13:27,2026-01-13T21:43:50.513156
102K,102K,KANNAGI NAGAR TNUHDB,KANNAGI NAGAR TNUHDB,BROADWAY,BROADWAY,13:30,2026-01-13T21:43:50.513156
102K,102K,KANNAGI NAGAR TNUHDB,KANNAGI NAGAR TNUHDB,BROADWAY,BROADWAY,13:35,2026-01-13T21:43:50.513156
102K,102K,KANNAGI NAGAR TNUHDB,KANNAGI NAGAR TNUHDB,BROADWAY,BROADWAY,13:50,2026-01-13T21:43:50.513156
102K,102K,KANNAGI NAGAR TNUHDB,KANNAGI NAGAR TNUHDB,BROADWAY,BROADWAY,14:08,2026-01-13T21:43:50.513156
102K,102K,KANNAGI NAGAR TNUHDB,KANNAGI NAGAR TNUHDB,BROADWAY,BROADWAY,14:10,2026-01-13T21:43:50.513156
102K,102K,KANNAGI NAGAR TNUHDB,KANNAGI NAGAR TNUHDB,BROADWAY,BROADWAY,14:20,2026-01-13T21:43:50.513156
102K,102K,KANNAGI NAGAR TNUHDB,KANNAGI NAGAR TNUHDB,BROADWAY,BROADWAY,14:27,2026-01-13T21:43:50.513156
102K,102K,KANNAGI NAGAR TNUHDB,KANNAGI NAGAR TNUHDB,BROADWAY,BROADWAY,14:30,2026-01-13T21:43:50.513156
102K,102K,KANNAGI NAGAR TNUHDB,KANNAGI NAGAR TNUHDB,BROADWAY,BROADWAY,14:35,2026-01-13T21:43:50.513156
102K,102K,KANNAGI NAGAR TNUHDB,KANNAGI NAGAR TNUHDB,BROADWAY,BROADWAY,15:00,2026-01-13T21:43:50.513156
102K,102K,KANNAGI NAGAR TNUHDB,KANNAGI NAGAR TNUHDB,BROADWAY,BROADWAY,15:05,2026-01-13T21:43:50.513156
102K,102K,KANNAGI NAGAR TNUHDB,KANNAGI NAGAR TNUHDB,BROADWAY,BROADWAY,15:15,2026-01-13T21:43:50.513156
102K,102K,KANNAGI NAGAR TNUHDB,KANNAGI NAGAR TNUHDB,BROADWAY,BROADWAY,15:40,2026-01-13T21:43:50.513156
102K,102K,KANNAGI NAGAR TNUHDB,KANNAGI NAGAR TNUHDB,BROADWAY,BROADWAY,15:55,2026-01-13T21:43:50.513156
102K,102K,KANNAGI NAGAR TNUHDB,KANNAGI NAGAR TNUHDB,BROADWAY,BROADWAY,16:05,2026-01-13T21:43:50.513156
102K,102K,KANNAGI NAGAR TNUHDB,KANNAGI NAGAR TNUHDB,BROADWAY,BROADWAY,16:07,2026-01-13T21:43:50.513156
102K,102K,KANNAGI NAGAR TNUHDB,KANNAGI NAGAR TNUHDB,BROADWAY,BROADWAY,16:10,2026-01-13T21:43:50.513156
102K,102K,KANNAGI NAGAR TNUHDB,KANNAGI NAGAR TNUHDB,BROADWAY,BROADWAY,16:15,2026-01-13T21:43:50.513156
102K,102K,KANNAGI NAGAR TNUHDB,KANNAGI NAGAR TNUHDB,BROADWAY,BROADWAY,16:20,2026-01-13T21:43:50.513156
102K,102K,KANNAGI NAGAR TNUHDB,KANNAGI NAGAR TNUHDB,BROADWAY,BROADWAY,16:40,2026-01-13T21:43:50.513156
102K,102K,KANNAGI NAGAR TNUHDB,KANNAGI NAGAR TNUHDB,BROADWAY,BROADWAY,16:45,2026-01-13T21:43:50.513156
102K,102K,KANNAGI NAGAR TNUHDB,KANNAGI NAGAR TNUHDB,BROADWAY,BROADWAY,17:05,2026-01-13T21:43:50.513156
102K,102K,KANNAGI NAGAR TNUHDB,KANNAGI NAGAR TNUHDB,BROADWAY,BROADWAY,17:08,2026-01-13T21:43:50.513156
102K,102K,KANNAGI NAGAR TNUHDB,KANNAGI NAGAR TNUHDB,BROADWAY,BROADWAY,17:10,2026-01-13T21:43:50.513156
102K,102K,KANNAGI NAGAR TNUHDB,KANNAGI NAGAR TNUHDB,BROADWAY,BROADWAY,17:20,2026-01-13T21:43:50.513156
102K,102K,KANNAGI NAGAR TNUHDB,KANNAGI NAGAR TNUHDB,BROADWAY,BROADWAY,17:25,2026-01-13T21:43:50.513156
102K,102K,KANNAGI NAGAR TNUHDB,KANNAGI NAGAR TNUHDB,BROADWAY,BROADWAY,17:30,2026-01-13T21:43:50.513156
102K,102K,KANNAGI NAGAR TNUHDB,KANNAGI NAGAR TNUHDB,BROADWAY,BROADWAY,17:35,2026-01-13T21:43:50.513156
102K,102K,KANNAGI NAGAR TNUHDB,KANNAGI NAGAR TNUHDB,BROADWAY,BROADWAY,17:45,2026-01-13T21:43:50.513156
102K,102K,KANNAGI NAGAR TNUHDB,KANNAGI NAGAR TNUHDB,BROADWAY,BROADWAY,17:55,2026-01-13T21:43:50.513156
102K,102K,KANNAGI NAGAR TNUHDB,KANNAGI NAGAR TNUHDB,BROADWAY,BROADWAY,18:00,2026-01-13T21:43:50.513156
102K,102K,KANNAGI NAGAR TNUHDB,KANNAGI NAGAR TNUHDB,BROADWAY,BROADWAY,18:05,2026-01-13T21:43:50.513156
102K,102K,KANNAGI NAGAR TNUHDB,KANNAGI NAGAR TNUHDB,BROADWAY,BROADWAY,18:15,2026-01-13T21:43:50.513156
102K,102K,KANNAGI NAGAR TNUHDB,KANNAGI NAGAR TNUHDB,BROADWAY,BROADWAY,18:20,2026-01-13T21:43:50.513156
102K,102K,KANNAGI NAGAR TNUHDB,KANNAGI NAGAR TNUHDB,BROADWAY,BROADWAY,18:25,2026-01-13T21:43:50.513156
102K,102K,KANNAGI NAGAR TNUHDB,KANNAGI NAGAR TNUHDB,BROADWAY,BROADWAY,18:35,2026-01-13T21:43:50.513156
102K,102K,KANNAGI NAGAR TNUHDB,KANNAGI NAGAR TNUHDB,BROADWAY,BROADWAY,18:40,2026-01-13T21:43:50.513156
102K,102K,KANNAGI NAGAR TNUHDB,KANNAGI NAGAR TNUHDB,BROADWAY,BROADWAY,19:02,2026-01-13T21:43:50.513156
102K,102K,KANNAGI NAGAR TNUHDB,KANNAGI NAGAR TNUHDB,BROADWAY,BROADWAY,19:05,2026-01-13T21:43:50.513156
102K,102K,KANNAGI NAGAR TNUHDB,KANNAGI NAGAR TNUHDB,BROADWAY,BROADWAY,19:10,2026-01-13T21:43:50.513156
102K,102K,KANNAGI NAGAR TNUHDB,KANNAGI NAGAR TNUHDB,BROADWAY,BROADWAY,19:15,2026-01-13T21:43:50.513156
102K,102K,KANNAGI NAGAR TNUHDB,KANNAGI NAGAR TNUHDB,BROADWAY,BROADWAY,19:20,2026-01-13T21:43:50.513156
102K,102K,KANNAGI NAGAR TNUHDB,KANNAGI NAGAR TNUHDB,BROADWAY,BROADWAY,19:30,2026-01-13T21:43:50.513156
102K,102K,KANNAGI NAGAR TNUHDB,KANNAGI NAGAR TNUHDB,BROADWAY,BROADWAY,19:35,2026-01-13T21:43:50.513156
102K,102K,KANNAGI NAGAR TNUHDB,KANNAGI NAGAR TNUHDB,BROADWAY,BROADWAY,19:45,2026-01-13T21:43:50.513156
102K,102K,KANNAGI NAGAR TNUHDB,KANNAGI NAGAR TNUHDB,BROADWAY,BROADWAY,20:05,2026-01-13T21:43:50.513156
102K,102K,KANNAGI NAGAR TNUHDB,KANNAGI NAGAR TNUHDB,BROADWAY,BROADWAY,20:15,2026-01-13T21:43:50.513156
102K,102K,KANNAGI NAGAR TNUHDB,KANNAGI NAGAR TNUHDB,BROADWAY,BROADWAY,20:20,2026-01-13T21:43:50.513156
102K,102K,KANNAGI NAGAR TNUHDB,KANNAGI NAGAR TNUHDB,BROADWAY,BROADWAY,20:25,2026-01-13T21:43:50.513156
102K,102K,KANNAGI NAGAR TNUHDB,KANNAGI NAGAR TNUHDB,BROADWAY,BROADWAY,20:35,2026-01-13T21:43:50.513156
102K,102K,KANNAGI NAGAR TNUHDB,KANNAGI NAGAR TNUHDB,BROADWAY,BROADWAY,20:40,2026-01-13T21:43:50.513156
102K,102K,KANNAGI NAGAR TNUHDB,KANNAGI NAGAR TNUHDB,BROADWAY,BROADWAY,20:55,2026-01-13T21:43:50.513156
102K,102K,KANNAGI NAGAR TNUHDB,KANNAGI NAGAR TNUHDB,BROADWAY,BROADWAY,21:05,2026-01-13T21:43:50.513156
102K,102K,KANNAGI NAGAR TNUHDB,KANNAGI NAGAR TNUHDB,BROADWAY,BROADWAY,21:15,2026-01-13T21:43:50.513156
102K,102K,KANNAGI NAGAR TNUHDB,KANNAGI NAGAR TNUHDB,BROADWAY,BROADWAY,21:40,2026-01-13T21:43:50.513156
102K,102K,KANNAGI NAGAR TNUHDB,KANNAGI NAGAR TNUHDB,SANTHOME SCHOOL,SANTHOME SCHOOL,07:30,2026-01-13T21:44:05.670008
102K,102K,KANNAGI NAGAR TNUHDB,KANNAGI NAGAR TNUHDB,SANTHOME SCHOOL,SANTHOME SCHOOL,14:25,2026-01-13T21:44:05.670008
102K,102K,KANNAGI NAGAR TNUHDB,KANNAGI NAGAR TNUHDB,ST FRANCIS XAVIER SCHOOL,ST FRANCIS XAVIER SCHOOL,07:40,2026-01-13T21:44:20.803227
102K,102K,KANNAGI NAGAR TNUHDB,KANNAGI NAGAR TNUHDB,THIRUVANMIYUR,THIRUVANMIYUR,06:30,2026-01-13T21:44:35.895797
102K,102K,KANNAGI NAGAR TNUHDB,KANNAGI NAGAR TNUHDB,THIRUVANMIYUR,THIRUVANMIYUR,06:40,2026-01-13T21:44:35.895797
102K,102K,KANNAGI NAGAR TNUHDB,KANNAGI NAGAR TNUHDB,THIRUVANMIYUR,THIRUVANMIYUR,07:10,2026-01-13T21:44:35.895797
102K,102K,KANNAGI NAGAR TNUHDB,KANNAGI NAGAR TNUHDB,THIRUVANMIYUR,THIRUVANMIYUR,10:35,2026-01-13T21:44:35.895797
102K,102K,KANNAGI NAGAR TNUHDB,KANNAGI NAGAR TNUHDB,THIRUVANMIYUR,THIRUVANMIYUR,10:45,2026-01-13T21:44:35.895797
102K,102K,KANNAGI NAGAR TNUHDB,KANNAGI NAGAR TNUHDB,THIRUVANMIYUR,THIRUVANMIYUR,11:10,2026-01-13T21:44:35.895797
102K,102K,KANNAGI NAGAR TNUHDB,KANNAGI NAGAR TNUHDB,THIRUVANMIYUR,THIRUVANMIYUR,11:25,2026-01-13T21:44:35.895797
102K,102K,KANNAGI NAGAR TNUHDB,KANNAGI NAGAR TNUHDB,THIRUVANMIYUR,THIRUVANMIYUR,11:45,2026-01-13T21:44:35.895797
102K,102K,KANNAGI NAGAR TNUHDB,KANNAGI NAGAR TNUHDB,THIRUVANMIYUR,THIRUVANMIYUR,12:20,2026-01-13T21:44:35.895797
102K,102K,KANNAGI NAGAR TNUHDB,KANNAGI NAGAR TNUHDB,THIRUVANMIYUR,THIRUVANMIYUR,13:10,2026-01-13T21:44:35.895797
102K,102K,KANNAGI NAGAR TNUHDB,KANNAGI NAGAR TNUHDB,THIRUVANMIYUR,THIRUVANMIYUR,13:45,2026-01-13T21:44:35.895797
102K,102K,KANNAGI NAGAR TNUHDB,KANNAGI NAGAR TNUHDB,THIRUVANMIYUR,THIRUVANMIYUR,14:05,2026-01-13T21:44:35.895797
102K,102K,KANNAGI NAGAR TNUHDB,KANNAGI NAGAR TNUHDB,THIRUVANMIYUR,THIRUVANMIYUR,14:35,2026-01-13T21:44:35.895797
102K,102K,KANNAGI NAGAR TNUHDB,KANNAGI NAGAR TNUHDB,THIRUVANMIYUR,THIRUVANMIYUR,15:25,2026-01-13T21:44:35.895797
102K,102K,KANNAGI NAGAR TNUHDB,KANNAGI NAGAR TNUHDB,THIRUVANMIYUR,THIRUVANMIYUR,16:00,2026-01-13T21:44:35.895797
102K,102K,KANNAGI NAGAR TNUHDB,KANNAGI NAGAR TNUHDB,THIRUVANMIYUR,THIRUVANMIYUR,16:05,2026-01-13T21:44:35.895797
102K,102K,KANNAGI NAGAR TNUHDB,KANNAGI NAGAR TNUHDB,THIRUVANMIYUR,THIRUVANMIYUR,16:40,2026-01-13T21:44:35.895797
102K,102K,KANNAGI NAGAR TNUHDB,KANNAGI NAGAR TNUHDB,THIRUVANMIYUR,THIRUVANMIYUR,17:40,2026-01-13T21:44:35.895797
102K,102K,KANNAGI NAGAR TNUHDB,KANNAGI NAGAR TNUHDB,THIRUVANMIYUR,THIRUVANMIYUR,18:45,2026-01-13T21:44:35.895797
102K,102K,KANNAGI NAGAR TNUHDB,KANNAGI NAGAR TNUHDB,THIRUVANMIYUR,THIRUVANMIYUR,19:25,2026-01-13T21:44:35.895797
102K,102K,KANNAGI NAGAR TNUHDB,KANNAGI NAGAR TNUHDB,THIRUVANMIYUR,THIRUVANMIYUR,19:55,2026-01-13T21:44:35.895797
102K,102K,KANNAGI NAGAR TNUHDB,KANNAGI NAGAR TNUHDB,THIRUVANMIYUR,THIRUVANMIYUR,20:30,2026-01-13T21:44:35.895797
102K,102K,KANNAGI NAGAR TNUHDB,KANNAGI NAGAR TNUHDB,THIRUVANMIYUR,THIRUVANMIYUR,20:50,2026-01-13T21:44:35.895797
102K,102K,KANNAGI NAGAR TNUHDB,KANNAGI NAGAR TNUHDB,THIRUVANMIYUR,THIRUVANMIYUR,21:10,2026-01-13T21:44:35.895797
102K,102K,KANNAGI NAGAR TNUHDB,KANNAGI NAGAR TNUHDB,THIRUVANMIYUR,THIRUVANMIYUR,21:20,2026-01-13T21:44:35.895797
102K,102K,KANNAGI NAGAR TNUHDB,KANNAGI NAGAR TNUHDB,THIRUVANMIYUR,THIRUVANMIYUR,21:50,2026-01-13T21:44:35.895797
102K,102K,KANNAGI NAGAR TNUHDB,KANNAGI NAGAR TNUHDB,THIRUVANMIYUR,THIRUVANMIYUR,21:55,2026-01-13T21:44:35.895797
102K,102K,KANNAGI NAGAR TNUHDB,KANNAGI NAGAR TNUHDB,THIRUVANMIYUR,THIRUVANMIYUR,22:25,2026-01-13T21:44:35.895797
102K,102K,KANNAGI NAGAR TNUHDB,KANNAGI NAGAR TNUHDB,THRUVANMIYUR,THRUVANMIYUR,13:15,2026-01-13T21:44:50.995355
102K,102K,KANNAGI NAGAR TNUHDB,KANNAGI NAGAR TNUHDB,YMCA HR. SCHOOL,YMCA HR. SCHOOL,08:15,2026-01-13T21:45:06.084119
102K,102K,LADY WELLINGTON SCH,LADY WELLINGTON SCH,BROADWAY,BROADWAY,08:45,2026-01-13T21:45:25.286759
102K,102K,LADY WELLINGTON SCH,LADY WELLINGTON SCH,KANNAGI NAGAR TNUHDB,KANNAGI NAGAR TNUHDB,16:10,2026-01-13T21:45:40.393209
102K,102K,OKK.THORAIPAKM SEC.COLONY,OKK.THORAIPAKM SEC.COLONY,BROADWAY,BROADWAY,08:50,2026-01-13T21:45:59.634757
102K,102K,OKK.THORAIPAKM SEC.COLONY,OKK.THORAIPAKM SEC.COLONY,BROADWAY,BROADWAY,09:00,2026-01-13T21:45:59.634757
102K,102K,OKK.THORAIPAKM SEC.COLONY,OKK.THORAIPAKM SEC.COLONY,PERUMPAKKAM TNUHDB,PERUMPAKKAM TNUHDB,19:45,2026-01-13T21:46:14.786697
102K,102K,PERUMPAKKAM TNUHDB,PERUMPAKKAM TNUHDB,BROADWAY,BROADWAY,07:07,2026-01-13T21:46:34.008168
102K,102K,PERUMPAKKAM TNUHDB,PERUMPAKKAM TNUHDB,BROADWAY,BROADWAY,07:27,2026-01-13T21:46:34.008168
102K,102K,PERUMPAKKAM TNUHDB,PERUMPAKKAM TNUHDB,BROADWAY,BROADWAY,08:02,2026-01-13T21:46:34.008168
102K,102K,PERUMPAKKAM TNUHDB,PERUMPAKKAM TNUHDB,BROADWAY,BROADWAY,17:27,2026-01-13T21:46:34.008168
102K,102K,PERUMPAKKAM TNUHDB,PERUMPAKKAM TNUHDB,BROADWAY,BROADWAY,17:37,2026-01-13T21:46:34.008168
102K,102K,PERUMPAKKAM TNUHDB,PERUMPAKKAM TNUHDB,BROADWAY,BROADWAY,18:22,2026-01-13T21:46:34.008168
102K,102K,SANTHOME SCHOOL,SANTHOME SCHOOL,BROADWAY,BROADWAY,08:20,2026-01-13T21:46:53.234336
102K,102K,SANTHOME SCHOOL,SANTHOME SCHOOL,KANNAGI NAGAR TNUHDB,KANNAGI NAGAR TNUHDB,08:27,2026-01-13T21:47:08.369971
102K,102K,SANTHOME SCHOOL,SANTHOME SCHOOL,KANNAGI NAGAR TNUHDB,KANNAGI NAGAR TNUHDB,15:10,2026-01-13T21:47:08.369971
102K,102K,SATHYA NAGAR,SATHYA NAGAR,SANTHOME SCHOOL,SANTHOME SCHOOL,08:00,2026-01-13T21:47:27.597090
102K,102K,SECRETARIAT,SECRETARIAT,OKK.THORAIPAKM SEC.COLONY,OKK.THORAIPAKM SEC.COLONY,18:00,2026-01-13T21:47:46.794267
102K,102K,ST FRANCIS XAVIER SCHOOL,ST FRANCIS XAVIER SCHOOL,BROADWAY,BROADWAY,08:10,2026-01-13T21:48:06.008025
102K,102K,ST FRANCIS XAVIER SCHOOL,ST FRANCIS XAVIER SCHOOL,KANNAGI NAGAR TNUHDB,KANNAGI NAGAR TNUHDB,16:05,2026-01-13T21:48:21.137900
102K,102K,THIRUVANMIYUR,THIRUVANMIYUR,BESANT NAGAR,BESANT NAGAR,22:30,2026-01-13T21:48:40.389099
102K,102K,THIRUVANMIYUR,THIRUVANMIYUR,BESANT NAGAR,BESANT NAGAR,22:55,2026-01-13T21:48:40.389099
102K,102K,THIRUVANMIYUR,THIRUVANMIYUR,BROADWAY,BROADWAY,13:52,2026-01-13T21:48:55.519990
102K,102K,THIRUVANMIYUR,THIRUVANMIYUR,BROADWAY,BROADWAY,14:12,2026-01-13T21:48:55.519990
102K,102K,THIRUVANMIYUR,THIRUVANMIYUR,BROADWAY,BROADWAY,14:45,2026-01-13T21:48:55.519990
102K,102K,THIRUVANMIYUR,THIRUVANMIYUR,BROADWAY,BROADWAY,14:52,2026-01-13T21:48:55.519990
102K,102K,THIRUVANMIYUR,THIRUVANMIYUR,BROADWAY,BROADWAY,15:00,2026-01-13T21:48:55.519990
102K,102K,THIRUVANMIYUR,THIRUVANMIYUR,EZHIL NAGAR,EZHIL NAGAR,11:20,2026-01-13T21:49:10.648106
102K,102K,THIRUVANMIYUR,THIRUVANMIYUR,EZHIL NAGAR,EZHIL NAGAR,16:20,2026-01-13T21:49:10.648106
102K,102K,THIRUVANMIYUR,THIRUVANMIYUR,KANNAGI NAGAR TNUHDB,KANNAGI NAGAR TNUHDB,05:20,2026-01-13T21:49:25.776039
102K,102K,THIRUVANMIYUR,THIRUVANMIYUR,KANNAGI NAGAR TNUHDB,KANNAGI NAGAR TNUHDB,06:05,2026-01-13T21:49:25.776039
102K,102K,THIRUVANMIYUR,THIRUVANMIYUR,KANNAGI NAGAR TNUHDB,KANNAGI NAGAR TNUHDB,06:30,2026-01-13T21:49:25.776039
102K,102K,THIRUVANMIYUR,THIRUVANMIYUR,KANNAGI NAGAR TNUHDB,KANNAGI NAGAR TNUHDB,06:40,2026-01-13T21:49:25.776039
102K,102K,THIRUVANMIYUR,THIRUVANMIYUR,KANNAGI NAGAR TNUHDB,KANNAGI NAGAR TNUHDB,06:50,2026-01-13T21:49:25.776039
102K,102K,THIRUVANMIYUR,THIRUVANMIYUR,KANNAGI NAGAR TNUHDB,KANNAGI NAGAR TNUHDB,06:55,2026-01-13T21:49:25.776039
102K,102K,THIRUVANMIYUR,THIRUVANMIYUR,KANNAGI NAGAR TNUHDB,KANNAGI NAGAR TNUHDB,07:10,2026-01-13T21:49:25.776039
102K,102K,THIRUVANMIYUR,THIRUVANMIYUR,KANNAGI NAGAR TNUHDB,KANNAGI NAGAR TNUHDB,07:20,2026-01-13T21:49:25.776039
102K,102K,THIRUVANMIYUR,THIRUVANMIYUR,KANNAGI NAGAR TNUHDB,KANNAGI NAGAR TNUHDB,07:55,2026-01-13T21:49:25.776039
102K,102K,THIRUVANMIYUR,THIRUVANMIYUR,KANNAGI NAGAR TNUHDB,KANNAGI NAGAR TNUHDB,11:30,2026-01-13T21:49:25.776039
102K,102K,THIRUVANMIYUR,THIRUVANMIYUR,KANNAGI NAGAR TNUHDB,KANNAGI NAGAR TNUHDB,11:35,2026-01-13T21:49:25.776039
102K,102K,THIRUVANMIYUR,THIRUVANMIYUR,KANNAGI NAGAR TNUHDB,KANNAGI NAGAR TNUHDB,12:00,2026-01-13T21:49:25.776039
102K,102K,THIRUVANMIYUR,THIRUVANMIYUR,KANNAGI NAGAR TNUHDB,KANNAGI NAGAR TNUHDB,12:10,2026-01-13T21:49:25.776039
102K,102K,THIRUVANMIYUR,THIRUVANMIYUR,KANNAGI NAGAR TNUHDB,KANNAGI NAGAR TNUHDB,12:30,2026-01-13T21:49:25.776039
102K,102K,THIRUVANMIYUR,THIRUVANMIYUR,KANNAGI NAGAR TNUHDB,KANNAGI NAGAR TNUHDB,13:15,2026-01-13T21:49:25.776039
102K,102K,THIRUVANMIYUR,THIRUVANMIYUR,KANNAGI NAGAR TNUHDB,KANNAGI NAGAR TNUHDB,14:10,2026-01-13T21:49:25.776039
102K,102K,THIRUVANMIYUR,THIRUVANMIYUR,KANNAGI NAGAR TNUHDB,KANNAGI NAGAR TNUHDB,15:10,2026-01-13T21:49:25.776039
102K,102K,THIRUVANMIYUR,THIRUVANMIYUR,KANNAGI NAGAR TNUHDB,KANNAGI NAGAR TNUHDB,15:20,2026-01-13T21:49:25.776039
102K,102K,THIRUVANMIYUR,THIRUVANMIYUR,KANNAGI NAGAR TNUHDB,KANNAGI NAGAR TNUHDB,16:10,2026-01-13T21:49:25.776039
102K,102K,THIRUVANMIYUR,THIRUVANMIYUR,KANNAGI NAGAR TNUHDB,KANNAGI NAGAR TNUHDB,16:50,2026-01-13T21:49:25.776039
102K,102K,THIRUVANMIYUR,THIRUVANMIYUR,KANNAGI NAGAR TNUHDB,KANNAGI NAGAR TNUHDB,17:00,2026-01-13T21:49:25.776039
102K,102K,THIRUVANMIYUR,THIRUVANMIYUR,KANNAGI NAGAR TNUHDB,KANNAGI NAGAR TNUHDB,17:40,2026-01-13T21:49:25.776039
102K,102K,THIRUVANMIYUR,THIRUVANMIYUR,KANNAGI NAGAR TNUHDB,KANNAGI NAGAR TNUHDB,18:30,2026-01-13T21:49:25.776039
102K,102K,THIRUVANMIYUR,THIRUVANMIYUR,KANNAGI NAGAR TNUHDB,KANNAGI NAGAR TNUHDB,19:35,2026-01-13T21:49:25.776039
102K,102K,THIRUVANMIYUR,THIRUVANMIYUR,KANNAGI NAGAR TNUHDB,KANNAGI NAGAR TNUHDB,20:10,2026-01-13T21:49:25.776039
102K,102K,THIRUVANMIYUR,THIRUVANMIYUR,KANNAGI NAGAR TNUHDB,KANNAGI NAGAR TNUHDB,20:35,2026-01-13T21:49:25.776039
102K,102K,THIRUVANMIYUR,THIRUVANMIYUR,PERUMPAKKAM TNUHDB,PERUMPAKKAM TNUHDB,05:47,2026-01-13T21:49:40.881644
102K,102K,THIRUVANMIYUR,THIRUVANMIYUR,PERUMPAKKAM TNUHDB,PERUMPAKKAM TNUHDB,06:07,2026-01-13T21:49:40.881644
102K,102K,THIRUVANMIYUR,THIRUVANMIYUR,PERUMPAKKAM TNUHDB,PERUMPAKKAM TNUHDB,06:42,2026-01-13T21:49:40.881644
102K,102K,THRUVANMIYUR,THRUVANMIYUR,KANNAGI NAGAR TNUHDB,KANNAGI NAGAR TNUHDB,13:55,2026-01-13T21:50:00.099152
102K,102K,YMCA HR. SCHOOL,YMCA HR. SCHOOL,ADYAR B.S,ADYAR B.S,08:50,2026-01-13T21:50:19.335075
102K,102K,YMCA HR. SCHOOL,YMCA HR. SCHOOL,KANNAGI NAGAR TNUHDB,KANNAGI NAGAR TNUHDB,15:30,2026-01-13T21:50:34.463228
102M,102M,ADYAR B.S,ADYAR B.S,MANAMATHI,MANAMATHI,05:30,2026-01-13T21:51:00.204442
102M,102M,ADYAR B.S,ADYAR B.S,MANAMATHI,MANAMATHI,09:30,2026-01-13T21:51:00.204442
102M,102M,ADYAR B.S,ADYAR B.S,MANAMATHI,MANAMATHI,13:45,2026-01-13T21:51:00.204442
102M,102M,ADYAR B.S,ADYAR B.S,MANAMATHI,MANAMATHI,17:45,2026-01-13T21:51:00.204442
102M,102M,MANAMATHI,MANAMATHI,ADYAR B.S,ADYAR B.S,07:30,2026-01-13T21:51:19.412476
102M,102M,MANAMATHI,MANAMATHI,ADYAR B.S,ADYAR B.S,11:30,2026-01-13T21:51:19.412476
102M,102M,MANAMATHI,MANAMATHI,ADYAR B.S,ADYAR B.S,15:45,2026-01-13T21:51:19.412476
102M,102M,MANAMATHI,MANAMATHI,ADYAR B.S,ADYAR B.S,19:40,2026-01-13T21:51:19.412476
102P,102P,ADYAR GANDHI NAGAR,ADYAR GANDHI NAGAR,PERUMPAKKAM TNUHDB,PERUMPAKKAM TNUHDB,15:40,2026-01-13T21:51:44.589469
102P,102P,ALWARPET,ALWARPET,PERUMPAKKAM TNUHDB,PERUMPAKKAM TNUHDB,15:50,2026-01-13T21:52:03.819949
102P,102P,BROADWAY,BROADWAY,KANNAGI NAGAR TNUHDB,KANNAGI NAGAR TNUHDB,21:20,2026-01-13T21:52:23.095541
102P,102P,BROADWAY,BROADWAY,LADY WELLINGTON SCH,LADY WELLINGTON SCH,15:30,2026-01-13T21:52:38.233730
102P,102P,BROADWAY,BROADWAY,M.K.B.NAGAR,M.K.B.NAGAR,20:02,2026-01-13T21:52:53.359900
102P,102P,BROADWAY,BROADWAY,M.K.B.NAGAR,M.K.B.NAGAR,20:35,2026-01-13T21:52:53.359900
102P,102P,BROADWAY,BROADWAY,M.K.B.NAGAR,M.K.B.NAGAR,21:47,2026-01-13T21:52:53.359900
102P,102P,BROADWAY,BROADWAY,M.K.B.NAGAR,M.K.B.NAGAR,22:22,2026-01-13T21:52:53.359900
102P,102P,BROADWAY,BROADWAY,M.K.B.NAGAR,M.K.B.NAGAR,22:47,2026-01-13T21:52:53.359900
102P,102P,BROADWAY,BROADWAY,PERUMPAKKAM TNUHDB,PERUMPAKKAM TNUHDB,04:10,2026-01-13T21:53:08.481000
102P,102P,BROADWAY,BROADWAY,PERUMPAKKAM TNUHDB,PERUMPAKKAM TNUHDB,04:40,2026-01-13T21:53:08.481000
102P,102P,BROADWAY,BROADWAY,PERUMPAKKAM TNUHDB,PERUMPAKKAM TNUHDB,05:30,2026-01-13T21:53:08.481000
102P,102P,BROADWAY,BROADWAY,PERUMPAKKAM TNUHDB,PERUMPAKKAM TNUHDB,05:45,2026-01-13T21:53:08.481000
102P,102P,BROADWAY,BROADWAY,PERUMPAKKAM TNUHDB,PERUMPAKKAM TNUHDB,05:50,2026-01-13T21:53:08.481000
102P,102P,BROADWAY,BROADWAY,PERUMPAKKAM TNUHDB,PERUMPAKKAM TNUHDB,06:00,2026-01-13T21:53:08.481000
102P,102P,BROADWAY,BROADWAY,PERUMPAKKAM TNUHDB,PERUMPAKKAM TNUHDB,06:10,2026-01-13T21:53:08.481000
102P,102P,BROADWAY,BROADWAY,PERUMPAKKAM TNUHDB,PERUMPAKKAM TNUHDB,06:15,2026-01-13T21:53:08.481000
102P,102P,BROADWAY,BROADWAY,PERUMPAKKAM TNUHDB,PERUMPAKKAM TNUHDB,06:25,2026-01-13T21:53:08.481000
102P,102P,BROADWAY,BROADWAY,PERUMPAKKAM TNUHDB,PERUMPAKKAM TNUHDB,06:35,2026-01-13T21:53:08.481000
102P,102P,BROADWAY,BROADWAY,PERUMPAKKAM TNUHDB,PERUMPAKKAM TNUHDB,06:40,2026-01-13T21:53:08.481000
102P,102P,BROADWAY,BROADWAY,PERUMPAKKAM TNUHDB,PERUMPAKKAM TNUHDB,06:45,2026-01-13T21:53:08.481000
102P,102P,BROADWAY,BROADWAY,PERUMPAKKAM TNUHDB,PERUMPAKKAM TNUHDB,06:50,2026-01-13T21:53:08.481000
102P,102P,BROADWAY,BROADWAY,PERUMPAKKAM TNUHDB,PERUMPAKKAM TNUHDB,07:00,2026-01-13T21:53:08.481000
102P,102P,BROADWAY,BROADWAY,PERUMPAKKAM TNUHDB,PERUMPAKKAM TNUHDB,07:15,2026-01-13T21:53:08.481000
102P,102P,BROADWAY,BROADWAY,PERUMPAKKAM TNUHDB,PERUMPAKKAM TNUHDB,07:20,2026-01-13T21:53:08.481000
102P,102P,BROADWAY,BROADWAY,PERUMPAKKAM TNUHDB,PERUMPAKKAM TNUHDB,07:30,2026-01-13T21:53:08.481000
102P,102P,BROADWAY,BROADWAY,PERUMPAKKAM TNUHDB,PERUMPAKKAM TNUHDB,07:35,2026-01-13T21:53:08.481000
102P,102P,BROADWAY,BROADWAY,PERUMPAKKAM TNUHDB,PERUMPAKKAM TNUHDB,07:45,2026-01-13T21:53:08.481000
102P,102P,BROADWAY,BROADWAY,PERUMPAKKAM TNUHDB,PERUMPAKKAM TNUHDB,07:50,2026-01-13T21:53:08.481000
102P,102P,BROADWAY,BROADWAY,PERUMPAKKAM TNUHDB,PERUMPAKKAM TNUHDB,08:00,2026-01-13T21:53:08.481000
102P,102P,BROADWAY,BROADWAY,PERUMPAKKAM TNUHDB,PERUMPAKKAM TNUHDB,08:05,2026-01-13T21:53:08.481000
102P,102P,BROADWAY,BROADWAY,PERUMPAKKAM TNUHDB,PERUMPAKKAM TNUHDB,08:15,2026-01-13T21:53:08.481000
102P,102P,BROADWAY,BROADWAY,PERUMPAKKAM TNUHDB,PERUMPAKKAM TNUHDB,08:20,2026-01-13T21:53:08.481000
102P,102P,BROADWAY,BROADWAY,PERUMPAKKAM TNUHDB,PERUMPAKKAM TNUHDB,08:30,2026-01-13T21:53:08.481000
102P,102P,BROADWAY,BROADWAY,PERUMPAKKAM TNUHDB,PERUMPAKKAM TNUHDB,09:00,2026-01-13T21:53:08.481000
102P,102P,BROADWAY,BROADWAY,PERUMPAKKAM TNUHDB,PERUMPAKKAM TNUHDB,09:15,2026-01-13T21:53:08.481000
102P,102P,BROADWAY,BROADWAY,PERUMPAKKAM TNUHDB,PERUMPAKKAM TNUHDB,09:20,2026-01-13T21:53:08.481000
102P,102P,BROADWAY,BROADWAY,PERUMPAKKAM TNUHDB,PERUMPAKKAM TNUHDB,09:27,2026-01-13T21:53:08.481000
102P,102P,BROADWAY,BROADWAY,PERUMPAKKAM TNUHDB,PERUMPAKKAM TNUHDB,09:30,2026-01-13T21:53:08.481000
102P,102P,BROADWAY,BROADWAY,PERUMPAKKAM TNUHDB,PERUMPAKKAM TNUHDB,09:35,2026-01-13T21:53:08.481000
102P,102P,BROADWAY,BROADWAY,PERUMPAKKAM TNUHDB,PERUMPAKKAM TNUHDB,09:40,2026-01-13T21:53:08.481000
102P,102P,BROADWAY,BROADWAY,PERUMPAKKAM TNUHDB,PERUMPAKKAM TNUHDB,09:45,2026-01-13T21:53:08.481000
102P,102P,BROADWAY,BROADWAY,PERUMPAKKAM TNUHDB,PERUMPAKKAM TNUHDB,09:50,2026-01-13T21:53:08.481000
102P,102P,BROADWAY,BROADWAY,PERUMPAKKAM TNUHDB,PERUMPAKKAM TNUHDB,09:55,2026-01-13T21:53:08.481000
102P,102P,BROADWAY,BROADWAY,PERUMPAKKAM TNUHDB,PERUMPAKKAM TNUHDB,10:00,2026-01-13T21:53:08.481000
102P,102P,BROADWAY,BROADWAY,PERUMPAKKAM TNUHDB,PERUMPAKKAM TNUHDB,10:05,2026-01-13T21:53:08.481000
102P,102P,BROADWAY,BROADWAY,PERUMPAKKAM TNUHDB,PERUMPAKKAM TNUHDB,10:10,2026-01-13T21:53:08.481000
102P,102P,BROADWAY,BROADWAY,PERUMPAKKAM TNUHDB,PERUMPAKKAM TNUHDB,10:15,2026-01-13T21:53:08.481000
102P,102P,BROADWAY,BROADWAY,PERUMPAKKAM TNUHDB,PERUMPAKKAM TNUHDB,10:20,2026-01-13T21:53:08.481000
102P,102P,BROADWAY,BROADWAY,PERUMPAKKAM TNUHDB,PERUMPAKKAM TNUHDB,10:30,2026-01-13T21:53:08.481000
102P,102P,BROADWAY,BROADWAY,PERUMPAKKAM TNUHDB,PERUMPAKKAM TNUHDB,10:40,2026-01-13T21:53:08.481000
102P,102P,BROADWAY,BROADWAY,PERUMPAKKAM TNUHDB,PERUMPAKKAM TNUHDB,10:45,2026-01-13T21:53:08.481000
102P,102P,BROADWAY,BROADWAY,PERUMPAKKAM TNUHDB,PERUMPAKKAM TNUHDB,11:00,2026-01-13T21:53:08.481000
102P,102P,BROADWAY,BROADWAY,PERUMPAKKAM TNUHDB,PERUMPAKKAM TNUHDB,11:05,2026-01-13T21:53:08.481000
102P,102P,BROADWAY,BROADWAY,PERUMPAKKAM TNUHDB,PERUMPAKKAM TNUHDB,11:20,2026-01-13T21:53:08.481000
102P,102P,BROADWAY,BROADWAY,PERUMPAKKAM TNUHDB,PERUMPAKKAM TNUHDB,11:25,2026-01-13T21:53:08.481000
102P,102P,BROADWAY,BROADWAY,PERUMPAKKAM TNUHDB,PERUMPAKKAM TNUHDB,11:30,2026-01-13T21:53:08.481000
102P,102P,BROADWAY,BROADWAY,PERUMPAKKAM TNUHDB,PERUMPAKKAM TNUHDB,11:35,2026-01-13T21:53:08.481000
102P,102P,BROADWAY,BROADWAY,PERUMPAKKAM TNUHDB,PERUMPAKKAM TNUHDB,11:50,2026-01-13T21:53:08.481000
102P,102P,BROADWAY,BROADWAY,PERUMPAKKAM TNUHDB,PERUMPAKKAM TNUHDB,11:55,2026-01-13T21:53:08.481000
102P,102P,BROADWAY,BROADWAY,PERUMPAKKAM TNUHDB,PERUMPAKKAM TNUHDB,12:00,2026-01-13T21:53:08.481000
102P,102P,BROADWAY,BROADWAY,PERUMPAKKAM TNUHDB,PERUMPAKKAM TNUHDB,12:05,2026-01-13T21:53:08.481000
102P,102P,BROADWAY,BROADWAY,PERUMPAKKAM TNUHDB,PERUMPAKKAM TNUHDB,12:15,2026-01-13T21:53:08.481000
102P,102P,BROADWAY,BROADWAY,PERUMPAKKAM TNUHDB,PERUMPAKKAM TNUHDB,12:20,2026-01-13T21:53:08.481000
102P,102P,BROADWAY,BROADWAY,PERUMPAKKAM TNUHDB,PERUMPAKKAM TNUHDB,12:30,2026-01-13T21:53:08.481000
102P,102P,BROADWAY,BROADWAY,PERUMPAKKAM TNUHDB,PERUMPAKKAM TNUHDB,13:05,2026-01-13T21:53:08.481000
102P,102P,BROADWAY,BROADWAY,PERUMPAKKAM TNUHDB,PERUMPAKKAM TNUHDB,13:15,2026-01-13T21:53:08.481000
102P,102P,BROADWAY,BROADWAY,PERUMPAKKAM TNUHDB,PERUMPAKKAM TNUHDB,13:20,2026-01-13T21:53:08.481000
102P,102P,BROADWAY,BROADWAY,PERUMPAKKAM TNUHDB,PERUMPAKKAM TNUHDB,13:30,2026-01-13T21:53:08.481000
102P,102P,BROADWAY,BROADWAY,PERUMPAKKAM TNUHDB,PERUMPAKKAM TNUHDB,13:40,2026-01-13T21:53:08.481000
102P,102P,BROADWAY,BROADWAY,PERUMPAKKAM TNUHDB,PERUMPAKKAM TNUHDB,13:45,2026-01-13T21:53:08.481000
102P,102P,BROADWAY,BROADWAY,PERUMPAKKAM TNUHDB,PERUMPAKKAM TNUHDB,13:50,2026-01-13T21:53:08.481000
102P,102P,BROADWAY,BROADWAY,PERUMPAKKAM TNUHDB,PERUMPAKKAM TNUHDB,13:55,2026-01-13T21:53:08.481000
102P,102P,BROADWAY,BROADWAY,PERUMPAKKAM TNUHDB,PERUMPAKKAM TNUHDB,14:00,2026-01-13T21:53:08.481000
102P,102P,BROADWAY,BROADWAY,PERUMPAKKAM TNUHDB,PERUMPAKKAM TNUHDB,14:10,2026-01-13T21:53:08.481000
102P,102P,BROADWAY,BROADWAY,PERUMPAKKAM TNUHDB,PERUMPAKKAM TNUHDB,14:30,2026-01-13T21:53:08.481000
102P,102P,BROADWAY,BROADWAY,PERUMPAKKAM TNUHDB,PERUMPAKKAM TNUHDB,14:40,2026-01-13T21:53:08.481000
102P,102P,BROADWAY,BROADWAY,PERUMPAKKAM TNUHDB,PERUMPAKKAM TNUHDB,14:45,2026-01-13T21:53:08.481000
102P,102P,BROADWAY,BROADWAY,PERUMPAKKAM TNUHDB,PERUMPAKKAM TNUHDB,14:55,2026-01-13T21:53:08.481000
102P,102P,BROADWAY,BROADWAY,PERUMPAKKAM TNUHDB,PERUMPAKKAM TNUHDB,15:00,2026-01-13T21:53:08.481000
102P,102P,BROADWAY,BROADWAY,PERUMPAKKAM TNUHDB,PERUMPAKKAM TNUHDB,15:10,2026-01-13T21:53:08.481000
102P,102P,BROADWAY,BROADWAY,PERUMPAKKAM TNUHDB,PERUMPAKKAM TNUHDB,15:15,2026-01-13T21:53:08.481000
102P,102P,BROADWAY,BROADWAY,PERUMPAKKAM TNUHDB,PERUMPAKKAM TNUHDB,15:20,2026-01-13T21:53:08.481000
102P,102P,BROADWAY,BROADWAY,PERUMPAKKAM TNUHDB,PERUMPAKKAM TNUHDB,15:25,2026-01-13T21:53:08.481000
102P,102P,BROADWAY,BROADWAY,PERUMPAKKAM TNUHDB,PERUMPAKKAM TNUHDB,15:35,2026-01-13T21:53:08.481000
102P,102P,BROADWAY,BROADWAY,PERUMPAKKAM TNUHDB,PERUMPAKKAM TNUHDB,15:40,2026-01-13T21:53:08.481000
102P,102P,BROADWAY,BROADWAY,PERUMPAKKAM TNUHDB,PERUMPAKKAM TNUHDB,15:50,2026-01-13T21:53:08.481000
102P,102P,BROADWAY,BROADWAY,PERUMPAKKAM TNUHDB,PERUMPAKKAM TNUHDB,15:55,2026-01-13T21:53:08.481000
102P,102P,BROADWAY,BROADWAY,PERUMPAKKAM TNUHDB,PERUMPAKKAM TNUHDB,16:05,2026-01-13T21:53:08.481000
102P,102P,BROADWAY,BROADWAY,PERUMPAKKAM TNUHDB,PERUMPAKKAM TNUHDB,16:15,2026-01-13T21:53:08.481000
102P,102P,BROADWAY,BROADWAY,PERUMPAKKAM TNUHDB,PERUMPAKKAM TNUHDB,16:25,2026-01-13T21:53:08.481000
102P,102P,BROADWAY,BROADWAY,PERUMPAKKAM TNUHDB,PERUMPAKKAM TNUHDB,16:40,2026-01-13T21:53:08.481000
102P,102P,BROADWAY,BROADWAY,PERUMPAKKAM TNUHDB,PERUMPAKKAM TNUHDB,16:45,2026-01-13T21:53:08.481000
102P,102P,BROADWAY,BROADWAY,PERUMPAKKAM TNUHDB,PERUMPAKKAM TNUHDB,16:55,2026-01-13T21:53:08.481000
102P,102P,BROADWAY,BROADWAY,PERUMPAKKAM TNUHDB,PERUMPAKKAM TNUHDB,17:05,2026-01-13T21:53:08.481000
102P,102P,BROADWAY,BROADWAY,PERUMPAKKAM TNUHDB,PERUMPAKKAM TNUHDB,17:15,2026-01-13T21:53:08.481000
102P,102P,BROADWAY,BROADWAY,PERUMPAKKAM TNUHDB,PERUMPAKKAM TNUHDB,17:30,2026-01-13T21:53:08.481000
102P,102P,BROADWAY,BROADWAY,PERUMPAKKAM TNUHDB,PERUMPAKKAM TNUHDB,17:35,2026-01-13T21:53:08.481000
102P,102P,BROADWAY,BROADWAY,PERUMPAKKAM TNUHDB,PERUMPAKKAM TNUHDB,17:40,2026-01-13T21:53:08.481000
102P,102P,BROADWAY,BROADWAY,PERUMPAKKAM TNUHDB,PERUMPAKKAM TNUHDB,17:45,2026-01-13T21:53:08.481000
102P,102P,BROADWAY,BROADWAY,PERUMPAKKAM TNUHDB,PERUMPAKKAM TNUHDB,17:50,2026-01-13T21:53:08.481000
102P,102P,BROADWAY,BROADWAY,PERUMPAKKAM TNUHDB,PERUMPAKKAM TNUHDB,18:00,2026-01-13T21:53:08.481000
102P,102P,BROADWAY,BROADWAY,PERUMPAKKAM TNUHDB,PERUMPAKKAM TNUHDB,18:10,2026-01-13T21:53:08.481000
102P,102P,BROADWAY,BROADWAY,PERUMPAKKAM TNUHDB,PERUMPAKKAM TNUHDB,18:25,2026-01-13T21:53:08.481000
102P,102P,BROADWAY,BROADWAY,PERUMPAKKAM TNUHDB,PERUMPAKKAM TNUHDB,18:30,2026-01-13T21:53:08.481000
102P,102P,BROADWAY,BROADWAY,PERUMPAKKAM TNUHDB,PERUMPAKKAM TNUHDB,18:45,2026-01-13T21:53:08.481000
102P,102P,BROADWAY,BROADWAY,PERUMPAKKAM TNUHDB,PERUMPAKKAM TNUHDB,18:50,2026-01-13T21:53:08.481000
102P,102P,BROADWAY,BROADWAY,PERUMPAKKAM TNUHDB,PERUMPAKKAM TNUHDB,19:00,2026-01-13T21:53:08.481000
102P,102P,BROADWAY,BROADWAY,PERUMPAKKAM TNUHDB,PERUMPAKKAM TNUHDB,19:05,2026-01-13T21:53:08.481000
102P,102P,BROADWAY,BROADWAY,PERUMPAKKAM TNUHDB,PERUMPAKKAM TNUHDB,19:20,2026-01-13T21:53:08.481000
102P,102P,BROADWAY,BROADWAY,PERUMPAKKAM TNUHDB,PERUMPAKKAM TNUHDB,19:30,2026-01-13T21:53:08.481000
102P,102P,BROADWAY,BROADWAY,PERUMPAKKAM TNUHDB,PERUMPAKKAM TNUHDB,19:35,2026-01-13T21:53:08.481000
102P,102P,BROADWAY,BROADWAY,PERUMPAKKAM TNUHDB,PERUMPAKKAM TNUHDB,19:40,2026-01-13T21:53:08.481000
102P,102P,BROADWAY,BROADWAY,PERUMPAKKAM TNUHDB,PERUMPAKKAM TNUHDB,19:45,2026-01-13T21:53:08.481000
102P,102P,BROADWAY,BROADWAY,PERUMPAKKAM TNUHDB,PERUMPAKKAM TNUHDB,19:50,2026-01-13T21:53:08.481000
102P,102P,BROADWAY,BROADWAY,PERUMPAKKAM TNUHDB,PERUMPAKKAM TNUHDB,19:55,2026-01-13T21:53:08.481000
102P,102P,BROADWAY,BROADWAY,PERUMPAKKAM TNUHDB,PERUMPAKKAM TNUHDB,20:00,2026-01-13T21:53:08.481000
102P,102P,BROADWAY,BROADWAY,PERUMPAKKAM TNUHDB,PERUMPAKKAM TNUHDB,20:25,2026-01-13T21:53:08.481000
102P,102P,BROADWAY,BROADWAY,PERUMPAKKAM TNUHDB,PERUMPAKKAM TNUHDB,20:30,2026-01-13T21:53:08.481000
102P,102P,BROADWAY,BROADWAY,PERUMPAKKAM TNUHDB,PERUMPAKKAM TNUHDB,21:05,2026-01-13T21:53:08.481000
102P,102P,BROADWAY,BROADWAY,PERUMPAKKAM TNUHDB,PERUMPAKKAM TNUHDB,21:10,2026-01-13T21:53:08.481000
102P,102P,BROADWAY,BROADWAY,PERUMPAKKAM TNUHDB,PERUMPAKKAM TNUHDB,21:35,2026-01-13T21:53:08.481000
102P,102P,BROADWAY,BROADWAY,PERUMPAKKAM TNUHDB,PERUMPAKKAM TNUHDB,21:40,2026-01-13T21:53:08.481000
102P,102P,BROADWAY,BROADWAY,PERUMPAKKAM TNUHDB,PERUMPAKKAM TNUHDB,21:45,2026-01-13T21:53:08.481000
102P,102P,BROADWAY,BROADWAY,THIRUVANMIYUR,THIRUVANMIYUR,13:25,2026-01-13T21:53:23.579896
102P,102P,GREAMS ROAD,GREAMS ROAD,BROADWAY,BROADWAY,08:50,2026-01-13T21:53:42.822022
102P,102P,GREAMS ROAD,GREAMS ROAD,BROADWAY,BROADWAY,09:00,2026-01-13T21:53:42.822022
102P,102P,GREAMS ROAD,GREAMS ROAD,PERUMPAKKAM TNUHDB,PERUMPAKKAM TNUHDB,15:50,2026-01-13T21:53:57.901685
102P,102P,GREAMS ROAD,GREAMS ROAD,PERUMPAKKAM TNUHDB,PERUMPAKKAM TNUHDB,16:00,2026-01-13T21:53:57.901685
102P,102P,GREAMS ROAD,GREAMS ROAD,PERUMPAKKAM TNUHDB,PERUMPAKKAM TNUHDB,17:00,2026-01-13T21:53:57.901685
102P,102P,KANNAGI NAGAR TNUHDB,KANNAGI NAGAR TNUHDB,BROADWAY,BROADWAY,05:15,2026-01-13T21:54:17.092860
102P,102P,KANNAGI NAGAR TNUHDB,KANNAGI NAGAR TNUHDB,BROADWAY,BROADWAY,06:20,2026-01-13T21:54:17.092860
102P,102P,KANNAGI NAGAR TNUHDB,KANNAGI NAGAR TNUHDB,PERUMPAKKAM TNUHDB,PERUMPAKKAM TNUHDB,06:40,2026-01-13T21:54:32.206821
102P,102P,LADY WELLINGTON SCH,LADY WELLINGTON SCH,BROADWAY,BROADWAY,09:00,2026-01-13T21:54:51.429948
102P,102P,LADY WELLINGTON SCH,LADY WELLINGTON SCH,PERUMPAKKAM TNUHDB,PERUMPAKKAM TNUHDB,16:00,2026-01-13T21:55:06.525341
102P,102P,LITTLE FLOWER CONVENT,LITTLE FLOWER CONVENT,PERUMPAKKAM TNUHDB,PERUMPAKKAM TNUHDB,16:00,2026-01-13T21:55:25.779838
102P,102P,M.K.B.NAGAR,M.K.B.NAGAR,BROADWAY,BROADWAY,03:48,2026-01-13T22:01:50.180928
102P,102P,M.K.B.NAGAR,M.K.B.NAGAR,BROADWAY,BROADWAY,04:18,2026-01-13T22:01:50.180928
102P,102P,M.K.B.NAGAR,M.K.B.NAGAR,BROADWAY,BROADWAY,05:30,2026-01-13T22:01:50.180928
102P,102P,M.K.B.NAGAR,M.K.B.NAGAR,BROADWAY,BROADWAY,06:05,2026-01-13T22:01:50.180928
102P,102P,M.K.B.NAGAR,M.K.B.NAGAR,BROADWAY,BROADWAY,06:25,2026-01-13T22:01:50.180928
102P,102P,PERUMPAKKAM COLLEGE,PERUMPAKKAM COLLEGE,BROADWAY,BROADWAY,14:15,2026-01-13T22:02:09.375674
102P,102P,PERUMPAKKAM TNUHDB,PERUMPAKKAM TNUHDB,BROADWAY,BROADWAY,04:00,2026-01-13T22:02:28.656076
102P,102P,PERUMPAKKAM TNUHDB,PERUMPAKKAM TNUHDB,BROADWAY,BROADWAY,04:25,2026-01-13T22:02:28.656076
102P,102P,PERUMPAKKAM TNUHDB,PERUMPAKKAM TNUHDB,BROADWAY,BROADWAY,04:30,2026-01-13T22:02:28.656076
102P,102P,PERUMPAKKAM TNUHDB,PERUMPAKKAM TNUHDB,BROADWAY,BROADWAY,04:55,2026-01-13T22:02:28.656076
102P,102P,PERUMPAKKAM TNUHDB,PERUMPAKKAM TNUHDB,BROADWAY,BROADWAY,05:20,2026-01-13T22:02:28.656076
102P,102P,PERUMPAKKAM TNUHDB,PERUMPAKKAM TNUHDB,BROADWAY,BROADWAY,05:25,2026-01-13T22:02:28.656076
102P,102P,PERUMPAKKAM TNUHDB,PERUMPAKKAM TNUHDB,BROADWAY,BROADWAY,05:30,2026-01-13T22:02:28.656076
102P,102P,PERUMPAKKAM TNUHDB,PERUMPAKKAM TNUHDB,BROADWAY,BROADWAY,05:40,2026-01-13T22:02:28.656076
102P,102P,PERUMPAKKAM TNUHDB,PERUMPAKKAM TNUHDB,BROADWAY,BROADWAY,05:45,2026-01-13T22:02:28.656076
102P,102P,PERUMPAKKAM TNUHDB,PERUMPAKKAM TNUHDB,BROADWAY,BROADWAY,05:55,2026-01-13T22:02:28.656076
102P,102P,PERUMPAKKAM TNUHDB,PERUMPAKKAM TNUHDB,BROADWAY,BROADWAY,06:10,2026-01-13T22:02:28.656076
102P,102P,PERUMPAKKAM TNUHDB,PERUMPAKKAM TNUHDB,BROADWAY,BROADWAY,06:15,2026-01-13T22:02:28.656076
102P,102P,PERUMPAKKAM TNUHDB,PERUMPAKKAM TNUHDB,BROADWAY,BROADWAY,06:25,2026-01-13T22:02:28.656076
102P,102P,PERUMPAKKAM TNUHDB,PERUMPAKKAM TNUHDB,BROADWAY,BROADWAY,06:30,2026-01-13T22:02:28.656076
102P,102P,PERUMPAKKAM TNUHDB,PERUMPAKKAM TNUHDB,BROADWAY,BROADWAY,07:00,2026-01-13T22:02:28.656076
102P,102P,PERUMPAKKAM TNUHDB,PERUMPAKKAM TNUHDB,BROADWAY,BROADWAY,07:15,2026-01-13T22:02:28.656076
102P,102P,PERUMPAKKAM TNUHDB,PERUMPAKKAM TNUHDB,BROADWAY,BROADWAY,07:20,2026-01-13T22:02:28.656076
102P,102P,PERUMPAKKAM TNUHDB,PERUMPAKKAM TNUHDB,BROADWAY,BROADWAY,07:25,2026-01-13T22:02:28.656076
102P,102P,PERUMPAKKAM TNUHDB,PERUMPAKKAM TNUHDB,BROADWAY,BROADWAY,07:30,2026-01-13T22:02:28.656076
102P,102P,PERUMPAKKAM TNUHDB,PERUMPAKKAM TNUHDB,BROADWAY,BROADWAY,07:40,2026-01-13T22:02:28.656076
102P,102P,PERUMPAKKAM TNUHDB,PERUMPAKKAM TNUHDB,BROADWAY,BROADWAY,07:45,2026-01-13T22:02:28.656076
102P,102P,PERUMPAKKAM TNUHDB,PERUMPAKKAM TNUHDB,BROADWAY,BROADWAY,07:50,2026-01-13T22:02:28.656076
102P,102P,PERUMPAKKAM TNUHDB,PERUMPAKKAM TNUHDB,BROADWAY,BROADWAY,08:00,2026-01-13T22:02:28.656076
102P,102P,PERUMPAKKAM TNUHDB,PERUMPAKKAM TNUHDB,BROADWAY,BROADWAY,08:05,2026-01-13T22:02:28.656076
102P,102P,PERUMPAKKAM TNUHDB,PERUMPAKKAM TNUHDB,BROADWAY,BROADWAY,08:10,2026-01-13T22:02:28.656076
102P,102P,PERUMPAKKAM TNUHDB,PERUMPAKKAM TNUHDB,BROADWAY,BROADWAY,08:15,2026-01-13T22:02:28.656076
102P,102P,PERUMPAKKAM TNUHDB,PERUMPAKKAM TNUHDB,BROADWAY,BROADWAY,08:25,2026-01-13T22:02:28.656076
102P,102P,PERUMPAKKAM TNUHDB,PERUMPAKKAM TNUHDB,BROADWAY,BROADWAY,08:35,2026-01-13T22:02:28.656076
102P,102P,PERUMPAKKAM TNUHDB,PERUMPAKKAM TNUHDB,BROADWAY,BROADWAY,08:40,2026-01-13T22:02:28.656076
102P,102P,PERUMPAKKAM TNUHDB,PERUMPAKKAM TNUHDB,BROADWAY,BROADWAY,08:50,2026-01-13T22:02:28.656076
102P,102P,PERUMPAKKAM TNUHDB,PERUMPAKKAM TNUHDB,BROADWAY,BROADWAY,09:00,2026-01-13T22:02:28.656076
102P,102P,PERUMPAKKAM TNUHDB,PERUMPAKKAM TNUHDB,BROADWAY,BROADWAY,09:10,2026-01-13T22:02:28.656076
102P,102P,PERUMPAKKAM TNUHDB,PERUMPAKKAM TNUHDB,BROADWAY,BROADWAY,09:25,2026-01-13T22:02:28.656076
102P,102P,PERUMPAKKAM TNUHDB,PERUMPAKKAM TNUHDB,BROADWAY,BROADWAY,09:30,2026-01-13T22:02:28.656076
102P,102P,PERUMPAKKAM TNUHDB,PERUMPAKKAM TNUHDB,BROADWAY,BROADWAY,09:40,2026-01-13T22:02:28.656076
102P,102P,PERUMPAKKAM TNUHDB,PERUMPAKKAM TNUHDB,BROADWAY,BROADWAY,09:45,2026-01-13T22:02:28.656076
102P,102P,PERUMPAKKAM TNUHDB,PERUMPAKKAM TNUHDB,BROADWAY,BROADWAY,09:55,2026-01-13T22:02:28.656076
102P,102P,PERUMPAKKAM TNUHDB,PERUMPAKKAM TNUHDB,BROADWAY,BROADWAY,10:00,2026-01-13T22:02:28.656076
102P,102P,PERUMPAKKAM TNUHDB,PERUMPAKKAM TNUHDB,BROADWAY,BROADWAY,10:10,2026-01-13T22:02:28.656076
102P,102P,PERUMPAKKAM TNUHDB,PERUMPAKKAM TNUHDB,BROADWAY,BROADWAY,10:15,2026-01-13T22:02:28.656076
102P,102P,PERUMPAKKAM TNUHDB,PERUMPAKKAM TNUHDB,BROADWAY,BROADWAY,10:25,2026-01-13T22:02:28.656076
102P,102P,PERUMPAKKAM TNUHDB,PERUMPAKKAM TNUHDB,BROADWAY,BROADWAY,10:30,2026-01-13T22:02:28.656076
102P,102P,PERUMPAKKAM TNUHDB,PERUMPAKKAM TNUHDB,BROADWAY,BROADWAY,11:00,2026-01-13T22:02:28.656076
102P,102P,PERUMPAKKAM TNUHDB,PERUMPAKKAM TNUHDB,BROADWAY,BROADWAY,11:15,2026-01-13T22:02:28.656076
102P,102P,PERUMPAKKAM TNUHDB,PERUMPAKKAM TNUHDB,BROADWAY,BROADWAY,11:25,2026-01-13T22:02:28.656076
102P,102P,PERUMPAKKAM TNUHDB,PERUMPAKKAM TNUHDB,BROADWAY,BROADWAY,11:30,2026-01-13T22:02:28.656076
102P,102P,PERUMPAKKAM TNUHDB,PERUMPAKKAM TNUHDB,BROADWAY,BROADWAY,11:40,2026-01-13T22:02:28.656076
102P,102P,PERUMPAKKAM TNUHDB,PERUMPAKKAM TNUHDB,BROADWAY,BROADWAY,11:45,2026-01-13T22:02:28.656076
102P,102P,PERUMPAKKAM TNUHDB,PERUMPAKKAM TNUHDB,BROADWAY,BROADWAY,11:50,2026-01-13T22:02:28.656076
102P,102P,PERUMPAKKAM TNUHDB,PERUMPAKKAM TNUHDB,BROADWAY,BROADWAY,11:55,2026-01-13T22:02:28.656076
102P,102P,PERUMPAKKAM TNUHDB,PERUMPAKKAM TNUHDB,BROADWAY,BROADWAY,12:00,2026-01-13T22:02:28.656076
102P,102P,PERUMPAKKAM TNUHDB,PERUMPAKKAM TNUHDB,BROADWAY,BROADWAY,12:05,2026-01-13T22:02:28.656076
102P,102P,PERUMPAKKAM TNUHDB,PERUMPAKKAM TNUHDB,BROADWAY,BROADWAY,12:10,2026-01-13T22:02:28.656076
102P,102P,PERUMPAKKAM TNUHDB,PERUMPAKKAM TNUHDB,BROADWAY,BROADWAY,12:20,2026-01-13T22:02:28.656076
102P,102P,PERUMPAKKAM TNUHDB,PERUMPAKKAM TNUHDB,BROADWAY,BROADWAY,12:40,2026-01-13T22:02:28.656076
102P,102P,PERUMPAKKAM TNUHDB,PERUMPAKKAM TNUHDB,BROADWAY,BROADWAY,12:45,2026-01-13T22:02:28.656076
102P,102P,PERUMPAKKAM TNUHDB,PERUMPAKKAM TNUHDB,BROADWAY,BROADWAY,13:00,2026-01-13T22:02:28.656076
102P,102P,PERUMPAKKAM TNUHDB,PERUMPAKKAM TNUHDB,BROADWAY,BROADWAY,13:05,2026-01-13T22:02:28.656076
102P,102P,PERUMPAKKAM TNUHDB,PERUMPAKKAM TNUHDB,BROADWAY,BROADWAY,13:15,2026-01-13T22:02:28.656076
102P,102P,PERUMPAKKAM TNUHDB,PERUMPAKKAM TNUHDB,BROADWAY,BROADWAY,13:20,2026-01-13T22:02:28.656076
102P,102P,PERUMPAKKAM TNUHDB,PERUMPAKKAM TNUHDB,BROADWAY,BROADWAY,13:25,2026-01-13T22:02:28.656076
102P,102P,PERUMPAKKAM TNUHDB,PERUMPAKKAM TNUHDB,BROADWAY,BROADWAY,13:30,2026-01-13T22:02:28.656076
102P,102P,PERUMPAKKAM TNUHDB,PERUMPAKKAM TNUHDB,BROADWAY,BROADWAY,13:45,2026-01-13T22:02:28.656076
102P,102P,PERUMPAKKAM TNUHDB,PERUMPAKKAM TNUHDB,BROADWAY,BROADWAY,13:50,2026-01-13T22:02:28.656076
102P,102P,PERUMPAKKAM TNUHDB,PERUMPAKKAM TNUHDB,BROADWAY,BROADWAY,14:00,2026-01-13T22:02:28.656076
102P,102P,PERUMPAKKAM TNUHDB,PERUMPAKKAM TNUHDB,BROADWAY,BROADWAY,14:05,2026-01-13T22:02:28.656076
102P,102P,PERUMPAKKAM TNUHDB,PERUMPAKKAM TNUHDB,BROADWAY,BROADWAY,14:15,2026-01-13T22:02:28.656076
102P,102P,PERUMPAKKAM TNUHDB,PERUMPAKKAM TNUHDB,BROADWAY,BROADWAY,14:20,2026-01-13T22:02:28.656076
102P,102P,PERUMPAKKAM TNUHDB,PERUMPAKKAM TNUHDB,BROADWAY,BROADWAY,14:30,2026-01-13T22:02:28.656076
102P,102P,PERUMPAKKAM TNUHDB,PERUMPAKKAM TNUHDB,BROADWAY,BROADWAY,14:35,2026-01-13T22:02:28.656076
102P,102P,PERUMPAKKAM TNUHDB,PERUMPAKKAM TNUHDB,BROADWAY,BROADWAY,14:45,2026-01-13T22:02:28.656076
102P,102P,PERUMPAKKAM TNUHDB,PERUMPAKKAM TNUHDB,BROADWAY,BROADWAY,15:00,2026-01-13T22:02:28.656076
102P,102P,PERUMPAKKAM TNUHDB,PERUMPAKKAM TNUHDB,BROADWAY,BROADWAY,15:05,2026-01-13T22:02:28.656076
102P,102P,PERUMPAKKAM TNUHDB,PERUMPAKKAM TNUHDB,BROADWAY,BROADWAY,15:15,2026-01-13T22:02:28.656076
102P,102P,PERUMPAKKAM TNUHDB,PERUMPAKKAM TNUHDB,BROADWAY,BROADWAY,15:30,2026-01-13T22:02:28.656076
102P,102P,PERUMPAKKAM TNUHDB,PERUMPAKKAM TNUHDB,BROADWAY,BROADWAY,15:35,2026-01-13T22:02:28.656076
102P,102P,PERUMPAKKAM TNUHDB,PERUMPAKKAM TNUHDB,BROADWAY,BROADWAY,15:40,2026-01-13T22:02:28.656076
102P,102P,PERUMPAKKAM TNUHDB,PERUMPAKKAM TNUHDB,BROADWAY,BROADWAY,15:45,2026-01-13T22:02:28.656076
102P,102P,PERUMPAKKAM TNUHDB,PERUMPAKKAM TNUHDB,BROADWAY,BROADWAY,15:50,2026-01-13T22:02:28.656076
102P,102P,PERUMPAKKAM TNUHDB,PERUMPAKKAM TNUHDB,BROADWAY,BROADWAY,16:00,2026-01-13T22:02:28.656076
102P,102P,PERUMPAKKAM TNUHDB,PERUMPAKKAM TNUHDB,BROADWAY,BROADWAY,16:10,2026-01-13T22:02:28.656076
102P,102P,PERUMPAKKAM TNUHDB,PERUMPAKKAM TNUHDB,BROADWAY,BROADWAY,16:30,2026-01-13T22:02:28.656076
102P,102P,PERUMPAKKAM TNUHDB,PERUMPAKKAM TNUHDB,BROADWAY,BROADWAY,16:35,2026-01-13T22:02:28.656076
102P,102P,PERUMPAKKAM TNUHDB,PERUMPAKKAM TNUHDB,BROADWAY,BROADWAY,16:40,2026-01-13T22:02:28.656076
102P,102P,PERUMPAKKAM TNUHDB,PERUMPAKKAM TNUHDB,BROADWAY,BROADWAY,16:50,2026-01-13T22:02:28.656076
102P,102P,PERUMPAKKAM TNUHDB,PERUMPAKKAM TNUHDB,BROADWAY,BROADWAY,17:00,2026-01-13T22:02:28.656076
102P,102P,PERUMPAKKAM TNUHDB,PERUMPAKKAM TNUHDB,BROADWAY,BROADWAY,17:05,2026-01-13T22:02:28.656076
102P,102P,PERUMPAKKAM TNUHDB,PERUMPAKKAM TNUHDB,BROADWAY,BROADWAY,17:15,2026-01-13T22:02:28.656076
102P,102P,PERUMPAKKAM TNUHDB,PERUMPAKKAM TNUHDB,BROADWAY,BROADWAY,17:20,2026-01-13T22:02:28.656076
102P,102P,PERUMPAKKAM TNUHDB,PERUMPAKKAM TNUHDB,BROADWAY,BROADWAY,17:25,2026-01-13T22:02:28.656076
102P,102P,PERUMPAKKAM TNUHDB,PERUMPAKKAM TNUHDB,BROADWAY,BROADWAY,17:35,2026-01-13T22:02:28.656076
102P,102P,PERUMPAKKAM TNUHDB,PERUMPAKKAM TNUHDB,BROADWAY,BROADWAY,17:45,2026-01-13T22:02:28.656076
102P,102P,PERUMPAKKAM TNUHDB,PERUMPAKKAM TNUHDB,BROADWAY,BROADWAY,17:50,2026-01-13T22:02:28.656076
102P,102P,PERUMPAKKAM TNUHDB,PERUMPAKKAM TNUHDB,BROADWAY,BROADWAY,18:00,2026-01-13T22:02:28.656076
102P,102P,PERUMPAKKAM TNUHDB,PERUMPAKKAM TNUHDB,BROADWAY,BROADWAY,18:05,2026-01-13T22:02:28.656076
102P,102P,PERUMPAKKAM TNUHDB,PERUMPAKKAM TNUHDB,BROADWAY,BROADWAY,18:15,2026-01-13T22:02:28.656076
102P,102P,PERUMPAKKAM TNUHDB,PERUMPAKKAM TNUHDB,BROADWAY,BROADWAY,18:20,2026-01-13T22:02:28.656076
102P,102P,PERUMPAKKAM TNUHDB,PERUMPAKKAM TNUHDB,BROADWAY,BROADWAY,18:35,2026-01-13T22:02:28.656076
102P,102P,PERUMPAKKAM TNUHDB,PERUMPAKKAM TNUHDB,BROADWAY,BROADWAY,18:45,2026-01-13T22:02:28.656076
102P,102P,PERUMPAKKAM TNUHDB,PERUMPAKKAM TNUHDB,BROADWAY,BROADWAY,19:00,2026-01-13T22:02:28.656076
102P,102P,PERUMPAKKAM TNUHDB,PERUMPAKKAM TNUHDB,BROADWAY,BROADWAY,19:05,2026-01-13T22:02:28.656076
102P,102P,PERUMPAKKAM TNUHDB,PERUMPAKKAM TNUHDB,BROADWAY,BROADWAY,19:15,2026-01-13T22:02:28.656076
102P,102P,PERUMPAKKAM TNUHDB,PERUMPAKKAM TNUHDB,BROADWAY,BROADWAY,19:30,2026-01-13T22:02:28.656076
102P,102P,PERUMPAKKAM TNUHDB,PERUMPAKKAM TNUHDB,BROADWAY,BROADWAY,19:35,2026-01-13T22:02:28.656076
102P,102P,PERUMPAKKAM TNUHDB,PERUMPAKKAM TNUHDB,BROADWAY,BROADWAY,19:45,2026-01-13T22:02:28.656076
102P,102P,PERUMPAKKAM TNUHDB,PERUMPAKKAM TNUHDB,BROADWAY,BROADWAY,19:55,2026-01-13T22:02:28.656076
102P,102P,PERUMPAKKAM TNUHDB,PERUMPAKKAM TNUHDB,BROADWAY,BROADWAY,20:00,2026-01-13T22:02:28.656076
102P,102P,PERUMPAKKAM TNUHDB,PERUMPAKKAM TNUHDB,BROADWAY,BROADWAY,20:10,2026-01-13T22:02:28.656076
102P,102P,PERUMPAKKAM TNUHDB,PERUMPAKKAM TNUHDB,BROADWAY,BROADWAY,20:20,2026-01-13T22:02:28.656076
102P,102P,PERUMPAKKAM TNUHDB,PERUMPAKKAM TNUHDB,BROADWAY,BROADWAY,20:50,2026-01-13T22:02:28.656076
102P,102P,PERUMPAKKAM TNUHDB,PERUMPAKKAM TNUHDB,BROADWAY,BROADWAY,21:20,2026-01-13T22:02:28.656076
102P,102P,PERUMPAKKAM TNUHDB,PERUMPAKKAM TNUHDB,GREAMS ROAD,GREAMS ROAD,07:10,2026-01-13T22:02:43.751316
102P,102P,PERUMPAKKAM TNUHDB,PERUMPAKKAM TNUHDB,GREAMS ROAD,GREAMS ROAD,07:35,2026-01-13T22:02:43.751316
102P,102P,PERUMPAKKAM TNUHDB,PERUMPAKKAM TNUHDB,GREAMS ROAD,GREAMS ROAD,14:25,2026-01-13T22:02:43.751316
102P,102P,PERUMPAKKAM TNUHDB,PERUMPAKKAM TNUHDB,GREAMS ROAD,GREAMS ROAD,15:35,2026-01-13T22:02:43.751316
102P,102P,PERUMPAKKAM TNUHDB,PERUMPAKKAM TNUHDB,KANNAGI NAGAR TNUHDB,KANNAGI NAGAR TNUHDB,21:00,2026-01-13T22:02:58.867517
102P,102P,PERUMPAKKAM TNUHDB,PERUMPAKKAM TNUHDB,KANNAGI NAGAR TNUHDB,KANNAGI NAGAR TNUHDB,22:00,2026-01-13T22:02:58.867517
102P,102P,PERUMPAKKAM TNUHDB,PERUMPAKKAM TNUHDB,LADY WELLINGTON SCH,LADY WELLINGTON SCH,07:30,2026-01-13T22:03:13.975492
102P,102P,PERUMPAKKAM TNUHDB,PERUMPAKKAM TNUHDB,St. Rapheals Girls Hr. Sec,St. Rapheals Girls Hr. Sec,07:55,2026-01-13T22:03:29.108058
102P,102P,PERUMPAKKAM TNUHDB,PERUMPAKKAM TNUHDB,THIRUVANMIYUR,THIRUVANMIYUR,05:05,2026-01-13T22:03:44.232776
102P,102P,PERUMPAKKAM TNUHDB,PERUMPAKKAM TNUHDB,THIRUVANMIYUR,THIRUVANMIYUR,11:35,2026-01-13T22:03:44.232776
102P,102P,PERUMPAKKAM TNUHDB,PERUMPAKKAM TNUHDB,THIRUVANMIYUR,THIRUVANMIYUR,17:30,2026-01-13T22:03:44.232776
102P,102P,PERUMPAKKAM TNUHDB,PERUMPAKKAM TNUHDB,THIRUVANMIYUR,THIRUVANMIYUR,18:25,2026-01-13T22:03:44.232776
102P,102P,PERUMPAKKAM TNUHDB,PERUMPAKKAM TNUHDB,THIRUVANMIYUR,THIRUVANMIYUR,21:50,2026-01-13T22:03:44.232776
102P,102P,SANTHOME,SANTHOME,PERUMPAKKAM TNUHDB,PERUMPAKKAM TNUHDB,16:10,2026-01-13T22:04:12.774314
102P,102P,SHOLINGANALLUR,SHOLINGANALLUR,PERUMPAKKAM TNUHDB,PERUMPAKKAM TNUHDB,08:40,2026-01-13T22:04:31.984675
102P,102P,St. Rapheals Girls Hr. Sec,St. Rapheals Girls Hr. Sec,BROADWAY,BROADWAY,09:00,2026-01-13T22:04:51.209171
102P,102P,THIRUVANMIYUR,THIRUVANMIYUR,BROADWAY,BROADWAY,14:35,2026-01-13T22:05:10.425200
102P,102P,THIRUVANMIYUR,THIRUVANMIYUR,PERUMPAKKAM TNUHDB,PERUMPAKKAM TNUHDB,06:10,2026-01-13T22:05:25.558653
102P,102P,THIRUVANMIYUR,THIRUVANMIYUR,PERUMPAKKAM TNUHDB,PERUMPAKKAM TNUHDB,06:25,2026-01-13T22:05:25.558653
102P,102P,THIRUVANMIYUR,THIRUVANMIYUR,PERUMPAKKAM TNUHDB,PERUMPAKKAM TNUHDB,13:00,2026-01-13T22:05:25.558653
102P,102P,THIRUVANMIYUR,THIRUVANMIYUR,PERUMPAKKAM TNUHDB,PERUMPAKKAM TNUHDB,18:40,2026-01-13T22:05:25.558653
102P,102P,THIRUVANMIYUR,THIRUVANMIYUR,PERUMPAKKAM TNUHDB,PERUMPAKKAM TNUHDB,19:55,2026-01-13T22:05:25.558653
102S,102S,BROADWAY,BROADWAY,KELAMBAKKAM,KELAMBAKKAM,09:57,2026-01-13T22:05:51.685333
102S,102S,BROADWAY,BROADWAY,KELAMBAKKAM,KELAMBAKKAM,13:57,2026-01-13T22:05:51.685333
102S,102S,BROADWAY,BROADWAY,KELAMBAKKAM,KELAMBAKKAM,20:20,2026-01-13T22:05:51.685333
102S,102S,BROADWAY,BROADWAY,OKK.THORAIPAKM SEC.COLONY,OKK.THORAIPAKM SEC.COLONY,07:32,2026-01-13T22:06:06.903945
102S,102S,BROADWAY,BROADWAY,OKK.THORAIPAKM SEC.COLONY,OKK.THORAIPAKM SEC.COLONY,17:47,2026-01-13T22:06:06.903945
102S,102S,KANNAGI NAGAR TNUHDB,KANNAGI NAGAR TNUHDB,BROADWAY,BROADWAY,06:30,2026-01-13T22:06:26.140965
102S,102S,KELAMBAKKAM,KELAMBAKKAM,BROADWAY,BROADWAY,11:47,2026-01-13T22:06:45.393536
102S,102S,KELAMBAKKAM,KELAMBAKKAM,BROADWAY,BROADWAY,15:57,2026-01-13T22:06:45.393536
102S,102S,KELAMBAKKAM,KELAMBAKKAM,KANNAGI NAGAR TNUHDB,KANNAGI NAGAR TNUHDB,21:50,2026-01-13T22:07:00.484512
102S,102S,OKK.THORAIPAKM SEC.COLONY,OKK.THORAIPAKM SEC.COLONY,BROADWAY,BROADWAY,08:35,2026-01-13T22:07:19.688825
102S,102S,OKK.THORAIPAKM SEC.COLONY,OKK.THORAIPAKM SEC.COLONY,BROADWAY,BROADWAY,19:05,2026-01-13T22:07:19.688825
102X,102X,BROADWAY,BROADWAY,THIRUPORUR,THIRUPORUR,06:30,2026-01-13T22:07:44.797007
102X,102X,BROADWAY,BROADWAY,THIRUPORUR,THIRUPORUR,07:00,2026-01-13T22:07:44.797007
102X,102X,BROADWAY,BROADWAY,THIRUPORUR,THIRUPORUR,07:30,2026-01-13T22:07:44.797007
102X,102X,BROADWAY,BROADWAY,THIRUPORUR,THIRUPORUR,07:45,2026-01-13T22:07:44.797007
102X,102X,BROADWAY,BROADWAY,THIRUPORUR,THIRUPORUR,08:00,2026-01-13T22:07:44.797007
102X,102X,BROADWAY,BROADWAY,THIRUPORUR,THIRUPORUR,08:15,2026-01-13T22:07:44.797007
102X,102X,BROADWAY,BROADWAY,THIRUPORUR,THIRUPORUR,08:40,2026-01-13T22:07:44.797007
102X,102X,BROADWAY,BROADWAY,THIRUPORUR,THIRUPORUR,09:00,2026-01-13T22:07:44.797007
102X,102X,BROADWAY,BROADWAY,THIRUPORUR,THIRUPORUR,09:15,2026-01-13T22:07:44.797007
102X,102X,BROADWAY,BROADWAY,THIRUPORUR,THIRUPORUR,09:30,2026-01-13T22:07:44.797007
102X,102X,BROADWAY,BROADWAY,THIRUPORUR,THIRUPORUR,10:00,2026-01-13T22:07:44.797007
102X,102X,BROADWAY,BROADWAY,THIRUPORUR,THIRUPORUR,10:15,2026-01-13T22:07:44.797007
102X,102X,BROADWAY,BROADWAY,THIRUPORUR,THIRUPORUR,10:30,2026-01-13T22:07:44.797007
102X,102X,BROADWAY,BROADWAY,THIRUPORUR,THIRUPORUR,10:45,2026-01-13T22:07:44.797007
102X,102X,BROADWAY,BROADWAY,THIRUPORUR,THIRUPORUR,10:50,2026-01-13T22:07:44.797007
102X,102X,BROADWAY,BROADWAY,THIRUPORUR,THIRUPORUR,10:55,2026-01-13T22:07:44.797007
102X,102X,BROADWAY,BROADWAY,THIRUPORUR,THIRUPORUR,11:00,2026-01-13T22:07:44.797007
102X,102X,BROADWAY,BROADWAY,THIRUPORUR,THIRUPORUR,11:15,2026-01-13T22:07:44.797007
102X,102X,BROADWAY,BROADWAY,THIRUPORUR,THIRUPORUR,11:30,2026-01-13T22:07:44.797007
102X,102X,BROADWAY,BROADWAY,THIRUPORUR,THIRUPORUR,11:40,2026-01-13T22:07:44.797007
102X,102X,BROADWAY,BROADWAY,THIRUPORUR,THIRUPORUR,11:50,2026-01-13T22:07:44.797007
102X,102X,BROADWAY,BROADWAY,THIRUPORUR,THIRUPORUR,12:00,2026-01-13T22:07:44.797007
102X,102X,BROADWAY,BROADWAY,THIRUPORUR,THIRUPORUR,12:20,2026-01-13T22:07:44.797007
102X,102X,BROADWAY,BROADWAY,THIRUPORUR,THIRUPORUR,12:30,2026-01-13T22:07:44.797007
102X,102X,BROADWAY,BROADWAY,THIRUPORUR,THIRUPORUR,13:15,2026-01-13T22:07:44.797007
102X,102X,BROADWAY,BROADWAY,THIRUPORUR,THIRUPORUR,13:45,2026-01-13T22:07:44.797007
102X,102X,BROADWAY,BROADWAY,THIRUPORUR,THIRUPORUR,14:00,2026-01-13T22:07:44.797007
102X,102X,BROADWAY,BROADWAY,THIRUPORUR,THIRUPORUR,14:30,2026-01-13T22:07:44.797007
102X,102X,BROADWAY,BROADWAY,THIRUPORUR,THIRUPORUR,15:05,2026-01-13T22:07:44.797007
102X,102X,BROADWAY,BROADWAY,THIRUPORUR,THIRUPORUR,15:25,2026-01-13T22:07:44.797007
102X,102X,BROADWAY,BROADWAY,THIRUPORUR,THIRUPORUR,15:30,2026-01-13T22:07:44.797007
102X,102X,BROADWAY,BROADWAY,THIRUPORUR,THIRUPORUR,16:05,2026-01-13T22:07:44.797007
102X,102X,BROADWAY,BROADWAY,THIRUPORUR,THIRUPORUR,16:25,2026-01-13T22:07:44.797007
102X,102X,BROADWAY,BROADWAY,THIRUPORUR,THIRUPORUR,16:50,2026-01-13T22:07:44.797007
102X,102X,BROADWAY,BROADWAY,THIRUPORUR,THIRUPORUR,17:20,2026-01-13T22:07:44.797007
102X,102X,BROADWAY,BROADWAY,THIRUPORUR,THIRUPORUR,17:40,2026-01-13T22:07:44.797007
102X,102X,BROADWAY,BROADWAY,THIRUPORUR,THIRUPORUR,17:50,2026-01-13T22:07:44.797007
102X,102X,BROADWAY,BROADWAY,THIRUPORUR,THIRUPORUR,17:55,2026-01-13T22:07:44.797007
102X,102X,BROADWAY,BROADWAY,THIRUPORUR,THIRUPORUR,18:10,2026-01-13T22:07:44.797007
102X,102X,BROADWAY,BROADWAY,THIRUPORUR,THIRUPORUR,18:25,2026-01-13T22:07:44.797007
102X,102X,BROADWAY,BROADWAY,THIRUPORUR,THIRUPORUR,18:40,2026-01-13T22:07:44.797007
102X,102X,BROADWAY,BROADWAY,THIRUPORUR,THIRUPORUR,18:55,2026-01-13T22:07:44.797007
102X,102X,BROADWAY,BROADWAY,THIRUPORUR,THIRUPORUR,19:20,2026-01-13T22:07:44.797007
102X,102X,BROADWAY,BROADWAY,THIRUPORUR,THIRUPORUR,19:35,2026-01-13T22:07:44.797007
102X,102X,BROADWAY,BROADWAY,THIRUPORUR,THIRUPORUR,20:30,2026-01-13T22:07:44.797007
102X,102X,BROADWAY,BROADWAY,THIRUPORUR,THIRUPORUR,21:00,2026-01-13T22:07:44.797007
102X,102X,KANNAGI NAGAR TNUHDB,KANNAGI NAGAR TNUHDB,BROADWAY,BROADWAY,05:15,2026-01-13T22:08:04.070614
102X,102X,KANNAGI NAGAR TNUHDB,KANNAGI NAGAR TNUHDB,BROADWAY,BROADWAY,05:35,2026-01-13T22:08:04.070614
102X,102X,KANNAGI NAGAR TNUHDB,KANNAGI NAGAR TNUHDB,BROADWAY,BROADWAY,06:15,2026-01-13T22:08:04.070614
102X,102X,KANNAGI NAGAR TNUHDB,KANNAGI NAGAR TNUHDB,BROADWAY,BROADWAY,06:35,2026-01-13T22:08:04.070614
102X,102X,KANNAGI NAGAR TNUHDB,KANNAGI NAGAR TNUHDB,THIRUVANMIYUR,THIRUVANMIYUR,07:10,2026-01-13T22:08:19.198833
102X,102X,KCBT KILAMBAKKAM,KCBT KILAMBAKKAM,BROADWAY,BROADWAY,05:50,2026-01-13T22:08:38.434220
102X,102X,M.G.R.CENTRAL,M.G.R.CENTRAL,KCBT KILAMBAKKAM,KCBT KILAMBAKKAM,04:00,2026-01-13T22:08:57.679062
102X,102X,M.G.R.CENTRAL,M.G.R.CENTRAL,THIRUPORUR,THIRUPORUR,04:30,2026-01-13T22:09:12.786003
102X,102X,M.G.R.CENTRAL,M.G.R.CENTRAL,THIRUPORUR,THIRUPORUR,05:00,2026-01-13T22:09:12.786003
102X,102X,M.G.R.CENTRAL,M.G.R.CENTRAL,THIRUPORUR,THIRUPORUR,05:30,2026-01-13T22:09:12.786003
102X,102X,M.G.R.CENTRAL,M.G.R.CENTRAL,THIRUPORUR,THIRUPORUR,05:45,2026-01-13T22:09:12.786003
102X,102X,M.G.R.CENTRAL,M.G.R.CENTRAL,THIRUPORUR,THIRUPORUR,06:00,2026-01-13T22:09:12.786003
102X,102X,M.G.R.CENTRAL,M.G.R.CENTRAL,THIRUPORUR,THIRUPORUR,06:15,2026-01-13T22:09:12.786003
102X,102X,M.G.R.CENTRAL,M.G.R.CENTRAL,THIRUPORUR,THIRUPORUR,06:20,2026-01-13T22:09:12.786003
102X,102X,M.G.R.CENTRAL,M.G.R.CENTRAL,THIRUPORUR,THIRUPORUR,06:35,2026-01-13T22:09:12.786003
102X,102X,M.G.R.CENTRAL,M.G.R.CENTRAL,THIRUPORUR,THIRUPORUR,07:10,2026-01-13T22:09:12.786003
102X,102X,THIRUPORUR,THIRUPORUR,BROADWAY,BROADWAY,05:30,2026-01-13T22:09:32.046356
102X,102X,THIRUPORUR,THIRUPORUR,BROADWAY,BROADWAY,06:25,2026-01-13T22:09:32.046356
102X,102X,THIRUPORUR,THIRUPORUR,BROADWAY,BROADWAY,06:45,2026-01-13T22:09:32.046356
102X,102X,THIRUPORUR,THIRUPORUR,BROADWAY,BROADWAY,07:00,2026-01-13T22:09:32.046356
102X,102X,THIRUPORUR,THIRUPORUR,BROADWAY,BROADWAY,07:20,2026-01-13T22:09:32.046356
102X,102X,THIRUPORUR,THIRUPORUR,BROADWAY,BROADWAY,07:40,2026-01-13T22:09:32.046356
102X,102X,THIRUPORUR,THIRUPORUR,BROADWAY,BROADWAY,08:00,2026-01-13T22:09:32.046356
102X,102X,THIRUPORUR,THIRUPORUR,BROADWAY,BROADWAY,08:20,2026-01-13T22:09:32.046356
102X,102X,THIRUPORUR,THIRUPORUR,BROADWAY,BROADWAY,08:25,2026-01-13T22:09:32.046356
102X,102X,THIRUPORUR,THIRUPORUR,BROADWAY,BROADWAY,08:30,2026-01-13T22:09:32.046356
102X,102X,THIRUPORUR,THIRUPORUR,BROADWAY,BROADWAY,08:35,2026-01-13T22:09:32.046356
102X,102X,THIRUPORUR,THIRUPORUR,BROADWAY,BROADWAY,08:40,2026-01-13T22:09:32.046356
102X,102X,THIRUPORUR,THIRUPORUR,BROADWAY,BROADWAY,08:50,2026-01-13T22:09:32.046356
102X,102X,THIRUPORUR,THIRUPORUR,BROADWAY,BROADWAY,09:15,2026-01-13T22:09:32.046356
102X,102X,THIRUPORUR,THIRUPORUR,BROADWAY,BROADWAY,09:25,2026-01-13T22:09:32.046356
102X,102X,THIRUPORUR,THIRUPORUR,BROADWAY,BROADWAY,09:35,2026-01-13T22:09:32.046356
102X,102X,THIRUPORUR,THIRUPORUR,BROADWAY,BROADWAY,09:45,2026-01-13T22:09:32.046356
102X,102X,THIRUPORUR,THIRUPORUR,BROADWAY,BROADWAY,10:00,2026-01-13T22:09:32.046356
102X,102X,THIRUPORUR,THIRUPORUR,BROADWAY,BROADWAY,10:15,2026-01-13T22:09:32.046356
102X,102X,THIRUPORUR,THIRUPORUR,BROADWAY,BROADWAY,10:55,2026-01-13T22:09:32.046356
102X,102X,THIRUPORUR,THIRUPORUR,BROADWAY,BROADWAY,11:30,2026-01-13T22:09:32.046356
102X,102X,THIRUPORUR,THIRUPORUR,BROADWAY,BROADWAY,11:45,2026-01-13T22:09:32.046356
102X,102X,THIRUPORUR,THIRUPORUR,BROADWAY,BROADWAY,12:15,2026-01-13T22:09:32.046356
102X,102X,THIRUPORUR,THIRUPORUR,BROADWAY,BROADWAY,12:50,2026-01-13T22:09:32.046356
102X,102X,THIRUPORUR,THIRUPORUR,BROADWAY,BROADWAY,13:05,2026-01-13T22:09:32.046356
102X,102X,THIRUPORUR,THIRUPORUR,BROADWAY,BROADWAY,13:10,2026-01-13T22:09:32.046356
102X,102X,THIRUPORUR,THIRUPORUR,BROADWAY,BROADWAY,13:50,2026-01-13T22:09:32.046356
102X,102X,THIRUPORUR,THIRUPORUR,BROADWAY,BROADWAY,14:10,2026-01-13T22:09:32.046356
102X,102X,THIRUPORUR,THIRUPORUR,BROADWAY,BROADWAY,14:35,2026-01-13T22:09:32.046356
102X,102X,THIRUPORUR,THIRUPORUR,BROADWAY,BROADWAY,15:10,2026-01-13T22:09:32.046356
102X,102X,THIRUPORUR,THIRUPORUR,BROADWAY,BROADWAY,15:30,2026-01-13T22:09:32.046356
102X,102X,THIRUPORUR,THIRUPORUR,BROADWAY,BROADWAY,15:35,2026-01-13T22:09:32.046356
102X,102X,THIRUPORUR,THIRUPORUR,BROADWAY,BROADWAY,15:40,2026-01-13T22:09:32.046356
102X,102X,THIRUPORUR,THIRUPORUR,BROADWAY,BROADWAY,15:50,2026-01-13T22:09:32.046356
102X,102X,THIRUPORUR,THIRUPORUR,BROADWAY,BROADWAY,15:55,2026-01-13T22:09:32.046356
102X,102X,THIRUPORUR,THIRUPORUR,BROADWAY,BROADWAY,16:05,2026-01-13T22:09:32.046356
102X,102X,THIRUPORUR,THIRUPORUR,BROADWAY,BROADWAY,16:20,2026-01-13T22:09:32.046356
102X,102X,THIRUPORUR,THIRUPORUR,BROADWAY,BROADWAY,16:30,2026-01-13T22:09:32.046356
102X,102X,THIRUPORUR,THIRUPORUR,BROADWAY,BROADWAY,16:50,2026-01-13T22:09:32.046356
102X,102X,THIRUPORUR,THIRUPORUR,BROADWAY,BROADWAY,17:10,2026-01-13T22:09:32.046356
102X,102X,THIRUPORUR,THIRUPORUR,BROADWAY,BROADWAY,18:00,2026-01-13T22:09:32.046356
102X,102X,THIRUPORUR,THIRUPORUR,BROADWAY,BROADWAY,18:40,2026-01-13T22:09:32.046356
102X,102X,THIRUPORUR,THIRUPORUR,KANNAGI NAGAR TNUHDB,KANNAGI NAGAR TNUHDB,20:15,2026-01-13T22:09:47.143207
102X,102X,THIRUPORUR,THIRUPORUR,KANNAGI NAGAR TNUHDB,KANNAGI NAGAR TNUHDB,20:50,2026-01-13T22:09:47.143207
102X,102X,THIRUPORUR,THIRUPORUR,KANNAGI NAGAR TNUHDB,KANNAGI NAGAR TNUHDB,21:25,2026-01-13T22:09:47.143207
102X,102X,THIRUPORUR,THIRUPORUR,KANNAGI NAGAR TNUHDB,KANNAGI NAGAR TNUHDB,21:45,2026-01-13T22:09:47.143207
102X,102X,THIRUPORUR,THIRUPORUR,KANNAGI NAGAR TNUHDB,KANNAGI NAGAR TNUHDB,22:52,2026-01-13T22:09:47.143207
102X,102X,THIRUPORUR,THIRUPORUR,M.G.R.CENTRAL,M.G.R.CENTRAL,17:45,2026-01-13T22:10:02.251964
102X,102X,THIRUPORUR,THIRUPORUR,M.G.R.CENTRAL,M.G.R.CENTRAL,18:20,2026-01-13T22:10:02.251964
102X,102X,THIRUPORUR,THIRUPORUR,M.G.R.CENTRAL,M.G.R.CENTRAL,18:45,2026-01-13T22:10:02.251964
102X,102X,THIRUPORUR,THIRUPORUR,M.G.R.CENTRAL,M.G.R.CENTRAL,19:20,2026-01-13T22:10:02.251964
102X,102X,THIRUPORUR,THIRUPORUR,M.G.R.CENTRAL,M.G.R.CENTRAL,19:35,2026-01-13T22:10:02.251964
102X,102X,THIRUPORUR,THIRUPORUR,M.G.R.CENTRAL,M.G.R.CENTRAL,19:50,2026-01-13T22:10:02.251964
102X,102X,THIRUPORUR,THIRUPORUR,M.G.R.CENTRAL,M.G.R.CENTRAL,20:10,2026-01-13T22:10:02.251964
102X,102X,THIRUPORUR,THIRUPORUR,M.G.R.CENTRAL,M.G.R.CENTRAL,20:20,2026-01-13T22:10:02.251964
102X,102X,THIRUPORUR,THIRUPORUR,M.G.R.CENTRAL,M.G.R.CENTRAL,20:35,2026-01-13T22:10:02.251964
102X,102X,THIRUPORUR,THIRUPORUR,M.G.R.CENTRAL,M.G.R.CENTRAL,21:05,2026-01-13T22:10:02.251964
102X,102X,THIRUPORUR,THIRUPORUR,THIRUVANMIYUR,THIRUVANMIYUR,10:30,2026-01-13T22:10:17.381287
102X,102X,THIRUPORUR,THIRUPORUR,THIRUVANMIYUR,THIRUVANMIYUR,11:15,2026-01-13T22:10:17.381287
102X,102X,THIRUPORUR,THIRUPORUR,THIRUVANMIYUR,THIRUVANMIYUR,12:30,2026-01-13T22:10:17.381287
102X,102X,THIRUPORUR,THIRUPORUR,THIRUVANMIYUR,THIRUVANMIYUR,13:00,2026-01-13T22:10:17.381287
102X,102X,THIRUPORUR,THIRUPORUR,THIRUVANMIYUR,THIRUVANMIYUR,13:15,2026-01-13T22:10:17.381287
102X,102X,THIRUPORUR,THIRUPORUR,THIRUVANMIYUR,THIRUVANMIYUR,13:20,2026-01-13T22:10:17.381287
102X,102X,THIRUPORUR,THIRUPORUR,THIRUVANMIYUR,THIRUVANMIYUR,13:30,2026-01-13T22:10:17.381287
102X,102X,THIRUPORUR,THIRUPORUR,THIRUVANMIYUR,THIRUVANMIYUR,13:45,2026-01-13T22:10:17.381287
102X,102X,THIRUPORUR,THIRUPORUR,THIRUVANMIYUR,THIRUVANMIYUR,14:00,2026-01-13T22:10:17.381287
102X,102X,THIRUPORUR,THIRUPORUR,THIRUVANMIYUR,THIRUVANMIYUR,14:20,2026-01-13T22:10:17.381287
102X,102X,THIRUPORUR,THIRUPORUR,THIRUVANMIYUR,THIRUVANMIYUR,14:45,2026-01-13T22:10:17.381287
102X,102X,THIRUPORUR,THIRUPORUR,THIRUVANMIYUR,THIRUVANMIYUR,16:15,2026-01-13T22:10:17.381287
102X,102X,THIRUPORUR,THIRUPORUR,THIRUVANMIYUR,THIRUVANMIYUR,16:50,2026-01-13T22:10:17.381287
102X,102X,THIRUPORUR,THIRUPORUR,THIRUVANMIYUR,THIRUVANMIYUR,17:20,2026-01-13T22:10:17.381287
102X,102X,THIRUVANMIYUR,THIRUVANMIYUR,THIRUPORUR,THIRUPORUR,08:10,2026-01-13T22:10:36.614762
102X,102X,THIRUVANMIYUR,THIRUVANMIYUR,THIRUPORUR,THIRUPORUR,11:45,2026-01-13T22:10:36.614762
102X,102X,THIRUVANMIYUR,THIRUVANMIYUR,THIRUPORUR,THIRUPORUR,12:30,2026-01-13T22:10:36.614762
102X,102X,THIRUVANMIYUR,THIRUVANMIYUR,THIRUPORUR,THIRUPORUR,13:45,2026-01-13T22:10:36.614762
102X,102X,THIRUVANMIYUR,THIRUVANMIYUR,THIRUPORUR,THIRUPORUR,14:15,2026-01-13T22:10:36.614762
102X,102X,THIRUVANMIYUR,THIRUVANMIYUR,THIRUPORUR,THIRUPORUR,14:25,2026-01-13T22:10:36.614762
102X,102X,THIRUVANMIYUR,THIRUVANMIYUR,THIRUPORUR,THIRUPORUR,14:35,2026-01-13T22:10:36.614762
102X,102X,THIRUVANMIYUR,THIRUVANMIYUR,THIRUPORUR,THIRUPORUR,14:50,2026-01-13T22:10:36.614762
102X,102X,THIRUVANMIYUR,THIRUVANMIYUR,THIRUPORUR,THIRUPORUR,15:05,2026-01-13T22:10:36.614762
102X,102X,THIRUVANMIYUR,THIRUVANMIYUR,THIRUPORUR,THIRUPORUR,15:10,2026-01-13T22:10:36.614762
102X,102X,THIRUVANMIYUR,THIRUVANMIYUR,THIRUPORUR,THIRUPORUR,15:35,2026-01-13T22:10:36.614762
102X,102X,THIRUVANMIYUR,THIRUVANMIYUR,THIRUPORUR,THIRUPORUR,16:00,2026-01-13T22:10:36.614762
102X,102X,THIRUVANMIYUR,THIRUVANMIYUR,THIRUPORUR,THIRUPORUR,17:30,2026-01-13T22:10:36.614762
102X,102X,THIRUVANMIYUR,THIRUVANMIYUR,THIRUPORUR,THIRUPORUR,18:05,2026-01-13T22:10:36.614762
102X,102X,THIRUVANMIYUR,THIRUVANMIYUR,THIRUPORUR,THIRUPORUR,18:35,2026-01-13T22:10:36.614762
104,104,AMBATTUR I.E,AMBATTUR I.E,REDHILLS,REDHILLS,04:45,2026-01-13T22:11:01.856186
104,104,AMBATTUR I.E,AMBATTUR I.E,REDHILLS,REDHILLS,06:15,2026-01-13T22:11:01.856186
104,104,AMBATTUR I.E,AMBATTUR I.E,REDHILLS,REDHILLS,07:35,2026-01-13T22:11:01.856186
104,104,AMBATTUR I.E,AMBATTUR I.E,TAMBARAM NEW B.S,TAMBARAM NEW B.S,05:00,2026-01-13T22:11:16.981094
104,104,AMBATTUR I.E,AMBATTUR I.E,TAMBARAM NEW B.S,TAMBARAM NEW B.S,07:00,2026-01-13T22:11:16.981094
104,104,REDHILLS,REDHILLS,AMBATTUR I.E,AMBATTUR I.E,20:20,2026-01-13T22:11:36.213098
104,104,REDHILLS,REDHILLS,AMBATTUR I.E,AMBATTUR I.E,22:12,2026-01-13T22:11:36.213098
104,104,REDHILLS,REDHILLS,TAMBARAM NEW B.S,TAMBARAM NEW B.S,04:40,2026-01-13T22:11:51.304039
104,104,REDHILLS,REDHILLS,TAMBARAM NEW B.S,TAMBARAM NEW B.S,05:00,2026-01-13T22:11:51.304039
104,104,REDHILLS,REDHILLS,TAMBARAM NEW B.S,TAMBARAM NEW B.S,05:20,2026-01-13T22:11:51.304039
104,104,REDHILLS,REDHILLS,TAMBARAM NEW B.S,TAMBARAM NEW B.S,05:40,2026-01-13T22:11:51.304039
104,104,REDHILLS,REDHILLS,TAMBARAM NEW B.S,TAMBARAM NEW B.S,05:50,2026-01-13T22:11:51.304039
104,104,REDHILLS,REDHILLS,TAMBARAM NEW B.S,TAMBARAM NEW B.S,06:05,2026-01-13T22:11:51.304039
104,104,REDHILLS,REDHILLS,TAMBARAM NEW B.S,TAMBARAM NEW B.S,06:30,2026-01-13T22:11:51.304039
104,104,REDHILLS,REDHILLS,TAMBARAM NEW B.S,TAMBARAM NEW B.S,06:55,2026-01-13T22:11:51.304039
104,104,REDHILLS,REDHILLS,TAMBARAM NEW B.S,TAMBARAM NEW B.S,07:00,2026-01-13T22:11:51.304039
104,104,REDHILLS,REDHILLS,TAMBARAM NEW B.S,TAMBARAM NEW B.S,07:15,2026-01-13T22:11:51.304039
104,104,REDHILLS,REDHILLS,TAMBARAM NEW B.S,TAMBARAM NEW B.S,07:35,2026-01-13T22:11:51.304039
104,104,REDHILLS,REDHILLS,TAMBARAM NEW B.S,TAMBARAM NEW B.S,07:55,2026-01-13T22:11:51.304039
104,104,REDHILLS,REDHILLS,TAMBARAM NEW B.S,TAMBARAM NEW B.S,08:05,2026-01-13T22:11:51.304039
104,104,REDHILLS,REDHILLS,TAMBARAM NEW B.S,TAMBARAM NEW B.S,08:20,2026-01-13T22:11:51.304039
104,104,REDHILLS,REDHILLS,TAMBARAM NEW B.S,TAMBARAM NEW B.S,08:30,2026-01-13T22:11:51.304039
104,104,REDHILLS,REDHILLS,TAMBARAM NEW B.S,TAMBARAM NEW B.S,08:45,2026-01-13T22:11:51.304039
104,104,REDHILLS,REDHILLS,TAMBARAM NEW B.S,TAMBARAM NEW B.S,09:05,2026-01-13T22:11:51.304039
104,104,REDHILLS,REDHILLS,TAMBARAM NEW B.S,TAMBARAM NEW B.S,09:20,2026-01-13T22:11:51.304039
104,104,REDHILLS,REDHILLS,TAMBARAM NEW B.S,TAMBARAM NEW B.S,09:30,2026-01-13T22:11:51.304039
104,104,REDHILLS,REDHILLS,TAMBARAM NEW B.S,TAMBARAM NEW B.S,09:40,2026-01-13T22:11:51.304039
104,104,REDHILLS,REDHILLS,TAMBARAM NEW B.S,TAMBARAM NEW B.S,10:00,2026-01-13T22:11:51.304039
104,104,REDHILLS,REDHILLS,TAMBARAM NEW B.S,TAMBARAM NEW B.S,10:15,2026-01-13T22:11:51.304039
104,104,REDHILLS,REDHILLS,TAMBARAM NEW B.S,TAMBARAM NEW B.S,10:25,2026-01-13T22:11:51.304039
104,104,REDHILLS,REDHILLS,TAMBARAM NEW B.S,TAMBARAM NEW B.S,10:40,2026-01-13T22:11:51.304039
104,104,REDHILLS,REDHILLS,TAMBARAM NEW B.S,TAMBARAM NEW B.S,10:55,2026-01-13T22:11:51.304039
104,104,REDHILLS,REDHILLS,TAMBARAM NEW B.S,TAMBARAM NEW B.S,11:05,2026-01-13T22:11:51.304039
104,104,REDHILLS,REDHILLS,TAMBARAM NEW B.S,TAMBARAM NEW B.S,11:20,2026-01-13T22:11:51.304039
104,104,REDHILLS,REDHILLS,TAMBARAM NEW B.S,TAMBARAM NEW B.S,11:45,2026-01-13T22:11:51.304039
104,104,REDHILLS,REDHILLS,TAMBARAM NEW B.S,TAMBARAM NEW B.S,12:00,2026-01-13T22:11:51.304039
104,104,REDHILLS,REDHILLS,TAMBARAM NEW B.S,TAMBARAM NEW B.S,12:10,2026-01-13T22:11:51.304039
104,104,REDHILLS,REDHILLS,TAMBARAM NEW B.S,TAMBARAM NEW B.S,12:25,2026-01-13T22:11:51.304039
104,104,REDHILLS,REDHILLS,TAMBARAM NEW B.S,TAMBARAM NEW B.S,12:30,2026-01-13T22:11:51.304039
104,104,REDHILLS,REDHILLS,TAMBARAM NEW B.S,TAMBARAM NEW B.S,12:50,2026-01-13T22:11:51.304039
104,104,REDHILLS,REDHILLS,TAMBARAM NEW B.S,TAMBARAM NEW B.S,13:10,2026-01-13T22:11:51.304039
104,104,REDHILLS,REDHILLS,TAMBARAM NEW B.S,TAMBARAM NEW B.S,13:30,2026-01-13T22:11:51.304039
104,104,REDHILLS,REDHILLS,TAMBARAM NEW B.S,TAMBARAM NEW B.S,13:40,2026-01-13T22:11:51.304039
104,104,REDHILLS,REDHILLS,TAMBARAM NEW B.S,TAMBARAM NEW B.S,13:50,2026-01-13T22:11:51.304039
104,104,REDHILLS,REDHILLS,TAMBARAM NEW B.S,TAMBARAM NEW B.S,14:05,2026-01-13T22:11:51.304039
104,104,REDHILLS,REDHILLS,TAMBARAM NEW B.S,TAMBARAM NEW B.S,14:20,2026-01-13T22:11:51.304039
104,104,REDHILLS,REDHILLS,TAMBARAM NEW B.S,TAMBARAM NEW B.S,14:25,2026-01-13T22:11:51.304039
104,104,REDHILLS,REDHILLS,TAMBARAM NEW B.S,TAMBARAM NEW B.S,14:30,2026-01-13T22:11:51.304039
104,104,REDHILLS,REDHILLS,TAMBARAM NEW B.S,TAMBARAM NEW B.S,14:40,2026-01-13T22:11:51.304039
104,104,REDHILLS,REDHILLS,TAMBARAM NEW B.S,TAMBARAM NEW B.S,15:15,2026-01-13T22:11:51.304039
104,104,REDHILLS,REDHILLS,TAMBARAM NEW B.S,TAMBARAM NEW B.S,15:30,2026-01-13T22:11:51.304039
104,104,REDHILLS,REDHILLS,TAMBARAM NEW B.S,TAMBARAM NEW B.S,15:45,2026-01-13T22:11:51.304039
104,104,REDHILLS,REDHILLS,TAMBARAM NEW B.S,TAMBARAM NEW B.S,16:00,2026-01-13T22:11:51.304039
104,104,REDHILLS,REDHILLS,TAMBARAM NEW B.S,TAMBARAM NEW B.S,16:10,2026-01-13T22:11:51.304039
104,104,REDHILLS,REDHILLS,TAMBARAM NEW B.S,TAMBARAM NEW B.S,16:15,2026-01-13T22:11:51.304039
104,104,REDHILLS,REDHILLS,TAMBARAM NEW B.S,TAMBARAM NEW B.S,16:30,2026-01-13T22:11:51.304039
104,104,REDHILLS,REDHILLS,TAMBARAM NEW B.S,TAMBARAM NEW B.S,16:45,2026-01-13T22:11:51.304039
104,104,REDHILLS,REDHILLS,TAMBARAM NEW B.S,TAMBARAM NEW B.S,17:10,2026-01-13T22:11:51.304039
104,104,REDHILLS,REDHILLS,TAMBARAM NEW B.S,TAMBARAM NEW B.S,17:15,2026-01-13T22:11:51.304039
104,104,REDHILLS,REDHILLS,TAMBARAM NEW B.S,TAMBARAM NEW B.S,17:20,2026-01-13T22:11:51.304039
104,104,REDHILLS,REDHILLS,TAMBARAM NEW B.S,TAMBARAM NEW B.S,17:45,2026-01-13T22:11:51.304039
104,104,REDHILLS,REDHILLS,TAMBARAM NEW B.S,TAMBARAM NEW B.S,18:00,2026-01-13T22:11:51.304039
104,104,REDHILLS,REDHILLS,TAMBARAM NEW B.S,TAMBARAM NEW B.S,18:10,2026-01-13T22:11:51.304039
104,104,REDHILLS,REDHILLS,TAMBARAM NEW B.S,TAMBARAM NEW B.S,18:15,2026-01-13T22:11:51.304039
104,104,REDHILLS,REDHILLS,TAMBARAM NEW B.S,TAMBARAM NEW B.S,18:25,2026-01-13T22:11:51.304039
104,104,REDHILLS,REDHILLS,TAMBARAM NEW B.S,TAMBARAM NEW B.S,18:55,2026-01-13T22:11:51.304039
104,104,REDHILLS,REDHILLS,TAMBARAM NEW B.S,TAMBARAM NEW B.S,19:20,2026-01-13T22:11:51.304039
104,104,REDHILLS,REDHILLS,TAMBARAM NEW B.S,TAMBARAM NEW B.S,19:40,2026-01-13T22:11:51.304039
104,104,REDHILLS,REDHILLS,TAMBARAM NEW B.S,TAMBARAM NEW B.S,19:55,2026-01-13T22:11:51.304039
104,104,REDHILLS,REDHILLS,TAMBARAM NEW B.S,TAMBARAM NEW B.S,21:20,2026-01-13T22:11:51.304039
104,104,TAMBARAM NEW B.S,TAMBARAM NEW B.S,AMBATTUR I.E,AMBATTUR I.E,18:15,2026-01-13T22:12:10.544353
104,104,TAMBARAM NEW B.S,TAMBARAM NEW B.S,AMBATTUR I.E,AMBATTUR I.E,19:50,2026-01-13T22:12:10.544353
104,104,TAMBARAM NEW B.S,TAMBARAM NEW B.S,AMBATTUR I.E,AMBATTUR I.E,21:30,2026-01-13T22:12:10.544353
104,104,TAMBARAM NEW B.S,TAMBARAM NEW B.S,REDHILLS,REDHILLS,05:45,2026-01-13T22:12:25.654791
104,104,TAMBARAM NEW B.S,TAMBARAM NEW B.S,REDHILLS,REDHILLS,06:05,2026-01-13T22:12:25.654791
104,104,TAMBARAM NEW B.S,TAMBARAM NEW B.S,REDHILLS,REDHILLS,06:20,2026-01-13T22:12:25.654791
104,104,TAMBARAM NEW B.S,TAMBARAM NEW B.S,REDHILLS,REDHILLS,06:40,2026-01-13T22:12:25.654791
104,104,TAMBARAM NEW B.S,TAMBARAM NEW B.S,REDHILLS,REDHILLS,07:05,2026-01-13T22:12:25.654791
104,104,TAMBARAM NEW B.S,TAMBARAM NEW B.S,REDHILLS,REDHILLS,07:20,2026-01-13T22:12:25.654791
104,104,TAMBARAM NEW B.S,TAMBARAM NEW B.S,REDHILLS,REDHILLS,07:35,2026-01-13T22:12:25.654791
104,104,TAMBARAM NEW B.S,TAMBARAM NEW B.S,REDHILLS,REDHILLS,07:45,2026-01-13T22:12:25.654791
104,104,TAMBARAM NEW B.S,TAMBARAM NEW B.S,REDHILLS,REDHILLS,07:55,2026-01-13T22:12:25.654791
104,104,TAMBARAM NEW B.S,TAMBARAM NEW B.S,REDHILLS,REDHILLS,08:05,2026-01-13T22:12:25.654791
104,104,TAMBARAM NEW B.S,TAMBARAM NEW B.S,REDHILLS,REDHILLS,08:25,2026-01-13T22:12:25.654791
104,104,TAMBARAM NEW B.S,TAMBARAM NEW B.S,REDHILLS,REDHILLS,08:40,2026-01-13T22:12:25.654791
104,104,TAMBARAM NEW B.S,TAMBARAM NEW B.S,REDHILLS,REDHILLS,08:50,2026-01-13T22:12:25.654791
104,104,TAMBARAM NEW B.S,TAMBARAM NEW B.S,REDHILLS,REDHILLS,09:00,2026-01-13T22:12:25.654791
104,104,TAMBARAM NEW B.S,TAMBARAM NEW B.S,REDHILLS,REDHILLS,09:15,2026-01-13T22:12:25.654791
104,104,TAMBARAM NEW B.S,TAMBARAM NEW B.S,REDHILLS,REDHILLS,09:40,2026-01-13T22:12:25.654791
104,104,TAMBARAM NEW B.S,TAMBARAM NEW B.S,REDHILLS,REDHILLS,10:00,2026-01-13T22:12:25.654791
104,104,TAMBARAM NEW B.S,TAMBARAM NEW B.S,REDHILLS,REDHILLS,10:05,2026-01-13T22:12:25.654791
104,104,TAMBARAM NEW B.S,TAMBARAM NEW B.S,REDHILLS,REDHILLS,10:25,2026-01-13T22:12:25.654791
104,104,TAMBARAM NEW B.S,TAMBARAM NEW B.S,REDHILLS,REDHILLS,10:30,2026-01-13T22:12:25.654791
104,104,TAMBARAM NEW B.S,TAMBARAM NEW B.S,REDHILLS,REDHILLS,10:50,2026-01-13T22:12:25.654791
104,104,TAMBARAM NEW B.S,TAMBARAM NEW B.S,REDHILLS,REDHILLS,11:10,2026-01-13T22:12:25.654791
104,104,TAMBARAM NEW B.S,TAMBARAM NEW B.S,REDHILLS,REDHILLS,11:25,2026-01-13T22:12:25.654791
104,104,TAMBARAM NEW B.S,TAMBARAM NEW B.S,REDHILLS,REDHILLS,11:35,2026-01-13T22:12:25.654791
104,104,TAMBARAM NEW B.S,TAMBARAM NEW B.S,REDHILLS,REDHILLS,11:45,2026-01-13T22:12:25.654791
104,104,TAMBARAM NEW B.S,TAMBARAM NEW B.S,REDHILLS,REDHILLS,12:00,2026-01-13T22:12:25.654791
104,104,TAMBARAM NEW B.S,TAMBARAM NEW B.S,REDHILLS,REDHILLS,12:20,2026-01-13T22:12:25.654791
104,104,TAMBARAM NEW B.S,TAMBARAM NEW B.S,REDHILLS,REDHILLS,12:30,2026-01-13T22:12:25.654791
104,104,TAMBARAM NEW B.S,TAMBARAM NEW B.S,REDHILLS,REDHILLS,12:45,2026-01-13T22:12:25.654791
104,104,TAMBARAM NEW B.S,TAMBARAM NEW B.S,REDHILLS,REDHILLS,13:10,2026-01-13T22:12:25.654791
104,104,TAMBARAM NEW B.S,TAMBARAM NEW B.S,REDHILLS,REDHILLS,13:25,2026-01-13T22:12:25.654791
104,104,TAMBARAM NEW B.S,TAMBARAM NEW B.S,REDHILLS,REDHILLS,13:45,2026-01-13T22:12:25.654791
104,104,TAMBARAM NEW B.S,TAMBARAM NEW B.S,REDHILLS,REDHILLS,13:55,2026-01-13T22:12:25.654791
104,104,TAMBARAM NEW B.S,TAMBARAM NEW B.S,REDHILLS,REDHILLS,14:10,2026-01-13T22:12:25.654791
104,104,TAMBARAM NEW B.S,TAMBARAM NEW B.S,REDHILLS,REDHILLS,14:25,2026-01-13T22:12:25.654791
104,104,TAMBARAM NEW B.S,TAMBARAM NEW B.S,REDHILLS,REDHILLS,14:30,2026-01-13T22:12:25.654791
104,104,TAMBARAM NEW B.S,TAMBARAM NEW B.S,REDHILLS,REDHILLS,14:50,2026-01-13T22:12:25.654791
104,104,TAMBARAM NEW B.S,TAMBARAM NEW B.S,REDHILLS,REDHILLS,15:05,2026-01-13T22:12:25.654791
104,104,TAMBARAM NEW B.S,TAMBARAM NEW B.S,REDHILLS,REDHILLS,15:25,2026-01-13T22:12:25.654791
104,104,TAMBARAM NEW B.S,TAMBARAM NEW B.S,REDHILLS,REDHILLS,15:35,2026-01-13T22:12:25.654791
104,104,TAMBARAM NEW B.S,TAMBARAM NEW B.S,REDHILLS,REDHILLS,15:45,2026-01-13T22:12:25.654791
104,104,TAMBARAM NEW B.S,TAMBARAM NEW B.S,REDHILLS,REDHILLS,16:10,2026-01-13T22:12:25.654791
104,104,TAMBARAM NEW B.S,TAMBARAM NEW B.S,REDHILLS,REDHILLS,16:20,2026-01-13T22:12:25.654791
104,104,TAMBARAM NEW B.S,TAMBARAM NEW B.S,REDHILLS,REDHILLS,16:25,2026-01-13T22:12:25.654791
104,104,TAMBARAM NEW B.S,TAMBARAM NEW B.S,REDHILLS,REDHILLS,16:40,2026-01-13T22:12:25.654791
104,104,TAMBARAM NEW B.S,TAMBARAM NEW B.S,REDHILLS,REDHILLS,17:05,2026-01-13T22:12:25.654791
104,104,TAMBARAM NEW B.S,TAMBARAM NEW B.S,REDHILLS,REDHILLS,17:20,2026-01-13T22:12:25.654791
104,104,TAMBARAM NEW B.S,TAMBARAM NEW B.S,REDHILLS,REDHILLS,17:35,2026-01-13T22:12:25.654791
104,104,TAMBARAM NEW B.S,TAMBARAM NEW B.S,REDHILLS,REDHILLS,17:45,2026-01-13T22:12:25.654791
104,104,TAMBARAM NEW B.S,TAMBARAM NEW B.S,REDHILLS,REDHILLS,17:55,2026-01-13T22:12:25.654791
104,104,TAMBARAM NEW B.S,TAMBARAM NEW B.S,REDHILLS,REDHILLS,18:05,2026-01-13T22:12:25.654791
104,104,TAMBARAM NEW B.S,TAMBARAM NEW B.S,REDHILLS,REDHILLS,18:35,2026-01-13T22:12:25.654791
104,104,TAMBARAM NEW B.S,TAMBARAM NEW B.S,REDHILLS,REDHILLS,18:50,2026-01-13T22:12:25.654791
104,104,TAMBARAM NEW B.S,TAMBARAM NEW B.S,REDHILLS,REDHILLS,19:05,2026-01-13T22:12:25.654791
104,104,TAMBARAM NEW B.S,TAMBARAM NEW B.S,REDHILLS,REDHILLS,19:10,2026-01-13T22:12:25.654791
104,104,TAMBARAM NEW B.S,TAMBARAM NEW B.S,REDHILLS,REDHILLS,19:20,2026-01-13T22:12:25.654791
104,104,TAMBARAM NEW B.S,TAMBARAM NEW B.S,REDHILLS,REDHILLS,20:05,2026-01-13T22:12:25.654791
104,104,TAMBARAM NEW B.S,TAMBARAM NEW B.S,REDHILLS,REDHILLS,20:15,2026-01-13T22:12:25.654791
104,104,TAMBARAM NEW B.S,TAMBARAM NEW B.S,REDHILLS,REDHILLS,20:25,2026-01-13T22:12:25.654791
104,104,TAMBARAM NEW B.S,TAMBARAM NEW B.S,REDHILLS,REDHILLS,20:55,2026-01-13T22:12:25.654791
104,104,TAMBARAM NEW B.S,TAMBARAM NEW B.S,REDHILLS,REDHILLS,21:20,2026-01-13T22:12:25.654791
104A,104A,AVADI,AVADI,KCBT KILAMBAKKAM,KCBT KILAMBAKKAM,05:05,2026-01-13T22:12:51.481864
104A,104A,AVADI,AVADI,KCBT KILAMBAKKAM,KCBT KILAMBAKKAM,06:15,2026-01-13T22:12:51.481864
104A,104A,AVADI,AVADI,KCBT KILAMBAKKAM,KCBT KILAMBAKKAM,17:25,2026-01-13T22:12:51.481864
104A,104A,AVADI,AVADI,KCBT KILAMBAKKAM,KCBT KILAMBAKKAM,18:30,2026-01-13T22:12:51.481864
104A,104A,AVADI,AVADI,M.G.R.KOYAMBEDU,M.G.R.KOYAMBEDU,15:17,2026-01-13T22:13:06.584082
104A,104A,AVADI,AVADI,M.G.R.KOYAMBEDU,M.G.R.KOYAMBEDU,16:27,2026-01-13T22:13:06.584082
104A,104A,AVADI,AVADI,TAMBARAM NEW B.S,TAMBARAM NEW B.S,08:20,2026-01-13T22:13:21.747505
104A,104A,AVADI,AVADI,TAMBARAM NEW B.S,TAMBARAM NEW B.S,09:45,2026-01-13T22:13:21.747505
104A,104A,AVADI,AVADI,TAMBARAM NEW B.S,TAMBARAM NEW B.S,11:55,2026-01-13T22:13:21.747505
104A,104A,AVADI,AVADI,TAMBARAM NEW B.S,TAMBARAM NEW B.S,13:07,2026-01-13T22:13:21.747505
104A,104A,KCBT KILAMBAKKAM,KCBT KILAMBAKKAM,AVADI,AVADI,06:35,2026-01-13T22:13:40.980375
104A,104A,KCBT KILAMBAKKAM,KCBT KILAMBAKKAM,AVADI,AVADI,07:50,2026-01-13T22:13:40.980375
104A,104A,KCBT KILAMBAKKAM,KCBT KILAMBAKKAM,AVADI,AVADI,19:25,2026-01-13T22:13:40.980375
104A,104A,KCBT KILAMBAKKAM,KCBT KILAMBAKKAM,AVADI,AVADI,20:35,2026-01-13T22:13:40.980375
104A,104A,M.G.R.KOYAMBEDU,M.G.R.KOYAMBEDU,AVADI,AVADI,16:17,2026-01-13T22:14:00.212060
104A,104A,M.G.R.KOYAMBEDU,M.G.R.KOYAMBEDU,AVADI,AVADI,17:27,2026-01-13T22:14:00.212060
104A,104A,TAMBARAM NEW B.S,TAMBARAM NEW B.S,AVADI,AVADI,10:15,2026-01-13T22:14:19.395411
104A,104A,TAMBARAM NEW B.S,TAMBARAM NEW B.S,AVADI,AVADI,11:20,2026-01-13T22:14:19.395411
104A,104A,TAMBARAM NEW B.S,TAMBARAM NEW B.S,AVADI,AVADI,13:40,2026-01-13T22:14:19.395411
104A,104A,TAMBARAM NEW B.S,TAMBARAM NEW B.S,AVADI,AVADI,14:50,2026-01-13T22:14:19.395411
104C,104C,ANNA NAGAR WEST,ANNA NAGAR WEST,M.G.R.KOYAMBEDU,M.G.R.KOYAMBEDU,07:20,2026-01-13T22:14:44.443174
104C,104C,ANNA NAGAR WEST,ANNA NAGAR WEST,M.G.R.KOYAMBEDU,M.G.R.KOYAMBEDU,08:00,2026-01-13T22:14:44.443174
104C,104C,KCBT KILAMBAKKAM,KCBT KILAMBAKKAM,M.G.R.KOYAMBEDU,M.G.R.KOYAMBEDU,00:15,2026-01-13T22:15:03.648291
104C,104C,KCBT KILAMBAKKAM,KCBT KILAMBAKKAM,M.G.R.KOYAMBEDU,M.G.R.KOYAMBEDU,00:50,2026-01-13T22:15:03.648291
104C,104C,KCBT KILAMBAKKAM,KCBT KILAMBAKKAM,M.G.R.KOYAMBEDU,M.G.R.KOYAMBEDU,01:20,2026-01-13T22:15:03.648291
104C,104C,KCBT KILAMBAKKAM,KCBT KILAMBAKKAM,M.G.R.KOYAMBEDU,M.G.R.KOYAMBEDU,02:00,2026-01-13T22:15:03.648291
104C,104C,KCBT KILAMBAKKAM,KCBT KILAMBAKKAM,M.G.R.KOYAMBEDU,M.G.R.KOYAMBEDU,02:20,2026-01-13T22:15:03.648291
104C,104C,KCBT KILAMBAKKAM,KCBT KILAMBAKKAM,M.G.R.KOYAMBEDU,M.G.R.KOYAMBEDU,02:50,2026-01-13T22:15:03.648291
104C,104C,KCBT KILAMBAKKAM,KCBT KILAMBAKKAM,M.G.R.KOYAMBEDU,M.G.R.KOYAMBEDU,03:25,2026-01-13T22:15:03.648291
104C,104C,KCBT KILAMBAKKAM,KCBT KILAMBAKKAM,M.G.R.KOYAMBEDU,M.G.R.KOYAMBEDU,04:00,2026-01-13T22:15:03.648291
104C,104C,KCBT KILAMBAKKAM,KCBT KILAMBAKKAM,M.G.R.KOYAMBEDU,M.G.R.KOYAMBEDU,04:10,2026-01-13T22:15:03.648291
104C,104C,KCBT KILAMBAKKAM,KCBT KILAMBAKKAM,M.G.R.KOYAMBEDU,M.G.R.KOYAMBEDU,04:25,2026-01-13T22:15:03.648291
104C,104C,KCBT KILAMBAKKAM,KCBT KILAMBAKKAM,M.G.R.KOYAMBEDU,M.G.R.KOYAMBEDU,04:35,2026-01-13T22:15:03.648291
104C,104C,KCBT KILAMBAKKAM,KCBT KILAMBAKKAM,M.G.R.KOYAMBEDU,M.G.R.KOYAMBEDU,04:45,2026-01-13T22:15:03.648291
104C,104C,KCBT KILAMBAKKAM,KCBT KILAMBAKKAM,M.G.R.KOYAMBEDU,M.G.R.KOYAMBEDU,04:55,2026-01-13T22:15:03.648291
104C,104C,KCBT KILAMBAKKAM,KCBT KILAMBAKKAM,M.G.R.KOYAMBEDU,M.G.R.KOYAMBEDU,05:20,2026-01-13T22:15:03.648291
104C,104C,KCBT KILAMBAKKAM,KCBT KILAMBAKKAM,M.G.R.KOYAMBEDU,M.G.R.KOYAMBEDU,05:30,2026-01-13T22:15:03.648291
104C,104C,KCBT KILAMBAKKAM,KCBT KILAMBAKKAM,M.G.R.KOYAMBEDU,M.G.R.KOYAMBEDU,05:55,2026-01-13T22:15:03.648291
104C,104C,KCBT KILAMBAKKAM,KCBT KILAMBAKKAM,M.G.R.KOYAMBEDU,M.G.R.KOYAMBEDU,06:05,2026-01-13T22:15:03.648291
104C,104C,KCBT KILAMBAKKAM,KCBT KILAMBAKKAM,M.G.R.KOYAMBEDU,M.G.R.KOYAMBEDU,06:15,2026-01-13T22:15:03.648291
104C,104C,KCBT KILAMBAKKAM,KCBT KILAMBAKKAM,M.G.R.KOYAMBEDU,M.G.R.KOYAMBEDU,06:25,2026-01-13T22:15:03.648291
104C,104C,KCBT KILAMBAKKAM,KCBT KILAMBAKKAM,M.G.R.KOYAMBEDU,M.G.R.KOYAMBEDU,06:30,2026-01-13T22:15:03.648291
104C,104C,KCBT KILAMBAKKAM,KCBT KILAMBAKKAM,M.G.R.KOYAMBEDU,M.G.R.KOYAMBEDU,06:37,2026-01-13T22:15:03.648291
104C,104C,KCBT KILAMBAKKAM,KCBT KILAMBAKKAM,M.G.R.KOYAMBEDU,M.G.R.KOYAMBEDU,06:45,2026-01-13T22:15:03.648291
104C,104C,KCBT KILAMBAKKAM,KCBT KILAMBAKKAM,M.G.R.KOYAMBEDU,M.G.R.KOYAMBEDU,06:55,2026-01-13T22:15:03.648291
104C,104C,KCBT KILAMBAKKAM,KCBT KILAMBAKKAM,M.G.R.KOYAMBEDU,M.G.R.KOYAMBEDU,07:05,2026-01-13T22:15:03.648291
104C,104C,KCBT KILAMBAKKAM,KCBT KILAMBAKKAM,M.G.R.KOYAMBEDU,M.G.R.KOYAMBEDU,07:10,2026-01-13T22:15:03.648291
104C,104C,KCBT KILAMBAKKAM,KCBT KILAMBAKKAM,M.G.R.KOYAMBEDU,M.G.R.KOYAMBEDU,07:20,2026-01-13T22:15:03.648291
104C,104C,KCBT KILAMBAKKAM,KCBT KILAMBAKKAM,M.G.R.KOYAMBEDU,M.G.R.KOYAMBEDU,07:30,2026-01-13T22:15:03.648291
104C,104C,KCBT KILAMBAKKAM,KCBT KILAMBAKKAM,M.G.R.KOYAMBEDU,M.G.R.KOYAMBEDU,07:40,2026-01-13T22:15:03.648291
104C,104C,KCBT KILAMBAKKAM,KCBT KILAMBAKKAM,M.G.R.KOYAMBEDU,M.G.R.KOYAMBEDU,07:50,2026-01-13T22:15:03.648291
104C,104C,KCBT KILAMBAKKAM,KCBT KILAMBAKKAM,M.G.R.KOYAMBEDU,M.G.R.KOYAMBEDU,08:00,2026-01-13T22:15:03.648291
104C,104C,KCBT KILAMBAKKAM,KCBT KILAMBAKKAM,M.G.R.KOYAMBEDU,M.G.R.KOYAMBEDU,08:15,2026-01-13T22:15:03.648291
104C,104C,KCBT KILAMBAKKAM,KCBT KILAMBAKKAM,M.G.R.KOYAMBEDU,M.G.R.KOYAMBEDU,08:22,2026-01-13T22:15:03.648291
104C,104C,KCBT KILAMBAKKAM,KCBT KILAMBAKKAM,M.G.R.KOYAMBEDU,M.G.R.KOYAMBEDU,08:35,2026-01-13T22:15:03.648291
104C,104C,KCBT KILAMBAKKAM,KCBT KILAMBAKKAM,M.G.R.KOYAMBEDU,M.G.R.KOYAMBEDU,08:45,2026-01-13T22:15:03.648291
104C,104C,KCBT KILAMBAKKAM,KCBT KILAMBAKKAM,M.G.R.KOYAMBEDU,M.G.R.KOYAMBEDU,08:50,2026-01-13T22:15:03.648291
104C,104C,KCBT KILAMBAKKAM,KCBT KILAMBAKKAM,M.G.R.KOYAMBEDU,M.G.R.KOYAMBEDU,08:55,2026-01-13T22:15:03.648291
104C,104C,KCBT KILAMBAKKAM,KCBT KILAMBAKKAM,M.G.R.KOYAMBEDU,M.G.R.KOYAMBEDU,09:05,2026-01-13T22:15:03.648291
104C,104C,KCBT KILAMBAKKAM,KCBT KILAMBAKKAM,M.G.R.KOYAMBEDU,M.G.R.KOYAMBEDU,09:10,2026-01-13T22:15:03.648291
104C,104C,KCBT KILAMBAKKAM,KCBT KILAMBAKKAM,M.G.R.KOYAMBEDU,M.G.R.KOYAMBEDU,09:15,2026-01-13T22:15:03.648291
104C,104C,KCBT KILAMBAKKAM,KCBT KILAMBAKKAM,M.G.R.KOYAMBEDU,M.G.R.KOYAMBEDU,09:17,2026-01-13T22:15:03.648291
104C,104C,KCBT KILAMBAKKAM,KCBT KILAMBAKKAM,M.G.R.KOYAMBEDU,M.G.R.KOYAMBEDU,09:20,2026-01-13T22:15:03.648291
104C,104C,KCBT KILAMBAKKAM,KCBT KILAMBAKKAM,M.G.R.KOYAMBEDU,M.G.R.KOYAMBEDU,09:25,2026-01-13T22:15:03.648291
104C,104C,KCBT KILAMBAKKAM,KCBT KILAMBAKKAM,M.G.R.KOYAMBEDU,M.G.R.KOYAMBEDU,09:30,2026-01-13T22:15:03.648291
104C,104C,KCBT KILAMBAKKAM,KCBT KILAMBAKKAM,M.G.R.KOYAMBEDU,M.G.R.KOYAMBEDU,09:35,2026-01-13T22:15:03.648291
104C,104C,KCBT KILAMBAKKAM,KCBT KILAMBAKKAM,M.G.R.KOYAMBEDU,M.G.R.KOYAMBEDU,09:40,2026-01-13T22:15:03.648291
104C,104C,KCBT KILAMBAKKAM,KCBT KILAMBAKKAM,M.G.R.KOYAMBEDU,M.G.R.KOYAMBEDU,09:45,2026-01-13T22:15:03.648291
104C,104C,KCBT KILAMBAKKAM,KCBT KILAMBAKKAM,M.G.R.KOYAMBEDU,M.G.R.KOYAMBEDU,09:47,2026-01-13T22:15:03.648291
104C,104C,KCBT KILAMBAKKAM,KCBT KILAMBAKKAM,M.G.R.KOYAMBEDU,M.G.R.KOYAMBEDU,09:50,2026-01-13T22:15:03.648291
104C,104C,KCBT KILAMBAKKAM,KCBT KILAMBAKKAM,M.G.R.KOYAMBEDU,M.G.R.KOYAMBEDU,09:55,2026-01-13T22:15:03.648291
104C,104C,KCBT KILAMBAKKAM,KCBT KILAMBAKKAM,M.G.R.KOYAMBEDU,M.G.R.KOYAMBEDU,10:00,2026-01-13T22:15:03.648291
104C,104C,KCBT KILAMBAKKAM,KCBT KILAMBAKKAM,M.G.R.KOYAMBEDU,M.G.R.KOYAMBEDU,10:05,2026-01-13T22:15:03.648291
104C,104C,KCBT KILAMBAKKAM,KCBT KILAMBAKKAM,M.G.R.KOYAMBEDU,M.G.R.KOYAMBEDU,10:10,2026-01-13T22:15:03.648291
104C,104C,KCBT KILAMBAKKAM,KCBT KILAMBAKKAM,M.G.R.KOYAMBEDU,M.G.R.KOYAMBEDU,10:20,2026-01-13T22:15:03.648291
104C,104C,KCBT KILAMBAKKAM,KCBT KILAMBAKKAM,M.G.R.KOYAMBEDU,M.G.R.KOYAMBEDU,10:30,2026-01-13T22:15:03.648291
104C,104C,KCBT KILAMBAKKAM,KCBT KILAMBAKKAM,M.G.R.KOYAMBEDU,M.G.R.KOYAMBEDU,10:40,2026-01-13T22:15:03.648291
104C,104C,KCBT KILAMBAKKAM,KCBT KILAMBAKKAM,M.G.R.KOYAMBEDU,M.G.R.KOYAMBEDU,10:55,2026-01-13T22:15:03.648291
104C,104C,KCBT KILAMBAKKAM,KCBT KILAMBAKKAM,M.G.R.KOYAMBEDU,M.G.R.KOYAMBEDU,11:02,2026-01-13T22:15:03.648291
104C,104C,KCBT KILAMBAKKAM,KCBT KILAMBAKKAM,M.G.R.KOYAMBEDU,M.G.R.KOYAMBEDU,11:10,2026-01-13T22:15:03.648291
104C,104C,KCBT KILAMBAKKAM,KCBT KILAMBAKKAM,M.G.R.KOYAMBEDU,M.G.R.KOYAMBEDU,11:25,2026-01-13T22:15:03.648291
104C,104C,KCBT KILAMBAKKAM,KCBT KILAMBAKKAM,M.G.R.KOYAMBEDU,M.G.R.KOYAMBEDU,11:35,2026-01-13T22:15:03.648291
104C,104C,KCBT KILAMBAKKAM,KCBT KILAMBAKKAM,M.G.R.KOYAMBEDU,M.G.R.KOYAMBEDU,11:45,2026-01-13T22:15:03.648291
104C,104C,KCBT KILAMBAKKAM,KCBT KILAMBAKKAM,M.G.R.KOYAMBEDU,M.G.R.KOYAMBEDU,11:50,2026-01-13T22:15:03.648291
104C,104C,KCBT KILAMBAKKAM,KCBT KILAMBAKKAM,M.G.R.KOYAMBEDU,M.G.R.KOYAMBEDU,11:55,2026-01-13T22:15:03.648291
104C,104C,KCBT KILAMBAKKAM,KCBT KILAMBAKKAM,M.G.R.KOYAMBEDU,M.G.R.KOYAMBEDU,11:57,2026-01-13T22:15:03.648291
104C,104C,KCBT KILAMBAKKAM,KCBT KILAMBAKKAM,M.G.R.KOYAMBEDU,M.G.R.KOYAMBEDU,12:05,2026-01-13T22:15:03.648291
104C,104C,KCBT KILAMBAKKAM,KCBT KILAMBAKKAM,M.G.R.KOYAMBEDU,M.G.R.KOYAMBEDU,12:15,2026-01-13T22:15:03.648291
104C,104C,KCBT KILAMBAKKAM,KCBT KILAMBAKKAM,M.G.R.KOYAMBEDU,M.G.R.KOYAMBEDU,12:30,2026-01-13T22:15:03.648291
104C,104C,KCBT KILAMBAKKAM,KCBT KILAMBAKKAM,M.G.R.KOYAMBEDU,M.G.R.KOYAMBEDU,12:35,2026-01-13T22:15:03.648291
104C,104C,KCBT KILAMBAKKAM,KCBT KILAMBAKKAM,M.G.R.KOYAMBEDU,M.G.R.KOYAMBEDU,12:40,2026-01-13T22:15:03.648291
104C,104C,KCBT KILAMBAKKAM,KCBT KILAMBAKKAM,M.G.R.KOYAMBEDU,M.G.R.KOYAMBEDU,12:45,2026-01-13T22:15:03.648291
104C,104C,KCBT KILAMBAKKAM,KCBT KILAMBAKKAM,M.G.R.KOYAMBEDU,M.G.R.KOYAMBEDU,12:50,2026-01-13T22:15:03.648291
104C,104C,KCBT KILAMBAKKAM,KCBT KILAMBAKKAM,M.G.R.KOYAMBEDU,M.G.R.KOYAMBEDU,13:00,2026-01-13T22:15:03.648291
104C,104C,KCBT KILAMBAKKAM,KCBT KILAMBAKKAM,M.G.R.KOYAMBEDU,M.G.R.KOYAMBEDU,13:05,2026-01-13T22:15:03.648291
104C,104C,KCBT KILAMBAKKAM,KCBT KILAMBAKKAM,M.G.R.KOYAMBEDU,M.G.R.KOYAMBEDU,13:10,2026-01-13T22:15:03.648291
104C,104C,KCBT KILAMBAKKAM,KCBT KILAMBAKKAM,M.G.R.KOYAMBEDU,M.G.R.KOYAMBEDU,13:20,2026-01-13T22:15:03.648291
104C,104C,KCBT KILAMBAKKAM,KCBT KILAMBAKKAM,M.G.R.KOYAMBEDU,M.G.R.KOYAMBEDU,13:35,2026-01-13T22:15:03.648291
104C,104C,KCBT KILAMBAKKAM,KCBT KILAMBAKKAM,M.G.R.KOYAMBEDU,M.G.R.KOYAMBEDU,13:45,2026-01-13T22:15:03.648291
104C,104C,KCBT KILAMBAKKAM,KCBT KILAMBAKKAM,M.G.R.KOYAMBEDU,M.G.R.KOYAMBEDU,13:50,2026-01-13T22:15:03.648291
104C,104C,KCBT KILAMBAKKAM,KCBT KILAMBAKKAM,M.G.R.KOYAMBEDU,M.G.R.KOYAMBEDU,13:55,2026-01-13T22:15:03.648291
104C,104C,KCBT KILAMBAKKAM,KCBT KILAMBAKKAM,M.G.R.KOYAMBEDU,M.G.R.KOYAMBEDU,14:05,2026-01-13T22:15:03.648291
104C,104C,KCBT KILAMBAKKAM,KCBT KILAMBAKKAM,M.G.R.KOYAMBEDU,M.G.R.KOYAMBEDU,14:10,2026-01-13T22:15:03.648291
104C,104C,KCBT KILAMBAKKAM,KCBT KILAMBAKKAM,M.G.R.KOYAMBEDU,M.G.R.KOYAMBEDU,14:15,2026-01-13T22:15:03.648291
104C,104C,KCBT KILAMBAKKAM,KCBT KILAMBAKKAM,M.G.R.KOYAMBEDU,M.G.R.KOYAMBEDU,14:20,2026-01-13T22:15:03.648291
104C,104C,KCBT KILAMBAKKAM,KCBT KILAMBAKKAM,M.G.R.KOYAMBEDU,M.G.R.KOYAMBEDU,14:25,2026-01-13T22:15:03.648291
104C,104C,KCBT KILAMBAKKAM,KCBT KILAMBAKKAM,M.G.R.KOYAMBEDU,M.G.R.KOYAMBEDU,14:30,2026-01-13T22:15:03.648291
104C,104C,KCBT KILAMBAKKAM,KCBT KILAMBAKKAM,M.G.R.KOYAMBEDU,M.G.R.KOYAMBEDU,14:35,2026-01-13T22:15:03.648291
104C,104C,KCBT KILAMBAKKAM,KCBT KILAMBAKKAM,M.G.R.KOYAMBEDU,M.G.R.KOYAMBEDU,14:40,2026-01-13T22:15:03.648291
104C,104C,KCBT KILAMBAKKAM,KCBT KILAMBAKKAM,M.G.R.KOYAMBEDU,M.G.R.KOYAMBEDU,14:47,2026-01-13T22:15:03.648291
104C,104C,KCBT KILAMBAKKAM,KCBT KILAMBAKKAM,M.G.R.KOYAMBEDU,M.G.R.KOYAMBEDU,14:50,2026-01-13T22:15:03.648291
104C,104C,KCBT KILAMBAKKAM,KCBT KILAMBAKKAM,M.G.R.KOYAMBEDU,M.G.R.KOYAMBEDU,14:55,2026-01-13T22:15:03.648291
104C,104C,KCBT KILAMBAKKAM,KCBT KILAMBAKKAM,M.G.R.KOYAMBEDU,M.G.R.KOYAMBEDU,15:00,2026-01-13T22:15:03.648291
104C,104C,KCBT KILAMBAKKAM,KCBT KILAMBAKKAM,M.G.R.KOYAMBEDU,M.G.R.KOYAMBEDU,15:05,2026-01-13T22:15:03.648291
104C,104C,KCBT KILAMBAKKAM,KCBT KILAMBAKKAM,M.G.R.KOYAMBEDU,M.G.R.KOYAMBEDU,15:10,2026-01-13T22:15:03.648291
104C,104C,KCBT KILAMBAKKAM,KCBT KILAMBAKKAM,M.G.R.KOYAMBEDU,M.G.R.KOYAMBEDU,15:15,2026-01-13T22:15:03.648291
104C,104C,KCBT KILAMBAKKAM,KCBT KILAMBAKKAM,M.G.R.KOYAMBEDU,M.G.R.KOYAMBEDU,15:20,2026-01-13T22:15:03.648291
104C,104C,KCBT KILAMBAKKAM,KCBT KILAMBAKKAM,M.G.R.KOYAMBEDU,M.G.R.KOYAMBEDU,15:25,2026-01-13T22:15:03.648291
104C,104C,KCBT KILAMBAKKAM,KCBT KILAMBAKKAM,M.G.R.KOYAMBEDU,M.G.R.KOYAMBEDU,15:30,2026-01-13T22:15:03.648291
104C,104C,KCBT KILAMBAKKAM,KCBT KILAMBAKKAM,M.G.R.KOYAMBEDU,M.G.R.KOYAMBEDU,15:35,2026-01-13T22:15:03.648291
104C,104C,KCBT KILAMBAKKAM,KCBT KILAMBAKKAM,M.G.R.KOYAMBEDU,M.G.R.KOYAMBEDU,15:40,2026-01-13T22:15:03.648291
104C,104C,KCBT KILAMBAKKAM,KCBT KILAMBAKKAM,M.G.R.KOYAMBEDU,M.G.R.KOYAMBEDU,15:45,2026-01-13T22:15:03.648291
104C,104C,KCBT KILAMBAKKAM,KCBT KILAMBAKKAM,M.G.R.KOYAMBEDU,M.G.R.KOYAMBEDU,15:50,2026-01-13T22:15:03.648291
104C,104C,KCBT KILAMBAKKAM,KCBT KILAMBAKKAM,M.G.R.KOYAMBEDU,M.G.R.KOYAMBEDU,16:00,2026-01-13T22:15:03.648291
104C,104C,KCBT KILAMBAKKAM,KCBT KILAMBAKKAM,M.G.R.KOYAMBEDU,M.G.R.KOYAMBEDU,16:08,2026-01-13T22:15:03.648291
104C,104C,KCBT KILAMBAKKAM,KCBT KILAMBAKKAM,M.G.R.KOYAMBEDU,M.G.R.KOYAMBEDU,16:15,2026-01-13T22:15:03.648291
104C,104C,KCBT KILAMBAKKAM,KCBT KILAMBAKKAM,M.G.R.KOYAMBEDU,M.G.R.KOYAMBEDU,16:25,2026-01-13T22:15:03.648291
104C,104C,KCBT KILAMBAKKAM,KCBT KILAMBAKKAM,M.G.R.KOYAMBEDU,M.G.R.KOYAMBEDU,16:30,2026-01-13T22:15:03.648291
104C,104C,KCBT KILAMBAKKAM,KCBT KILAMBAKKAM,M.G.R.KOYAMBEDU,M.G.R.KOYAMBEDU,16:35,2026-01-13T22:15:03.648291
104C,104C,KCBT KILAMBAKKAM,KCBT KILAMBAKKAM,M.G.R.KOYAMBEDU,M.G.R.KOYAMBEDU,16:45,2026-01-13T22:15:03.648291
104C,104C,KCBT KILAMBAKKAM,KCBT KILAMBAKKAM,M.G.R.KOYAMBEDU,M.G.R.KOYAMBEDU,16:55,2026-01-13T22:15:03.648291
104C,104C,KCBT KILAMBAKKAM,KCBT KILAMBAKKAM,M.G.R.KOYAMBEDU,M.G.R.KOYAMBEDU,17:00,2026-01-13T22:15:03.648291
104C,104C,KCBT KILAMBAKKAM,KCBT KILAMBAKKAM,M.G.R.KOYAMBEDU,M.G.R.KOYAMBEDU,17:05,2026-01-13T22:15:03.648291
104C,104C,KCBT KILAMBAKKAM,KCBT KILAMBAKKAM,M.G.R.KOYAMBEDU,M.G.R.KOYAMBEDU,17:15,2026-01-13T22:15:03.648291
104C,104C,KCBT KILAMBAKKAM,KCBT KILAMBAKKAM,M.G.R.KOYAMBEDU,M.G.R.KOYAMBEDU,17:17,2026-01-13T22:15:03.648291
104C,104C,KCBT KILAMBAKKAM,KCBT KILAMBAKKAM,M.G.R.KOYAMBEDU,M.G.R.KOYAMBEDU,17:20,2026-01-13T22:15:03.648291
104C,104C,KCBT KILAMBAKKAM,KCBT KILAMBAKKAM,M.G.R.KOYAMBEDU,M.G.R.KOYAMBEDU,17:27,2026-01-13T22:15:03.648291
104C,104C,KCBT KILAMBAKKAM,KCBT KILAMBAKKAM,M.G.R.KOYAMBEDU,M.G.R.KOYAMBEDU,17:30,2026-01-13T22:15:03.648291
104C,104C,KCBT KILAMBAKKAM,KCBT KILAMBAKKAM,M.G.R.KOYAMBEDU,M.G.R.KOYAMBEDU,17:35,2026-01-13T22:15:03.648291
104C,104C,KCBT KILAMBAKKAM,KCBT KILAMBAKKAM,M.G.R.KOYAMBEDU,M.G.R.KOYAMBEDU,17:40,2026-01-13T22:15:03.648291
104C,104C,KCBT KILAMBAKKAM,KCBT KILAMBAKKAM,M.G.R.KOYAMBEDU,M.G.R.KOYAMBEDU,17:45,2026-01-13T22:15:03.648291
104C,104C,KCBT KILAMBAKKAM,KCBT KILAMBAKKAM,M.G.R.KOYAMBEDU,M.G.R.KOYAMBEDU,17:50,2026-01-13T22:15:03.648291
104C,104C,KCBT KILAMBAKKAM,KCBT KILAMBAKKAM,M.G.R.KOYAMBEDU,M.G.R.KOYAMBEDU,17:55,2026-01-13T22:15:03.648291
104C,104C,KCBT KILAMBAKKAM,KCBT KILAMBAKKAM,M.G.R.KOYAMBEDU,M.G.R.KOYAMBEDU,18:00,2026-01-13T22:15:03.648291
104C,104C,KCBT KILAMBAKKAM,KCBT KILAMBAKKAM,M.G.R.KOYAMBEDU,M.G.R.KOYAMBEDU,18:05,2026-01-13T22:15:03.648291
104C,104C,KCBT KILAMBAKKAM,KCBT KILAMBAKKAM,M.G.R.KOYAMBEDU,M.G.R.KOYAMBEDU,18:10,2026-01-13T22:15:03.648291
104C,104C,KCBT KILAMBAKKAM,KCBT KILAMBAKKAM,M.G.R.KOYAMBEDU,M.G.R.KOYAMBEDU,18:15,2026-01-13T22:15:03.648291
104C,104C,KCBT KILAMBAKKAM,KCBT KILAMBAKKAM,M.G.R.KOYAMBEDU,M.G.R.KOYAMBEDU,18:20,2026-01-13T22:15:03.648291
104C,104C,KCBT KILAMBAKKAM,KCBT KILAMBAKKAM,M.G.R.KOYAMBEDU,M.G.R.KOYAMBEDU,18:25,2026-01-13T22:15:03.648291
104C,104C,KCBT KILAMBAKKAM,KCBT KILAMBAKKAM,M.G.R.KOYAMBEDU,M.G.R.KOYAMBEDU,18:30,2026-01-13T22:15:03.648291
104C,104C,KCBT KILAMBAKKAM,KCBT KILAMBAKKAM,M.G.R.KOYAMBEDU,M.G.R.KOYAMBEDU,18:35,2026-01-13T22:15:03.648291
104C,104C,KCBT KILAMBAKKAM,KCBT KILAMBAKKAM,M.G.R.KOYAMBEDU,M.G.R.KOYAMBEDU,18:40,2026-01-13T22:15:03.648291
104C,104C,KCBT KILAMBAKKAM,KCBT KILAMBAKKAM,M.G.R.KOYAMBEDU,M.G.R.KOYAMBEDU,18:45,2026-01-13T22:15:03.648291
104C,104C,KCBT KILAMBAKKAM,KCBT KILAMBAKKAM,M.G.R.KOYAMBEDU,M.G.R.KOYAMBEDU,18:48,2026-01-13T22:15:03.648291
104C,104C,KCBT KILAMBAKKAM,KCBT KILAMBAKKAM,M.G.R.KOYAMBEDU,M.G.R.KOYAMBEDU,18:55,2026-01-13T22:15:03.648291
104C,104C,KCBT KILAMBAKKAM,KCBT KILAMBAKKAM,M.G.R.KOYAMBEDU,M.G.R.KOYAMBEDU,19:05,2026-01-13T22:15:03.648291
104C,104C,KCBT KILAMBAKKAM,KCBT KILAMBAKKAM,M.G.R.KOYAMBEDU,M.G.R.KOYAMBEDU,19:10,2026-01-13T22:15:03.648291
104C,104C,KCBT KILAMBAKKAM,KCBT KILAMBAKKAM,M.G.R.KOYAMBEDU,M.G.R.KOYAMBEDU,19:15,2026-01-13T22:15:03.648291
104C,104C,KCBT KILAMBAKKAM,KCBT KILAMBAKKAM,M.G.R.KOYAMBEDU,M.G.R.KOYAMBEDU,19:25,2026-01-13T22:15:03.648291
104C,104C,KCBT KILAMBAKKAM,KCBT KILAMBAKKAM,M.G.R.KOYAMBEDU,M.G.R.KOYAMBEDU,19:35,2026-01-13T22:15:03.648291
104C,104C,KCBT KILAMBAKKAM,KCBT KILAMBAKKAM,M.G.R.KOYAMBEDU,M.G.R.KOYAMBEDU,19:45,2026-01-13T22:15:03.648291
104C,104C,KCBT KILAMBAKKAM,KCBT KILAMBAKKAM,M.G.R.KOYAMBEDU,M.G.R.KOYAMBEDU,19:50,2026-01-13T22:15:03.648291
104C,104C,KCBT KILAMBAKKAM,KCBT KILAMBAKKAM,M.G.R.KOYAMBEDU,M.G.R.KOYAMBEDU,19:55,2026-01-13T22:15:03.648291
104C,104C,KCBT KILAMBAKKAM,KCBT KILAMBAKKAM,M.G.R.KOYAMBEDU,M.G.R.KOYAMBEDU,20:00,2026-01-13T22:15:03.648291
104C,104C,KCBT KILAMBAKKAM,KCBT KILAMBAKKAM,M.G.R.KOYAMBEDU,M.G.R.KOYAMBEDU,20:07,2026-01-13T22:15:03.648291
104C,104C,KCBT KILAMBAKKAM,KCBT KILAMBAKKAM,M.G.R.KOYAMBEDU,M.G.R.KOYAMBEDU,20:10,2026-01-13T22:15:03.648291
104C,104C,KCBT KILAMBAKKAM,KCBT KILAMBAKKAM,M.G.R.KOYAMBEDU,M.G.R.KOYAMBEDU,20:15,2026-01-13T22:15:03.648291
104C,104C,KCBT KILAMBAKKAM,KCBT KILAMBAKKAM,M.G.R.KOYAMBEDU,M.G.R.KOYAMBEDU,20:25,2026-01-13T22:15:03.648291
104C,104C,KCBT KILAMBAKKAM,KCBT KILAMBAKKAM,M.G.R.KOYAMBEDU,M.G.R.KOYAMBEDU,20:40,2026-01-13T22:15:03.648291
104C,104C,KCBT KILAMBAKKAM,KCBT KILAMBAKKAM,M.G.R.KOYAMBEDU,M.G.R.KOYAMBEDU,20:50,2026-01-13T22:15:03.648291
104C,104C,KCBT KILAMBAKKAM,KCBT KILAMBAKKAM,M.G.R.KOYAMBEDU,M.G.R.KOYAMBEDU,21:00,2026-01-13T22:15:03.648291
104C,104C,KCBT KILAMBAKKAM,KCBT KILAMBAKKAM,M.G.R.KOYAMBEDU,M.G.R.KOYAMBEDU,21:05,2026-01-13T22:15:03.648291
104C,104C,KCBT KILAMBAKKAM,KCBT KILAMBAKKAM,M.G.R.KOYAMBEDU,M.G.R.KOYAMBEDU,21:15,2026-01-13T22:15:03.648291
104C,104C,KCBT KILAMBAKKAM,KCBT KILAMBAKKAM,M.G.R.KOYAMBEDU,M.G.R.KOYAMBEDU,21:20,2026-01-13T22:15:03.648291
104C,104C,KCBT KILAMBAKKAM,KCBT KILAMBAKKAM,M.G.R.KOYAMBEDU,M.G.R.KOYAMBEDU,21:30,2026-01-13T22:15:03.648291
104C,104C,KCBT KILAMBAKKAM,KCBT KILAMBAKKAM,M.G.R.KOYAMBEDU,M.G.R.KOYAMBEDU,21:45,2026-01-13T22:15:03.648291
104C,104C,KCBT KILAMBAKKAM,KCBT KILAMBAKKAM,M.G.R.KOYAMBEDU,M.G.R.KOYAMBEDU,21:55,2026-01-13T22:15:03.648291
104C,104C,KCBT KILAMBAKKAM,KCBT KILAMBAKKAM,M.G.R.KOYAMBEDU,M.G.R.KOYAMBEDU,22:15,2026-01-13T22:15:03.648291
104C,104C,KCBT KILAMBAKKAM,KCBT KILAMBAKKAM,M.G.R.KOYAMBEDU,M.G.R.KOYAMBEDU,22:40,2026-01-13T22:15:03.648291
104C,104C,KCBT KILAMBAKKAM,KCBT KILAMBAKKAM,M.G.R.KOYAMBEDU,M.G.R.KOYAMBEDU,23:15,2026-01-13T22:15:03.648291
104C,104C,KCBT KILAMBAKKAM,KCBT KILAMBAKKAM,M.G.R.KOYAMBEDU,M.G.R.KOYAMBEDU,23:40,2026-01-13T22:15:03.648291
104C,104C,M.G.R.KOYAMBEDU,M.G.R.KOYAMBEDU,ANNA NAGAR WEST,ANNA NAGAR WEST,18:40,2026-01-13T22:15:22.900269
104C,104C,M.G.R.KOYAMBEDU,M.G.R.KOYAMBEDU,ANNA NAGAR WEST,ANNA NAGAR WEST,19:20,2026-01-13T22:15:22.900269
104C,104C,M.G.R.KOYAMBEDU,M.G.R.KOYAMBEDU,ANNA NAGAR WEST,ANNA NAGAR WEST,19:35,2026-01-13T22:15:22.900269
104C,104C,M.G.R.KOYAMBEDU,M.G.R.KOYAMBEDU,KCBT KILAMBAKKAM,KCBT KILAMBAKKAM,00:40,2026-01-13T22:15:38.013120
104C,104C,M.G.R.KOYAMBEDU,M.G.R.KOYAMBEDU,KCBT KILAMBAKKAM,KCBT KILAMBAKKAM,01:00,2026-01-13T22:15:38.013120
104C,104C,M.G.R.KOYAMBEDU,M.G.R.KOYAMBEDU,KCBT KILAMBAKKAM,KCBT KILAMBAKKAM,01:30,2026-01-13T22:15:38.013120
104C,104C,M.G.R.KOYAMBEDU,M.G.R.KOYAMBEDU,KCBT KILAMBAKKAM,KCBT KILAMBAKKAM,02:05,2026-01-13T22:15:38.013120
104C,104C,M.G.R.KOYAMBEDU,M.G.R.KOYAMBEDU,KCBT KILAMBAKKAM,KCBT KILAMBAKKAM,02:40,2026-01-13T22:15:38.013120
104C,104C,M.G.R.KOYAMBEDU,M.G.R.KOYAMBEDU,KCBT KILAMBAKKAM,KCBT KILAMBAKKAM,03:20,2026-01-13T22:15:38.013120
104C,104C,M.G.R.KOYAMBEDU,M.G.R.KOYAMBEDU,KCBT KILAMBAKKAM,KCBT KILAMBAKKAM,03:30,2026-01-13T22:15:38.013120
104C,104C,M.G.R.KOYAMBEDU,M.G.R.KOYAMBEDU,KCBT KILAMBAKKAM,KCBT KILAMBAKKAM,04:05,2026-01-13T22:15:38.013120
104C,104C,M.G.R.KOYAMBEDU,M.G.R.KOYAMBEDU,KCBT KILAMBAKKAM,KCBT KILAMBAKKAM,04:40,2026-01-13T22:15:38.013120
104C,104C,M.G.R.KOYAMBEDU,M.G.R.KOYAMBEDU,KCBT KILAMBAKKAM,KCBT KILAMBAKKAM,04:50,2026-01-13T22:15:38.013120
104C,104C,M.G.R.KOYAMBEDU,M.G.R.KOYAMBEDU,KCBT KILAMBAKKAM,KCBT KILAMBAKKAM,05:00,2026-01-13T22:15:38.013120
104C,104C,M.G.R.KOYAMBEDU,M.G.R.KOYAMBEDU,KCBT KILAMBAKKAM,KCBT KILAMBAKKAM,05:10,2026-01-13T22:15:38.013120
104C,104C,M.G.R.KOYAMBEDU,M.G.R.KOYAMBEDU,KCBT KILAMBAKKAM,KCBT KILAMBAKKAM,05:15,2026-01-13T22:15:38.013120
104C,104C,M.G.R.KOYAMBEDU,M.G.R.KOYAMBEDU,KCBT KILAMBAKKAM,KCBT KILAMBAKKAM,05:22,2026-01-13T22:15:38.013120
104C,104C,M.G.R.KOYAMBEDU,M.G.R.KOYAMBEDU,KCBT KILAMBAKKAM,KCBT KILAMBAKKAM,05:30,2026-01-13T22:15:38.013120
104C,104C,M.G.R.KOYAMBEDU,M.G.R.KOYAMBEDU,KCBT KILAMBAKKAM,KCBT KILAMBAKKAM,05:40,2026-01-13T22:15:38.013120
104C,104C,M.G.R.KOYAMBEDU,M.G.R.KOYAMBEDU,KCBT KILAMBAKKAM,KCBT KILAMBAKKAM,05:45,2026-01-13T22:15:38.013120
104C,104C,M.G.R.KOYAMBEDU,M.G.R.KOYAMBEDU,KCBT KILAMBAKKAM,KCBT KILAMBAKKAM,05:50,2026-01-13T22:15:38.013120
104C,104C,M.G.R.KOYAMBEDU,M.G.R.KOYAMBEDU,KCBT KILAMBAKKAM,KCBT KILAMBAKKAM,06:00,2026-01-13T22:15:38.013120
104C,104C,M.G.R.KOYAMBEDU,M.G.R.KOYAMBEDU,KCBT KILAMBAKKAM,KCBT KILAMBAKKAM,06:10,2026-01-13T22:15:38.013120
104C,104C,M.G.R.KOYAMBEDU,M.G.R.KOYAMBEDU,KCBT KILAMBAKKAM,KCBT KILAMBAKKAM,06:20,2026-01-13T22:15:38.013120
104C,104C,M.G.R.KOYAMBEDU,M.G.R.KOYAMBEDU,KCBT KILAMBAKKAM,KCBT KILAMBAKKAM,06:30,2026-01-13T22:15:38.013120
104C,104C,M.G.R.KOYAMBEDU,M.G.R.KOYAMBEDU,KCBT KILAMBAKKAM,KCBT KILAMBAKKAM,06:40,2026-01-13T22:15:38.013120
104C,104C,M.G.R.KOYAMBEDU,M.G.R.KOYAMBEDU,KCBT KILAMBAKKAM,KCBT KILAMBAKKAM,06:55,2026-01-13T22:15:38.013120
104C,104C,M.G.R.KOYAMBEDU,M.G.R.KOYAMBEDU,KCBT KILAMBAKKAM,KCBT KILAMBAKKAM,07:02,2026-01-13T22:15:38.013120
104C,104C,M.G.R.KOYAMBEDU,M.G.R.KOYAMBEDU,KCBT KILAMBAKKAM,KCBT KILAMBAKKAM,07:10,2026-01-13T22:15:38.013120
104C,104C,M.G.R.KOYAMBEDU,M.G.R.KOYAMBEDU,KCBT KILAMBAKKAM,KCBT KILAMBAKKAM,07:25,2026-01-13T22:15:38.013120
104C,104C,M.G.R.KOYAMBEDU,M.G.R.KOYAMBEDU,KCBT KILAMBAKKAM,KCBT KILAMBAKKAM,07:30,2026-01-13T22:15:38.013120
104C,104C,M.G.R.KOYAMBEDU,M.G.R.KOYAMBEDU,KCBT KILAMBAKKAM,KCBT KILAMBAKKAM,07:35,2026-01-13T22:15:38.013120
104C,104C,M.G.R.KOYAMBEDU,M.G.R.KOYAMBEDU,KCBT KILAMBAKKAM,KCBT KILAMBAKKAM,07:40,2026-01-13T22:15:38.013120
104C,104C,M.G.R.KOYAMBEDU,M.G.R.KOYAMBEDU,KCBT KILAMBAKKAM,KCBT KILAMBAKKAM,07:45,2026-01-13T22:15:38.013120
104C,104C,M.G.R.KOYAMBEDU,M.G.R.KOYAMBEDU,KCBT KILAMBAKKAM,KCBT KILAMBAKKAM,07:50,2026-01-13T22:15:38.013120
104C,104C,M.G.R.KOYAMBEDU,M.G.R.KOYAMBEDU,KCBT KILAMBAKKAM,KCBT KILAMBAKKAM,07:55,2026-01-13T22:15:38.013120
104C,104C,M.G.R.KOYAMBEDU,M.G.R.KOYAMBEDU,KCBT KILAMBAKKAM,KCBT KILAMBAKKAM,07:57,2026-01-13T22:15:38.013120
104C,104C,M.G.R.KOYAMBEDU,M.G.R.KOYAMBEDU,KCBT KILAMBAKKAM,KCBT KILAMBAKKAM,08:05,2026-01-13T22:15:38.013120
104C,104C,M.G.R.KOYAMBEDU,M.G.R.KOYAMBEDU,KCBT KILAMBAKKAM,KCBT KILAMBAKKAM,08:10,2026-01-13T22:15:38.013120
104C,104C,M.G.R.KOYAMBEDU,M.G.R.KOYAMBEDU,KCBT KILAMBAKKAM,KCBT KILAMBAKKAM,08:15,2026-01-13T22:15:38.013120
104C,104C,M.G.R.KOYAMBEDU,M.G.R.KOYAMBEDU,KCBT KILAMBAKKAM,KCBT KILAMBAKKAM,08:20,2026-01-13T22:15:38.013120
104C,104C,M.G.R.KOYAMBEDU,M.G.R.KOYAMBEDU,KCBT KILAMBAKKAM,KCBT KILAMBAKKAM,08:25,2026-01-13T22:15:38.013120
104C,104C,M.G.R.KOYAMBEDU,M.G.R.KOYAMBEDU,KCBT KILAMBAKKAM,KCBT KILAMBAKKAM,08:27,2026-01-13T22:15:38.013120
104C,104C,M.G.R.KOYAMBEDU,M.G.R.KOYAMBEDU,KCBT KILAMBAKKAM,KCBT KILAMBAKKAM,08:30,2026-01-13T22:15:38.013120
104C,104C,M.G.R.KOYAMBEDU,M.G.R.KOYAMBEDU,KCBT KILAMBAKKAM,KCBT KILAMBAKKAM,08:35,2026-01-13T22:15:38.013120
104C,104C,M.G.R.KOYAMBEDU,M.G.R.KOYAMBEDU,KCBT KILAMBAKKAM,KCBT KILAMBAKKAM,08:40,2026-01-13T22:15:38.013120
104C,104C,M.G.R.KOYAMBEDU,M.G.R.KOYAMBEDU,KCBT KILAMBAKKAM,KCBT KILAMBAKKAM,08:45,2026-01-13T22:15:38.013120
104C,104C,M.G.R.KOYAMBEDU,M.G.R.KOYAMBEDU,KCBT KILAMBAKKAM,KCBT KILAMBAKKAM,08:50,2026-01-13T22:15:38.013120
104C,104C,M.G.R.KOYAMBEDU,M.G.R.KOYAMBEDU,KCBT KILAMBAKKAM,KCBT KILAMBAKKAM,09:00,2026-01-13T22:15:38.013120
104C,104C,M.G.R.KOYAMBEDU,M.G.R.KOYAMBEDU,KCBT KILAMBAKKAM,KCBT KILAMBAKKAM,09:10,2026-01-13T22:15:38.013120
104C,104C,M.G.R.KOYAMBEDU,M.G.R.KOYAMBEDU,KCBT KILAMBAKKAM,KCBT KILAMBAKKAM,09:20,2026-01-13T22:15:38.013120
104C,104C,M.G.R.KOYAMBEDU,M.G.R.KOYAMBEDU,KCBT KILAMBAKKAM,KCBT KILAMBAKKAM,09:35,2026-01-13T22:15:38.013120
104C,104C,M.G.R.KOYAMBEDU,M.G.R.KOYAMBEDU,KCBT KILAMBAKKAM,KCBT KILAMBAKKAM,09:42,2026-01-13T22:15:38.013120
104C,104C,M.G.R.KOYAMBEDU,M.G.R.KOYAMBEDU,KCBT KILAMBAKKAM,KCBT KILAMBAKKAM,09:50,2026-01-13T22:15:38.013120
104C,104C,M.G.R.KOYAMBEDU,M.G.R.KOYAMBEDU,KCBT KILAMBAKKAM,KCBT KILAMBAKKAM,10:05,2026-01-13T22:15:38.013120
104C,104C,M.G.R.KOYAMBEDU,M.G.R.KOYAMBEDU,KCBT KILAMBAKKAM,KCBT KILAMBAKKAM,10:10,2026-01-13T22:15:38.013120
104C,104C,M.G.R.KOYAMBEDU,M.G.R.KOYAMBEDU,KCBT KILAMBAKKAM,KCBT KILAMBAKKAM,10:15,2026-01-13T22:15:38.013120
104C,104C,M.G.R.KOYAMBEDU,M.G.R.KOYAMBEDU,KCBT KILAMBAKKAM,KCBT KILAMBAKKAM,10:20,2026-01-13T22:15:38.013120
104C,104C,M.G.R.KOYAMBEDU,M.G.R.KOYAMBEDU,KCBT KILAMBAKKAM,KCBT KILAMBAKKAM,10:30,2026-01-13T22:15:38.013120
104C,104C,M.G.R.KOYAMBEDU,M.G.R.KOYAMBEDU,KCBT KILAMBAKKAM,KCBT KILAMBAKKAM,10:35,2026-01-13T22:15:38.013120
104C,104C,M.G.R.KOYAMBEDU,M.G.R.KOYAMBEDU,KCBT KILAMBAKKAM,KCBT KILAMBAKKAM,10:37,2026-01-13T22:15:38.013120
104C,104C,M.G.R.KOYAMBEDU,M.G.R.KOYAMBEDU,KCBT KILAMBAKKAM,KCBT KILAMBAKKAM,10:40,2026-01-13T22:15:38.013120
104C,104C,M.G.R.KOYAMBEDU,M.G.R.KOYAMBEDU,KCBT KILAMBAKKAM,KCBT KILAMBAKKAM,10:45,2026-01-13T22:15:38.013120
104C,104C,M.G.R.KOYAMBEDU,M.G.R.KOYAMBEDU,KCBT KILAMBAKKAM,KCBT KILAMBAKKAM,10:55,2026-01-13T22:15:38.013120
104C,104C,M.G.R.KOYAMBEDU,M.G.R.KOYAMBEDU,KCBT KILAMBAKKAM,KCBT KILAMBAKKAM,11:00,2026-01-13T22:15:38.013120
104C,104C,M.G.R.KOYAMBEDU,M.G.R.KOYAMBEDU,KCBT KILAMBAKKAM,KCBT KILAMBAKKAM,11:05,2026-01-13T22:15:38.013120
104C,104C,M.G.R.KOYAMBEDU,M.G.R.KOYAMBEDU,KCBT KILAMBAKKAM,KCBT KILAMBAKKAM,11:10,2026-01-13T22:15:38.013120
104C,104C,M.G.R.KOYAMBEDU,M.G.R.KOYAMBEDU,KCBT KILAMBAKKAM,KCBT KILAMBAKKAM,11:15,2026-01-13T22:15:38.013120
104C,104C,M.G.R.KOYAMBEDU,M.G.R.KOYAMBEDU,KCBT KILAMBAKKAM,KCBT KILAMBAKKAM,11:20,2026-01-13T22:15:38.013120
104C,104C,M.G.R.KOYAMBEDU,M.G.R.KOYAMBEDU,KCBT KILAMBAKKAM,KCBT KILAMBAKKAM,11:25,2026-01-13T22:15:38.013120
104C,104C,M.G.R.KOYAMBEDU,M.G.R.KOYAMBEDU,KCBT KILAMBAKKAM,KCBT KILAMBAKKAM,11:30,2026-01-13T22:15:38.013120
104C,104C,M.G.R.KOYAMBEDU,M.G.R.KOYAMBEDU,KCBT KILAMBAKKAM,KCBT KILAMBAKKAM,11:35,2026-01-13T22:15:38.013120
104C,104C,M.G.R.KOYAMBEDU,M.G.R.KOYAMBEDU,KCBT KILAMBAKKAM,KCBT KILAMBAKKAM,11:40,2026-01-13T22:15:38.013120
104C,104C,M.G.R.KOYAMBEDU,M.G.R.KOYAMBEDU,KCBT KILAMBAKKAM,KCBT KILAMBAKKAM,11:50,2026-01-13T22:15:38.013120
104C,104C,M.G.R.KOYAMBEDU,M.G.R.KOYAMBEDU,KCBT KILAMBAKKAM,KCBT KILAMBAKKAM,12:05,2026-01-13T22:15:38.013120
104C,104C,M.G.R.KOYAMBEDU,M.G.R.KOYAMBEDU,KCBT KILAMBAKKAM,KCBT KILAMBAKKAM,12:17,2026-01-13T22:15:38.013120
104C,104C,M.G.R.KOYAMBEDU,M.G.R.KOYAMBEDU,KCBT KILAMBAKKAM,KCBT KILAMBAKKAM,12:20,2026-01-13T22:15:38.013120
104C,104C,M.G.R.KOYAMBEDU,M.G.R.KOYAMBEDU,KCBT KILAMBAKKAM,KCBT KILAMBAKKAM,12:35,2026-01-13T22:15:38.013120
104C,104C,M.G.R.KOYAMBEDU,M.G.R.KOYAMBEDU,KCBT KILAMBAKKAM,KCBT KILAMBAKKAM,12:50,2026-01-13T22:15:38.013120
104C,104C,M.G.R.KOYAMBEDU,M.G.R.KOYAMBEDU,KCBT KILAMBAKKAM,KCBT KILAMBAKKAM,12:55,2026-01-13T22:15:38.013120
104C,104C,M.G.R.KOYAMBEDU,M.G.R.KOYAMBEDU,KCBT KILAMBAKKAM,KCBT KILAMBAKKAM,13:02,2026-01-13T22:15:38.013120
104C,104C,M.G.R.KOYAMBEDU,M.G.R.KOYAMBEDU,KCBT KILAMBAKKAM,KCBT KILAMBAKKAM,13:05,2026-01-13T22:15:38.013120
104C,104C,M.G.R.KOYAMBEDU,M.G.R.KOYAMBEDU,KCBT KILAMBAKKAM,KCBT KILAMBAKKAM,13:10,2026-01-13T22:15:38.013120
104C,104C,M.G.R.KOYAMBEDU,M.G.R.KOYAMBEDU,KCBT KILAMBAKKAM,KCBT KILAMBAKKAM,13:15,2026-01-13T22:15:38.013120
104C,104C,M.G.R.KOYAMBEDU,M.G.R.KOYAMBEDU,KCBT KILAMBAKKAM,KCBT KILAMBAKKAM,13:20,2026-01-13T22:15:38.013120
104C,104C,M.G.R.KOYAMBEDU,M.G.R.KOYAMBEDU,KCBT KILAMBAKKAM,KCBT KILAMBAKKAM,13:27,2026-01-13T22:15:38.013120
104C,104C,M.G.R.KOYAMBEDU,M.G.R.KOYAMBEDU,KCBT KILAMBAKKAM,KCBT KILAMBAKKAM,13:35,2026-01-13T22:15:38.013120
104C,104C,M.G.R.KOYAMBEDU,M.G.R.KOYAMBEDU,KCBT KILAMBAKKAM,KCBT KILAMBAKKAM,13:40,2026-01-13T22:15:38.013120
104C,104C,M.G.R.KOYAMBEDU,M.G.R.KOYAMBEDU,KCBT KILAMBAKKAM,KCBT KILAMBAKKAM,13:45,2026-01-13T22:15:38.013120
104C,104C,M.G.R.KOYAMBEDU,M.G.R.KOYAMBEDU,KCBT KILAMBAKKAM,KCBT KILAMBAKKAM,13:50,2026-01-13T22:15:38.013120
104C,104C,M.G.R.KOYAMBEDU,M.G.R.KOYAMBEDU,KCBT KILAMBAKKAM,KCBT KILAMBAKKAM,13:55,2026-01-13T22:15:38.013120
104C,104C,M.G.R.KOYAMBEDU,M.G.R.KOYAMBEDU,KCBT KILAMBAKKAM,KCBT KILAMBAKKAM,14:00,2026-01-13T22:15:38.013120
104C,104C,M.G.R.KOYAMBEDU,M.G.R.KOYAMBEDU,KCBT KILAMBAKKAM,KCBT KILAMBAKKAM,14:05,2026-01-13T22:15:38.013120
104C,104C,M.G.R.KOYAMBEDU,M.G.R.KOYAMBEDU,KCBT KILAMBAKKAM,KCBT KILAMBAKKAM,14:10,2026-01-13T22:15:38.013120
104C,104C,M.G.R.KOYAMBEDU,M.G.R.KOYAMBEDU,KCBT KILAMBAKKAM,KCBT KILAMBAKKAM,14:15,2026-01-13T22:15:38.013120
104C,104C,M.G.R.KOYAMBEDU,M.G.R.KOYAMBEDU,KCBT KILAMBAKKAM,KCBT KILAMBAKKAM,14:20,2026-01-13T22:15:38.013120
104C,104C,M.G.R.KOYAMBEDU,M.G.R.KOYAMBEDU,KCBT KILAMBAKKAM,KCBT KILAMBAKKAM,14:25,2026-01-13T22:15:38.013120
104C,104C,M.G.R.KOYAMBEDU,M.G.R.KOYAMBEDU,KCBT KILAMBAKKAM,KCBT KILAMBAKKAM,14:30,2026-01-13T22:15:38.013120
104C,104C,M.G.R.KOYAMBEDU,M.G.R.KOYAMBEDU,KCBT KILAMBAKKAM,KCBT KILAMBAKKAM,14:35,2026-01-13T22:15:38.013120
104C,104C,M.G.R.KOYAMBEDU,M.G.R.KOYAMBEDU,KCBT KILAMBAKKAM,KCBT KILAMBAKKAM,14:40,2026-01-13T22:15:38.013120
104C,104C,M.G.R.KOYAMBEDU,M.G.R.KOYAMBEDU,KCBT KILAMBAKKAM,KCBT KILAMBAKKAM,14:48,2026-01-13T22:15:38.013120
104C,104C,M.G.R.KOYAMBEDU,M.G.R.KOYAMBEDU,KCBT KILAMBAKKAM,KCBT KILAMBAKKAM,14:55,2026-01-13T22:15:38.013120
104C,104C,M.G.R.KOYAMBEDU,M.G.R.KOYAMBEDU,KCBT KILAMBAKKAM,KCBT KILAMBAKKAM,15:05,2026-01-13T22:15:38.013120
104C,104C,M.G.R.KOYAMBEDU,M.G.R.KOYAMBEDU,KCBT KILAMBAKKAM,KCBT KILAMBAKKAM,15:10,2026-01-13T22:15:38.013120
104C,104C,M.G.R.KOYAMBEDU,M.G.R.KOYAMBEDU,KCBT KILAMBAKKAM,KCBT KILAMBAKKAM,15:15,2026-01-13T22:15:38.013120
104C,104C,M.G.R.KOYAMBEDU,M.G.R.KOYAMBEDU,KCBT KILAMBAKKAM,KCBT KILAMBAKKAM,15:25,2026-01-13T22:15:38.013120
104C,104C,M.G.R.KOYAMBEDU,M.G.R.KOYAMBEDU,KCBT KILAMBAKKAM,KCBT KILAMBAKKAM,15:35,2026-01-13T22:15:38.013120
104C,104C,M.G.R.KOYAMBEDU,M.G.R.KOYAMBEDU,KCBT KILAMBAKKAM,KCBT KILAMBAKKAM,15:40,2026-01-13T22:15:38.013120
104C,104C,M.G.R.KOYAMBEDU,M.G.R.KOYAMBEDU,KCBT KILAMBAKKAM,KCBT KILAMBAKKAM,15:45,2026-01-13T22:15:38.013120
104C,104C,M.G.R.KOYAMBEDU,M.G.R.KOYAMBEDU,KCBT KILAMBAKKAM,KCBT KILAMBAKKAM,15:50,2026-01-13T22:15:38.013120
104C,104C,M.G.R.KOYAMBEDU,M.G.R.KOYAMBEDU,KCBT KILAMBAKKAM,KCBT KILAMBAKKAM,15:55,2026-01-13T22:15:38.013120
104C,104C,M.G.R.KOYAMBEDU,M.G.R.KOYAMBEDU,KCBT KILAMBAKKAM,KCBT KILAMBAKKAM,16:00,2026-01-13T22:15:38.013120
104C,104C,M.G.R.KOYAMBEDU,M.G.R.KOYAMBEDU,KCBT KILAMBAKKAM,KCBT KILAMBAKKAM,16:05,2026-01-13T22:15:38.013120
104C,104C,M.G.R.KOYAMBEDU,M.G.R.KOYAMBEDU,KCBT KILAMBAKKAM,KCBT KILAMBAKKAM,16:07,2026-01-13T22:15:38.013120
104C,104C,M.G.R.KOYAMBEDU,M.G.R.KOYAMBEDU,KCBT KILAMBAKKAM,KCBT KILAMBAKKAM,16:10,2026-01-13T22:15:38.013120
104C,104C,M.G.R.KOYAMBEDU,M.G.R.KOYAMBEDU,KCBT KILAMBAKKAM,KCBT KILAMBAKKAM,16:15,2026-01-13T22:15:38.013120
104C,104C,M.G.R.KOYAMBEDU,M.G.R.KOYAMBEDU,KCBT KILAMBAKKAM,KCBT KILAMBAKKAM,16:25,2026-01-13T22:15:38.013120
104C,104C,M.G.R.KOYAMBEDU,M.G.R.KOYAMBEDU,KCBT KILAMBAKKAM,KCBT KILAMBAKKAM,16:30,2026-01-13T22:15:38.013120
104C,104C,M.G.R.KOYAMBEDU,M.G.R.KOYAMBEDU,KCBT KILAMBAKKAM,KCBT KILAMBAKKAM,16:35,2026-01-13T22:15:38.013120
104C,104C,M.G.R.KOYAMBEDU,M.G.R.KOYAMBEDU,KCBT KILAMBAKKAM,KCBT KILAMBAKKAM,16:37,2026-01-13T22:15:38.013120
104C,104C,M.G.R.KOYAMBEDU,M.G.R.KOYAMBEDU,KCBT KILAMBAKKAM,KCBT KILAMBAKKAM,16:40,2026-01-13T22:15:38.013120
104C,104C,M.G.R.KOYAMBEDU,M.G.R.KOYAMBEDU,KCBT KILAMBAKKAM,KCBT KILAMBAKKAM,16:45,2026-01-13T22:15:38.013120
104C,104C,M.G.R.KOYAMBEDU,M.G.R.KOYAMBEDU,KCBT KILAMBAKKAM,KCBT KILAMBAKKAM,16:50,2026-01-13T22:15:38.013120
104C,104C,M.G.R.KOYAMBEDU,M.G.R.KOYAMBEDU,KCBT KILAMBAKKAM,KCBT KILAMBAKKAM,16:55,2026-01-13T22:15:38.013120
104C,104C,M.G.R.KOYAMBEDU,M.G.R.KOYAMBEDU,KCBT KILAMBAKKAM,KCBT KILAMBAKKAM,17:00,2026-01-13T22:15:38.013120
104C,104C,M.G.R.KOYAMBEDU,M.G.R.KOYAMBEDU,KCBT KILAMBAKKAM,KCBT KILAMBAKKAM,17:05,2026-01-13T22:15:38.013120
104C,104C,M.G.R.KOYAMBEDU,M.G.R.KOYAMBEDU,KCBT KILAMBAKKAM,KCBT KILAMBAKKAM,17:10,2026-01-13T22:15:38.013120
104C,104C,M.G.R.KOYAMBEDU,M.G.R.KOYAMBEDU,KCBT KILAMBAKKAM,KCBT KILAMBAKKAM,17:20,2026-01-13T22:15:38.013120
104C,104C,M.G.R.KOYAMBEDU,M.G.R.KOYAMBEDU,KCBT KILAMBAKKAM,KCBT KILAMBAKKAM,17:25,2026-01-13T22:15:38.013120
104C,104C,M.G.R.KOYAMBEDU,M.G.R.KOYAMBEDU,KCBT KILAMBAKKAM,KCBT KILAMBAKKAM,17:28,2026-01-13T22:15:38.013120
104C,104C,M.G.R.KOYAMBEDU,M.G.R.KOYAMBEDU,KCBT KILAMBAKKAM,KCBT KILAMBAKKAM,17:35,2026-01-13T22:15:38.013120
104C,104C,M.G.R.KOYAMBEDU,M.G.R.KOYAMBEDU,KCBT KILAMBAKKAM,KCBT KILAMBAKKAM,17:45,2026-01-13T22:15:38.013120
104C,104C,M.G.R.KOYAMBEDU,M.G.R.KOYAMBEDU,KCBT KILAMBAKKAM,KCBT KILAMBAKKAM,17:50,2026-01-13T22:15:38.013120
104C,104C,M.G.R.KOYAMBEDU,M.G.R.KOYAMBEDU,KCBT KILAMBAKKAM,KCBT KILAMBAKKAM,17:55,2026-01-13T22:15:38.013120
104C,104C,M.G.R.KOYAMBEDU,M.G.R.KOYAMBEDU,KCBT KILAMBAKKAM,KCBT KILAMBAKKAM,18:05,2026-01-13T22:15:38.013120
104C,104C,M.G.R.KOYAMBEDU,M.G.R.KOYAMBEDU,KCBT KILAMBAKKAM,KCBT KILAMBAKKAM,18:15,2026-01-13T22:15:38.013120
104C,104C,M.G.R.KOYAMBEDU,M.G.R.KOYAMBEDU,KCBT KILAMBAKKAM,KCBT KILAMBAKKAM,18:20,2026-01-13T22:15:38.013120
104C,104C,M.G.R.KOYAMBEDU,M.G.R.KOYAMBEDU,KCBT KILAMBAKKAM,KCBT KILAMBAKKAM,18:25,2026-01-13T22:15:38.013120
104C,104C,M.G.R.KOYAMBEDU,M.G.R.KOYAMBEDU,KCBT KILAMBAKKAM,KCBT KILAMBAKKAM,18:35,2026-01-13T22:15:38.013120
104C,104C,M.G.R.KOYAMBEDU,M.G.R.KOYAMBEDU,KCBT KILAMBAKKAM,KCBT KILAMBAKKAM,18:40,2026-01-13T22:15:38.013120
104C,104C,M.G.R.KOYAMBEDU,M.G.R.KOYAMBEDU,KCBT KILAMBAKKAM,KCBT KILAMBAKKAM,18:47,2026-01-13T22:15:38.013120
104C,104C,M.G.R.KOYAMBEDU,M.G.R.KOYAMBEDU,KCBT KILAMBAKKAM,KCBT KILAMBAKKAM,18:50,2026-01-13T22:15:38.013120
104C,104C,M.G.R.KOYAMBEDU,M.G.R.KOYAMBEDU,KCBT KILAMBAKKAM,KCBT KILAMBAKKAM,18:55,2026-01-13T22:15:38.013120
104C,104C,M.G.R.KOYAMBEDU,M.G.R.KOYAMBEDU,KCBT KILAMBAKKAM,KCBT KILAMBAKKAM,19:05,2026-01-13T22:15:38.013120
104C,104C,M.G.R.KOYAMBEDU,M.G.R.KOYAMBEDU,KCBT KILAMBAKKAM,KCBT KILAMBAKKAM,19:15,2026-01-13T22:15:38.013120
104C,104C,M.G.R.KOYAMBEDU,M.G.R.KOYAMBEDU,KCBT KILAMBAKKAM,KCBT KILAMBAKKAM,19:20,2026-01-13T22:15:38.013120
104C,104C,M.G.R.KOYAMBEDU,M.G.R.KOYAMBEDU,KCBT KILAMBAKKAM,KCBT KILAMBAKKAM,19:25,2026-01-13T22:15:38.013120
104C,104C,M.G.R.KOYAMBEDU,M.G.R.KOYAMBEDU,KCBT KILAMBAKKAM,KCBT KILAMBAKKAM,19:30,2026-01-13T22:15:38.013120
104C,104C,M.G.R.KOYAMBEDU,M.G.R.KOYAMBEDU,KCBT KILAMBAKKAM,KCBT KILAMBAKKAM,19:40,2026-01-13T22:15:38.013120
104C,104C,M.G.R.KOYAMBEDU,M.G.R.KOYAMBEDU,KCBT KILAMBAKKAM,KCBT KILAMBAKKAM,19:55,2026-01-13T22:15:38.013120
104C,104C,M.G.R.KOYAMBEDU,M.G.R.KOYAMBEDU,KCBT KILAMBAKKAM,KCBT KILAMBAKKAM,20:00,2026-01-13T22:15:38.013120
104C,104C,M.G.R.KOYAMBEDU,M.G.R.KOYAMBEDU,KCBT KILAMBAKKAM,KCBT KILAMBAKKAM,20:08,2026-01-13T22:15:38.013120
104C,104C,M.G.R.KOYAMBEDU,M.G.R.KOYAMBEDU,KCBT KILAMBAKKAM,KCBT KILAMBAKKAM,20:15,2026-01-13T22:15:38.013120
104C,104C,M.G.R.KOYAMBEDU,M.G.R.KOYAMBEDU,KCBT KILAMBAKKAM,KCBT KILAMBAKKAM,20:25,2026-01-13T22:15:38.013120
104C,104C,M.G.R.KOYAMBEDU,M.G.R.KOYAMBEDU,KCBT KILAMBAKKAM,KCBT KILAMBAKKAM,20:35,2026-01-13T22:15:38.013120
104C,104C,M.G.R.KOYAMBEDU,M.G.R.KOYAMBEDU,KCBT KILAMBAKKAM,KCBT KILAMBAKKAM,20:50,2026-01-13T22:15:38.013120
104C,104C,M.G.R.KOYAMBEDU,M.G.R.KOYAMBEDU,KCBT KILAMBAKKAM,KCBT KILAMBAKKAM,21:10,2026-01-13T22:15:38.013120
104C,104C,M.G.R.KOYAMBEDU,M.G.R.KOYAMBEDU,KCBT KILAMBAKKAM,KCBT KILAMBAKKAM,21:15,2026-01-13T22:15:38.013120
104C,104C,M.G.R.KOYAMBEDU,M.G.R.KOYAMBEDU,KCBT KILAMBAKKAM,KCBT KILAMBAKKAM,21:40,2026-01-13T22:15:38.013120
104C,104C,M.G.R.KOYAMBEDU,M.G.R.KOYAMBEDU,KCBT KILAMBAKKAM,KCBT KILAMBAKKAM,22:10,2026-01-13T22:15:38.013120
104C,104C,M.G.R.KOYAMBEDU,M.G.R.KOYAMBEDU,KCBT KILAMBAKKAM,KCBT KILAMBAKKAM,22:25,2026-01-13T22:15:38.013120
104C,104C,M.G.R.KOYAMBEDU,M.G.R.KOYAMBEDU,KCBT KILAMBAKKAM,KCBT KILAMBAKKAM,22:55,2026-01-13T22:15:38.013120
104C,104C,M.G.R.KOYAMBEDU,M.G.R.KOYAMBEDU,KCBT KILAMBAKKAM,KCBT KILAMBAKKAM,23:35,2026-01-13T22:15:38.013120
104CX,104CX,GUDUVANCHERY,GUDUVANCHERY,M.G.R.KOYAMBEDU,M.G.R.KOYAMBEDU,05:20,2026-01-13T22:16:04.116413
104CX,104CX,GUDUVANCHERY,GUDUVANCHERY,M.G.R.KOYAMBEDU,M.G.R.KOYAMBEDU,06:40,2026-01-13T22:16:04.116413
104CX,104CX,GUDUVANCHERY,GUDUVANCHERY,M.G.R.KOYAMBEDU,M.G.R.KOYAMBEDU,07:20,2026-01-13T22:16:04.116413
104CX,104CX,GUDUVANCHERY,GUDUVANCHERY,M.G.R.KOYAMBEDU,M.G.R.KOYAMBEDU,07:50,2026-01-13T22:16:04.116413
104CX,104CX,GUDUVANCHERY,GUDUVANCHERY,M.G.R.KOYAMBEDU,M.G.R.KOYAMBEDU,08:20,2026-01-13T22:16:04.116413
104CX,104CX,GUDUVANCHERY,GUDUVANCHERY,M.G.R.KOYAMBEDU,M.G.R.KOYAMBEDU,08:55,2026-01-13T22:16:04.116413
104CX,104CX,GUDUVANCHERY,GUDUVANCHERY,M.G.R.KOYAMBEDU,M.G.R.KOYAMBEDU,09:35,2026-01-13T22:16:04.116413
104CX,104CX,GUDUVANCHERY,GUDUVANCHERY,M.G.R.KOYAMBEDU,M.G.R.KOYAMBEDU,10:20,2026-01-13T22:16:04.116413
104CX,104CX,GUDUVANCHERY,GUDUVANCHERY,M.G.R.KOYAMBEDU,M.G.R.KOYAMBEDU,10:50,2026-01-13T22:16:04.116413
104CX,104CX,GUDUVANCHERY,GUDUVANCHERY,M.G.R.KOYAMBEDU,M.G.R.KOYAMBEDU,11:20,2026-01-13T22:16:04.116413
104CX,104CX,GUDUVANCHERY,GUDUVANCHERY,M.G.R.KOYAMBEDU,M.G.R.KOYAMBEDU,12:00,2026-01-13T22:16:04.116413
104CX,104CX,GUDUVANCHERY,GUDUVANCHERY,M.G.R.KOYAMBEDU,M.G.R.KOYAMBEDU,12:40,2026-01-13T22:16:04.116413
104CX,104CX,GUDUVANCHERY,GUDUVANCHERY,M.G.R.KOYAMBEDU,M.G.R.KOYAMBEDU,13:25,2026-01-13T22:16:04.116413
104CX,104CX,GUDUVANCHERY,GUDUVANCHERY,M.G.R.KOYAMBEDU,M.G.R.KOYAMBEDU,14:00,2026-01-13T22:16:04.116413
104CX,104CX,GUDUVANCHERY,GUDUVANCHERY,M.G.R.KOYAMBEDU,M.G.R.KOYAMBEDU,14:30,2026-01-13T22:16:04.116413
104CX,104CX,GUDUVANCHERY,GUDUVANCHERY,M.G.R.KOYAMBEDU,M.G.R.KOYAMBEDU,15:05,2026-01-13T22:16:04.116413
104CX,104CX,GUDUVANCHERY,GUDUVANCHERY,M.G.R.KOYAMBEDU,M.G.R.KOYAMBEDU,15:45,2026-01-13T22:16:04.116413
104CX,104CX,GUDUVANCHERY,GUDUVANCHERY,M.G.R.KOYAMBEDU,M.G.R.KOYAMBEDU,16:30,2026-01-13T22:16:04.116413
104CX,104CX,GUDUVANCHERY,GUDUVANCHERY,M.G.R.KOYAMBEDU,M.G.R.KOYAMBEDU,17:05,2026-01-13T22:16:04.116413
104CX,104CX,GUDUVANCHERY,GUDUVANCHERY,M.G.R.KOYAMBEDU,M.G.R.KOYAMBEDU,17:35,2026-01-13T22:16:04.116413
104CX,104CX,GUDUVANCHERY,GUDUVANCHERY,M.G.R.KOYAMBEDU,M.G.R.KOYAMBEDU,18:05,2026-01-13T22:16:04.116413
104CX,104CX,GUDUVANCHERY,GUDUVANCHERY,M.G.R.KOYAMBEDU,M.G.R.KOYAMBEDU,18:40,2026-01-13T22:16:04.116413
104CX,104CX,GUDUVANCHERY,GUDUVANCHERY,M.G.R.KOYAMBEDU,M.G.R.KOYAMBEDU,19:25,2026-01-13T22:16:04.116413
104CX,104CX,GUDUVANCHERY,GUDUVANCHERY,M.G.R.KOYAMBEDU,M.G.R.KOYAMBEDU,20:15,2026-01-13T22:16:04.116413
104CX,104CX,GUDUVANCHERY,GUDUVANCHERY,M.G.R.KOYAMBEDU,M.G.R.KOYAMBEDU,21:20,2026-01-13T22:16:04.116413
104CX,104CX,GUDUVANCHERY,GUDUVANCHERY,TAMBARAM WEST,TAMBARAM WEST,20:25,2026-01-13T22:16:19.221097
104CX,104CX,GUDUVANCHERY,GUDUVANCHERY,TAMBARAM WEST,TAMBARAM WEST,21:40,2026-01-13T22:16:19.221097
104CX,104CX,GUDUVANCHERY,GUDUVANCHERY,TAMBARAM WEST,TAMBARAM WEST,22:25,2026-01-13T22:16:19.221097
104CX,104CX,M.G.R.KOYAMBEDU,M.G.R.KOYAMBEDU,GUDUVANCHERY,GUDUVANCHERY,06:20,2026-01-13T22:16:38.399934
104CX,104CX,M.G.R.KOYAMBEDU,M.G.R.KOYAMBEDU,GUDUVANCHERY,GUDUVANCHERY,06:50,2026-01-13T22:16:38.399934
104CX,104CX,M.G.R.KOYAMBEDU,M.G.R.KOYAMBEDU,GUDUVANCHERY,GUDUVANCHERY,07:25,2026-01-13T22:16:38.399934
104CX,104CX,M.G.R.KOYAMBEDU,M.G.R.KOYAMBEDU,GUDUVANCHERY,GUDUVANCHERY,08:05,2026-01-13T22:16:38.399934
104CX,104CX,M.G.R.KOYAMBEDU,M.G.R.KOYAMBEDU,GUDUVANCHERY,GUDUVANCHERY,08:45,2026-01-13T22:16:38.399934
104CX,104CX,M.G.R.KOYAMBEDU,M.G.R.KOYAMBEDU,GUDUVANCHERY,GUDUVANCHERY,09:15,2026-01-13T22:16:38.399934
104CX,104CX,M.G.R.KOYAMBEDU,M.G.R.KOYAMBEDU,GUDUVANCHERY,GUDUVANCHERY,09:50,2026-01-13T22:16:38.399934
104CX,104CX,M.G.R.KOYAMBEDU,M.G.R.KOYAMBEDU,GUDUVANCHERY,GUDUVANCHERY,10:25,2026-01-13T22:16:38.399934
104CX,104CX,M.G.R.KOYAMBEDU,M.G.R.KOYAMBEDU,GUDUVANCHERY,GUDUVANCHERY,11:05,2026-01-13T22:16:38.399934
104CX,104CX,M.G.R.KOYAMBEDU,M.G.R.KOYAMBEDU,GUDUVANCHERY,GUDUVANCHERY,11:50,2026-01-13T22:16:38.399934
104CX,104CX,M.G.R.KOYAMBEDU,M.G.R.KOYAMBEDU,GUDUVANCHERY,GUDUVANCHERY,12:25,2026-01-13T22:16:38.399934
104CX,104CX,M.G.R.KOYAMBEDU,M.G.R.KOYAMBEDU,GUDUVANCHERY,GUDUVANCHERY,13:00,2026-01-13T22:16:38.399934
104CX,104CX,M.G.R.KOYAMBEDU,M.G.R.KOYAMBEDU,GUDUVANCHERY,GUDUVANCHERY,13:35,2026-01-13T22:16:38.399934
104CX,104CX,M.G.R.KOYAMBEDU,M.G.R.KOYAMBEDU,GUDUVANCHERY,GUDUVANCHERY,14:10,2026-01-13T22:16:38.399934
104CX,104CX,M.G.R.KOYAMBEDU,M.G.R.KOYAMBEDU,GUDUVANCHERY,GUDUVANCHERY,15:00,2026-01-13T22:16:38.399934
104CX,104CX,M.G.R.KOYAMBEDU,M.G.R.KOYAMBEDU,GUDUVANCHERY,GUDUVANCHERY,15:30,2026-01-13T22:16:38.399934
104CX,104CX,M.G.R.KOYAMBEDU,M.G.R.KOYAMBEDU,GUDUVANCHERY,GUDUVANCHERY,16:00,2026-01-13T22:16:38.399934
104CX,104CX,M.G.R.KOYAMBEDU,M.G.R.KOYAMBEDU,GUDUVANCHERY,GUDUVANCHERY,16:35,2026-01-13T22:16:38.399934
104CX,104CX,M.G.R.KOYAMBEDU,M.G.R.KOYAMBEDU,GUDUVANCHERY,GUDUVANCHERY,17:15,2026-01-13T22:16:38.399934
104CX,104CX,M.G.R.KOYAMBEDU,M.G.R.KOYAMBEDU,GUDUVANCHERY,GUDUVANCHERY,18:00,2026-01-13T22:16:38.399934
104CX,104CX,M.G.R.KOYAMBEDU,M.G.R.KOYAMBEDU,GUDUVANCHERY,GUDUVANCHERY,18:35,2026-01-13T22:16:38.399934
104CX,104CX,M.G.R.KOYAMBEDU,M.G.R.KOYAMBEDU,GUDUVANCHERY,GUDUVANCHERY,19:05,2026-01-13T22:16:38.399934
104CX,104CX,M.G.R.KOYAMBEDU,M.G.R.KOYAMBEDU,GUDUVANCHERY,GUDUVANCHERY,19:40,2026-01-13T22:16:38.399934
104CX,104CX,M.G.R.KOYAMBEDU,M.G.R.KOYAMBEDU,GUDUVANCHERY,GUDUVANCHERY,20:20,2026-01-13T22:16:38.399934
104CX,104CX,M.G.R.KOYAMBEDU,M.G.R.KOYAMBEDU,GUDUVANCHERY,GUDUVANCHERY,21:00,2026-01-13T22:16:38.399934
104CX,104CX,TAMBARAM WEST,TAMBARAM WEST,GUDUVANCHERY,GUDUVANCHERY,04:55,2026-01-13T22:16:57.591502
104CX,104CX,TAMBARAM WEST,TAMBARAM WEST,GUDUVANCHERY,GUDUVANCHERY,06:15,2026-01-13T22:16:57.591502
104CX,104CX,TAMBARAM WEST,TAMBARAM WEST,GUDUVANCHERY,GUDUVANCHERY,06:55,2026-01-13T22:16:57.591502
104F,104F,AMBATTUR I.E,AMBATTUR I.E,KCBT KILAMBAKKAM,KCBT KILAMBAKKAM,14:45,2026-01-13T22:17:22.640096
104F,104F,KCBT KILAMBAKKAM,KCBT KILAMBAKKAM,AMBATTUR I.E,AMBATTUR I.E,13:35,2026-01-13T22:17:41.878763
104F,104F,KCBT KILAMBAKKAM,KCBT KILAMBAKKAM,MADHAVARAM B.S,MADHAVARAM B.S,08:55,2026-01-13T22:17:57.021205
104F,104F,KCBT KILAMBAKKAM,KCBT KILAMBAKKAM,MADHAVARAM B.S,MADHAVARAM B.S,16:00,2026-01-13T22:17:57.021205
104F,104F,KCBT KILAMBAKKAM,KCBT KILAMBAKKAM,MADHAVARAM B.S,MADHAVARAM B.S,20:25,2026-01-13T22:17:57.021205
104F,104F,MADHAVARAM B.S,MADHAVARAM B.S,KCBT KILAMBAKKAM,KCBT KILAMBAKKAM,06:45,2026-01-13T22:18:16.237364
104F,104F,MADHAVARAM B.S,MADHAVARAM B.S,KCBT KILAMBAKKAM,KCBT KILAMBAKKAM,11:15,2026-01-13T22:18:16.237364
104F,104F,MADHAVARAM B.S,MADHAVARAM B.S,KCBT KILAMBAKKAM,KCBT KILAMBAKKAM,18:15,2026-01-13T22:18:16.237364
104G,104G,AMBATTUR I.E,AMBATTUR I.E,KCBT KILAMBAKKAM,KCBT KILAMBAKKAM,15:10,2026-01-13T22:18:41.845786
104G,104G,KCBT KILAMBAKKAM,KCBT KILAMBAKKAM,AMBATTUR I.E,AMBATTUR I.E,14:00,2026-01-13T22:19:01.062984
104G,104G,KCBT KILAMBAKKAM,KCBT KILAMBAKKAM,M.K.B.NAGAR,M.K.B.NAGAR,04:50,2026-01-13T22:19:16.177570
104G,104G,KCBT KILAMBAKKAM,KCBT KILAMBAKKAM,M.K.B.NAGAR,M.K.B.NAGAR,09:15,2026-01-13T22:19:16.177570
104G,104G,KCBT KILAMBAKKAM,KCBT KILAMBAKKAM,M.K.B.NAGAR,M.K.B.NAGAR,16:25,2026-01-13T22:19:16.177570
104G,104G,M.K.B.NAGAR,M.K.B.NAGAR,KCBT KILAMBAKKAM,KCBT KILAMBAKKAM,06:55,2026-01-13T22:19:35.372711
104G,104G,M.K.B.NAGAR,M.K.B.NAGAR,KCBT KILAMBAKKAM,KCBT KILAMBAKKAM,11:45,2026-01-13T22:19:35.372711
104G,104G,M.K.B.NAGAR,M.K.B.NAGAR,KCBT KILAMBAKKAM,KCBT KILAMBAKKAM,18:45,2026-01-13T22:19:35.372711
104K,104K,KCBT KILAMBAKKAM,KCBT KILAMBAKKAM,REDHILLS,REDHILLS,04:50,2026-01-13T22:20:00.448368
104K,104K,KCBT KILAMBAKKAM,KCBT KILAMBAKKAM,REDHILLS,REDHILLS,06:15,2026-01-13T22:20:00.448368
104K,104K,KCBT KILAMBAKKAM,KCBT KILAMBAKKAM,REDHILLS,REDHILLS,07:00,2026-01-13T22:20:00.448368
104K,104K,KCBT KILAMBAKKAM,KCBT KILAMBAKKAM,REDHILLS,REDHILLS,08:50,2026-01-13T22:20:00.448368
104K,104K,KCBT KILAMBAKKAM,KCBT KILAMBAKKAM,REDHILLS,REDHILLS,14:20,2026-01-13T22:20:00.448368
104K,104K,KCBT KILAMBAKKAM,KCBT KILAMBAKKAM,REDHILLS,REDHILLS,19:10,2026-01-13T22:20:00.448368
104K,104K,REDHILLS,REDHILLS,KCBT KILAMBAKKAM,KCBT KILAMBAKKAM,06:50,2026-01-13T22:20:19.678532
104K,104K,REDHILLS,REDHILLS,KCBT KILAMBAKKAM,KCBT KILAMBAKKAM,12:20,2026-01-13T22:20:19.678532
104K,104K,REDHILLS,REDHILLS,KCBT KILAMBAKKAM,KCBT KILAMBAKKAM,17:00,2026-01-13T22:20:19.678532
104K,104K,REDHILLS,REDHILLS,KCBT KILAMBAKKAM,KCBT KILAMBAKKAM,18:50,2026-01-13T22:20:19.678532
104K,104K,REDHILLS,REDHILLS,KCBT KILAMBAKKAM,KCBT KILAMBAKKAM,20:10,2026-01-13T22:20:19.678532
104K,104K,REDHILLS,REDHILLS,KCBT KILAMBAKKAM,KCBT KILAMBAKKAM,21:10,2026-01-13T22:20:19.678532
104K,104K,REDHILLS,REDHILLS,TAMBARAM NEW B.S,TAMBARAM NEW B.S,08:15,2026-01-13T22:20:34.816630
104K,104K,REDHILLS,REDHILLS,TAMBARAM NEW B.S,TAMBARAM NEW B.S,09:00,2026-01-13T22:20:34.816630
104K,104K,REDHILLS,REDHILLS,TAMBARAM NEW B.S,TAMBARAM NEW B.S,10:50,2026-01-13T22:20:34.816630
104K,104K,REDHILLS,REDHILLS,TAMBARAM NEW B.S,TAMBARAM NEW B.S,13:00,2026-01-13T22:20:34.816630
104K,104K,REDHILLS,REDHILLS,TAMBARAM NEW B.S,TAMBARAM NEW B.S,14:50,2026-01-13T22:20:34.816630
104K,104K,REDHILLS,REDHILLS,TAMBARAM NEW B.S,TAMBARAM NEW B.S,16:20,2026-01-13T22:20:34.816630
104K,104K,TAMBARAM NEW B.S,TAMBARAM NEW B.S,REDHILLS,REDHILLS,10:10,2026-01-13T22:20:54.059798
104K,104K,TAMBARAM NEW B.S,TAMBARAM NEW B.S,REDHILLS,REDHILLS,11:00,2026-01-13T22:20:54.059798
104K,104K,TAMBARAM NEW B.S,TAMBARAM NEW B.S,REDHILLS,REDHILLS,12:55,2026-01-13T22:20:54.059798
104K,104K,TAMBARAM NEW B.S,TAMBARAM NEW B.S,REDHILLS,REDHILLS,14:55,2026-01-13T22:20:54.059798
104K,104K,TAMBARAM NEW B.S,TAMBARAM NEW B.S,REDHILLS,REDHILLS,16:50,2026-01-13T22:20:54.059798
104K,104K,TAMBARAM NEW B.S,TAMBARAM NEW B.S,REDHILLS,REDHILLS,18:20,2026-01-13T22:20:54.059798
104M,104M,KCBT KILAMBAKKAM,KCBT KILAMBAKKAM,M.M.B.T,M.M.B.T,04:30,2026-01-13T22:21:20.179506
104M,104M,KCBT KILAMBAKKAM,KCBT KILAMBAKKAM,M.M.B.T,M.M.B.T,05:40,2026-01-13T22:21:20.179506
104M,104M,KCBT KILAMBAKKAM,KCBT KILAMBAKKAM,M.M.B.T,M.M.B.T,08:05,2026-01-13T22:21:20.179506
104M,104M,KCBT KILAMBAKKAM,KCBT KILAMBAKKAM,M.M.B.T,M.M.B.T,09:20,2026-01-13T22:21:20.179506
104M,104M,KCBT KILAMBAKKAM,KCBT KILAMBAKKAM,M.M.B.T,M.M.B.T,11:40,2026-01-13T22:21:20.179506
104M,104M,KCBT KILAMBAKKAM,KCBT KILAMBAKKAM,M.M.B.T,M.M.B.T,12:40,2026-01-13T22:21:20.179506
104M,104M,KCBT KILAMBAKKAM,KCBT KILAMBAKKAM,M.M.B.T,M.M.B.T,16:50,2026-01-13T22:21:20.179506
104M,104M,KCBT KILAMBAKKAM,KCBT KILAMBAKKAM,M.M.B.T,M.M.B.T,17:50,2026-01-13T22:21:20.179506
104M,104M,M.G.R.KOYAMBEDU,M.G.R.KOYAMBEDU,M.M.B.T,M.M.B.T,14:10,2026-01-13T22:21:39.439610
104M,104M,M.G.R.KOYAMBEDU,M.G.R.KOYAMBEDU,M.M.B.T,M.M.B.T,15:15,2026-01-13T22:21:39.439610
104M,104M,M.M.B.T,M.M.B.T,KCBT KILAMBAKKAM,KCBT KILAMBAKKAM,06:15,2026-01-13T22:21:58.638749
104M,104M,M.M.B.T,M.M.B.T,KCBT KILAMBAKKAM,KCBT KILAMBAKKAM,07:30,2026-01-13T22:21:58.638749
104M,104M,M.M.B.T,M.M.B.T,KCBT KILAMBAKKAM,KCBT KILAMBAKKAM,09:55,2026-01-13T22:21:58.638749
104M,104M,M.M.B.T,M.M.B.T,KCBT KILAMBAKKAM,KCBT KILAMBAKKAM,11:00,2026-01-13T22:21:58.638749
104M,104M,M.M.B.T,M.M.B.T,KCBT KILAMBAKKAM,KCBT KILAMBAKKAM,15:00,2026-01-13T22:21:58.638749
104M,104M,M.M.B.T,M.M.B.T,KCBT KILAMBAKKAM,KCBT KILAMBAKKAM,16:05,2026-01-13T22:21:58.638749
104M,104M,M.M.B.T,M.M.B.T,KCBT KILAMBAKKAM,KCBT KILAMBAKKAM,18:35,2026-01-13T22:21:58.638749
104M,104M,M.M.B.T,M.M.B.T,KCBT KILAMBAKKAM,KCBT KILAMBAKKAM,19:45,2026-01-13T22:21:58.638749
104M,104M,M.M.B.T,M.M.B.T,M.G.R.KOYAMBEDU,M.G.R.KOYAMBEDU,13:30,2026-01-13T22:22:13.742603
104M,104M,M.M.B.T,M.M.B.T,M.G.R.KOYAMBEDU,M.G.R.KOYAMBEDU,14:30,2026-01-13T22:22:13.742603
104P,104P,KCBT KILAMBAKKAM,KCBT KILAMBAKKAM,PERAMBUR,PERAMBUR,05:00,2026-01-13T22:22:38.509661
104P,104P,KCBT KILAMBAKKAM,KCBT KILAMBAKKAM,PERAMBUR,PERAMBUR,06:40,2026-01-13T22:22:38.509661
104P,104P,KCBT KILAMBAKKAM,KCBT KILAMBAKKAM,PERAMBUR,PERAMBUR,08:55,2026-01-13T22:22:38.509661
104P,104P,KCBT KILAMBAKKAM,KCBT KILAMBAKKAM,PERAMBUR,PERAMBUR,10:45,2026-01-13T22:22:38.509661
104P,104P,KCBT KILAMBAKKAM,KCBT KILAMBAKKAM,PERAMBUR,PERAMBUR,13:00,2026-01-13T22:22:38.509661
104P,104P,KCBT KILAMBAKKAM,KCBT KILAMBAKKAM,PERAMBUR,PERAMBUR,14:45,2026-01-13T22:22:38.509661
104P,104P,KCBT KILAMBAKKAM,KCBT KILAMBAKKAM,PERAMBUR,PERAMBUR,16:55,2026-01-13T22:22:38.509661
104P,104P,KCBT KILAMBAKKAM,KCBT KILAMBAKKAM,PERAMBUR,PERAMBUR,18:40,2026-01-13T22:22:38.509661
104P,104P,PERAMBUR,PERAMBUR,KCBT KILAMBAKKAM,KCBT KILAMBAKKAM,06:55,2026-01-13T22:22:57.722371
104P,104P,PERAMBUR,PERAMBUR,KCBT KILAMBAKKAM,KCBT KILAMBAKKAM,08:40,2026-01-13T22:22:57.722371
104P,104P,PERAMBUR,PERAMBUR,KCBT KILAMBAKKAM,KCBT KILAMBAKKAM,11:00,2026-01-13T22:22:57.722371
104P,104P,PERAMBUR,PERAMBUR,KCBT KILAMBAKKAM,KCBT KILAMBAKKAM,12:50,2026-01-13T22:22:57.722371
104P,104P,PERAMBUR,PERAMBUR,KCBT KILAMBAKKAM,KCBT KILAMBAKKAM,14:55,2026-01-13T22:22:57.722371
104P,104P,PERAMBUR,PERAMBUR,KCBT KILAMBAKKAM,KCBT KILAMBAKKAM,16:40,2026-01-13T22:22:57.722371
104P,104P,PERAMBUR,PERAMBUR,KCBT KILAMBAKKAM,KCBT KILAMBAKKAM,19:00,2026-01-13T22:22:57.722371
104P,104P,PERAMBUR,PERAMBUR,KCBT KILAMBAKKAM,KCBT KILAMBAKKAM,20:45,2026-01-13T22:22:57.722371
104T,104T,KCBT KILAMBAKKAM,KCBT KILAMBAKKAM,THIRU.VI.KA.NAGAR,THIRU.VI.KA.NAGAR,04:40,2026-01-13T22:23:23.383997
104T,104T,KCBT KILAMBAKKAM,KCBT KILAMBAKKAM,THIRU.VI.KA.NAGAR,THIRU.VI.KA.NAGAR,06:45,2026-01-13T22:23:23.383997
104T,104T,KCBT KILAMBAKKAM,KCBT KILAMBAKKAM,THIRU.VI.KA.NAGAR,THIRU.VI.KA.NAGAR,08:30,2026-01-13T22:23:23.383997
104T,104T,KCBT KILAMBAKKAM,KCBT KILAMBAKKAM,THIRU.VI.KA.NAGAR,THIRU.VI.KA.NAGAR,10:40,2026-01-13T22:23:23.383997
104T,104T,KCBT KILAMBAKKAM,KCBT KILAMBAKKAM,THIRU.VI.KA.NAGAR,THIRU.VI.KA.NAGAR,12:35,2026-01-13T22:23:23.383997
104T,104T,KCBT KILAMBAKKAM,KCBT KILAMBAKKAM,THIRU.VI.KA.NAGAR,THIRU.VI.KA.NAGAR,14:35,2026-01-13T22:23:23.383997
104T,104T,KCBT KILAMBAKKAM,KCBT KILAMBAKKAM,THIRU.VI.KA.NAGAR,THIRU.VI.KA.NAGAR,16:30,2026-01-13T22:23:23.383997
104T,104T,KCBT KILAMBAKKAM,KCBT KILAMBAKKAM,THIRU.VI.KA.NAGAR,THIRU.VI.KA.NAGAR,18:30,2026-01-13T22:23:23.383997
104T,104T,OTTERI,OTTERI,THIRU.VI.KA.NAGAR,THIRU.VI.KA.NAGAR,04:35,2026-01-13T22:23:42.641405
104T,104T,THIRU.VI.KA.NAGAR,THIRU.VI.KA.NAGAR,KCBT KILAMBAKKAM,KCBT KILAMBAKKAM,04:50,2026-01-13T22:24:01.916849
104T,104T,THIRU.VI.KA.NAGAR,THIRU.VI.KA.NAGAR,KCBT KILAMBAKKAM,KCBT KILAMBAKKAM,06:35,2026-01-13T22:24:01.916849
104T,104T,THIRU.VI.KA.NAGAR,THIRU.VI.KA.NAGAR,KCBT KILAMBAKKAM,KCBT KILAMBAKKAM,08:40,2026-01-13T22:24:01.916849
104T,104T,THIRU.VI.KA.NAGAR,THIRU.VI.KA.NAGAR,KCBT KILAMBAKKAM,KCBT KILAMBAKKAM,10:30,2026-01-13T22:24:01.916849
104T,104T,THIRU.VI.KA.NAGAR,THIRU.VI.KA.NAGAR,KCBT KILAMBAKKAM,KCBT KILAMBAKKAM,12:40,2026-01-13T22:24:01.916849
104T,104T,THIRU.VI.KA.NAGAR,THIRU.VI.KA.NAGAR,KCBT KILAMBAKKAM,KCBT KILAMBAKKAM,14:30,2026-01-13T22:24:01.916849
104T,104T,THIRU.VI.KA.NAGAR,THIRU.VI.KA.NAGAR,KCBT KILAMBAKKAM,KCBT KILAMBAKKAM,16:30,2026-01-13T22:24:01.916849
104T,104T,THIRU.VI.KA.NAGAR,THIRU.VI.KA.NAGAR,KCBT KILAMBAKKAM,KCBT KILAMBAKKAM,18:30,2026-01-13T22:24:01.916849
104T,104T,THIRU.VI.KA.NAGAR,THIRU.VI.KA.NAGAR,OTTERI,OTTERI,20:17,2026-01-13T22:24:17.045919
105,105,SIRUCHERY I.T.PARK,SIRUCHERY I.T.PARK,TAMBARAM WEST,TAMBARAM WEST,06:10,2026-01-13T22:24:42.075273
105,105,SIRUCHERY I.T.PARK,SIRUCHERY I.T.PARK,TAMBARAM WEST,TAMBARAM WEST,07:50,2026-01-13T22:24:42.075273
105,105,SIRUCHERY I.T.PARK,SIRUCHERY I.T.PARK,TAMBARAM WEST,TAMBARAM WEST,08:15,2026-01-13T22:24:42.075273
105,105,SIRUCHERY I.T.PARK,SIRUCHERY I.T.PARK,TAMBARAM WEST,TAMBARAM WEST,09:00,2026-01-13T22:24:42.075273
105,105,SIRUCHERY I.T.PARK,SIRUCHERY I.T.PARK,TAMBARAM WEST,TAMBARAM WEST,09:25,2026-01-13T22:24:42.075273
105,105,SIRUCHERY I.T.PARK,SIRUCHERY I.T.PARK,TAMBARAM WEST,TAMBARAM WEST,10:40,2026-01-13T22:24:42.075273
105,105,SIRUCHERY I.T.PARK,SIRUCHERY I.T.PARK,TAMBARAM WEST,TAMBARAM WEST,11:05,2026-01-13T22:24:42.075273
105,105,SIRUCHERY I.T.PARK,SIRUCHERY I.T.PARK,TAMBARAM WEST,TAMBARAM WEST,11:40,2026-01-13T22:24:42.075273
105,105,SIRUCHERY I.T.PARK,SIRUCHERY I.T.PARK,TAMBARAM WEST,TAMBARAM WEST,12:20,2026-01-13T22:24:42.075273
105,105,SIRUCHERY I.T.PARK,SIRUCHERY I.T.PARK,TAMBARAM WEST,TAMBARAM WEST,13:20,2026-01-13T22:24:42.075273
105,105,SIRUCHERY I.T.PARK,SIRUCHERY I.T.PARK,TAMBARAM WEST,TAMBARAM WEST,13:45,2026-01-13T22:24:42.075273
105,105,SIRUCHERY I.T.PARK,SIRUCHERY I.T.PARK,TAMBARAM WEST,TAMBARAM WEST,14:30,2026-01-13T22:24:42.075273
105,105,SIRUCHERY I.T.PARK,SIRUCHERY I.T.PARK,TAMBARAM WEST,TAMBARAM WEST,14:50,2026-01-13T22:24:42.075273
105,105,SIRUCHERY I.T.PARK,SIRUCHERY I.T.PARK,TAMBARAM WEST,TAMBARAM WEST,16:10,2026-01-13T22:24:42.075273
105,105,SIRUCHERY I.T.PARK,SIRUCHERY I.T.PARK,TAMBARAM WEST,TAMBARAM WEST,16:35,2026-01-13T22:24:42.075273
105,105,SIRUCHERY I.T.PARK,SIRUCHERY I.T.PARK,TAMBARAM WEST,TAMBARAM WEST,17:15,2026-01-13T22:24:42.075273
105,105,SIRUCHERY I.T.PARK,SIRUCHERY I.T.PARK,TAMBARAM WEST,TAMBARAM WEST,17:55,2026-01-13T22:24:42.075273
105,105,SIRUCHERY I.T.PARK,SIRUCHERY I.T.PARK,TAMBARAM WEST,TAMBARAM WEST,18:55,2026-01-13T22:24:42.075273
105,105,SIRUCHERY I.T.PARK,SIRUCHERY I.T.PARK,TAMBARAM WEST,TAMBARAM WEST,19:20,2026-01-13T22:24:42.075273
105,105,SIRUCHERY I.T.PARK,SIRUCHERY I.T.PARK,TAMBARAM WEST,TAMBARAM WEST,20:00,2026-01-13T22:24:42.075273
105,105,SIRUCHERY I.T.PARK,SIRUCHERY I.T.PARK,TAMBARAM WEST,TAMBARAM WEST,21:40,2026-01-13T22:24:42.075273
105,105,SIRUCHERY I.T.PARK,SIRUCHERY I.T.PARK,TAMBARAM WEST,TAMBARAM WEST,22:05,2026-01-13T22:24:42.075273
105,105,TAMBARAM WEST,TAMBARAM WEST,SIRUCHERY I.T.PARK,SIRUCHERY I.T.PARK,04:50,2026-01-13T22:25:01.315296
105,105,TAMBARAM WEST,TAMBARAM WEST,SIRUCHERY I.T.PARK,SIRUCHERY I.T.PARK,06:30,2026-01-13T22:25:01.315296
105,105,TAMBARAM WEST,TAMBARAM WEST,SIRUCHERY I.T.PARK,SIRUCHERY I.T.PARK,06:55,2026-01-13T22:25:01.315296
105,105,TAMBARAM WEST,TAMBARAM WEST,SIRUCHERY I.T.PARK,SIRUCHERY I.T.PARK,07:40,2026-01-13T22:25:01.315296
105,105,TAMBARAM WEST,TAMBARAM WEST,SIRUCHERY I.T.PARK,SIRUCHERY I.T.PARK,08:10,2026-01-13T22:25:01.315296
105,105,TAMBARAM WEST,TAMBARAM WEST,SIRUCHERY I.T.PARK,SIRUCHERY I.T.PARK,09:20,2026-01-13T22:25:01.315296
105,105,TAMBARAM WEST,TAMBARAM WEST,SIRUCHERY I.T.PARK,SIRUCHERY I.T.PARK,09:45,2026-01-13T22:25:01.315296
105,105,TAMBARAM WEST,TAMBARAM WEST,SIRUCHERY I.T.PARK,SIRUCHERY I.T.PARK,10:20,2026-01-13T22:25:01.315296
105,105,TAMBARAM WEST,TAMBARAM WEST,SIRUCHERY I.T.PARK,SIRUCHERY I.T.PARK,10:40,2026-01-13T22:25:01.315296
105,105,TAMBARAM WEST,TAMBARAM WEST,SIRUCHERY I.T.PARK,SIRUCHERY I.T.PARK,12:00,2026-01-13T22:25:01.315296
105,105,TAMBARAM WEST,TAMBARAM WEST,SIRUCHERY I.T.PARK,SIRUCHERY I.T.PARK,12:25,2026-01-13T22:25:01.315296
105,105,TAMBARAM WEST,TAMBARAM WEST,SIRUCHERY I.T.PARK,SIRUCHERY I.T.PARK,13:10,2026-01-13T22:25:01.315296
105,105,TAMBARAM WEST,TAMBARAM WEST,SIRUCHERY I.T.PARK,SIRUCHERY I.T.PARK,13:35,2026-01-13T22:25:01.315296
105,105,TAMBARAM WEST,TAMBARAM WEST,SIRUCHERY I.T.PARK,SIRUCHERY I.T.PARK,14:50,2026-01-13T22:25:01.315296
105,105,TAMBARAM WEST,TAMBARAM WEST,SIRUCHERY I.T.PARK,SIRUCHERY I.T.PARK,15:15,2026-01-13T22:25:01.315296
105,105,TAMBARAM WEST,TAMBARAM WEST,SIRUCHERY I.T.PARK,SIRUCHERY I.T.PARK,15:55,2026-01-13T22:25:01.315296
105,105,TAMBARAM WEST,TAMBARAM WEST,SIRUCHERY I.T.PARK,SIRUCHERY I.T.PARK,16:30,2026-01-13T22:25:01.315296
105,105,TAMBARAM WEST,TAMBARAM WEST,SIRUCHERY I.T.PARK,SIRUCHERY I.T.PARK,17:35,2026-01-13T22:25:01.315296
105,105,TAMBARAM WEST,TAMBARAM WEST,SIRUCHERY I.T.PARK,SIRUCHERY I.T.PARK,18:00,2026-01-13T22:25:01.315296
105,105,TAMBARAM WEST,TAMBARAM WEST,SIRUCHERY I.T.PARK,SIRUCHERY I.T.PARK,18:40,2026-01-13T22:25:01.315296
105,105,TAMBARAM WEST,TAMBARAM WEST,SIRUCHERY I.T.PARK,SIRUCHERY I.T.PARK,20:20,2026-01-13T22:25:01.315296
105,105,TAMBARAM WEST,TAMBARAM WEST,SIRUCHERY I.T.PARK,SIRUCHERY I.T.PARK,20:45,2026-01-13T22:25:01.315296
105A,105A,KARANAI,KARANAI,TAMBARAM WEST,TAMBARAM WEST,05:55,2026-01-13T22:25:26.978798
105A,105A,KARANAI,KARANAI,TAMBARAM WEST,TAMBARAM WEST,06:55,2026-01-13T22:25:26.978798
105A,105A,KARANAI,KARANAI,TAMBARAM WEST,TAMBARAM WEST,20:05,2026-01-13T22:25:26.978798
105A,105A,KARANAI,KARANAI,TAMBARAM WEST,TAMBARAM WEST,21:05,2026-01-13T22:25:26.978798
105A,105A,SIRUCHERY I.T.PARK,SIRUCHERY I.T.PARK,TAMBARAM WEST,TAMBARAM WEST,08:35,2026-01-13T22:25:46.197906
105A,105A,SIRUCHERY I.T.PARK,SIRUCHERY I.T.PARK,TAMBARAM WEST,TAMBARAM WEST,09:35,2026-01-13T22:25:46.197906
105A,105A,SIRUCHERY I.T.PARK,SIRUCHERY I.T.PARK,TAMBARAM WEST,TAMBARAM WEST,11:25,2026-01-13T22:25:46.197906
105A,105A,SIRUCHERY I.T.PARK,SIRUCHERY I.T.PARK,TAMBARAM WEST,TAMBARAM WEST,12:25,2026-01-13T22:25:46.197906
105A,105A,SIRUCHERY I.T.PARK,SIRUCHERY I.T.PARK,TAMBARAM WEST,TAMBARAM WEST,14:35,2026-01-13T22:25:46.197906
105A,105A,SIRUCHERY I.T.PARK,SIRUCHERY I.T.PARK,TAMBARAM WEST,TAMBARAM WEST,15:35,2026-01-13T22:25:46.197906
105A,105A,SIRUCHERY I.T.PARK,SIRUCHERY I.T.PARK,TAMBARAM WEST,TAMBARAM WEST,17:30,2026-01-13T22:25:46.197906
105A,105A,SIRUCHERY I.T.PARK,SIRUCHERY I.T.PARK,TAMBARAM WEST,TAMBARAM WEST,18:30,2026-01-13T22:25:46.197906
105A,105A,TAMBARAM WEST,TAMBARAM WEST,KARANAI,KARANAI,05:50,2026-01-13T22:26:05.450279
105A,105A,TAMBARAM WEST,TAMBARAM WEST,KARANAI,KARANAI,19:00,2026-01-13T22:26:05.450279
105A,105A,TAMBARAM WEST,TAMBARAM WEST,KARANAI,KARANAI,20:00,2026-01-13T22:26:05.450279
105A,105A,TAMBARAM WEST,TAMBARAM WEST,SIRUCHERY I.T.PARK,SIRUCHERY I.T.PARK,04:50,2026-01-13T22:26:20.571928
105A,105A,TAMBARAM WEST,TAMBARAM WEST,SIRUCHERY I.T.PARK,SIRUCHERY I.T.PARK,07:00,2026-01-13T22:26:20.571928
105A,105A,TAMBARAM WEST,TAMBARAM WEST,SIRUCHERY I.T.PARK,SIRUCHERY I.T.PARK,08:10,2026-01-13T22:26:20.571928
105A,105A,TAMBARAM WEST,TAMBARAM WEST,SIRUCHERY I.T.PARK,SIRUCHERY I.T.PARK,10:00,2026-01-13T22:26:20.571928
105A,105A,TAMBARAM WEST,TAMBARAM WEST,SIRUCHERY I.T.PARK,SIRUCHERY I.T.PARK,11:00,2026-01-13T22:26:20.571928
105A,105A,TAMBARAM WEST,TAMBARAM WEST,SIRUCHERY I.T.PARK,SIRUCHERY I.T.PARK,13:10,2026-01-13T22:26:20.571928
105A,105A,TAMBARAM WEST,TAMBARAM WEST,SIRUCHERY I.T.PARK,SIRUCHERY I.T.PARK,14:10,2026-01-13T22:26:20.571928
105A,105A,TAMBARAM WEST,TAMBARAM WEST,SIRUCHERY I.T.PARK,SIRUCHERY I.T.PARK,16:00,2026-01-13T22:26:20.571928
105A,105A,TAMBARAM WEST,TAMBARAM WEST,SIRUCHERY I.T.PARK,SIRUCHERY I.T.PARK,17:00,2026-01-13T22:26:20.571928
109,109,BESANT NAGAR,BESANT NAGAR,KOVALAM,KOVALAM,16:40,2026-01-13T22:26:45.710822
109,109,BROADWAY,BROADWAY,KOVALAM,KOVALAM,06:30,2026-01-13T22:27:04.941686
109,109,BROADWAY,BROADWAY,KOVALAM,KOVALAM,06:40,2026-01-13T22:27:04.941686
109,109,BROADWAY,BROADWAY,KOVALAM,KOVALAM,07:15,2026-01-13T22:27:04.941686
109,109,BROADWAY,BROADWAY,KOVALAM,KOVALAM,07:40,2026-01-13T22:27:04.941686
109,109,BROADWAY,BROADWAY,KOVALAM,KOVALAM,08:00,2026-01-13T22:27:04.941686
109,109,BROADWAY,BROADWAY,KOVALAM,KOVALAM,08:10,2026-01-13T22:27:04.941686
109,109,BROADWAY,BROADWAY,KOVALAM,KOVALAM,08:20,2026-01-13T22:27:04.941686
109,109,BROADWAY,BROADWAY,KOVALAM,KOVALAM,08:30,2026-01-13T22:27:04.941686
109,109,BROADWAY,BROADWAY,KOVALAM,KOVALAM,08:50,2026-01-13T22:27:04.941686
109,109,BROADWAY,BROADWAY,KOVALAM,KOVALAM,09:00,2026-01-13T22:27:04.941686
109,109,BROADWAY,BROADWAY,KOVALAM,KOVALAM,09:10,2026-01-13T22:27:04.941686
109,109,BROADWAY,BROADWAY,KOVALAM,KOVALAM,09:20,2026-01-13T22:27:04.941686
109,109,BROADWAY,BROADWAY,KOVALAM,KOVALAM,10:00,2026-01-13T22:27:04.941686
109,109,BROADWAY,BROADWAY,KOVALAM,KOVALAM,10:10,2026-01-13T22:27:04.941686
109,109,BROADWAY,BROADWAY,KOVALAM,KOVALAM,10:20,2026-01-13T22:27:04.941686
109,109,BROADWAY,BROADWAY,KOVALAM,KOVALAM,10:45,2026-01-13T22:27:04.941686
109,109,BROADWAY,BROADWAY,KOVALAM,KOVALAM,11:00,2026-01-13T22:27:04.941686
109,109,BROADWAY,BROADWAY,KOVALAM,KOVALAM,11:15,2026-01-13T22:27:04.941686
109,109,BROADWAY,BROADWAY,KOVALAM,KOVALAM,11:30,2026-01-13T22:27:04.941686
109,109,BROADWAY,BROADWAY,KOVALAM,KOVALAM,11:45,2026-01-13T22:27:04.941686
109,109,BROADWAY,BROADWAY,KOVALAM,KOVALAM,12:00,2026-01-13T22:27:04.941686
109,109,BROADWAY,BROADWAY,KOVALAM,KOVALAM,12:05,2026-01-13T22:27:04.941686
109,109,BROADWAY,BROADWAY,KOVALAM,KOVALAM,12:15,2026-01-13T22:27:04.941686
109,109,BROADWAY,BROADWAY,KOVALAM,KOVALAM,12:25,2026-01-13T22:27:04.941686
109,109,BROADWAY,BROADWAY,KOVALAM,KOVALAM,12:30,2026-01-13T22:27:04.941686
109,109,BROADWAY,BROADWAY,KOVALAM,KOVALAM,12:35,2026-01-13T22:27:04.941686
109,109,BROADWAY,BROADWAY,KOVALAM,KOVALAM,12:45,2026-01-13T22:27:04.941686
109,109,BROADWAY,BROADWAY,KOVALAM,KOVALAM,12:55,2026-01-13T22:27:04.941686
109,109,BROADWAY,BROADWAY,KOVALAM,KOVALAM,13:05,2026-01-13T22:27:04.941686
109,109,BROADWAY,BROADWAY,KOVALAM,KOVALAM,13:15,2026-01-13T22:27:04.941686
109,109,BROADWAY,BROADWAY,KOVALAM,KOVALAM,13:25,2026-01-13T22:27:04.941686
109,109,BROADWAY,BROADWAY,KOVALAM,KOVALAM,13:35,2026-01-13T22:27:04.941686
109,109,BROADWAY,BROADWAY,KOVALAM,KOVALAM,13:50,2026-01-13T22:27:04.941686
109,109,BROADWAY,BROADWAY,KOVALAM,KOVALAM,14:10,2026-01-13T22:27:04.941686
109,109,BROADWAY,BROADWAY,KOVALAM,KOVALAM,14:20,2026-01-13T22:27:04.941686
109,109,BROADWAY,BROADWAY,KOVALAM,KOVALAM,14:40,2026-01-13T22:27:04.941686
109,109,BROADWAY,BROADWAY,KOVALAM,KOVALAM,14:55,2026-01-13T22:27:04.941686
109,109,BROADWAY,BROADWAY,KOVALAM,KOVALAM,15:10,2026-01-13T22:27:04.941686
109,109,BROADWAY,BROADWAY,KOVALAM,KOVALAM,15:25,2026-01-13T22:27:04.941686
109,109,BROADWAY,BROADWAY,KOVALAM,KOVALAM,15:40,2026-01-13T22:27:04.941686
109,109,BROADWAY,BROADWAY,KOVALAM,KOVALAM,15:42,2026-01-13T22:27:04.941686
109,109,BROADWAY,BROADWAY,KOVALAM,KOVALAM,15:50,2026-01-13T22:27:04.941686
109,109,BROADWAY,BROADWAY,KOVALAM,KOVALAM,16:00,2026-01-13T22:27:04.941686
109,109,BROADWAY,BROADWAY,KOVALAM,KOVALAM,16:10,2026-01-13T22:27:04.941686
109,109,BROADWAY,BROADWAY,KOVALAM,KOVALAM,16:20,2026-01-13T22:27:04.941686
109,109,BROADWAY,BROADWAY,KOVALAM,KOVALAM,16:30,2026-01-13T22:27:04.941686
109,109,BROADWAY,BROADWAY,KOVALAM,KOVALAM,16:40,2026-01-13T22:27:04.941686
109,109,BROADWAY,BROADWAY,KOVALAM,KOVALAM,16:50,2026-01-13T22:27:04.941686
109,109,BROADWAY,BROADWAY,KOVALAM,KOVALAM,17:00,2026-01-13T22:27:04.941686
109,109,BROADWAY,BROADWAY,KOVALAM,KOVALAM,17:10,2026-01-13T22:27:04.941686
109,109,BROADWAY,BROADWAY,KOVALAM,KOVALAM,17:20,2026-01-13T22:27:04.941686
109,109,BROADWAY,BROADWAY,KOVALAM,KOVALAM,17:30,2026-01-13T22:27:04.941686
109,109,BROADWAY,BROADWAY,KOVALAM,KOVALAM,17:45,2026-01-13T22:27:04.941686
109,109,BROADWAY,BROADWAY,KOVALAM,KOVALAM,18:00,2026-01-13T22:27:04.941686
109,109,BROADWAY,BROADWAY,KOVALAM,KOVALAM,18:10,2026-01-13T22:27:04.941686
109,109,BROADWAY,BROADWAY,KOVALAM,KOVALAM,18:30,2026-01-13T22:27:04.941686
109,109,BROADWAY,BROADWAY,KOVALAM,KOVALAM,18:50,2026-01-13T22:27:04.941686
109,109,BROADWAY,BROADWAY,KOVALAM,KOVALAM,19:05,2026-01-13T22:27:04.941686
109,109,BROADWAY,BROADWAY,KOVALAM,KOVALAM,19:20,2026-01-13T22:27:04.941686
109,109,BROADWAY,BROADWAY,KOVALAM,KOVALAM,19:45,2026-01-13T22:27:04.941686
109,109,BROADWAY,BROADWAY,KOVALAM,KOVALAM,20:05,2026-01-13T22:27:04.941686
109,109,BROADWAY,BROADWAY,KOVALAM,KOVALAM,20:35,2026-01-13T22:27:04.941686
109,109,BROADWAY,BROADWAY,KOVALAM,KOVALAM,21:05,2026-01-13T22:27:04.941686
109,109,BROADWAY,BROADWAY,KOVALAM,KOVALAM,21:40,2026-01-13T22:27:04.941686
109,109,BROADWAY,BROADWAY,THIRUVANMIYUR,THIRUVANMIYUR,19:50,2026-01-13T22:27:20.062299
109,109,BROADWAY,BROADWAY,THIRUVANMIYUR,THIRUVANMIYUR,20:15,2026-01-13T22:27:20.062299
109,109,BROADWAY,BROADWAY,THIRUVANMIYUR,THIRUVANMIYUR,20:30,2026-01-13T22:27:20.062299
109,109,BROADWAY,BROADWAY,THIRUVANMIYUR,THIRUVANMIYUR,20:55,2026-01-13T22:27:20.062299
109,109,BROADWAY,BROADWAY,THIRUVANMIYUR,THIRUVANMIYUR,21:10,2026-01-13T22:27:20.062299
109,109,BROADWAY,BROADWAY,THIRUVANMIYUR,THIRUVANMIYUR,21:55,2026-01-13T22:27:20.062299
109,109,KOVALAM,KOVALAM,BROADWAY,BROADWAY,04:45,2026-01-13T22:27:39.346814
109,109,KOVALAM,KOVALAM,BROADWAY,BROADWAY,05:10,2026-01-13T22:27:39.346814
109,109,KOVALAM,KOVALAM,BROADWAY,BROADWAY,05:40,2026-01-13T22:27:39.346814
109,109,KOVALAM,KOVALAM,BROADWAY,BROADWAY,06:10,2026-01-13T22:27:39.346814
109,109,KOVALAM,KOVALAM,BROADWAY,BROADWAY,06:30,2026-01-13T22:27:39.346814
109,109,KOVALAM,KOVALAM,BROADWAY,BROADWAY,06:45,2026-01-13T22:27:39.346814
109,109,KOVALAM,KOVALAM,BROADWAY,BROADWAY,07:00,2026-01-13T22:27:39.346814
109,109,KOVALAM,KOVALAM,BROADWAY,BROADWAY,07:15,2026-01-13T22:27:39.346814
109,109,KOVALAM,KOVALAM,BROADWAY,BROADWAY,07:50,2026-01-13T22:27:39.346814
109,109,KOVALAM,KOVALAM,BROADWAY,BROADWAY,08:10,2026-01-13T22:27:39.346814
109,109,KOVALAM,KOVALAM,BROADWAY,BROADWAY,08:30,2026-01-13T22:27:39.346814
109,109,KOVALAM,KOVALAM,BROADWAY,BROADWAY,08:40,2026-01-13T22:27:39.346814
109,109,KOVALAM,KOVALAM,BROADWAY,BROADWAY,08:50,2026-01-13T22:27:39.346814
109,109,KOVALAM,KOVALAM,BROADWAY,BROADWAY,09:05,2026-01-13T22:27:39.346814
109,109,KOVALAM,KOVALAM,BROADWAY,BROADWAY,09:40,2026-01-13T22:27:39.346814
109,109,KOVALAM,KOVALAM,BROADWAY,BROADWAY,09:50,2026-01-13T22:27:39.346814
109,109,KOVALAM,KOVALAM,BROADWAY,BROADWAY,10:05,2026-01-13T22:27:39.346814
109,109,KOVALAM,KOVALAM,BROADWAY,BROADWAY,10:10,2026-01-13T22:27:39.346814
109,109,KOVALAM,KOVALAM,BROADWAY,BROADWAY,10:15,2026-01-13T22:27:39.346814
109,109,KOVALAM,KOVALAM,BROADWAY,BROADWAY,10:25,2026-01-13T22:27:39.346814
109,109,KOVALAM,KOVALAM,BROADWAY,BROADWAY,10:35,2026-01-13T22:27:39.346814
109,109,KOVALAM,KOVALAM,BROADWAY,BROADWAY,10:55,2026-01-13T22:27:39.346814
109,109,KOVALAM,KOVALAM,BROADWAY,BROADWAY,11:05,2026-01-13T22:27:39.346814
109,109,KOVALAM,KOVALAM,BROADWAY,BROADWAY,11:15,2026-01-13T22:27:39.346814
109,109,KOVALAM,KOVALAM,BROADWAY,BROADWAY,11:25,2026-01-13T22:27:39.346814
109,109,KOVALAM,KOVALAM,BROADWAY,BROADWAY,11:55,2026-01-13T22:27:39.346814
109,109,KOVALAM,KOVALAM,BROADWAY,BROADWAY,12:10,2026-01-13T22:27:39.346814
109,109,KOVALAM,KOVALAM,BROADWAY,BROADWAY,12:20,2026-01-13T22:27:39.346814
109,109,KOVALAM,KOVALAM,BROADWAY,BROADWAY,12:45,2026-01-13T22:27:39.346814
109,109,KOVALAM,KOVALAM,BROADWAY,BROADWAY,13:00,2026-01-13T22:27:39.346814
109,109,KOVALAM,KOVALAM,BROADWAY,BROADWAY,13:15,2026-01-13T22:27:39.346814
109,109,KOVALAM,KOVALAM,BROADWAY,BROADWAY,13:30,2026-01-13T22:27:39.346814
109,109,KOVALAM,KOVALAM,BROADWAY,BROADWAY,13:40,2026-01-13T22:27:39.346814
109,109,KOVALAM,KOVALAM,BROADWAY,BROADWAY,13:45,2026-01-13T22:27:39.346814
109,109,KOVALAM,KOVALAM,BROADWAY,BROADWAY,13:50,2026-01-13T22:27:39.346814
109,109,KOVALAM,KOVALAM,BROADWAY,BROADWAY,14:00,2026-01-13T22:27:39.346814
109,109,KOVALAM,KOVALAM,BROADWAY,BROADWAY,14:10,2026-01-13T22:27:39.346814
109,109,KOVALAM,KOVALAM,BROADWAY,BROADWAY,14:20,2026-01-13T22:27:39.346814
109,109,KOVALAM,KOVALAM,BROADWAY,BROADWAY,14:30,2026-01-13T22:27:39.346814
109,109,KOVALAM,KOVALAM,BROADWAY,BROADWAY,14:40,2026-01-13T22:27:39.346814
109,109,KOVALAM,KOVALAM,BROADWAY,BROADWAY,14:50,2026-01-13T22:27:39.346814
109,109,KOVALAM,KOVALAM,BROADWAY,BROADWAY,15:00,2026-01-13T22:27:39.346814
109,109,KOVALAM,KOVALAM,BROADWAY,BROADWAY,15:10,2026-01-13T22:27:39.346814
109,109,KOVALAM,KOVALAM,BROADWAY,BROADWAY,15:20,2026-01-13T22:27:39.346814
109,109,KOVALAM,KOVALAM,BROADWAY,BROADWAY,15:30,2026-01-13T22:27:39.346814
109,109,KOVALAM,KOVALAM,BROADWAY,BROADWAY,15:45,2026-01-13T22:27:39.346814
109,109,KOVALAM,KOVALAM,BROADWAY,BROADWAY,16:00,2026-01-13T22:27:39.346814
109,109,KOVALAM,KOVALAM,BROADWAY,BROADWAY,16:10,2026-01-13T22:27:39.346814
109,109,KOVALAM,KOVALAM,BROADWAY,BROADWAY,16:35,2026-01-13T22:27:39.346814
109,109,KOVALAM,KOVALAM,BROADWAY,BROADWAY,16:55,2026-01-13T22:27:39.346814
109,109,KOVALAM,KOVALAM,BROADWAY,BROADWAY,17:00,2026-01-13T22:27:39.346814
109,109,KOVALAM,KOVALAM,BROADWAY,BROADWAY,17:10,2026-01-13T22:27:39.346814
109,109,KOVALAM,KOVALAM,BROADWAY,BROADWAY,17:15,2026-01-13T22:27:39.346814
109,109,KOVALAM,KOVALAM,BROADWAY,BROADWAY,17:40,2026-01-13T22:27:39.346814
109,109,KOVALAM,KOVALAM,BROADWAY,BROADWAY,17:45,2026-01-13T22:27:39.346814
109,109,KOVALAM,KOVALAM,BROADWAY,BROADWAY,17:55,2026-01-13T22:27:39.346814
109,109,KOVALAM,KOVALAM,BROADWAY,BROADWAY,18:10,2026-01-13T22:27:39.346814
109,109,KOVALAM,KOVALAM,BROADWAY,BROADWAY,18:20,2026-01-13T22:27:39.346814
109,109,KOVALAM,KOVALAM,BROADWAY,BROADWAY,18:30,2026-01-13T22:27:39.346814
109,109,KOVALAM,KOVALAM,BROADWAY,BROADWAY,18:40,2026-01-13T22:27:39.346814
109,109,KOVALAM,KOVALAM,BROADWAY,BROADWAY,19:05,2026-01-13T22:27:39.346814
109,109,KOVALAM,KOVALAM,BROADWAY,BROADWAY,19:10,2026-01-13T22:27:39.346814
109,109,KOVALAM,KOVALAM,BROADWAY,BROADWAY,19:40,2026-01-13T22:27:39.346814
109,109,KOVALAM,KOVALAM,BROADWAY,BROADWAY,20:00,2026-01-13T22:27:39.346814
109,109,KOVALAM,KOVALAM,M.G.R.CENTRAL,M.G.R.CENTRAL,19:00,2026-01-13T22:27:54.483055
109,109,KOVALAM,KOVALAM,M.G.R.CENTRAL,M.G.R.CENTRAL,19:25,2026-01-13T22:27:54.483055
109,109,KOVALAM,KOVALAM,M.G.R.CENTRAL,M.G.R.CENTRAL,20:15,2026-01-13T22:27:54.483055
109,109,KOVALAM,KOVALAM,M.G.R.CENTRAL,M.G.R.CENTRAL,20:25,2026-01-13T22:27:54.483055
109,109,KOVALAM,KOVALAM,M.G.R.CENTRAL,M.G.R.CENTRAL,21:05,2026-01-13T22:27:54.483055
109,109,KOVALAM,KOVALAM,M.G.R.CENTRAL,M.G.R.CENTRAL,21:15,2026-01-13T22:27:54.483055
109,109,KOVALAM,KOVALAM,M.G.R.CENTRAL,M.G.R.CENTRAL,21:30,2026-01-13T22:27:54.483055
109,109,KOVALAM,KOVALAM,M.G.R.CENTRAL,M.G.R.CENTRAL,21:55,2026-01-13T22:27:54.483055
109,109,KOVALAM,KOVALAM,THIRUVANMIYUR,THIRUVANMIYUR,09:25,2026-01-13T22:28:09.613568
109,109,KOVALAM,KOVALAM,THIRUVANMIYUR,THIRUVANMIYUR,20:45,2026-01-13T22:28:09.613568
109,109,KOVALAM,KOVALAM,THIRUVANMIYUR,THIRUVANMIYUR,22:00,2026-01-13T22:28:09.613568
109,109,KOVALAM,KOVALAM,THIRUVANMIYUR,THIRUVANMIYUR,22:20,2026-01-13T22:28:09.613568
109,109,KOVALAM,KOVALAM,THIRUVANMIYUR R.S,THIRUVANMIYUR R.S,10:37,2026-01-13T22:28:24.775371
109,109,KOVALAM,KOVALAM,THRUVANMIYUR,THRUVANMIYUR,14:35,2026-01-13T22:28:39.895340
109,109,THIRUPORUR,THIRUPORUR,BROADWAY,BROADWAY,07:25,2026-01-13T22:29:03.253225
109,109,THIRUPORUR,THIRUPORUR,BROADWAY,BROADWAY,08:05,2026-01-13T22:29:03.253225
109,109,THIRUPORUR,THIRUPORUR,BROADWAY,BROADWAY,09:20,2026-01-13T22:29:03.253225
109,109,THIRUVANMIYUR,THIRUVANMIYUR,BROADWAY,BROADWAY,05:45,2026-01-13T22:29:22.505049
109,109,THIRUVANMIYUR,THIRUVANMIYUR,BROADWAY,BROADWAY,07:00,2026-01-13T22:29:22.505049
109,109,THIRUVANMIYUR,THIRUVANMIYUR,BROADWAY,BROADWAY,07:20,2026-01-13T22:29:22.505049
109,109,THIRUVANMIYUR,THIRUVANMIYUR,BROADWAY,BROADWAY,12:45,2026-01-13T22:29:22.505049
109,109,THIRUVANMIYUR,THIRUVANMIYUR,KOVALAM,KOVALAM,04:30,2026-01-13T22:29:37.633738
109,109,THIRUVANMIYUR,THIRUVANMIYUR,KOVALAM,KOVALAM,05:00,2026-01-13T22:29:37.633738
109,109,THIRUVANMIYUR,THIRUVANMIYUR,KOVALAM,KOVALAM,05:20,2026-01-13T22:29:37.633738
109,109,THIRUVANMIYUR,THIRUVANMIYUR,KOVALAM,KOVALAM,05:40,2026-01-13T22:29:37.633738
109,109,THIRUVANMIYUR,THIRUVANMIYUR,KOVALAM,KOVALAM,06:00,2026-01-13T22:29:37.633738
109,109,THIRUVANMIYUR,THIRUVANMIYUR,KOVALAM,KOVALAM,06:40,2026-01-13T22:29:37.633738
109,109,THIRUVANMIYUR R.S,THIRUVANMIYUR R.S,KOVALAM,KOVALAM,12:10,2026-01-13T22:29:56.921597
109,109,THRUVANMIYUR,THRUVANMIYUR,KOVALAM,KOVALAM,15:40,2026-01-13T22:30:16.206058
109A,109A,BROADWAY,BROADWAY,THIRUVEDANTHAI,THIRUVEDANTHAI,08:05,2026-01-13T22:30:41.450082
109A,109A,BROADWAY,BROADWAY,THIRUVEDANTHAI,THIRUVEDANTHAI,08:45,2026-01-13T22:30:41.450082
109A,109A,BROADWAY,BROADWAY,THIRUVEDANTHAI,THIRUVEDANTHAI,09:35,2026-01-13T22:30:41.450082
109A,109A,BROADWAY,BROADWAY,THIRUVEDANTHAI,THIRUVEDANTHAI,10:15,2026-01-13T22:30:41.450082
109A,109A,BROADWAY,BROADWAY,THIRUVEDANTHAI,THIRUVEDANTHAI,10:50,2026-01-13T22:30:41.450082
109A,109A,BROADWAY,BROADWAY,THIRUVEDANTHAI,THIRUVEDANTHAI,12:50,2026-01-13T22:30:41.450082
109A,109A,BROADWAY,BROADWAY,THIRUVEDANTHAI,THIRUVEDANTHAI,13:30,2026-01-13T22:30:41.450082
109A,109A,BROADWAY,BROADWAY,THIRUVEDANTHAI,THIRUVEDANTHAI,14:00,2026-01-13T22:30:41.450082
109A,109A,BROADWAY,BROADWAY,THIRUVEDANTHAI,THIRUVEDANTHAI,14:50,2026-01-13T22:30:41.450082
109A,109A,BROADWAY,BROADWAY,THIRUVEDANTHAI,THIRUVEDANTHAI,15:20,2026-01-13T22:30:41.450082
109A,109A,BROADWAY,BROADWAY,THIRUVEDANTHAI,THIRUVEDANTHAI,17:15,2026-01-13T22:30:41.450082
109A,109A,BROADWAY,BROADWAY,THIRUVEDANTHAI,THIRUVEDANTHAI,17:55,2026-01-13T22:30:41.450082
109A,109A,BROADWAY,BROADWAY,THIRUVEDANTHAI,THIRUVEDANTHAI,18:45,2026-01-13T22:30:41.450082
109A,109A,BROADWAY,BROADWAY,THIRUVEDANTHAI,THIRUVEDANTHAI,19:15,2026-01-13T22:30:41.450082
109A,109A,BROADWAY,BROADWAY,THIRUVEDANTHAI,THIRUVEDANTHAI,19:45,2026-01-13T22:30:41.450082
109A,109A,THIRUVEDANTHAI,THIRUVEDANTHAI,BROADWAY,BROADWAY,05:45,2026-01-13T22:31:00.685668
109A,109A,THIRUVEDANTHAI,THIRUVEDANTHAI,BROADWAY,BROADWAY,06:30,2026-01-13T22:31:00.685668
109A,109A,THIRUVEDANTHAI,THIRUVEDANTHAI,BROADWAY,BROADWAY,07:15,2026-01-13T22:31:00.685668
109A,109A,THIRUVEDANTHAI,THIRUVEDANTHAI,BROADWAY,BROADWAY,07:55,2026-01-13T22:31:00.685668
109A,109A,THIRUVEDANTHAI,THIRUVEDANTHAI,BROADWAY,BROADWAY,08:35,2026-01-13T22:31:00.685668
109A,109A,THIRUVEDANTHAI,THIRUVEDANTHAI,BROADWAY,BROADWAY,10:30,2026-01-13T22:31:00.685668
109A,109A,THIRUVEDANTHAI,THIRUVEDANTHAI,BROADWAY,BROADWAY,11:10,2026-01-13T22:31:00.685668
109A,109A,THIRUVEDANTHAI,THIRUVEDANTHAI,BROADWAY,BROADWAY,11:50,2026-01-13T22:31:00.685668
109A,109A,THIRUVEDANTHAI,THIRUVEDANTHAI,BROADWAY,BROADWAY,12:30,2026-01-13T22:31:00.685668
109A,109A,THIRUVEDANTHAI,THIRUVEDANTHAI,BROADWAY,BROADWAY,13:10,2026-01-13T22:31:00.685668
109A,109A,THIRUVEDANTHAI,THIRUVEDANTHAI,BROADWAY,BROADWAY,15:05,2026-01-13T22:31:00.685668
109A,109A,THIRUVEDANTHAI,THIRUVEDANTHAI,BROADWAY,BROADWAY,15:45,2026-01-13T22:31:00.685668
109A,109A,THIRUVEDANTHAI,THIRUVEDANTHAI,BROADWAY,BROADWAY,16:10,2026-01-13T22:31:00.685668
109A,109A,THIRUVEDANTHAI,THIRUVEDANTHAI,BROADWAY,BROADWAY,17:00,2026-01-13T22:31:00.685668
109A,109A,THIRUVEDANTHAI,THIRUVEDANTHAI,BROADWAY,BROADWAY,17:30,2026-01-13T22:31:00.685668
109C,109C,KOVALAM,KOVALAM,THIRUVANMIYUR,THIRUVANMIYUR,06:45,2026-01-13T22:31:26.889430
109C,109C,KOVALAM,KOVALAM,THIRUVANMIYUR,THIRUVANMIYUR,08:55,2026-01-13T22:31:26.889430
109C,109C,KOVALAM,KOVALAM,THIRUVANMIYUR,THIRUVANMIYUR,11:00,2026-01-13T22:31:26.889430
109C,109C,KOVALAM,KOVALAM,THIRUVANMIYUR,THIRUVANMIYUR,12:55,2026-01-13T22:31:26.889430
109C,109C,KOVALAM,KOVALAM,THIRUVANMIYUR,THIRUVANMIYUR,14:55,2026-01-13T22:31:26.889430
109C,109C,KOVALAM,KOVALAM,THIRUVANMIYUR,THIRUVANMIYUR,16:45,2026-01-13T22:31:26.889430
109C,109C,KOVALAM,KOVALAM,THIRUVANMIYUR,THIRUVANMIYUR,18:55,2026-01-13T22:31:26.889430
109C,109C,THIRUVANMIYUR,THIRUVANMIYUR,KOVALAM,KOVALAM,07:45,2026-01-13T22:31:46.103262
109C,109C,THIRUVANMIYUR,THIRUVANMIYUR,KOVALAM,KOVALAM,10:05,2026-01-13T22:31:46.103262
109C,109C,THIRUVANMIYUR,THIRUVANMIYUR,KOVALAM,KOVALAM,12:00,2026-01-13T22:31:46.103262
109C,109C,THIRUVANMIYUR,THIRUVANMIYUR,KOVALAM,KOVALAM,14:00,2026-01-13T22:31:46.103262
109C,109C,THIRUVANMIYUR,THIRUVANMIYUR,KOVALAM,KOVALAM,15:45,2026-01-13T22:31:46.103262
109C,109C,THIRUVANMIYUR,THIRUVANMIYUR,KOVALAM,KOVALAM,17:40,2026-01-13T22:31:46.103262
109C,109C,THIRUVANMIYUR,THIRUVANMIYUR,KOVALAM,KOVALAM,20:05,2026-01-13T22:31:46.103262
109CT,109CT,ADYAR B.S,ADYAR B.S,KOVALAM,KOVALAM,06:27,2026-01-13T22:32:11.250917
109CT,109CT,ADYAR B.S,ADYAR B.S,KOVALAM,KOVALAM,09:05,2026-01-13T22:32:11.250917
109CT,109CT,ADYAR B.S,ADYAR B.S,KOVALAM,KOVALAM,11:40,2026-01-13T22:32:11.250917
109CT,109CT,ADYAR B.S,ADYAR B.S,KOVALAM,KOVALAM,14:20,2026-01-13T22:32:11.250917
109CT,109CT,ADYAR B.S,ADYAR B.S,KOVALAM,KOVALAM,16:45,2026-01-13T22:32:11.250917
109CT,109CT,ADYAR B.S,ADYAR B.S,KOVALAM,KOVALAM,19:30,2026-01-13T22:32:11.250917
109CT,109CT,KOVALAM,KOVALAM,ADYAR B.S,ADYAR B.S,07:42,2026-01-13T22:32:30.476576
109CT,109CT,KOVALAM,KOVALAM,ADYAR B.S,ADYAR B.S,10:27,2026-01-13T22:32:30.476576
109CT,109CT,KOVALAM,KOVALAM,ADYAR B.S,ADYAR B.S,13:02,2026-01-13T22:32:30.476576
109CT,109CT,KOVALAM,KOVALAM,ADYAR B.S,ADYAR B.S,15:35,2026-01-13T22:32:30.476576
109CT,109CT,KOVALAM,KOVALAM,ADYAR B.S,ADYAR B.S,18:10,2026-01-13T22:32:30.476576
109CT,109CT,KOVALAM,KOVALAM,ADYAR B.S,ADYAR B.S,20:57,2026-01-13T22:32:30.476576
109T,109T,BROADWAY,BROADWAY,THIRUVOTRIYUR,THIRUVOTRIYUR,07:50,2026-01-13T22:32:55.813958
109T,109T,KOVALAM,KOVALAM,BROADWAY,BROADWAY,17:05,2026-01-13T22:33:15.060639
109T,109T,KOVALAM,KOVALAM,THIRUVOTRIYUR,THIRUVOTRIYUR,08:00,2026-01-13T22:33:30.198759
109T,109T,KOVALAM,KOVALAM,THIRUVOTRIYUR,THIRUVOTRIYUR,08:45,2026-01-13T22:33:30.198759
109T,109T,KOVALAM,KOVALAM,THIRUVOTRIYUR,THIRUVOTRIYUR,11:40,2026-01-13T22:33:30.198759
109T,109T,KOVALAM,KOVALAM,THIRUVOTRIYUR,THIRUVOTRIYUR,13:25,2026-01-13T22:33:30.198759
109T,109T,KOVALAM,KOVALAM,THIRUVOTRIYUR,THIRUVOTRIYUR,14:25,2026-01-13T22:33:30.198759
109T,109T,KOVALAM,KOVALAM,TOLLGATE,TOLLGATE,18:50,2026-01-13T22:33:45.318138
109T,109T,KOVALAM,KOVALAM,TOLLGATE,TOLLGATE,19:50,2026-01-13T22:33:45.318138
109T,109T,THIRUVOTRIYUR,THIRUVOTRIYUR,KOVALAM,KOVALAM,05:25,2026-01-13T22:34:04.553610
109T,109T,THIRUVOTRIYUR,THIRUVOTRIYUR,KOVALAM,KOVALAM,06:20,2026-01-13T22:34:04.553610
109T,109T,THIRUVOTRIYUR,THIRUVOTRIYUR,KOVALAM,KOVALAM,08:45,2026-01-13T22:34:04.553610
109T,109T,THIRUVOTRIYUR,THIRUVOTRIYUR,KOVALAM,KOVALAM,10:40,2026-01-13T22:34:04.553610
109T,109T,THIRUVOTRIYUR,THIRUVOTRIYUR,KOVALAM,KOVALAM,11:30,2026-01-13T22:34:04.553610
109T,109T,THIRUVOTRIYUR,THIRUVOTRIYUR,KOVALAM,KOVALAM,14:30,2026-01-13T22:34:04.553610
109T,109T,THIRUVOTRIYUR,THIRUVOTRIYUR,KOVALAM,KOVALAM,16:00,2026-01-13T22:34:04.553610
109T,109T,THIRUVOTRIYUR,THIRUVOTRIYUR,KOVALAM,KOVALAM,16:55,2026-01-13T22:34:04.553610
109T,109T,TOLLGATE,TOLLGATE,THIRUVOTRIYUR,THIRUVOTRIYUR,05:05,2026-01-13T22:34:23.791014
109T,109T,TOLLGATE,TOLLGATE,THIRUVOTRIYUR,THIRUVOTRIYUR,06:00,2026-01-13T22:34:23.791014
109X,109X,BROADWAY,BROADWAY,THIRUPORUR,THIRUPORUR,05:20,2026-01-13T22:34:48.914963
109X,109X,BROADWAY,BROADWAY,THIRUPORUR,THIRUPORUR,09:20,2026-01-13T22:34:48.914963
109X,109X,BROADWAY,BROADWAY,THIRUPORUR,THIRUPORUR,13:40,2026-01-13T22:34:48.914963
109X,109X,BROADWAY,BROADWAY,THIRUPORUR,THIRUPORUR,17:45,2026-01-13T22:34:48.914963
109X,109X,THIRUPORUR,THIRUPORUR,BROADWAY,BROADWAY,07:20,2026-01-13T22:35:08.151098
109X,109X,THIRUPORUR,THIRUPORUR,BROADWAY,BROADWAY,11:30,2026-01-13T22:35:08.151098
109X,109X,THIRUPORUR,THIRUPORUR,BROADWAY,BROADWAY,15:40,2026-01-13T22:35:08.151098
109X,109X,THIRUPORUR,THIRUPORUR,BROADWAY,BROADWAY,19:50,2026-01-13T22:35:08.151098
10A,10A,BROADWAY,BROADWAY,SAIDAPET WEST,SAIDAPET WEST,07:00,2026-01-13T22:35:33.810475
10A,10A,BROADWAY,BROADWAY,SAIDAPET WEST,SAIDAPET WEST,15:15,2026-01-13T22:35:33.810475
10A,10A,SAIDAPET WEST,SAIDAPET WEST,BROADWAY,BROADWAY,06:00,2026-01-13T22:35:53.099560
10A,10A,SAIDAPET WEST,SAIDAPET WEST,BROADWAY,BROADWAY,14:15,2026-01-13T22:35:53.099560
10A,10A,SAIDAPET WEST,SAIDAPET WEST,TOLLGATE,TOLLGATE,08:05,2026-01-13T22:36:08.249923
10A,10A,SAIDAPET WEST,SAIDAPET WEST,TOLLGATE,TOLLGATE,11:05,2026-01-13T22:36:08.249923
10A,10A,SAIDAPET WEST,SAIDAPET WEST,TOLLGATE,TOLLGATE,16:20,2026-01-13T22:36:08.249923
10A,10A,SAIDAPET WEST,SAIDAPET WEST,TOLLGATE,TOLLGATE,19:20,2026-01-13T22:36:08.249923
10A,10A,TOLLGATE,TOLLGATE,SAIDAPET WEST,SAIDAPET WEST,09:35,2026-01-13T22:36:27.533896
10A,10A,TOLLGATE,TOLLGATE,SAIDAPET WEST,SAIDAPET WEST,12:35,2026-01-13T22:36:27.533896
10A,10A,TOLLGATE,TOLLGATE,SAIDAPET WEST,SAIDAPET WEST,17:50,2026-01-13T22:36:27.533896
10A,10A,TOLLGATE,TOLLGATE,SAIDAPET WEST,SAIDAPET WEST,21:00,2026-01-13T22:36:27.533896
10E,10E,BROADWAY,BROADWAY,EKKATTUTHANGAL,EKKATTUTHANGAL,07:49,2026-01-13T22:36:52.668625
10E,10E,BROADWAY,BROADWAY,EKKATTUTHANGAL,EKKATTUTHANGAL,18:04,2026-01-13T22:36:52.668625
10E,10E,BROADWAY,BROADWAY,SAIDAPET WEST,SAIDAPET WEST,05:52,2026-01-13T22:37:07.820928
10E,10E,BROADWAY,BROADWAY,SAIDAPET WEST,SAIDAPET WEST,10:17,2026-01-13T22:37:07.820928
10E,10E,BROADWAY,BROADWAY,SAIDAPET WEST,SAIDAPET WEST,16:02,2026-01-13T22:37:07.820928
10E,10E,BROADWAY,BROADWAY,SAIDAPET WEST,SAIDAPET WEST,20:30,2026-01-13T22:37:07.820928
10E,10E,EKKATTUTHANGAL,EKKATTUTHANGAL,BROADWAY,BROADWAY,09:10,2026-01-13T22:37:27.069853
10E,10E,EKKATTUTHANGAL,EKKATTUTHANGAL,BROADWAY,BROADWAY,19:19,2026-01-13T22:37:27.069853
10E,10E,M.G.R.CENTRAL,M.G.R.CENTRAL,SAIDAPET WEST,SAIDAPET WEST,12:18,2026-01-13T22:37:46.349869
10E,10E,M.G.R.CENTRAL,M.G.R.CENTRAL,SAIDAPET WEST,SAIDAPET WEST,14:10,2026-01-13T22:37:46.349869
11,11,BROADWAY,BROADWAY,THYAGARAYA NAGAR,THYAGARAYA NAGAR,05:55,2026-01-13T22:38:40.544063
11,11,BROADWAY,BROADWAY,THYAGARAYA NAGAR,THYAGARAYA NAGAR,06:15,2026-01-13T22:38:40.544063
11,11,BROADWAY,BROADWAY,THYAGARAYA NAGAR,THYAGARAYA NAGAR,06:55,2026-01-13T22:38:40.544063
11,11,BROADWAY,BROADWAY,THYAGARAYA NAGAR,THYAGARAYA NAGAR,07:30,2026-01-13T22:38:40.544063
11,11,BROADWAY,BROADWAY,THYAGARAYA NAGAR,THYAGARAYA NAGAR,08:00,2026-01-13T22:38:40.544063
11,11,BROADWAY,BROADWAY,THYAGARAYA NAGAR,THYAGARAYA NAGAR,08:15,2026-01-13T22:38:40.544063
11,11,BROADWAY,BROADWAY,THYAGARAYA NAGAR,THYAGARAYA NAGAR,08:35,2026-01-13T22:38:40.544063
11,11,BROADWAY,BROADWAY,THYAGARAYA NAGAR,THYAGARAYA NAGAR,08:55,2026-01-13T22:38:40.544063
11,11,BROADWAY,BROADWAY,THYAGARAYA NAGAR,THYAGARAYA NAGAR,09:25,2026-01-13T22:38:40.544063
11,11,BROADWAY,BROADWAY,THYAGARAYA NAGAR,THYAGARAYA NAGAR,09:45,2026-01-13T22:38:40.544063
11,11,BROADWAY,BROADWAY,THYAGARAYA NAGAR,THYAGARAYA NAGAR,10:00,2026-01-13T22:38:40.544063
11,11,BROADWAY,BROADWAY,THYAGARAYA NAGAR,THYAGARAYA NAGAR,10:30,2026-01-13T22:38:40.544063
11,11,BROADWAY,BROADWAY,THYAGARAYA NAGAR,THYAGARAYA NAGAR,10:50,2026-01-13T22:38:40.544063
11,11,BROADWAY,BROADWAY,THYAGARAYA NAGAR,THYAGARAYA NAGAR,11:10,2026-01-13T22:38:40.544063
11,11,BROADWAY,BROADWAY,THYAGARAYA NAGAR,THYAGARAYA NAGAR,11:45,2026-01-13T22:38:40.544063
11,11,BROADWAY,BROADWAY,THYAGARAYA NAGAR,THYAGARAYA NAGAR,12:25,2026-01-13T22:38:40.544063
11,11,BROADWAY,BROADWAY,THYAGARAYA NAGAR,THYAGARAYA NAGAR,12:55,2026-01-13T22:38:40.544063
11,11,BROADWAY,BROADWAY,THYAGARAYA NAGAR,THYAGARAYA NAGAR,13:20,2026-01-13T22:38:40.544063
11,11,BROADWAY,BROADWAY,THYAGARAYA NAGAR,THYAGARAYA NAGAR,13:35,2026-01-13T22:38:40.544063
11,11,BROADWAY,BROADWAY,THYAGARAYA NAGAR,THYAGARAYA NAGAR,14:00,2026-01-13T22:38:40.544063
11,11,BROADWAY,BROADWAY,THYAGARAYA NAGAR,THYAGARAYA NAGAR,14:25,2026-01-13T22:38:40.544063
11,11,BROADWAY,BROADWAY,THYAGARAYA NAGAR,THYAGARAYA NAGAR,14:45,2026-01-13T22:38:40.544063
11,11,BROADWAY,BROADWAY,THYAGARAYA NAGAR,THYAGARAYA NAGAR,15:05,2026-01-13T22:38:40.544063
11,11,BROADWAY,BROADWAY,THYAGARAYA NAGAR,THYAGARAYA NAGAR,15:25,2026-01-13T22:38:40.544063
11,11,BROADWAY,BROADWAY,THYAGARAYA NAGAR,THYAGARAYA NAGAR,15:45,2026-01-13T22:38:40.544063
11,11,BROADWAY,BROADWAY,THYAGARAYA NAGAR,THYAGARAYA NAGAR,16:25,2026-01-13T22:38:40.544063
11,11,BROADWAY,BROADWAY,THYAGARAYA NAGAR,THYAGARAYA NAGAR,17:00,2026-01-13T22:38:40.544063
11,11,BROADWAY,BROADWAY,THYAGARAYA NAGAR,THYAGARAYA NAGAR,17:30,2026-01-13T22:38:40.544063
11,11,BROADWAY,BROADWAY,THYAGARAYA NAGAR,THYAGARAYA NAGAR,18:00,2026-01-13T22:38:40.544063
11,11,BROADWAY,BROADWAY,THYAGARAYA NAGAR,THYAGARAYA NAGAR,18:50,2026-01-13T22:38:40.544063
11,11,BROADWAY,BROADWAY,THYAGARAYA NAGAR,THYAGARAYA NAGAR,19:15,2026-01-13T22:38:40.544063
11,11,BROADWAY,BROADWAY,THYAGARAYA NAGAR,THYAGARAYA NAGAR,19:35,2026-01-13T22:38:40.544063
11,11,BROADWAY,BROADWAY,THYAGARAYA NAGAR,THYAGARAYA NAGAR,20:00,2026-01-13T22:38:40.544063
11,11,BROADWAY,BROADWAY,THYAGARAYA NAGAR,THYAGARAYA NAGAR,20:10,2026-01-13T22:38:40.544063
11,11,BROADWAY,BROADWAY,THYAGARAYA NAGAR,THYAGARAYA NAGAR,20:40,2026-01-13T22:38:40.544063
11,11,BROADWAY,BROADWAY,THYAGARAYA NAGAR,THYAGARAYA NAGAR,21:00,2026-01-13T22:38:40.544063
11,11,BROADWAY,BROADWAY,THYAGARAYA NAGAR,THYAGARAYA NAGAR,21:15,2026-01-13T22:38:40.544063
11,11,BROADWAY,BROADWAY,THYAGARAYA NAGAR,THYAGARAYA NAGAR,21:40,2026-01-13T22:38:40.544063
11,11,BROADWAY,BROADWAY,THYAGARAYA NAGAR,THYAGARAYA NAGAR,21:55,2026-01-13T22:38:40.544063
11,11,BROADWAY,BROADWAY,THYAGARAYA NAGAR,THYAGARAYA NAGAR,22:20,2026-01-13T22:38:40.544063
11,11,LFC,LFC,BROADWAY,BROADWAY,16:00,2026-01-13T22:38:59.815241
11,11,LFC,LFC,THYAGARAYA NAGAR,THYAGARAYA NAGAR,08:25,2026-01-13T22:39:14.994619
11,11,M.G.R.CENTRAL,M.G.R.CENTRAL,THYAGARAYA NAGAR,THYAGARAYA NAGAR,06:35,2026-01-13T22:39:34.300717
11,11,M.G.R.CENTRAL,M.G.R.CENTRAL,THYAGARAYA NAGAR,THYAGARAYA NAGAR,07:15,2026-01-13T22:39:34.300717
11,11,M.G.R.CENTRAL,M.G.R.CENTRAL,THYAGARAYA NAGAR,THYAGARAYA NAGAR,11:25,2026-01-13T22:39:34.300717
11,11,M.G.R.CENTRAL,M.G.R.CENTRAL,THYAGARAYA NAGAR,THYAGARAYA NAGAR,12:05,2026-01-13T22:39:34.300717
11,11,M.G.R.CENTRAL,M.G.R.CENTRAL,THYAGARAYA NAGAR,THYAGARAYA NAGAR,12:40,2026-01-13T22:39:34.300717
11,11,M.G.R.CENTRAL,M.G.R.CENTRAL,THYAGARAYA NAGAR,THYAGARAYA NAGAR,15:55,2026-01-13T22:39:34.300717
11,11,M.G.R.CENTRAL,M.G.R.CENTRAL,THYAGARAYA NAGAR,THYAGARAYA NAGAR,16:35,2026-01-13T22:39:34.300717
11,11,M.G.R.CENTRAL,M.G.R.CENTRAL,THYAGARAYA NAGAR,THYAGARAYA NAGAR,17:15,2026-01-13T22:39:34.300717
11,11,M.G.R.CENTRAL,M.G.R.CENTRAL,THYAGARAYA NAGAR,THYAGARAYA NAGAR,18:05,2026-01-13T22:39:34.300717
11,11,M.G.R.CENTRAL,M.G.R.CENTRAL,THYAGARAYA NAGAR,THYAGARAYA NAGAR,18:30,2026-01-13T22:39:34.300717
11,11,SECRETARIAT,SECRETARIAT,THYAGARAYA NAGAR,THYAGARAYA NAGAR,18:00,2026-01-13T22:39:53.585493
11,11,THYAGARAYA NAGAR,THYAGARAYA NAGAR,BROADWAY,BROADWAY,05:10,2026-01-13T22:40:12.811823
11,11,THYAGARAYA NAGAR,THYAGARAYA NAGAR,BROADWAY,BROADWAY,05:30,2026-01-13T22:40:12.811823
11,11,THYAGARAYA NAGAR,THYAGARAYA NAGAR,BROADWAY,BROADWAY,06:10,2026-01-13T22:40:12.811823
11,11,THYAGARAYA NAGAR,THYAGARAYA NAGAR,BROADWAY,BROADWAY,06:40,2026-01-13T22:40:12.811823
11,11,THYAGARAYA NAGAR,THYAGARAYA NAGAR,BROADWAY,BROADWAY,07:05,2026-01-13T22:40:12.811823
11,11,THYAGARAYA NAGAR,THYAGARAYA NAGAR,BROADWAY,BROADWAY,07:20,2026-01-13T22:40:12.811823
11,11,THYAGARAYA NAGAR,THYAGARAYA NAGAR,BROADWAY,BROADWAY,07:40,2026-01-13T22:40:12.811823
11,11,THYAGARAYA NAGAR,THYAGARAYA NAGAR,BROADWAY,BROADWAY,08:00,2026-01-13T22:40:12.811823
11,11,THYAGARAYA NAGAR,THYAGARAYA NAGAR,BROADWAY,BROADWAY,08:30,2026-01-13T22:40:12.811823
11,11,THYAGARAYA NAGAR,THYAGARAYA NAGAR,BROADWAY,BROADWAY,08:50,2026-01-13T22:40:12.811823
11,11,THYAGARAYA NAGAR,THYAGARAYA NAGAR,BROADWAY,BROADWAY,09:10,2026-01-13T22:40:12.811823
11,11,THYAGARAYA NAGAR,THYAGARAYA NAGAR,BROADWAY,BROADWAY,09:35,2026-01-13T22:40:12.811823
11,11,THYAGARAYA NAGAR,THYAGARAYA NAGAR,BROADWAY,BROADWAY,09:50,2026-01-13T22:40:12.811823
11,11,THYAGARAYA NAGAR,THYAGARAYA NAGAR,BROADWAY,BROADWAY,10:20,2026-01-13T22:40:12.811823
11,11,THYAGARAYA NAGAR,THYAGARAYA NAGAR,BROADWAY,BROADWAY,10:55,2026-01-13T22:40:12.811823
11,11,THYAGARAYA NAGAR,THYAGARAYA NAGAR,BROADWAY,BROADWAY,11:35,2026-01-13T22:40:12.811823
11,11,THYAGARAYA NAGAR,THYAGARAYA NAGAR,BROADWAY,BROADWAY,12:10,2026-01-13T22:40:12.811823
11,11,THYAGARAYA NAGAR,THYAGARAYA NAGAR,BROADWAY,BROADWAY,12:35,2026-01-13T22:40:12.811823
11,11,THYAGARAYA NAGAR,THYAGARAYA NAGAR,BROADWAY,BROADWAY,12:50,2026-01-13T22:40:12.811823
11,11,THYAGARAYA NAGAR,THYAGARAYA NAGAR,BROADWAY,BROADWAY,13:15,2026-01-13T22:40:12.811823
11,11,THYAGARAYA NAGAR,THYAGARAYA NAGAR,BROADWAY,BROADWAY,13:35,2026-01-13T22:40:12.811823
11,11,THYAGARAYA NAGAR,THYAGARAYA NAGAR,BROADWAY,BROADWAY,13:55,2026-01-13T22:40:12.811823
11,11,THYAGARAYA NAGAR,THYAGARAYA NAGAR,BROADWAY,BROADWAY,14:15,2026-01-13T22:40:12.811823
11,11,THYAGARAYA NAGAR,THYAGARAYA NAGAR,BROADWAY,BROADWAY,14:35,2026-01-13T22:40:12.811823
11,11,THYAGARAYA NAGAR,THYAGARAYA NAGAR,BROADWAY,BROADWAY,14:55,2026-01-13T22:40:12.811823
11,11,THYAGARAYA NAGAR,THYAGARAYA NAGAR,BROADWAY,BROADWAY,15:35,2026-01-13T22:40:12.811823
11,11,THYAGARAYA NAGAR,THYAGARAYA NAGAR,BROADWAY,BROADWAY,16:15,2026-01-13T22:40:12.811823
11,11,THYAGARAYA NAGAR,THYAGARAYA NAGAR,BROADWAY,BROADWAY,16:45,2026-01-13T22:40:12.811823
11,11,THYAGARAYA NAGAR,THYAGARAYA NAGAR,BROADWAY,BROADWAY,17:15,2026-01-13T22:40:12.811823
11,11,THYAGARAYA NAGAR,THYAGARAYA NAGAR,BROADWAY,BROADWAY,18:00,2026-01-13T22:40:12.811823
11,11,THYAGARAYA NAGAR,THYAGARAYA NAGAR,BROADWAY,BROADWAY,18:20,2026-01-13T22:40:12.811823
11,11,THYAGARAYA NAGAR,THYAGARAYA NAGAR,BROADWAY,BROADWAY,18:45,2026-01-13T22:40:12.811823
11,11,THYAGARAYA NAGAR,THYAGARAYA NAGAR,BROADWAY,BROADWAY,19:05,2026-01-13T22:40:12.811823
11,11,THYAGARAYA NAGAR,THYAGARAYA NAGAR,BROADWAY,BROADWAY,19:15,2026-01-13T22:40:12.811823
11,11,THYAGARAYA NAGAR,THYAGARAYA NAGAR,BROADWAY,BROADWAY,19:45,2026-01-13T22:40:12.811823
11,11,THYAGARAYA NAGAR,THYAGARAYA NAGAR,BROADWAY,BROADWAY,20:10,2026-01-13T22:40:12.811823
11,11,THYAGARAYA NAGAR,THYAGARAYA NAGAR,BROADWAY,BROADWAY,20:25,2026-01-13T22:40:12.811823
11,11,THYAGARAYA NAGAR,THYAGARAYA NAGAR,BROADWAY,BROADWAY,20:50,2026-01-13T22:40:12.811823
11,11,THYAGARAYA NAGAR,THYAGARAYA NAGAR,BROADWAY,BROADWAY,21:05,2026-01-13T22:40:12.811823
11,11,THYAGARAYA NAGAR,THYAGARAYA NAGAR,BROADWAY,BROADWAY,21:30,2026-01-13T22:40:12.811823
11,11,THYAGARAYA NAGAR,THYAGARAYA NAGAR,M.G.R.CENTRAL,M.G.R.CENTRAL,05:55,2026-01-13T22:40:27.955016
11,11,THYAGARAYA NAGAR,THYAGARAYA NAGAR,M.G.R.CENTRAL,M.G.R.CENTRAL,06:35,2026-01-13T22:40:27.955016
11,11,THYAGARAYA NAGAR,THYAGARAYA NAGAR,M.G.R.CENTRAL,M.G.R.CENTRAL,10:40,2026-01-13T22:40:27.955016
11,11,THYAGARAYA NAGAR,THYAGARAYA NAGAR,M.G.R.CENTRAL,M.G.R.CENTRAL,11:20,2026-01-13T22:40:27.955016
11,11,THYAGARAYA NAGAR,THYAGARAYA NAGAR,M.G.R.CENTRAL,M.G.R.CENTRAL,12:00,2026-01-13T22:40:27.955016
11,11,THYAGARAYA NAGAR,THYAGARAYA NAGAR,M.G.R.CENTRAL,M.G.R.CENTRAL,15:15,2026-01-13T22:40:27.955016
11,11,THYAGARAYA NAGAR,THYAGARAYA NAGAR,M.G.R.CENTRAL,M.G.R.CENTRAL,15:55,2026-01-13T22:40:27.955016
11,11,THYAGARAYA NAGAR,THYAGARAYA NAGAR,M.G.R.CENTRAL,M.G.R.CENTRAL,16:35,2026-01-13T22:40:27.955016
11,11,THYAGARAYA NAGAR,THYAGARAYA NAGAR,M.G.R.CENTRAL,M.G.R.CENTRAL,17:25,2026-01-13T22:40:27.955016
11,11,THYAGARAYA NAGAR,THYAGARAYA NAGAR,M.G.R.CENTRAL,M.G.R.CENTRAL,17:50,2026-01-13T22:40:27.955016
111,111,K.K.NAGAR,K.K.NAGAR,TAMBARAM WEST,TAMBARAM WEST,04:55,2026-01-13T22:40:53.116951
111,111,K.K.NAGAR,K.K.NAGAR,TAMBARAM WEST,TAMBARAM WEST,06:20,2026-01-13T22:40:53.116951
111,111,K.K.NAGAR,K.K.NAGAR,TAMBARAM WEST,TAMBARAM WEST,07:05,2026-01-13T22:40:53.116951
111,111,K.K.NAGAR,K.K.NAGAR,THIRUVERKADU,THIRUVERKADU,04:10,2026-01-13T22:41:08.248969
111,111,K.K.NAGAR,K.K.NAGAR,THIRUVERKADU,THIRUVERKADU,05:00,2026-01-13T22:41:08.248969
111,111,K.K.NAGAR,K.K.NAGAR,THIRUVERKADU,THIRUVERKADU,05:40,2026-01-13T22:41:08.248969
111,111,K.K.NAGAR,K.K.NAGAR,THIRUVERKADU,THIRUVERKADU,06:25,2026-01-13T22:41:08.248969
111,111,K.K.NAGAR,K.K.NAGAR,THIRUVERKADU,THIRUVERKADU,07:05,2026-01-13T22:41:08.248969
111,111,K.K.NAGAR,K.K.NAGAR,THIRUVERKADU,THIRUVERKADU,07:15,2026-01-13T22:41:08.248969
111,111,TAMBARAM,TAMBARAM,K.K.NAGAR,K.K.NAGAR,17:35,2026-01-13T22:41:27.507638
111,111,TAMBARAM,TAMBARAM,THIRUVERKADU,THIRUVERKADU,10:10,2026-01-13T22:41:42.609968
111,111,TAMBARAM,TAMBARAM,THIRUVERKADU,THIRUVERKADU,13:45,2026-01-13T22:41:42.609968
111,111,TAMBARAM WEST,TAMBARAM WEST,K.K.NAGAR,K.K.NAGAR,20:00,2026-01-13T22:42:01.893854
111,111,TAMBARAM WEST,TAMBARAM WEST,K.K.NAGAR,K.K.NAGAR,20:15,2026-01-13T22:42:01.893854
111,111,TAMBARAM WEST,TAMBARAM WEST,K.K.NAGAR,K.K.NAGAR,22:25,2026-01-13T22:42:01.893854
111,111,TAMBARAM WEST,TAMBARAM WEST,THIRUVERKADU,THIRUVERKADU,05:45,2026-01-13T22:42:17.009708
111,111,TAMBARAM WEST,TAMBARAM WEST,THIRUVERKADU,THIRUVERKADU,06:50,2026-01-13T22:42:17.009708
111,111,TAMBARAM WEST,TAMBARAM WEST,THIRUVERKADU,THIRUVERKADU,07:20,2026-01-13T22:42:17.009708
111,111,TAMBARAM WEST,TAMBARAM WEST,THIRUVERKADU,THIRUVERKADU,07:45,2026-01-13T22:42:17.009708
111,111,TAMBARAM WEST,TAMBARAM WEST,THIRUVERKADU,THIRUVERKADU,07:55,2026-01-13T22:42:17.009708
111,111,TAMBARAM WEST,TAMBARAM WEST,THIRUVERKADU,THIRUVERKADU,08:20,2026-01-13T22:42:17.009708
111,111,TAMBARAM WEST,TAMBARAM WEST,THIRUVERKADU,THIRUVERKADU,09:05,2026-01-13T22:42:17.009708
111,111,TAMBARAM WEST,TAMBARAM WEST,THIRUVERKADU,THIRUVERKADU,09:25,2026-01-13T22:42:17.009708
111,111,TAMBARAM WEST,TAMBARAM WEST,THIRUVERKADU,THIRUVERKADU,09:45,2026-01-13T22:42:17.009708
111,111,TAMBARAM WEST,TAMBARAM WEST,THIRUVERKADU,THIRUVERKADU,10:30,2026-01-13T22:42:17.009708
111,111,TAMBARAM WEST,TAMBARAM WEST,THIRUVERKADU,THIRUVERKADU,11:20,2026-01-13T22:42:17.009708
111,111,TAMBARAM WEST,TAMBARAM WEST,THIRUVERKADU,THIRUVERKADU,11:35,2026-01-13T22:42:17.009708
111,111,TAMBARAM WEST,TAMBARAM WEST,THIRUVERKADU,THIRUVERKADU,12:00,2026-01-13T22:42:17.009708
111,111,TAMBARAM WEST,TAMBARAM WEST,THIRUVERKADU,THIRUVERKADU,12:10,2026-01-13T22:42:17.009708
111,111,TAMBARAM WEST,TAMBARAM WEST,THIRUVERKADU,THIRUVERKADU,12:45,2026-01-13T22:42:17.009708
111,111,TAMBARAM WEST,TAMBARAM WEST,THIRUVERKADU,THIRUVERKADU,13:05,2026-01-13T22:42:17.009708
111,111,TAMBARAM WEST,TAMBARAM WEST,THIRUVERKADU,THIRUVERKADU,13:25,2026-01-13T22:42:17.009708
111,111,TAMBARAM WEST,TAMBARAM WEST,THIRUVERKADU,THIRUVERKADU,14:10,2026-01-13T22:42:17.009708
111,111,TAMBARAM WEST,TAMBARAM WEST,THIRUVERKADU,THIRUVERKADU,15:15,2026-01-13T22:42:17.009708
111,111,TAMBARAM WEST,TAMBARAM WEST,THIRUVERKADU,THIRUVERKADU,15:25,2026-01-13T22:42:17.009708
111,111,TAMBARAM WEST,TAMBARAM WEST,THIRUVERKADU,THIRUVERKADU,15:40,2026-01-13T22:42:17.009708
111,111,TAMBARAM WEST,TAMBARAM WEST,THIRUVERKADU,THIRUVERKADU,16:10,2026-01-13T22:42:17.009708
111,111,TAMBARAM WEST,TAMBARAM WEST,THIRUVERKADU,THIRUVERKADU,16:25,2026-01-13T22:42:17.009708
111,111,TAMBARAM WEST,TAMBARAM WEST,THIRUVERKADU,THIRUVERKADU,16:45,2026-01-13T22:42:17.009708
111,111,TAMBARAM WEST,TAMBARAM WEST,THIRUVERKADU,THIRUVERKADU,17:05,2026-01-13T22:42:17.009708
111,111,TAMBARAM WEST,TAMBARAM WEST,THIRUVERKADU,THIRUVERKADU,17:50,2026-01-13T22:42:17.009708
111,111,TAMBARAM WEST,TAMBARAM WEST,THIRUVERKADU,THIRUVERKADU,18:55,2026-01-13T22:42:17.009708
111,111,TAMBARAM WEST,TAMBARAM WEST,THIRUVERKADU,THIRUVERKADU,19:10,2026-01-13T22:42:17.009708
111,111,TAMBARAM WEST,TAMBARAM WEST,THIRUVERKADU,THIRUVERKADU,19:20,2026-01-13T22:42:17.009708
111,111,TAMBARAM WEST,TAMBARAM WEST,THIRUVERKADU,THIRUVERKADU,20:05,2026-01-13T22:42:17.009708
111,111,TAMBARAM WEST,TAMBARAM WEST,THIRUVERKADU,THIRUVERKADU,20:45,2026-01-13T22:42:17.009708
111,111,THIRUVERKADU,THIRUVERKADU,K.K.NAGAR,K.K.NAGAR,19:30,2026-01-13T22:42:36.289835
111,111,THIRUVERKADU,THIRUVERKADU,K.K.NAGAR,K.K.NAGAR,21:00,2026-01-13T22:42:36.289835
111,111,THIRUVERKADU,THIRUVERKADU,K.K.NAGAR,K.K.NAGAR,21:20,2026-01-13T22:42:36.289835
111,111,THIRUVERKADU,THIRUVERKADU,K.K.NAGAR,K.K.NAGAR,21:45,2026-01-13T22:42:36.289835
111,111,THIRUVERKADU,THIRUVERKADU,K.K.NAGAR,K.K.NAGAR,22:25,2026-01-13T22:42:36.289835
111,111,THIRUVERKADU,THIRUVERKADU,TAMBARAM,TAMBARAM,08:20,2026-01-13T22:42:51.454144
111,111,THIRUVERKADU,THIRUVERKADU,TAMBARAM,TAMBARAM,12:15,2026-01-13T22:42:51.454144
111,111,THIRUVERKADU,THIRUVERKADU,TAMBARAM,TAMBARAM,15:45,2026-01-13T22:42:51.454144
111,111,THIRUVERKADU,THIRUVERKADU,TAMBARAM WEST,TAMBARAM WEST,05:00,2026-01-13T22:43:06.605301
111,111,THIRUVERKADU,THIRUVERKADU,TAMBARAM WEST,TAMBARAM WEST,05:45,2026-01-13T22:43:06.605301
111,111,THIRUVERKADU,THIRUVERKADU,TAMBARAM WEST,TAMBARAM WEST,06:30,2026-01-13T22:43:06.605301
111,111,THIRUVERKADU,THIRUVERKADU,TAMBARAM WEST,TAMBARAM WEST,07:15,2026-01-13T22:43:06.605301
111,111,THIRUVERKADU,THIRUVERKADU,TAMBARAM WEST,TAMBARAM WEST,07:35,2026-01-13T22:43:06.605301
111,111,THIRUVERKADU,THIRUVERKADU,TAMBARAM WEST,TAMBARAM WEST,07:55,2026-01-13T22:43:06.605301
111,111,THIRUVERKADU,THIRUVERKADU,TAMBARAM WEST,TAMBARAM WEST,08:40,2026-01-13T22:43:06.605301
111,111,THIRUVERKADU,THIRUVERKADU,TAMBARAM WEST,TAMBARAM WEST,09:25,2026-01-13T22:43:06.605301
111,111,THIRUVERKADU,THIRUVERKADU,TAMBARAM WEST,TAMBARAM WEST,09:45,2026-01-13T22:43:06.605301
111,111,THIRUVERKADU,THIRUVERKADU,TAMBARAM WEST,TAMBARAM WEST,10:00,2026-01-13T22:43:06.605301
111,111,THIRUVERKADU,THIRUVERKADU,TAMBARAM WEST,TAMBARAM WEST,10:10,2026-01-13T22:43:06.605301
111,111,THIRUVERKADU,THIRUVERKADU,TAMBARAM WEST,TAMBARAM WEST,10:55,2026-01-13T22:43:06.605301
111,111,THIRUVERKADU,THIRUVERKADU,TAMBARAM WEST,TAMBARAM WEST,11:15,2026-01-13T22:43:06.605301
111,111,THIRUVERKADU,THIRUVERKADU,TAMBARAM WEST,TAMBARAM WEST,11:35,2026-01-13T22:43:06.605301
111,111,THIRUVERKADU,THIRUVERKADU,TAMBARAM WEST,TAMBARAM WEST,12:20,2026-01-13T22:43:06.605301
111,111,THIRUVERKADU,THIRUVERKADU,TAMBARAM WEST,TAMBARAM WEST,13:15,2026-01-13T22:43:06.605301
111,111,THIRUVERKADU,THIRUVERKADU,TAMBARAM WEST,TAMBARAM WEST,13:25,2026-01-13T22:43:06.605301
111,111,THIRUVERKADU,THIRUVERKADU,TAMBARAM WEST,TAMBARAM WEST,13:50,2026-01-13T22:43:06.605301
111,111,THIRUVERKADU,THIRUVERKADU,TAMBARAM WEST,TAMBARAM WEST,14:05,2026-01-13T22:43:06.605301
111,111,THIRUVERKADU,THIRUVERKADU,TAMBARAM WEST,TAMBARAM WEST,14:35,2026-01-13T22:43:06.605301
111,111,THIRUVERKADU,THIRUVERKADU,TAMBARAM WEST,TAMBARAM WEST,14:55,2026-01-13T22:43:06.605301
111,111,THIRUVERKADU,THIRUVERKADU,TAMBARAM WEST,TAMBARAM WEST,15:15,2026-01-13T22:43:06.605301
111,111,THIRUVERKADU,THIRUVERKADU,TAMBARAM WEST,TAMBARAM WEST,16:00,2026-01-13T22:43:06.605301
111,111,THIRUVERKADU,THIRUVERKADU,TAMBARAM WEST,TAMBARAM WEST,17:05,2026-01-13T22:43:06.605301
111,111,THIRUVERKADU,THIRUVERKADU,TAMBARAM WEST,TAMBARAM WEST,17:20,2026-01-13T22:43:06.605301
111,111,THIRUVERKADU,THIRUVERKADU,TAMBARAM WEST,TAMBARAM WEST,17:30,2026-01-13T22:43:06.605301
111,111,THIRUVERKADU,THIRUVERKADU,TAMBARAM WEST,TAMBARAM WEST,18:05,2026-01-13T22:43:06.605301
111,111,THIRUVERKADU,THIRUVERKADU,TAMBARAM WEST,TAMBARAM WEST,18:15,2026-01-13T22:43:06.605301
111,111,THIRUVERKADU,THIRUVERKADU,TAMBARAM WEST,TAMBARAM WEST,18:35,2026-01-13T22:43:06.605301
111,111,THIRUVERKADU,THIRUVERKADU,TAMBARAM WEST,TAMBARAM WEST,18:55,2026-01-13T22:43:06.605301
111,111,THIRUVERKADU,THIRUVERKADU,TAMBARAM WEST,TAMBARAM WEST,20:45,2026-01-13T22:43:06.605301
111ET,111ET,K.K.NAGAR,K.K.NAGAR,KCBT KILAMBAKKAM,KCBT KILAMBAKKAM,14:30,2026-01-13T22:43:31.462177
111ET,111ET,K.K.NAGAR,K.K.NAGAR,KCBT KILAMBAKKAM,KCBT KILAMBAKKAM,15:00,2026-01-13T22:43:31.462177
111ET,111ET,K.K.NAGAR,K.K.NAGAR,KCBT KILAMBAKKAM,KCBT KILAMBAKKAM,16:00,2026-01-13T22:43:31.462177
111ET,111ET,KCBT KILAMBAKKAM,KCBT KILAMBAKKAM,M.G.R.KOYAMBEDU,M.G.R.KOYAMBEDU,00:50,2026-01-13T22:43:50.708560
111ET,111ET,KCBT KILAMBAKKAM,KCBT KILAMBAKKAM,M.G.R.KOYAMBEDU,M.G.R.KOYAMBEDU,01:20,2026-01-13T22:43:50.708560
111ET,111ET,KCBT KILAMBAKKAM,KCBT KILAMBAKKAM,M.G.R.KOYAMBEDU,M.G.R.KOYAMBEDU,02:30,2026-01-13T22:43:50.708560
111ET,111ET,KCBT KILAMBAKKAM,KCBT KILAMBAKKAM,M.G.R.KOYAMBEDU,M.G.R.KOYAMBEDU,04:00,2026-01-13T22:43:50.708560
111ET,111ET,KCBT KILAMBAKKAM,KCBT KILAMBAKKAM,M.G.R.KOYAMBEDU,M.G.R.KOYAMBEDU,04:30,2026-01-13T22:43:50.708560
111ET,111ET,KCBT KILAMBAKKAM,KCBT KILAMBAKKAM,M.G.R.KOYAMBEDU,M.G.R.KOYAMBEDU,05:20,2026-01-13T22:43:50.708560
111ET,111ET,KCBT KILAMBAKKAM,KCBT KILAMBAKKAM,THIRUVERKADU,THIRUVERKADU,15:50,2026-01-13T22:44:05.861024
111ET,111ET,KCBT KILAMBAKKAM,KCBT KILAMBAKKAM,THIRUVERKADU,THIRUVERKADU,16:20,2026-01-13T22:44:05.861024
111ET,111ET,KCBT KILAMBAKKAM,KCBT KILAMBAKKAM,THIRUVERKADU,THIRUVERKADU,17:20,2026-01-13T22:44:05.861024
111ET,111ET,KCBT KILAMBAKKAM,KCBT KILAMBAKKAM,THIRUVERKADU,THIRUVERKADU,20:20,2026-01-13T22:44:05.861024
111ET,111ET,KCBT KILAMBAKKAM,KCBT KILAMBAKKAM,THIRUVERKADU,THIRUVERKADU,20:50,2026-01-13T22:44:05.861024
111ET,111ET,KCBT KILAMBAKKAM,KCBT KILAMBAKKAM,THIRUVERKADU,THIRUVERKADU,22:00,2026-01-13T22:44:05.861024
111ET,111ET,M.G.R.KOYAMBEDU,M.G.R.KOYAMBEDU,K.K.NAGAR,K.K.NAGAR,05:25,2026-01-13T22:44:25.175936
111ET,111ET,M.G.R.KOYAMBEDU,M.G.R.KOYAMBEDU,K.K.NAGAR,K.K.NAGAR,05:55,2026-01-13T22:44:25.175936
111ET,111ET,M.G.R.KOYAMBEDU,M.G.R.KOYAMBEDU,K.K.NAGAR,K.K.NAGAR,06:40,2026-01-13T22:44:25.175936
111ET,111ET,M.G.R.KOYAMBEDU,M.G.R.KOYAMBEDU,KCBT KILAMBAKKAM,KCBT KILAMBAKKAM,02:20,2026-01-13T22:44:40.317976
111ET,111ET,M.G.R.KOYAMBEDU,M.G.R.KOYAMBEDU,KCBT KILAMBAKKAM,KCBT KILAMBAKKAM,02:50,2026-01-13T22:44:40.317976
111ET,111ET,M.G.R.KOYAMBEDU,M.G.R.KOYAMBEDU,KCBT KILAMBAKKAM,KCBT KILAMBAKKAM,03:50,2026-01-13T22:44:40.317976
111ET,111ET,THIRUVERKADU,THIRUVERKADU,KCBT KILAMBAKKAM,KCBT KILAMBAKKAM,00:15,2026-01-13T22:44:59.553324
111ET,111ET,THIRUVERKADU,THIRUVERKADU,KCBT KILAMBAKKAM,KCBT KILAMBAKKAM,18:05,2026-01-13T22:44:59.553324
111ET,111ET,THIRUVERKADU,THIRUVERKADU,KCBT KILAMBAKKAM,KCBT KILAMBAKKAM,18:35,2026-01-13T22:44:59.553324
111ET,111ET,THIRUVERKADU,THIRUVERKADU,KCBT KILAMBAKKAM,KCBT KILAMBAKKAM,19:35,2026-01-13T22:44:59.553324
111ET,111ET,THIRUVERKADU,THIRUVERKADU,KCBT KILAMBAKKAM,KCBT KILAMBAKKAM,22:35,2026-01-13T22:44:59.553324
111ET,111ET,THIRUVERKADU,THIRUVERKADU,KCBT KILAMBAKKAM,KCBT KILAMBAKKAM,23:05,2026-01-13T22:44:59.553324
113,113,GUINDY TVK ESTATE,GUINDY TVK ESTATE,REDHILLS,REDHILLS,04:30,2026-01-13T22:45:26.482856
113,113,GUINDY TVK ESTATE,GUINDY TVK ESTATE,REDHILLS,REDHILLS,04:50,2026-01-13T22:45:26.482856
113,113,GUINDY TVK ESTATE,GUINDY TVK ESTATE,REDHILLS,REDHILLS,05:35,2026-01-13T22:45:26.482856
113,113,GUINDY TVK ESTATE,GUINDY TVK ESTATE,REDHILLS,REDHILLS,05:50,2026-01-13T22:45:26.482856
113,113,GUINDY TVK ESTATE,GUINDY TVK ESTATE,REDHILLS,REDHILLS,06:05,2026-01-13T22:45:26.482856
113,113,GUINDY TVK ESTATE,GUINDY TVK ESTATE,REDHILLS,REDHILLS,06:40,2026-01-13T22:45:26.482856
113,113,GUINDY TVK ESTATE,GUINDY TVK ESTATE,REDHILLS,REDHILLS,06:55,2026-01-13T22:45:26.482856
113,113,GUINDY TVK ESTATE,GUINDY TVK ESTATE,REDHILLS,REDHILLS,07:15,2026-01-13T22:45:26.482856
113,113,GUINDY TVK ESTATE,GUINDY TVK ESTATE,REDHILLS,REDHILLS,07:35,2026-01-13T22:45:26.482856
113,113,GUINDY TVK ESTATE,GUINDY TVK ESTATE,REDHILLS,REDHILLS,07:45,2026-01-13T22:45:26.482856
113,113,GUINDY TVK ESTATE,GUINDY TVK ESTATE,REDHILLS,REDHILLS,07:55,2026-01-13T22:45:26.482856
113,113,GUINDY TVK ESTATE,GUINDY TVK ESTATE,REDHILLS,REDHILLS,08:20,2026-01-13T22:45:26.482856
113,113,GUINDY TVK ESTATE,GUINDY TVK ESTATE,REDHILLS,REDHILLS,08:35,2026-01-13T22:45:26.482856
113,113,GUINDY TVK ESTATE,GUINDY TVK ESTATE,REDHILLS,REDHILLS,08:55,2026-01-13T22:45:26.482856
113,113,GUINDY TVK ESTATE,GUINDY TVK ESTATE,REDHILLS,REDHILLS,09:15,2026-01-13T22:45:26.482856
113,113,GUINDY TVK ESTATE,GUINDY TVK ESTATE,REDHILLS,REDHILLS,09:40,2026-01-13T22:45:26.482856
113,113,GUINDY TVK ESTATE,GUINDY TVK ESTATE,REDHILLS,REDHILLS,10:05,2026-01-13T22:45:26.482856
113,113,GUINDY TVK ESTATE,GUINDY TVK ESTATE,REDHILLS,REDHILLS,10:30,2026-01-13T22:45:26.482856
113,113,GUINDY TVK ESTATE,GUINDY TVK ESTATE,REDHILLS,REDHILLS,10:35,2026-01-13T22:45:26.482856
113,113,GUINDY TVK ESTATE,GUINDY TVK ESTATE,REDHILLS,REDHILLS,11:00,2026-01-13T22:45:26.482856
113,113,GUINDY TVK ESTATE,GUINDY TVK ESTATE,REDHILLS,REDHILLS,11:05,2026-01-13T22:45:26.482856
113,113,GUINDY TVK ESTATE,GUINDY TVK ESTATE,REDHILLS,REDHILLS,11:25,2026-01-13T22:45:26.482856
113,113,GUINDY TVK ESTATE,GUINDY TVK ESTATE,REDHILLS,REDHILLS,12:10,2026-01-13T22:45:26.482856
113,113,GUINDY TVK ESTATE,GUINDY TVK ESTATE,REDHILLS,REDHILLS,12:25,2026-01-13T22:45:26.482856
113,113,GUINDY TVK ESTATE,GUINDY TVK ESTATE,REDHILLS,REDHILLS,12:40,2026-01-13T22:45:26.482856
113,113,GUINDY TVK ESTATE,GUINDY TVK ESTATE,REDHILLS,REDHILLS,13:00,2026-01-13T22:45:26.482856
113,113,GUINDY TVK ESTATE,GUINDY TVK ESTATE,REDHILLS,REDHILLS,13:20,2026-01-13T22:45:26.482856
113,113,GUINDY TVK ESTATE,GUINDY TVK ESTATE,REDHILLS,REDHILLS,13:40,2026-01-13T22:45:26.482856
113,113,GUINDY TVK ESTATE,GUINDY TVK ESTATE,REDHILLS,REDHILLS,13:50,2026-01-13T22:45:26.482856
113,113,GUINDY TVK ESTATE,GUINDY TVK ESTATE,REDHILLS,REDHILLS,14:00,2026-01-13T22:45:26.482856
113,113,GUINDY TVK ESTATE,GUINDY TVK ESTATE,REDHILLS,REDHILLS,14:15,2026-01-13T22:45:26.482856
113,113,GUINDY TVK ESTATE,GUINDY TVK ESTATE,REDHILLS,REDHILLS,14:25,2026-01-13T22:45:26.482856
113,113,GUINDY TVK ESTATE,GUINDY TVK ESTATE,REDHILLS,REDHILLS,14:55,2026-01-13T22:45:26.482856
113,113,GUINDY TVK ESTATE,GUINDY TVK ESTATE,REDHILLS,REDHILLS,15:05,2026-01-13T22:45:26.482856
113,113,GUINDY TVK ESTATE,GUINDY TVK ESTATE,REDHILLS,REDHILLS,15:20,2026-01-13T22:45:26.482856
113,113,GUINDY TVK ESTATE,GUINDY TVK ESTATE,REDHILLS,REDHILLS,15:50,2026-01-13T22:45:26.482856
113,113,GUINDY TVK ESTATE,GUINDY TVK ESTATE,REDHILLS,REDHILLS,16:15,2026-01-13T22:45:26.482856
113,113,GUINDY TVK ESTATE,GUINDY TVK ESTATE,REDHILLS,REDHILLS,16:35,2026-01-13T22:45:26.482856
113,113,GUINDY TVK ESTATE,GUINDY TVK ESTATE,REDHILLS,REDHILLS,16:50,2026-01-13T22:45:26.482856
113,113,GUINDY TVK ESTATE,GUINDY TVK ESTATE,REDHILLS,REDHILLS,17:20,2026-01-13T22:45:26.482856
113,113,GUINDY TVK ESTATE,GUINDY TVK ESTATE,REDHILLS,REDHILLS,17:35,2026-01-13T22:45:26.482856
113,113,GUINDY TVK ESTATE,GUINDY TVK ESTATE,REDHILLS,REDHILLS,17:55,2026-01-13T22:45:26.482856
113,113,GUINDY TVK ESTATE,GUINDY TVK ESTATE,REDHILLS,REDHILLS,18:15,2026-01-13T22:45:26.482856
113,113,GUINDY TVK ESTATE,GUINDY TVK ESTATE,REDHILLS,REDHILLS,18:30,2026-01-13T22:45:26.482856
113,113,GUINDY TVK ESTATE,GUINDY TVK ESTATE,REDHILLS,REDHILLS,18:45,2026-01-13T22:45:26.482856
113,113,GUINDY TVK ESTATE,GUINDY TVK ESTATE,REDHILLS,REDHILLS,19:00,2026-01-13T22:45:26.482856
113,113,GUINDY TVK ESTATE,GUINDY TVK ESTATE,REDHILLS,REDHILLS,19:40,2026-01-13T22:45:26.482856
113,113,GUINDY TVK ESTATE,GUINDY TVK ESTATE,REDHILLS,REDHILLS,20:00,2026-01-13T22:45:26.482856
113,113,GUINDY TVK ESTATE,GUINDY TVK ESTATE,REDHILLS,REDHILLS,20:20,2026-01-13T22:45:26.482856
113,113,GUINDY TVK ESTATE,GUINDY TVK ESTATE,REDHILLS,REDHILLS,21:30,2026-01-13T22:45:26.482856
113,113,M.G.R.KOYAMBEDU,M.G.R.KOYAMBEDU,REDHILLS,REDHILLS,07:10,2026-01-13T22:45:45.725666
113,113,M.G.R.KOYAMBEDU,M.G.R.KOYAMBEDU,REDHILLS,REDHILLS,08:25,2026-01-13T22:45:45.725666
113,113,M.G.R.KOYAMBEDU,M.G.R.KOYAMBEDU,REDHILLS,REDHILLS,09:25,2026-01-13T22:45:45.725666
113,113,M.G.R.KOYAMBEDU,M.G.R.KOYAMBEDU,REDHILLS,REDHILLS,10:05,2026-01-13T22:45:45.725666
113,113,M.G.R.KOYAMBEDU,M.G.R.KOYAMBEDU,REDHILLS,REDHILLS,11:00,2026-01-13T22:45:45.725666
113,113,M.G.R.KOYAMBEDU,M.G.R.KOYAMBEDU,REDHILLS,REDHILLS,11:20,2026-01-13T22:45:45.725666
113,113,M.G.R.KOYAMBEDU,M.G.R.KOYAMBEDU,REDHILLS,REDHILLS,12:25,2026-01-13T22:45:45.725666
113,113,M.G.R.KOYAMBEDU,M.G.R.KOYAMBEDU,REDHILLS,REDHILLS,12:50,2026-01-13T22:45:45.725666
113,113,M.G.R.KOYAMBEDU,M.G.R.KOYAMBEDU,REDHILLS,REDHILLS,15:00,2026-01-13T22:45:45.725666
113,113,M.G.R.KOYAMBEDU,M.G.R.KOYAMBEDU,REDHILLS,REDHILLS,15:25,2026-01-13T22:45:45.725666
113,113,M.G.R.KOYAMBEDU,M.G.R.KOYAMBEDU,REDHILLS,REDHILLS,16:05,2026-01-13T22:45:45.725666
113,113,M.G.R.KOYAMBEDU,M.G.R.KOYAMBEDU,REDHILLS,REDHILLS,16:30,2026-01-13T22:45:45.725666
113,113,M.G.R.KOYAMBEDU,M.G.R.KOYAMBEDU,REDHILLS,REDHILLS,17:15,2026-01-13T22:45:45.725666
113,113,M.G.R.KOYAMBEDU,M.G.R.KOYAMBEDU,REDHILLS,REDHILLS,17:40,2026-01-13T22:45:45.725666
113,113,M.G.R.KOYAMBEDU,M.G.R.KOYAMBEDU,REDHILLS,REDHILLS,19:25,2026-01-13T22:45:45.725666
113,113,M.G.R.KOYAMBEDU,M.G.R.KOYAMBEDU,REDHILLS,REDHILLS,20:40,2026-01-13T22:45:45.725666
113,113,MOOLAKADAI,MOOLAKADAI,REDHILLS,REDHILLS,06:05,2026-01-13T22:46:05.001394
113,113,MOOLAKADAI,MOOLAKADAI,REDHILLS,REDHILLS,07:05,2026-01-13T22:46:05.001394
113A,113A,GUINDY TVK ESTATE,GUINDY TVK ESTATE,TEACHERS COLONY,TEACHERS COLONY,06:30,2026-01-13T22:47:00.132450
113A,113A,GUINDY TVK ESTATE,GUINDY TVK ESTATE,TEACHERS COLONY,TEACHERS COLONY,09:20,2026-01-13T22:47:00.132450
113A,113A,GUINDY TVK ESTATE,GUINDY TVK ESTATE,TEACHERS COLONY,TEACHERS COLONY,11:55,2026-01-13T22:47:00.132450
113A,113A,GUINDY TVK ESTATE,GUINDY TVK ESTATE,TEACHERS COLONY,TEACHERS COLONY,14:35,2026-01-13T22:47:00.132450
113A,113A,GUINDY TVK ESTATE,GUINDY TVK ESTATE,TEACHERS COLONY,TEACHERS COLONY,17:05,2026-01-13T22:47:00.132450
113A,113A,GUINDY TVK ESTATE,GUINDY TVK ESTATE,TEACHERS COLONY,TEACHERS COLONY,19:55,2026-01-13T22:47:00.132450
113A,113A,TEACHERS COLONY,TEACHERS COLONY,GUINDY TVK ESTATE,GUINDY TVK ESTATE,07:50,2026-01-13T22:47:19.363877
113A,113A,TEACHERS COLONY,TEACHERS COLONY,GUINDY TVK ESTATE,GUINDY TVK ESTATE,10:40,2026-01-13T22:47:19.363877
113A,113A,TEACHERS COLONY,TEACHERS COLONY,GUINDY TVK ESTATE,GUINDY TVK ESTATE,13:20,2026-01-13T22:47:19.363877
113A,113A,TEACHERS COLONY,TEACHERS COLONY,GUINDY TVK ESTATE,GUINDY TVK ESTATE,15:50,2026-01-13T22:47:19.363877
113A,113A,TEACHERS COLONY,TEACHERS COLONY,GUINDY TVK ESTATE,GUINDY TVK ESTATE,18:30,2026-01-13T22:47:19.363877
113A,113A,TEACHERS COLONY,TEACHERS COLONY,GUINDY TVK ESTATE,GUINDY TVK ESTATE,21:20,2026-01-13T22:47:19.363877
114,114,ANNA NAGAR WEST,ANNA NAGAR WEST,M.G.R.KOYAMBEDU,M.G.R.KOYAMBEDU,03:58,2026-01-13T22:47:44.606389
114,114,ANNA NAGAR WEST,ANNA NAGAR WEST,M.G.R.KOYAMBEDU,M.G.R.KOYAMBEDU,04:38,2026-01-13T22:47:44.606389
114,114,ANNA NAGAR WEST,ANNA NAGAR WEST,M.G.R.KOYAMBEDU,M.G.R.KOYAMBEDU,05:18,2026-01-13T22:47:44.606389
114,114,ANNA NAGAR WEST,ANNA NAGAR WEST,M.G.R.KOYAMBEDU,M.G.R.KOYAMBEDU,05:48,2026-01-13T22:47:44.606389
114,114,ANNA NAGAR WEST,ANNA NAGAR WEST,M.G.R.KOYAMBEDU,M.G.R.KOYAMBEDU,06:18,2026-01-13T22:47:44.606389
114,114,M.G.R.KOYAMBEDU,M.G.R.KOYAMBEDU,ANNA NAGAR WEST,ANNA NAGAR WEST,19:20,2026-01-13T22:48:04.054617
114,114,M.G.R.KOYAMBEDU,M.G.R.KOYAMBEDU,ANNA NAGAR WEST,ANNA NAGAR WEST,19:47,2026-01-13T22:48:04.054617
114,114,M.G.R.KOYAMBEDU,M.G.R.KOYAMBEDU,ANNA NAGAR WEST,ANNA NAGAR WEST,20:10,2026-01-13T22:48:04.054617
114,114,M.G.R.KOYAMBEDU,M.G.R.KOYAMBEDU,ANNA NAGAR WEST,ANNA NAGAR WEST,20:27,2026-01-13T22:48:04.054617
114,114,M.G.R.KOYAMBEDU,M.G.R.KOYAMBEDU,ANNA NAGAR WEST,ANNA NAGAR WEST,21:07,2026-01-13T22:48:04.054617
114,114,M.G.R.KOYAMBEDU,M.G.R.KOYAMBEDU,ANNA NAGAR WEST,ANNA NAGAR WEST,21:37,2026-01-13T22:48:04.054617
114,114,M.G.R.KOYAMBEDU,M.G.R.KOYAMBEDU,ANNA NAGAR WEST,ANNA NAGAR WEST,21:57,2026-01-13T22:48:04.054617
114,114,M.G.R.KOYAMBEDU,M.G.R.KOYAMBEDU,M.K.B.NAGAR,M.K.B.NAGAR,17:22,2026-01-13T22:48:19.158932
114,114,M.G.R.KOYAMBEDU,M.G.R.KOYAMBEDU,M.K.B.NAGAR,M.K.B.NAGAR,17:45,2026-01-13T22:48:19.158932
114,114,M.G.R.KOYAMBEDU,M.G.R.KOYAMBEDU,M.K.B.NAGAR,M.K.B.NAGAR,18:10,2026-01-13T22:48:19.158932
114,114,M.G.R.KOYAMBEDU,M.G.R.KOYAMBEDU,M.K.B.NAGAR,M.K.B.NAGAR,18:40,2026-01-13T22:48:19.158932
114,114,M.G.R.KOYAMBEDU,M.G.R.KOYAMBEDU,M.K.B.NAGAR,M.K.B.NAGAR,19:05,2026-01-13T22:48:19.158932
114,114,M.G.R.KOYAMBEDU,M.G.R.KOYAMBEDU,M.M.B.T,M.M.B.T,12:00,2026-01-13T22:48:34.313343
114,114,M.G.R.KOYAMBEDU,M.G.R.KOYAMBEDU,M.M.B.T,M.M.B.T,12:32,2026-01-13T22:48:34.313343
114,114,M.G.R.KOYAMBEDU,M.G.R.KOYAMBEDU,M.M.B.T,M.M.B.T,12:45,2026-01-13T22:48:34.313343
114,114,M.G.R.KOYAMBEDU,M.G.R.KOYAMBEDU,M.M.B.T,M.M.B.T,13:12,2026-01-13T22:48:34.313343
114,114,M.G.R.KOYAMBEDU,M.G.R.KOYAMBEDU,M.M.B.T,M.M.B.T,13:45,2026-01-13T22:48:34.313343
114,114,M.G.R.KOYAMBEDU,M.G.R.KOYAMBEDU,M.M.B.T,M.M.B.T,13:50,2026-01-13T22:48:34.313343
114,114,M.G.R.KOYAMBEDU,M.G.R.KOYAMBEDU,M.M.B.T,M.M.B.T,14:20,2026-01-13T22:48:34.313343
114,114,M.G.R.KOYAMBEDU,M.G.R.KOYAMBEDU,M.M.B.T,M.M.B.T,14:25,2026-01-13T22:48:34.313343
114,114,M.G.R.KOYAMBEDU,M.G.R.KOYAMBEDU,M.M.B.T,M.M.B.T,16:35,2026-01-13T22:48:34.313343
114,114,M.G.R.KOYAMBEDU,M.G.R.KOYAMBEDU,MOOLAKADAI,MOOLAKADAI,20:15,2026-01-13T22:48:49.434441
114,114,M.G.R.KOYAMBEDU,M.G.R.KOYAMBEDU,MOOLAKADAI,MOOLAKADAI,21:20,2026-01-13T22:48:49.434441
114,114,M.G.R.KOYAMBEDU,M.G.R.KOYAMBEDU,REDHILLS,REDHILLS,00:40,2026-01-13T22:49:04.573340
114,114,M.G.R.KOYAMBEDU,M.G.R.KOYAMBEDU,REDHILLS,REDHILLS,01:25,2026-01-13T22:49:04.573340
114,114,M.G.R.KOYAMBEDU,M.G.R.KOYAMBEDU,REDHILLS,REDHILLS,01:50,2026-01-13T22:49:04.573340
114,114,M.G.R.KOYAMBEDU,M.G.R.KOYAMBEDU,REDHILLS,REDHILLS,02:35,2026-01-13T22:49:04.573340
114,114,M.G.R.KOYAMBEDU,M.G.R.KOYAMBEDU,REDHILLS,REDHILLS,03:25,2026-01-13T22:49:04.573340
114,114,M.G.R.KOYAMBEDU,M.G.R.KOYAMBEDU,REDHILLS,REDHILLS,03:40,2026-01-13T22:49:04.573340
114,114,M.G.R.KOYAMBEDU,M.G.R.KOYAMBEDU,REDHILLS,REDHILLS,04:10,2026-01-13T22:49:04.573340
114,114,M.G.R.KOYAMBEDU,M.G.R.KOYAMBEDU,REDHILLS,REDHILLS,04:40,2026-01-13T22:49:04.573340
114,114,M.G.R.KOYAMBEDU,M.G.R.KOYAMBEDU,REDHILLS,REDHILLS,04:50,2026-01-13T22:49:04.573340
114,114,M.G.R.KOYAMBEDU,M.G.R.KOYAMBEDU,REDHILLS,REDHILLS,05:22,2026-01-13T22:49:04.573340
114,114,M.G.R.KOYAMBEDU,M.G.R.KOYAMBEDU,REDHILLS,REDHILLS,05:30,2026-01-13T22:49:04.573340
114,114,M.G.R.KOYAMBEDU,M.G.R.KOYAMBEDU,REDHILLS,REDHILLS,05:42,2026-01-13T22:49:04.573340
114,114,M.G.R.KOYAMBEDU,M.G.R.KOYAMBEDU,REDHILLS,REDHILLS,06:00,2026-01-13T22:49:04.573340
114,114,M.G.R.KOYAMBEDU,M.G.R.KOYAMBEDU,REDHILLS,REDHILLS,06:12,2026-01-13T22:49:04.573340
114,114,M.G.R.KOYAMBEDU,M.G.R.KOYAMBEDU,REDHILLS,REDHILLS,06:22,2026-01-13T22:49:04.573340
114,114,M.G.R.KOYAMBEDU,M.G.R.KOYAMBEDU,REDHILLS,REDHILLS,06:40,2026-01-13T22:49:04.573340
114,114,M.G.R.KOYAMBEDU,M.G.R.KOYAMBEDU,REDHILLS,REDHILLS,06:50,2026-01-13T22:49:04.573340
114,114,M.G.R.KOYAMBEDU,M.G.R.KOYAMBEDU,REDHILLS,REDHILLS,07:00,2026-01-13T22:49:04.573340
114,114,M.G.R.KOYAMBEDU,M.G.R.KOYAMBEDU,REDHILLS,REDHILLS,07:30,2026-01-13T22:49:04.573340
114,114,M.G.R.KOYAMBEDU,M.G.R.KOYAMBEDU,REDHILLS,REDHILLS,07:35,2026-01-13T22:49:04.573340
114,114,M.G.R.KOYAMBEDU,M.G.R.KOYAMBEDU,REDHILLS,REDHILLS,07:40,2026-01-13T22:49:04.573340
114,114,M.G.R.KOYAMBEDU,M.G.R.KOYAMBEDU,REDHILLS,REDHILLS,07:50,2026-01-13T22:49:04.573340
114,114,M.G.R.KOYAMBEDU,M.G.R.KOYAMBEDU,REDHILLS,REDHILLS,07:55,2026-01-13T22:49:04.573340
114,114,M.G.R.KOYAMBEDU,M.G.R.KOYAMBEDU,REDHILLS,REDHILLS,08:00,2026-01-13T22:49:04.573340
114,114,M.G.R.KOYAMBEDU,M.G.R.KOYAMBEDU,REDHILLS,REDHILLS,08:05,2026-01-13T22:49:04.573340
114,114,M.G.R.KOYAMBEDU,M.G.R.KOYAMBEDU,REDHILLS,REDHILLS,08:12,2026-01-13T22:49:04.573340
114,114,M.G.R.KOYAMBEDU,M.G.R.KOYAMBEDU,REDHILLS,REDHILLS,08:22,2026-01-13T22:49:04.573340
114,114,M.G.R.KOYAMBEDU,M.G.R.KOYAMBEDU,REDHILLS,REDHILLS,08:30,2026-01-13T22:49:04.573340
114,114,M.G.R.KOYAMBEDU,M.G.R.KOYAMBEDU,REDHILLS,REDHILLS,08:35,2026-01-13T22:49:04.573340
114,114,M.G.R.KOYAMBEDU,M.G.R.KOYAMBEDU,REDHILLS,REDHILLS,08:42,2026-01-13T22:49:04.573340
114,114,M.G.R.KOYAMBEDU,M.G.R.KOYAMBEDU,REDHILLS,REDHILLS,08:45,2026-01-13T22:49:04.573340
114,114,M.G.R.KOYAMBEDU,M.G.R.KOYAMBEDU,REDHILLS,REDHILLS,08:50,2026-01-13T22:49:04.573340
114,114,M.G.R.KOYAMBEDU,M.G.R.KOYAMBEDU,REDHILLS,REDHILLS,08:55,2026-01-13T22:49:04.573340
114,114,M.G.R.KOYAMBEDU,M.G.R.KOYAMBEDU,REDHILLS,REDHILLS,09:00,2026-01-13T22:49:04.573340
114,114,M.G.R.KOYAMBEDU,M.G.R.KOYAMBEDU,REDHILLS,REDHILLS,09:10,2026-01-13T22:49:04.573340
114,114,M.G.R.KOYAMBEDU,M.G.R.KOYAMBEDU,REDHILLS,REDHILLS,09:25,2026-01-13T22:49:04.573340
114,114,M.G.R.KOYAMBEDU,M.G.R.KOYAMBEDU,REDHILLS,REDHILLS,09:35,2026-01-13T22:49:04.573340
114,114,M.G.R.KOYAMBEDU,M.G.R.KOYAMBEDU,REDHILLS,REDHILLS,09:42,2026-01-13T22:49:04.573340
114,114,M.G.R.KOYAMBEDU,M.G.R.KOYAMBEDU,REDHILLS,REDHILLS,09:45,2026-01-13T22:49:04.573340
114,114,M.G.R.KOYAMBEDU,M.G.R.KOYAMBEDU,REDHILLS,REDHILLS,09:50,2026-01-13T22:49:04.573340
114,114,M.G.R.KOYAMBEDU,M.G.R.KOYAMBEDU,REDHILLS,REDHILLS,09:55,2026-01-13T22:49:04.573340
114,114,M.G.R.KOYAMBEDU,M.G.R.KOYAMBEDU,REDHILLS,REDHILLS,10:00,2026-01-13T22:49:04.573340
114,114,M.G.R.KOYAMBEDU,M.G.R.KOYAMBEDU,REDHILLS,REDHILLS,10:10,2026-01-13T22:49:04.573340
114,114,M.G.R.KOYAMBEDU,M.G.R.KOYAMBEDU,REDHILLS,REDHILLS,10:12,2026-01-13T22:49:04.573340
114,114,M.G.R.KOYAMBEDU,M.G.R.KOYAMBEDU,REDHILLS,REDHILLS,10:20,2026-01-13T22:49:04.573340
114,114,M.G.R.KOYAMBEDU,M.G.R.KOYAMBEDU,REDHILLS,REDHILLS,10:22,2026-01-13T22:49:04.573340
114,114,M.G.R.KOYAMBEDU,M.G.R.KOYAMBEDU,REDHILLS,REDHILLS,10:25,2026-01-13T22:49:04.573340
114,114,M.G.R.KOYAMBEDU,M.G.R.KOYAMBEDU,REDHILLS,REDHILLS,10:30,2026-01-13T22:49:04.573340
114,114,M.G.R.KOYAMBEDU,M.G.R.KOYAMBEDU,REDHILLS,REDHILLS,10:35,2026-01-13T22:49:04.573340
114,114,M.G.R.KOYAMBEDU,M.G.R.KOYAMBEDU,REDHILLS,REDHILLS,10:40,2026-01-13T22:49:04.573340
114,114,M.G.R.KOYAMBEDU,M.G.R.KOYAMBEDU,REDHILLS,REDHILLS,10:50,2026-01-13T22:49:04.573340
114,114,M.G.R.KOYAMBEDU,M.G.R.KOYAMBEDU,REDHILLS,REDHILLS,10:52,2026-01-13T22:49:04.573340
114,114,M.G.R.KOYAMBEDU,M.G.R.KOYAMBEDU,REDHILLS,REDHILLS,11:00,2026-01-13T22:49:04.573340
114,114,M.G.R.KOYAMBEDU,M.G.R.KOYAMBEDU,REDHILLS,REDHILLS,11:02,2026-01-13T22:49:04.573340
114,114,M.G.R.KOYAMBEDU,M.G.R.KOYAMBEDU,REDHILLS,REDHILLS,11:10,2026-01-13T22:49:04.573340
114,114,M.G.R.KOYAMBEDU,M.G.R.KOYAMBEDU,REDHILLS,REDHILLS,11:20,2026-01-13T22:49:04.573340
114,114,M.G.R.KOYAMBEDU,M.G.R.KOYAMBEDU,REDHILLS,REDHILLS,11:30,2026-01-13T22:49:04.573340
114,114,M.G.R.KOYAMBEDU,M.G.R.KOYAMBEDU,REDHILLS,REDHILLS,11:35,2026-01-13T22:49:04.573340
114,114,M.G.R.KOYAMBEDU,M.G.R.KOYAMBEDU,REDHILLS,REDHILLS,11:42,2026-01-13T22:49:04.573340
114,114,M.G.R.KOYAMBEDU,M.G.R.KOYAMBEDU,REDHILLS,REDHILLS,11:45,2026-01-13T22:49:04.573340
114,114,M.G.R.KOYAMBEDU,M.G.R.KOYAMBEDU,REDHILLS,REDHILLS,11:52,2026-01-13T22:49:04.573340
114,114,M.G.R.KOYAMBEDU,M.G.R.KOYAMBEDU,REDHILLS,REDHILLS,12:05,2026-01-13T22:49:04.573340
114,114,M.G.R.KOYAMBEDU,M.G.R.KOYAMBEDU,REDHILLS,REDHILLS,12:10,2026-01-13T22:49:04.573340
114,114,M.G.R.KOYAMBEDU,M.G.R.KOYAMBEDU,REDHILLS,REDHILLS,12:15,2026-01-13T22:49:04.573340
114,114,M.G.R.KOYAMBEDU,M.G.R.KOYAMBEDU,REDHILLS,REDHILLS,12:20,2026-01-13T22:49:04.573340
114,114,M.G.R.KOYAMBEDU,M.G.R.KOYAMBEDU,REDHILLS,REDHILLS,12:30,2026-01-13T22:49:04.573340
114,114,M.G.R.KOYAMBEDU,M.G.R.KOYAMBEDU,REDHILLS,REDHILLS,12:35,2026-01-13T22:49:04.573340
114,114,M.G.R.KOYAMBEDU,M.G.R.KOYAMBEDU,REDHILLS,REDHILLS,12:37,2026-01-13T22:49:04.573340
114,114,M.G.R.KOYAMBEDU,M.G.R.KOYAMBEDU,REDHILLS,REDHILLS,12:50,2026-01-13T22:49:04.573340
114,114,M.G.R.KOYAMBEDU,M.G.R.KOYAMBEDU,REDHILLS,REDHILLS,13:00,2026-01-13T22:49:04.573340
114,114,M.G.R.KOYAMBEDU,M.G.R.KOYAMBEDU,REDHILLS,REDHILLS,13:02,2026-01-13T22:49:04.573340
114,114,M.G.R.KOYAMBEDU,M.G.R.KOYAMBEDU,REDHILLS,REDHILLS,13:10,2026-01-13T22:49:04.573340
114,114,M.G.R.KOYAMBEDU,M.G.R.KOYAMBEDU,REDHILLS,REDHILLS,13:20,2026-01-13T22:49:04.573340
114,114,M.G.R.KOYAMBEDU,M.G.R.KOYAMBEDU,REDHILLS,REDHILLS,13:30,2026-01-13T22:49:04.573340
114,114,M.G.R.KOYAMBEDU,M.G.R.KOYAMBEDU,REDHILLS,REDHILLS,13:40,2026-01-13T22:49:04.573340
114,114,M.G.R.KOYAMBEDU,M.G.R.KOYAMBEDU,REDHILLS,REDHILLS,13:47,2026-01-13T22:49:04.573340
114,114,M.G.R.KOYAMBEDU,M.G.R.KOYAMBEDU,REDHILLS,REDHILLS,13:50,2026-01-13T22:49:04.573340
114,114,M.G.R.KOYAMBEDU,M.G.R.KOYAMBEDU,REDHILLS,REDHILLS,13:55,2026-01-13T22:49:04.573340
114,114,M.G.R.KOYAMBEDU,M.G.R.KOYAMBEDU,REDHILLS,REDHILLS,14:00,2026-01-13T22:49:04.573340
114,114,M.G.R.KOYAMBEDU,M.G.R.KOYAMBEDU,REDHILLS,REDHILLS,14:05,2026-01-13T22:49:04.573340
114,114,M.G.R.KOYAMBEDU,M.G.R.KOYAMBEDU,REDHILLS,REDHILLS,14:15,2026-01-13T22:49:04.573340
114,114,M.G.R.KOYAMBEDU,M.G.R.KOYAMBEDU,REDHILLS,REDHILLS,14:30,2026-01-13T22:49:04.573340
114,114,M.G.R.KOYAMBEDU,M.G.R.KOYAMBEDU,REDHILLS,REDHILLS,14:35,2026-01-13T22:49:04.573340
114,114,M.G.R.KOYAMBEDU,M.G.R.KOYAMBEDU,REDHILLS,REDHILLS,14:37,2026-01-13T22:49:04.573340
114,114,M.G.R.KOYAMBEDU,M.G.R.KOYAMBEDU,REDHILLS,REDHILLS,14:40,2026-01-13T22:49:04.573340
114,114,M.G.R.KOYAMBEDU,M.G.R.KOYAMBEDU,REDHILLS,REDHILLS,14:45,2026-01-13T22:49:04.573340
114,114,M.G.R.KOYAMBEDU,M.G.R.KOYAMBEDU,REDHILLS,REDHILLS,14:48,2026-01-13T22:49:04.573340
114,114,M.G.R.KOYAMBEDU,M.G.R.KOYAMBEDU,REDHILLS,REDHILLS,14:50,2026-01-13T22:49:04.573340
114,114,M.G.R.KOYAMBEDU,M.G.R.KOYAMBEDU,REDHILLS,REDHILLS,15:00,2026-01-13T22:49:04.573340
114,114,M.G.R.KOYAMBEDU,M.G.R.KOYAMBEDU,REDHILLS,REDHILLS,15:05,2026-01-13T22:49:04.573340
114,114,M.G.R.KOYAMBEDU,M.G.R.KOYAMBEDU,REDHILLS,REDHILLS,15:10,2026-01-13T22:49:04.573340
114,114,M.G.R.KOYAMBEDU,M.G.R.KOYAMBEDU,REDHILLS,REDHILLS,15:15,2026-01-13T22:49:04.573340
114,114,M.G.R.KOYAMBEDU,M.G.R.KOYAMBEDU,REDHILLS,REDHILLS,15:22,2026-01-13T22:49:04.573340
114,114,M.G.R.KOYAMBEDU,M.G.R.KOYAMBEDU,REDHILLS,REDHILLS,15:25,2026-01-13T22:49:04.573340
114,114,M.G.R.KOYAMBEDU,M.G.R.KOYAMBEDU,REDHILLS,REDHILLS,15:30,2026-01-13T22:49:04.573340
114,114,M.G.R.KOYAMBEDU,M.G.R.KOYAMBEDU,REDHILLS,REDHILLS,15:35,2026-01-13T22:49:04.573340
114,114,M.G.R.KOYAMBEDU,M.G.R.KOYAMBEDU,REDHILLS,REDHILLS,15:40,2026-01-13T22:49:04.573340
114,114,M.G.R.KOYAMBEDU,M.G.R.KOYAMBEDU,REDHILLS,REDHILLS,15:45,2026-01-13T22:49:04.573340
114,114,M.G.R.KOYAMBEDU,M.G.R.KOYAMBEDU,REDHILLS,REDHILLS,15:50,2026-01-13T22:49:04.573340
114,114,M.G.R.KOYAMBEDU,M.G.R.KOYAMBEDU,REDHILLS,REDHILLS,15:52,2026-01-13T22:49:04.573340
114,114,M.G.R.KOYAMBEDU,M.G.R.KOYAMBEDU,REDHILLS,REDHILLS,15:55,2026-01-13T22:49:04.573340
114,114,M.G.R.KOYAMBEDU,M.G.R.KOYAMBEDU,REDHILLS,REDHILLS,16:00,2026-01-13T22:49:04.573340
114,114,M.G.R.KOYAMBEDU,M.G.R.KOYAMBEDU,REDHILLS,REDHILLS,16:02,2026-01-13T22:49:04.573340
114,114,M.G.R.KOYAMBEDU,M.G.R.KOYAMBEDU,REDHILLS,REDHILLS,16:10,2026-01-13T22:49:04.573340
114,114,M.G.R.KOYAMBEDU,M.G.R.KOYAMBEDU,REDHILLS,REDHILLS,16:15,2026-01-13T22:49:04.573340
114,114,M.G.R.KOYAMBEDU,M.G.R.KOYAMBEDU,REDHILLS,REDHILLS,16:25,2026-01-13T22:49:04.573340
114,114,M.G.R.KOYAMBEDU,M.G.R.KOYAMBEDU,REDHILLS,REDHILLS,16:30,2026-01-13T22:49:04.573340
114,114,M.G.R.KOYAMBEDU,M.G.R.KOYAMBEDU,REDHILLS,REDHILLS,16:32,2026-01-13T22:49:04.573340
114,114,M.G.R.KOYAMBEDU,M.G.R.KOYAMBEDU,REDHILLS,REDHILLS,16:40,2026-01-13T22:49:04.573340
114,114,M.G.R.KOYAMBEDU,M.G.R.KOYAMBEDU,REDHILLS,REDHILLS,16:45,2026-01-13T22:49:04.573340
114,114,M.G.R.KOYAMBEDU,M.G.R.KOYAMBEDU,REDHILLS,REDHILLS,16:55,2026-01-13T22:49:04.573340
114,114,M.G.R.KOYAMBEDU,M.G.R.KOYAMBEDU,REDHILLS,REDHILLS,17:05,2026-01-13T22:49:04.573340
114,114,M.G.R.KOYAMBEDU,M.G.R.KOYAMBEDU,REDHILLS,REDHILLS,17:07,2026-01-13T22:49:04.573340
114,114,M.G.R.KOYAMBEDU,M.G.R.KOYAMBEDU,REDHILLS,REDHILLS,17:15,2026-01-13T22:49:04.573340
114,114,M.G.R.KOYAMBEDU,M.G.R.KOYAMBEDU,REDHILLS,REDHILLS,17:20,2026-01-13T22:49:04.573340
114,114,M.G.R.KOYAMBEDU,M.G.R.KOYAMBEDU,REDHILLS,REDHILLS,17:25,2026-01-13T22:49:04.573340
114,114,M.G.R.KOYAMBEDU,M.G.R.KOYAMBEDU,REDHILLS,REDHILLS,17:27,2026-01-13T22:49:04.573340
114,114,M.G.R.KOYAMBEDU,M.G.R.KOYAMBEDU,REDHILLS,REDHILLS,17:30,2026-01-13T22:49:04.573340
114,114,M.G.R.KOYAMBEDU,M.G.R.KOYAMBEDU,REDHILLS,REDHILLS,17:35,2026-01-13T22:49:04.573340
114,114,M.G.R.KOYAMBEDU,M.G.R.KOYAMBEDU,REDHILLS,REDHILLS,17:45,2026-01-13T22:49:04.573340
114,114,M.G.R.KOYAMBEDU,M.G.R.KOYAMBEDU,REDHILLS,REDHILLS,17:50,2026-01-13T22:49:04.573340
114,114,M.G.R.KOYAMBEDU,M.G.R.KOYAMBEDU,REDHILLS,REDHILLS,17:55,2026-01-13T22:49:04.573340
114,114,M.G.R.KOYAMBEDU,M.G.R.KOYAMBEDU,REDHILLS,REDHILLS,17:57,2026-01-13T22:49:04.573340
114,114,M.G.R.KOYAMBEDU,M.G.R.KOYAMBEDU,REDHILLS,REDHILLS,18:00,2026-01-13T22:49:04.573340
114,114,M.G.R.KOYAMBEDU,M.G.R.KOYAMBEDU,REDHILLS,REDHILLS,18:05,2026-01-13T22:49:04.573340
114,114,M.G.R.KOYAMBEDU,M.G.R.KOYAMBEDU,REDHILLS,REDHILLS,18:12,2026-01-13T22:49:04.573340
114,114,M.G.R.KOYAMBEDU,M.G.R.KOYAMBEDU,REDHILLS,REDHILLS,18:15,2026-01-13T22:49:04.573340
114,114,M.G.R.KOYAMBEDU,M.G.R.KOYAMBEDU,REDHILLS,REDHILLS,18:25,2026-01-13T22:49:04.573340
114,114,M.G.R.KOYAMBEDU,M.G.R.KOYAMBEDU,REDHILLS,REDHILLS,18:32,2026-01-13T22:49:04.573340
114,114,M.G.R.KOYAMBEDU,M.G.R.KOYAMBEDU,REDHILLS,REDHILLS,18:42,2026-01-13T22:49:04.573340
114,114,M.G.R.KOYAMBEDU,M.G.R.KOYAMBEDU,REDHILLS,REDHILLS,18:50,2026-01-13T22:49:04.573340
114,114,M.G.R.KOYAMBEDU,M.G.R.KOYAMBEDU,REDHILLS,REDHILLS,19:07,2026-01-13T22:49:04.573340
114,114,M.G.R.KOYAMBEDU,M.G.R.KOYAMBEDU,REDHILLS,REDHILLS,19:22,2026-01-13T22:49:04.573340
114,114,M.G.R.KOYAMBEDU,M.G.R.KOYAMBEDU,REDHILLS,REDHILLS,19:30,2026-01-13T22:49:04.573340
114,114,M.G.R.KOYAMBEDU,M.G.R.KOYAMBEDU,REDHILLS,REDHILLS,19:50,2026-01-13T22:49:04.573340
114,114,M.G.R.KOYAMBEDU,M.G.R.KOYAMBEDU,REDHILLS,REDHILLS,20:00,2026-01-13T22:49:04.573340
114,114,M.G.R.KOYAMBEDU,M.G.R.KOYAMBEDU,REDHILLS,REDHILLS,20:05,2026-01-13T22:49:04.573340
114,114,M.G.R.KOYAMBEDU,M.G.R.KOYAMBEDU,REDHILLS,REDHILLS,20:40,2026-01-13T22:49:04.573340
114,114,M.G.R.KOYAMBEDU,M.G.R.KOYAMBEDU,REDHILLS,REDHILLS,21:32,2026-01-13T22:49:04.573340
114,114,M.G.R.KOYAMBEDU,M.G.R.KOYAMBEDU,REDHILLS,REDHILLS,22:45,2026-01-13T22:49:04.573340
114,114,M.G.R.KOYAMBEDU,M.G.R.KOYAMBEDU,REDHILLS,REDHILLS,23:45,2026-01-13T22:49:04.573340
114,114,M.K.B.NAGAR,M.K.B.NAGAR,M.G.R.KOYAMBEDU,M.G.R.KOYAMBEDU,06:10,2026-01-13T22:49:23.863404
114,114,M.K.B.NAGAR,M.K.B.NAGAR,M.G.R.KOYAMBEDU,M.G.R.KOYAMBEDU,06:40,2026-01-13T22:49:23.863404
114,114,M.K.B.NAGAR,M.K.B.NAGAR,M.G.R.KOYAMBEDU,M.G.R.KOYAMBEDU,07:05,2026-01-13T22:49:23.863404
114,114,M.K.B.NAGAR,M.K.B.NAGAR,M.G.R.KOYAMBEDU,M.G.R.KOYAMBEDU,07:35,2026-01-13T22:49:23.863404
114,114,M.K.B.NAGAR,M.K.B.NAGAR,M.G.R.KOYAMBEDU,M.G.R.KOYAMBEDU,07:55,2026-01-13T22:49:23.863404
114,114,M.K.B.NAGAR,M.K.B.NAGAR,REDHILLS,REDHILLS,07:10,2026-01-13T22:49:39.011156
114,114,M.K.B.NAGAR,M.K.B.NAGAR,REDHILLS,REDHILLS,07:40,2026-01-13T22:49:39.011156
114,114,M.K.B.NAGAR,M.K.B.NAGAR,REDHILLS,REDHILLS,08:05,2026-01-13T22:49:39.011156
114,114,M.K.B.NAGAR,M.K.B.NAGAR,REDHILLS,REDHILLS,08:30,2026-01-13T22:49:39.011156
114,114,M.K.B.NAGAR,M.K.B.NAGAR,REDHILLS,REDHILLS,09:05,2026-01-13T22:49:39.011156
114,114,M.M.B.T,M.M.B.T,M.G.R.KOYAMBEDU,M.G.R.KOYAMBEDU,12:35,2026-01-13T22:49:58.275658
114,114,M.M.B.T,M.M.B.T,M.G.R.KOYAMBEDU,M.G.R.KOYAMBEDU,13:20,2026-01-13T22:49:58.275658
114,114,M.M.B.T,M.M.B.T,M.G.R.KOYAMBEDU,M.G.R.KOYAMBEDU,13:45,2026-01-13T22:49:58.275658
114,114,M.M.B.T,M.M.B.T,M.G.R.KOYAMBEDU,M.G.R.KOYAMBEDU,14:00,2026-01-13T22:49:58.275658
114,114,M.M.B.T,M.M.B.T,M.G.R.KOYAMBEDU,M.G.R.KOYAMBEDU,14:25,2026-01-13T22:49:58.275658
114,114,M.M.B.T,M.M.B.T,M.G.R.KOYAMBEDU,M.G.R.KOYAMBEDU,14:30,2026-01-13T22:49:58.275658
114,114,M.M.B.T,M.M.B.T,M.G.R.KOYAMBEDU,M.G.R.KOYAMBEDU,15:00,2026-01-13T22:49:58.275658
114,114,M.M.B.T,M.M.B.T,M.G.R.KOYAMBEDU,M.G.R.KOYAMBEDU,15:05,2026-01-13T22:49:58.275658
114,114,M.M.B.T,M.M.B.T,M.G.R.KOYAMBEDU,M.G.R.KOYAMBEDU,17:20,2026-01-13T22:49:58.275658
114,114,MOOLAKADAI,MOOLAKADAI,M.G.R.KOYAMBEDU,M.G.R.KOYAMBEDU,04:55,2026-01-13T22:50:17.508543
114,114,MOOLAKADAI,MOOLAKADAI,M.G.R.KOYAMBEDU,M.G.R.KOYAMBEDU,05:55,2026-01-13T22:50:17.508543
114,114,PERIYAPALAYAM,PERIYAPALAYAM,REDHILLS,REDHILLS,22:30,2026-01-13T22:50:36.761660
114,114,POOCHIATHIPEDU,POOCHIATHIPEDU,REDHILLS,REDHILLS,07:45,2026-01-13T22:50:55.981894
114,114,POOCHIATHIPEDU,POOCHIATHIPEDU,REDHILLS,REDHILLS,16:40,2026-01-13T22:50:55.981894
114,114,REDHILLS,REDHILLS,ANNA NAGAR WEST,ANNA NAGAR WEST,19:05,2026-01-13T22:51:15.246668
114,114,REDHILLS,REDHILLS,M.G.R.KOYAMBEDU,M.G.R.KOYAMBEDU,00:05,2026-01-13T22:51:30.392923
114,114,REDHILLS,REDHILLS,M.G.R.KOYAMBEDU,M.G.R.KOYAMBEDU,00:40,2026-01-13T22:51:30.392923
114,114,REDHILLS,REDHILLS,M.G.R.KOYAMBEDU,M.G.R.KOYAMBEDU,01:35,2026-01-13T22:51:30.392923
114,114,REDHILLS,REDHILLS,M.G.R.KOYAMBEDU,M.G.R.KOYAMBEDU,02:20,2026-01-13T22:51:30.392923
114,114,REDHILLS,REDHILLS,M.G.R.KOYAMBEDU,M.G.R.KOYAMBEDU,02:45,2026-01-13T22:51:30.392923
114,114,REDHILLS,REDHILLS,M.G.R.KOYAMBEDU,M.G.R.KOYAMBEDU,03:30,2026-01-13T22:51:30.392923
114,114,REDHILLS,REDHILLS,M.G.R.KOYAMBEDU,M.G.R.KOYAMBEDU,04:25,2026-01-13T22:51:30.392923
114,114,REDHILLS,REDHILLS,M.G.R.KOYAMBEDU,M.G.R.KOYAMBEDU,04:50,2026-01-13T22:51:30.392923
114,114,REDHILLS,REDHILLS,M.G.R.KOYAMBEDU,M.G.R.KOYAMBEDU,05:10,2026-01-13T22:51:30.392923
114,114,REDHILLS,REDHILLS,M.G.R.KOYAMBEDU,M.G.R.KOYAMBEDU,05:50,2026-01-13T22:51:30.392923
114,114,REDHILLS,REDHILLS,M.G.R.KOYAMBEDU,M.G.R.KOYAMBEDU,06:30,2026-01-13T22:51:30.392923
114,114,REDHILLS,REDHILLS,M.G.R.KOYAMBEDU,M.G.R.KOYAMBEDU,06:40,2026-01-13T22:51:30.392923
114,114,REDHILLS,REDHILLS,M.G.R.KOYAMBEDU,M.G.R.KOYAMBEDU,07:00,2026-01-13T22:51:30.392923
114,114,REDHILLS,REDHILLS,M.G.R.KOYAMBEDU,M.G.R.KOYAMBEDU,07:10,2026-01-13T22:51:30.392923
114,114,REDHILLS,REDHILLS,M.G.R.KOYAMBEDU,M.G.R.KOYAMBEDU,07:20,2026-01-13T22:51:30.392923
114,114,REDHILLS,REDHILLS,M.G.R.KOYAMBEDU,M.G.R.KOYAMBEDU,07:40,2026-01-13T22:51:30.392923
114,114,REDHILLS,REDHILLS,M.G.R.KOYAMBEDU,M.G.R.KOYAMBEDU,07:45,2026-01-13T22:51:30.392923
114,114,REDHILLS,REDHILLS,M.G.R.KOYAMBEDU,M.G.R.KOYAMBEDU,07:50,2026-01-13T22:51:30.392923
114,114,REDHILLS,REDHILLS,M.G.R.KOYAMBEDU,M.G.R.KOYAMBEDU,08:00,2026-01-13T22:51:30.392923
114,114,REDHILLS,REDHILLS,M.G.R.KOYAMBEDU,M.G.R.KOYAMBEDU,08:15,2026-01-13T22:51:30.392923
114,114,REDHILLS,REDHILLS,M.G.R.KOYAMBEDU,M.G.R.KOYAMBEDU,08:30,2026-01-13T22:51:30.392923
114,114,REDHILLS,REDHILLS,M.G.R.KOYAMBEDU,M.G.R.KOYAMBEDU,08:35,2026-01-13T22:51:30.392923
114,114,REDHILLS,REDHILLS,M.G.R.KOYAMBEDU,M.G.R.KOYAMBEDU,08:40,2026-01-13T22:51:30.392923
114,114,REDHILLS,REDHILLS,M.G.R.KOYAMBEDU,M.G.R.KOYAMBEDU,08:45,2026-01-13T22:51:30.392923
114,114,REDHILLS,REDHILLS,M.G.R.KOYAMBEDU,M.G.R.KOYAMBEDU,08:50,2026-01-13T22:51:30.392923
114,114,REDHILLS,REDHILLS,M.G.R.KOYAMBEDU,M.G.R.KOYAMBEDU,08:55,2026-01-13T22:51:30.392923
114,114,REDHILLS,REDHILLS,M.G.R.KOYAMBEDU,M.G.R.KOYAMBEDU,09:00,2026-01-13T22:51:30.392923
114,114,REDHILLS,REDHILLS,M.G.R.KOYAMBEDU,M.G.R.KOYAMBEDU,09:10,2026-01-13T22:51:30.392923
114,114,REDHILLS,REDHILLS,M.G.R.KOYAMBEDU,M.G.R.KOYAMBEDU,09:15,2026-01-13T22:51:30.392923
114,114,REDHILLS,REDHILLS,M.G.R.KOYAMBEDU,M.G.R.KOYAMBEDU,09:20,2026-01-13T22:51:30.392923
114,114,REDHILLS,REDHILLS,M.G.R.KOYAMBEDU,M.G.R.KOYAMBEDU,09:25,2026-01-13T22:51:30.392923
114,114,REDHILLS,REDHILLS,M.G.R.KOYAMBEDU,M.G.R.KOYAMBEDU,09:30,2026-01-13T22:51:30.392923
114,114,REDHILLS,REDHILLS,M.G.R.KOYAMBEDU,M.G.R.KOYAMBEDU,09:35,2026-01-13T22:51:30.392923
114,114,REDHILLS,REDHILLS,M.G.R.KOYAMBEDU,M.G.R.KOYAMBEDU,09:45,2026-01-13T22:51:30.392923
114,114,REDHILLS,REDHILLS,M.G.R.KOYAMBEDU,M.G.R.KOYAMBEDU,09:47,2026-01-13T22:51:30.392923
114,114,REDHILLS,REDHILLS,M.G.R.KOYAMBEDU,M.G.R.KOYAMBEDU,09:50,2026-01-13T22:51:30.392923
114,114,REDHILLS,REDHILLS,M.G.R.KOYAMBEDU,M.G.R.KOYAMBEDU,09:55,2026-01-13T22:51:30.392923
114,114,REDHILLS,REDHILLS,M.G.R.KOYAMBEDU,M.G.R.KOYAMBEDU,10:00,2026-01-13T22:51:30.392923
114,114,REDHILLS,REDHILLS,M.G.R.KOYAMBEDU,M.G.R.KOYAMBEDU,10:05,2026-01-13T22:51:30.392923
114,114,REDHILLS,REDHILLS,M.G.R.KOYAMBEDU,M.G.R.KOYAMBEDU,10:20,2026-01-13T22:51:30.392923
114,114,REDHILLS,REDHILLS,M.G.R.KOYAMBEDU,M.G.R.KOYAMBEDU,10:35,2026-01-13T22:51:30.392923
114,114,REDHILLS,REDHILLS,M.G.R.KOYAMBEDU,M.G.R.KOYAMBEDU,10:40,2026-01-13T22:51:30.392923
114,114,REDHILLS,REDHILLS,M.G.R.KOYAMBEDU,M.G.R.KOYAMBEDU,10:42,2026-01-13T22:51:30.392923
114,114,REDHILLS,REDHILLS,M.G.R.KOYAMBEDU,M.G.R.KOYAMBEDU,10:45,2026-01-13T22:51:30.392923
114,114,REDHILLS,REDHILLS,M.G.R.KOYAMBEDU,M.G.R.KOYAMBEDU,10:50,2026-01-13T22:51:30.392923
114,114,REDHILLS,REDHILLS,M.G.R.KOYAMBEDU,M.G.R.KOYAMBEDU,11:00,2026-01-13T22:51:30.392923
114,114,REDHILLS,REDHILLS,M.G.R.KOYAMBEDU,M.G.R.KOYAMBEDU,11:05,2026-01-13T22:51:30.392923
114,114,REDHILLS,REDHILLS,M.G.R.KOYAMBEDU,M.G.R.KOYAMBEDU,11:10,2026-01-13T22:51:30.392923
114,114,REDHILLS,REDHILLS,M.G.R.KOYAMBEDU,M.G.R.KOYAMBEDU,11:15,2026-01-13T22:51:30.392923
114,114,REDHILLS,REDHILLS,M.G.R.KOYAMBEDU,M.G.R.KOYAMBEDU,11:20,2026-01-13T22:51:30.392923
114,114,REDHILLS,REDHILLS,M.G.R.KOYAMBEDU,M.G.R.KOYAMBEDU,11:25,2026-01-13T22:51:30.392923
114,114,REDHILLS,REDHILLS,M.G.R.KOYAMBEDU,M.G.R.KOYAMBEDU,11:30,2026-01-13T22:51:30.392923
114,114,REDHILLS,REDHILLS,M.G.R.KOYAMBEDU,M.G.R.KOYAMBEDU,11:35,2026-01-13T22:51:30.392923
114,114,REDHILLS,REDHILLS,M.G.R.KOYAMBEDU,M.G.R.KOYAMBEDU,11:40,2026-01-13T22:51:30.392923
114,114,REDHILLS,REDHILLS,M.G.R.KOYAMBEDU,M.G.R.KOYAMBEDU,11:45,2026-01-13T22:51:30.392923
114,114,REDHILLS,REDHILLS,M.G.R.KOYAMBEDU,M.G.R.KOYAMBEDU,11:50,2026-01-13T22:51:30.392923
114,114,REDHILLS,REDHILLS,M.G.R.KOYAMBEDU,M.G.R.KOYAMBEDU,11:55,2026-01-13T22:51:30.392923
114,114,REDHILLS,REDHILLS,M.G.R.KOYAMBEDU,M.G.R.KOYAMBEDU,12:00,2026-01-13T22:51:30.392923
114,114,REDHILLS,REDHILLS,M.G.R.KOYAMBEDU,M.G.R.KOYAMBEDU,12:05,2026-01-13T22:51:30.392923
114,114,REDHILLS,REDHILLS,M.G.R.KOYAMBEDU,M.G.R.KOYAMBEDU,12:15,2026-01-13T22:51:30.392923
114,114,REDHILLS,REDHILLS,M.G.R.KOYAMBEDU,M.G.R.KOYAMBEDU,12:20,2026-01-13T22:51:30.392923
114,114,REDHILLS,REDHILLS,M.G.R.KOYAMBEDU,M.G.R.KOYAMBEDU,12:30,2026-01-13T22:51:30.392923
114,114,REDHILLS,REDHILLS,M.G.R.KOYAMBEDU,M.G.R.KOYAMBEDU,12:40,2026-01-13T22:51:30.392923
114,114,REDHILLS,REDHILLS,M.G.R.KOYAMBEDU,M.G.R.KOYAMBEDU,12:45,2026-01-13T22:51:30.392923
114,114,REDHILLS,REDHILLS,M.G.R.KOYAMBEDU,M.G.R.KOYAMBEDU,12:50,2026-01-13T22:51:30.392923
114,114,REDHILLS,REDHILLS,M.G.R.KOYAMBEDU,M.G.R.KOYAMBEDU,12:55,2026-01-13T22:51:30.392923
114,114,REDHILLS,REDHILLS,M.G.R.KOYAMBEDU,M.G.R.KOYAMBEDU,13:00,2026-01-13T22:51:30.392923
114,114,REDHILLS,REDHILLS,M.G.R.KOYAMBEDU,M.G.R.KOYAMBEDU,13:15,2026-01-13T22:51:30.392923
114,114,REDHILLS,REDHILLS,M.G.R.KOYAMBEDU,M.G.R.KOYAMBEDU,13:20,2026-01-13T22:51:30.392923
114,114,REDHILLS,REDHILLS,M.G.R.KOYAMBEDU,M.G.R.KOYAMBEDU,13:25,2026-01-13T22:51:30.392923
114,114,REDHILLS,REDHILLS,M.G.R.KOYAMBEDU,M.G.R.KOYAMBEDU,13:30,2026-01-13T22:51:30.392923
114,114,REDHILLS,REDHILLS,M.G.R.KOYAMBEDU,M.G.R.KOYAMBEDU,13:35,2026-01-13T22:51:30.392923
114,114,REDHILLS,REDHILLS,M.G.R.KOYAMBEDU,M.G.R.KOYAMBEDU,13:40,2026-01-13T22:51:30.392923
114,114,REDHILLS,REDHILLS,M.G.R.KOYAMBEDU,M.G.R.KOYAMBEDU,13:45,2026-01-13T22:51:30.392923
114,114,REDHILLS,REDHILLS,M.G.R.KOYAMBEDU,M.G.R.KOYAMBEDU,13:55,2026-01-13T22:51:30.392923
114,114,REDHILLS,REDHILLS,M.G.R.KOYAMBEDU,M.G.R.KOYAMBEDU,14:00,2026-01-13T22:51:30.392923
114,114,REDHILLS,REDHILLS,M.G.R.KOYAMBEDU,M.G.R.KOYAMBEDU,14:05,2026-01-13T22:51:30.392923
114,114,REDHILLS,REDHILLS,M.G.R.KOYAMBEDU,M.G.R.KOYAMBEDU,14:10,2026-01-13T22:51:30.392923
114,114,REDHILLS,REDHILLS,M.G.R.KOYAMBEDU,M.G.R.KOYAMBEDU,14:15,2026-01-13T22:51:30.392923
114,114,REDHILLS,REDHILLS,M.G.R.KOYAMBEDU,M.G.R.KOYAMBEDU,14:20,2026-01-13T22:51:30.392923
114,114,REDHILLS,REDHILLS,M.G.R.KOYAMBEDU,M.G.R.KOYAMBEDU,14:25,2026-01-13T22:51:30.392923
114,114,REDHILLS,REDHILLS,M.G.R.KOYAMBEDU,M.G.R.KOYAMBEDU,14:35,2026-01-13T22:51:30.392923
114,114,REDHILLS,REDHILLS,M.G.R.KOYAMBEDU,M.G.R.KOYAMBEDU,14:45,2026-01-13T22:51:30.392923
114,114,REDHILLS,REDHILLS,M.G.R.KOYAMBEDU,M.G.R.KOYAMBEDU,14:50,2026-01-13T22:51:30.392923
114,114,REDHILLS,REDHILLS,M.G.R.KOYAMBEDU,M.G.R.KOYAMBEDU,14:55,2026-01-13T22:51:30.392923
114,114,REDHILLS,REDHILLS,M.G.R.KOYAMBEDU,M.G.R.KOYAMBEDU,15:00,2026-01-13T22:51:30.392923
114,114,REDHILLS,REDHILLS,M.G.R.KOYAMBEDU,M.G.R.KOYAMBEDU,15:05,2026-01-13T22:51:30.392923
114,114,REDHILLS,REDHILLS,M.G.R.KOYAMBEDU,M.G.R.KOYAMBEDU,15:15,2026-01-13T22:51:30.392923
114,114,REDHILLS,REDHILLS,M.G.R.KOYAMBEDU,M.G.R.KOYAMBEDU,15:25,2026-01-13T22:51:30.392923
114,114,REDHILLS,REDHILLS,M.G.R.KOYAMBEDU,M.G.R.KOYAMBEDU,15:30,2026-01-13T22:51:30.392923
114,114,REDHILLS,REDHILLS,M.G.R.KOYAMBEDU,M.G.R.KOYAMBEDU,15:35,2026-01-13T22:51:30.392923
114,114,REDHILLS,REDHILLS,M.G.R.KOYAMBEDU,M.G.R.KOYAMBEDU,15:37,2026-01-13T22:51:30.392923
114,114,REDHILLS,REDHILLS,M.G.R.KOYAMBEDU,M.G.R.KOYAMBEDU,15:40,2026-01-13T22:51:30.392923
114,114,REDHILLS,REDHILLS,M.G.R.KOYAMBEDU,M.G.R.KOYAMBEDU,15:50,2026-01-13T22:51:30.392923
114,114,REDHILLS,REDHILLS,M.G.R.KOYAMBEDU,M.G.R.KOYAMBEDU,16:00,2026-01-13T22:51:30.392923
114,114,REDHILLS,REDHILLS,M.G.R.KOYAMBEDU,M.G.R.KOYAMBEDU,16:02,2026-01-13T22:51:30.392923
114,114,REDHILLS,REDHILLS,M.G.R.KOYAMBEDU,M.G.R.KOYAMBEDU,16:05,2026-01-13T22:51:30.392923
114,114,REDHILLS,REDHILLS,M.G.R.KOYAMBEDU,M.G.R.KOYAMBEDU,16:10,2026-01-13T22:51:30.392923
114,114,REDHILLS,REDHILLS,M.G.R.KOYAMBEDU,M.G.R.KOYAMBEDU,16:15,2026-01-13T22:51:30.392923
114,114,REDHILLS,REDHILLS,M.G.R.KOYAMBEDU,M.G.R.KOYAMBEDU,16:20,2026-01-13T22:51:30.392923
114,114,REDHILLS,REDHILLS,M.G.R.KOYAMBEDU,M.G.R.KOYAMBEDU,16:25,2026-01-13T22:51:30.392923
114,114,REDHILLS,REDHILLS,M.G.R.KOYAMBEDU,M.G.R.KOYAMBEDU,16:30,2026-01-13T22:51:30.392923
114,114,REDHILLS,REDHILLS,M.G.R.KOYAMBEDU,M.G.R.KOYAMBEDU,16:35,2026-01-13T22:51:30.392923
114,114,REDHILLS,REDHILLS,M.G.R.KOYAMBEDU,M.G.R.KOYAMBEDU,16:45,2026-01-13T22:51:30.392923
114,114,REDHILLS,REDHILLS,M.G.R.KOYAMBEDU,M.G.R.KOYAMBEDU,16:50,2026-01-13T22:51:30.392923
114,114,REDHILLS,REDHILLS,M.G.R.KOYAMBEDU,M.G.R.KOYAMBEDU,16:52,2026-01-13T22:51:30.392923
114,114,REDHILLS,REDHILLS,M.G.R.KOYAMBEDU,M.G.R.KOYAMBEDU,16:55,2026-01-13T22:51:30.392923
114,114,REDHILLS,REDHILLS,M.G.R.KOYAMBEDU,M.G.R.KOYAMBEDU,17:00,2026-01-13T22:51:30.392923
114,114,REDHILLS,REDHILLS,M.G.R.KOYAMBEDU,M.G.R.KOYAMBEDU,17:02,2026-01-13T22:51:30.392923
114,114,REDHILLS,REDHILLS,M.G.R.KOYAMBEDU,M.G.R.KOYAMBEDU,17:05,2026-01-13T22:51:30.392923
114,114,REDHILLS,REDHILLS,M.G.R.KOYAMBEDU,M.G.R.KOYAMBEDU,17:10,2026-01-13T22:51:30.392923
114,114,REDHILLS,REDHILLS,M.G.R.KOYAMBEDU,M.G.R.KOYAMBEDU,17:15,2026-01-13T22:51:30.392923
114,114,REDHILLS,REDHILLS,M.G.R.KOYAMBEDU,M.G.R.KOYAMBEDU,17:25,2026-01-13T22:51:30.392923
114,114,REDHILLS,REDHILLS,M.G.R.KOYAMBEDU,M.G.R.KOYAMBEDU,17:30,2026-01-13T22:51:30.392923
114,114,REDHILLS,REDHILLS,M.G.R.KOYAMBEDU,M.G.R.KOYAMBEDU,17:35,2026-01-13T22:51:30.392923
114,114,REDHILLS,REDHILLS,M.G.R.KOYAMBEDU,M.G.R.KOYAMBEDU,17:40,2026-01-13T22:51:30.392923
114,114,REDHILLS,REDHILLS,M.G.R.KOYAMBEDU,M.G.R.KOYAMBEDU,17:50,2026-01-13T22:51:30.392923
114,114,REDHILLS,REDHILLS,M.G.R.KOYAMBEDU,M.G.R.KOYAMBEDU,18:00,2026-01-13T22:51:30.392923
114,114,REDHILLS,REDHILLS,M.G.R.KOYAMBEDU,M.G.R.KOYAMBEDU,18:05,2026-01-13T22:51:30.392923
114,114,REDHILLS,REDHILLS,M.G.R.KOYAMBEDU,M.G.R.KOYAMBEDU,18:20,2026-01-13T22:51:30.392923
114,114,REDHILLS,REDHILLS,M.G.R.KOYAMBEDU,M.G.R.KOYAMBEDU,18:25,2026-01-13T22:51:30.392923
114,114,REDHILLS,REDHILLS,M.G.R.KOYAMBEDU,M.G.R.KOYAMBEDU,18:30,2026-01-13T22:51:30.392923
114,114,REDHILLS,REDHILLS,M.G.R.KOYAMBEDU,M.G.R.KOYAMBEDU,18:35,2026-01-13T22:51:30.392923
114,114,REDHILLS,REDHILLS,M.G.R.KOYAMBEDU,M.G.R.KOYAMBEDU,18:50,2026-01-13T22:51:30.392923
114,114,REDHILLS,REDHILLS,M.G.R.KOYAMBEDU,M.G.R.KOYAMBEDU,18:55,2026-01-13T22:51:30.392923
114,114,REDHILLS,REDHILLS,M.G.R.KOYAMBEDU,M.G.R.KOYAMBEDU,19:00,2026-01-13T22:51:30.392923
114,114,REDHILLS,REDHILLS,M.G.R.KOYAMBEDU,M.G.R.KOYAMBEDU,19:05,2026-01-13T22:51:30.392923
114,114,REDHILLS,REDHILLS,M.G.R.KOYAMBEDU,M.G.R.KOYAMBEDU,19:10,2026-01-13T22:51:30.392923
114,114,REDHILLS,REDHILLS,M.G.R.KOYAMBEDU,M.G.R.KOYAMBEDU,19:15,2026-01-13T22:51:30.392923
114,114,REDHILLS,REDHILLS,M.G.R.KOYAMBEDU,M.G.R.KOYAMBEDU,19:30,2026-01-13T22:51:30.392923
114,114,REDHILLS,REDHILLS,M.G.R.KOYAMBEDU,M.G.R.KOYAMBEDU,19:35,2026-01-13T22:51:30.392923
114,114,REDHILLS,REDHILLS,M.G.R.KOYAMBEDU,M.G.R.KOYAMBEDU,20:15,2026-01-13T22:51:30.392923
114,114,REDHILLS,REDHILLS,M.G.R.KOYAMBEDU,M.G.R.KOYAMBEDU,20:20,2026-01-13T22:51:30.392923
114,114,REDHILLS,REDHILLS,M.G.R.KOYAMBEDU,M.G.R.KOYAMBEDU,20:30,2026-01-13T22:51:30.392923
114,114,REDHILLS,REDHILLS,M.G.R.KOYAMBEDU,M.G.R.KOYAMBEDU,20:49,2026-01-13T22:51:30.392923
114,114,REDHILLS,REDHILLS,M.G.R.KOYAMBEDU,M.G.R.KOYAMBEDU,21:05,2026-01-13T22:51:30.392923
114,114,REDHILLS,REDHILLS,M.G.R.KOYAMBEDU,M.G.R.KOYAMBEDU,21:55,2026-01-13T22:51:30.392923
114,114,REDHILLS,REDHILLS,M.G.R.KOYAMBEDU,M.G.R.KOYAMBEDU,22:45,2026-01-13T22:51:30.392923
114,114,REDHILLS,REDHILLS,M.G.R.KOYAMBEDU,M.G.R.KOYAMBEDU,23:40,2026-01-13T22:51:30.392923
114,114,REDHILLS,REDHILLS,PERIYAPALAYAM,PERIYAPALAYAM,21:00,2026-01-13T22:51:45.575226
114,114,REDHILLS,REDHILLS,VALLALAR NAGAR,VALLALAR NAGAR,18:05,2026-01-13T22:52:00.741909
114,114,REDHILLS,REDHILLS,VALLALAR NAGAR,VALLALAR NAGAR,18:35,2026-01-13T22:52:00.741909
114,114,REDHILLS,REDHILLS,VALLALAR NAGAR,VALLALAR NAGAR,19:00,2026-01-13T22:52:00.741909
114,114,REDHILLS,REDHILLS,VALLALAR NAGAR,VALLALAR NAGAR,19:30,2026-01-13T22:52:00.741909
114,114,REDHILLS,REDHILLS,VALLALAR NAGAR,VALLALAR NAGAR,19:57,2026-01-13T22:52:00.741909
114,114,VALLALAR NAGAR,VALLALAR NAGAR,M.K.B.NAGAR,M.K.B.NAGAR,18:57,2026-01-13T22:52:20.009217
114,114,VALLALAR NAGAR,VALLALAR NAGAR,M.K.B.NAGAR,M.K.B.NAGAR,19:27,2026-01-13T22:52:20.009217
114,114,VALLALAR NAGAR,VALLALAR NAGAR,M.K.B.NAGAR,M.K.B.NAGAR,19:52,2026-01-13T22:52:20.009217
114,114,VALLALAR NAGAR,VALLALAR NAGAR,M.K.B.NAGAR,M.K.B.NAGAR,20:17,2026-01-13T22:52:20.009217
114,114,VALLALAR NAGAR,VALLALAR NAGAR,M.K.B.NAGAR,M.K.B.NAGAR,20:50,2026-01-13T22:52:20.009217
114A,114A,AYANAVARAM B.S,AYANAVARAM B.S,REDHILLS,REDHILLS,05:40,2026-01-13T22:52:45.639223
114A,114A,AYANAVARAM B.S,AYANAVARAM B.S,REDHILLS,REDHILLS,08:20,2026-01-13T22:52:45.639223
114A,114A,AYANAVARAM B.S,AYANAVARAM B.S,REDHILLS,REDHILLS,10:30,2026-01-13T22:52:45.639223
114A,114A,AYANAVARAM B.S,AYANAVARAM B.S,REDHILLS,REDHILLS,12:45,2026-01-13T22:52:45.639223
114A,114A,AYANAVARAM B.S,AYANAVARAM B.S,REDHILLS,REDHILLS,14:55,2026-01-13T22:52:45.639223
114A,114A,AYANAVARAM B.S,AYANAVARAM B.S,REDHILLS,REDHILLS,17:05,2026-01-13T22:52:45.639223
114A,114A,AYANAVARAM B.S,AYANAVARAM B.S,REDHILLS,REDHILLS,19:15,2026-01-13T22:52:45.639223
114A,114A,M.G.R.KOYAMBEDU,M.G.R.KOYAMBEDU,AYANAVARAM B.S,AYANAVARAM B.S,21:15,2026-01-13T22:53:04.872210
114A,114A,M.G.R.KOYAMBEDU,M.G.R.KOYAMBEDU,REDHILLS,REDHILLS,06:20,2026-01-13T22:53:20.005015
114A,114A,REDHILLS,REDHILLS,AYANAVARAM B.S,AYANAVARAM B.S,07:15,2026-01-13T22:53:39.213299
114A,114A,REDHILLS,REDHILLS,AYANAVARAM B.S,AYANAVARAM B.S,09:25,2026-01-13T22:53:39.213299
114A,114A,REDHILLS,REDHILLS,AYANAVARAM B.S,AYANAVARAM B.S,11:35,2026-01-13T22:53:39.213299
114A,114A,REDHILLS,REDHILLS,AYANAVARAM B.S,AYANAVARAM B.S,13:50,2026-01-13T22:53:39.213299
114A,114A,REDHILLS,REDHILLS,AYANAVARAM B.S,AYANAVARAM B.S,16:00,2026-01-13T22:53:39.213299
114A,114A,REDHILLS,REDHILLS,AYANAVARAM B.S,AYANAVARAM B.S,18:10,2026-01-13T22:53:39.213299
114A,114A,REDHILLS,REDHILLS,M.G.R.KOYAMBEDU,M.G.R.KOYAMBEDU,20:25,2026-01-13T22:53:54.328938
114C,114C,M.G.R.KOYAMBEDU,M.G.R.KOYAMBEDU,REDHILLS,REDHILLS,10:45,2026-01-13T22:54:20.112525
114C,114C,M.G.R.KOYAMBEDU,M.G.R.KOYAMBEDU,THAMARAIPAKKAM KOOT RD,THAMARAIPAKKAM KOOT RD,06:05,2026-01-13T22:54:35.280620
114C,114C,M.G.R.KOYAMBEDU,M.G.R.KOYAMBEDU,THAMARAIPAKKAM KOOT RD,THAMARAIPAKKAM KOOT RD,13:12,2026-01-13T22:54:35.280620
114C,114C,M.G.R.KOYAMBEDU,M.G.R.KOYAMBEDU,THAMARAIPAKKAM KOOT RD,THAMARAIPAKKAM KOOT RD,18:07,2026-01-13T22:54:35.280620
114C,114C,REDHILLS,REDHILLS,M.G.R.KOYAMBEDU,M.G.R.KOYAMBEDU,11:55,2026-01-13T22:54:54.534163
114C,114C,THAMARAIPAKKAM KOOT RD,THAMARAIPAKKAM KOOT RD,M.G.R.KOYAMBEDU,M.G.R.KOYAMBEDU,08:15,2026-01-13T22:55:13.793463
114C,114C,THAMARAIPAKKAM KOOT RD,THAMARAIPAKKAM KOOT RD,M.G.R.KOYAMBEDU,M.G.R.KOYAMBEDU,15:45,2026-01-13T22:55:13.793463
114C,114C,THAMARAIPAKKAM KOOT RD,THAMARAIPAKKAM KOOT RD,M.G.R.KOYAMBEDU,M.G.R.KOYAMBEDU,20:15,2026-01-13T22:55:13.793463
114CCT,114CCT,GNAYARU,GNAYARU,KOYAMBEDU MARKET,KOYAMBEDU MARKET,04:45,2026-01-13T22:55:39.001360
114CCT,114CCT,GNAYARU,GNAYARU,KOYAMBEDU MARKET,KOYAMBEDU MARKET,19:30,2026-01-13T22:55:39.001360
114CCT,114CCT,GNAYARU,GNAYARU,M.G.R.KOYAMBEDU,M.G.R.KOYAMBEDU,08:10,2026-01-13T22:55:54.140980
114CCT,114CCT,GNAYARU,GNAYARU,M.G.R.KOYAMBEDU,M.G.R.KOYAMBEDU,15:45,2026-01-13T22:55:54.140980
114CCT,114CCT,KOYAMBEDU MARKET,KOYAMBEDU MARKET,GNAYARU,GNAYARU,06:20,2026-01-13T22:56:13.372289
114CCT,114CCT,KOYAMBEDU MARKET,KOYAMBEDU MARKET,GNAYARU,GNAYARU,21:20,2026-01-13T22:56:13.372289
114CCT,114CCT,M.G.R.KOYAMBEDU,M.G.R.KOYAMBEDU,GNAYARU,GNAYARU,17:30,2026-01-13T22:56:32.624544
114CCT,114CCT,M.G.R.KOYAMBEDU,M.G.R.KOYAMBEDU,MOOLAKADAI,MOOLAKADAI,10:05,2026-01-13T22:56:47.742349
114CCT,114CCT,MOOLAKADAI,MOOLAKADAI,GNAYARU,GNAYARU,14:00,2026-01-13T22:57:06.996091
114D,114D,ARANI,ARANI,M.G.R.KOYAMBEDU,M.G.R.KOYAMBEDU,08:00,2026-01-13T22:57:32.629868
114D,114D,ARANI,ARANI,M.G.R.KOYAMBEDU,M.G.R.KOYAMBEDU,09:40,2026-01-13T22:57:32.629868
114D,114D,ARANI,ARANI,M.G.R.KOYAMBEDU,M.G.R.KOYAMBEDU,12:00,2026-01-13T22:57:32.629868
114D,114D,ARANI,ARANI,M.G.R.KOYAMBEDU,M.G.R.KOYAMBEDU,14:00,2026-01-13T22:57:32.629868
114D,114D,ARANI,ARANI,M.G.R.KOYAMBEDU,M.G.R.KOYAMBEDU,16:00,2026-01-13T22:57:32.629868
114D,114D,ARANI,ARANI,M.G.R.KOYAMBEDU,M.G.R.KOYAMBEDU,20:00,2026-01-13T22:57:32.629868
114D,114D,ARANI,ARANI,REDHILLS,REDHILLS,18:30,2026-01-13T22:57:47.738478
114D,114D,ARANI,ARANI,REDHILLS,REDHILLS,21:10,2026-01-13T22:57:47.738478
114D,114D,M.G.R.KOYAMBEDU,M.G.R.KOYAMBEDU,ARANI,ARANI,07:10,2026-01-13T22:58:06.990552
114D,114D,M.G.R.KOYAMBEDU,M.G.R.KOYAMBEDU,ARANI,ARANI,10:00,2026-01-13T22:58:06.990552
114D,114D,M.G.R.KOYAMBEDU,M.G.R.KOYAMBEDU,ARANI,ARANI,12:00,2026-01-13T22:58:06.990552
114D,114D,M.G.R.KOYAMBEDU,M.G.R.KOYAMBEDU,ARANI,ARANI,14:00,2026-01-13T22:58:06.990552
114D,114D,M.G.R.KOYAMBEDU,M.G.R.KOYAMBEDU,ARANI,ARANI,16:00,2026-01-13T22:58:06.990552
114D,114D,M.G.R.KOYAMBEDU,M.G.R.KOYAMBEDU,ARANI,ARANI,18:00,2026-01-13T22:58:06.990552
114D,114D,M.G.R.KOYAMBEDU,M.G.R.KOYAMBEDU,REDHILLS,REDHILLS,21:55,2026-01-13T22:58:22.129003
114D,114D,REDHILLS,REDHILLS,ARANI,ARANI,06:35,2026-01-13T22:58:41.374910
114D,114D,REDHILLS,REDHILLS,ARANI,ARANI,19:50,2026-01-13T22:58:41.374910
114D,114D,REDHILLS,REDHILLS,M.G.R.KOYAMBEDU,M.G.R.KOYAMBEDU,06:15,2026-01-13T22:58:56.491539
114E,114E,KOYAMBEDU MARKET,KOYAMBEDU MARKET,NEW ERUMAIVETTI PALAYAM,NEW ERUMAIVETTI PALAYAM,08:10,2026-01-13T22:59:21.282601
114E,114E,M.G.R.KOYAMBEDU,M.G.R.KOYAMBEDU,NEW ERUMAIVETTI PALAYAM,NEW ERUMAIVETTI PALAYAM,11:55,2026-01-13T22:59:40.510221
114E,114E,M.G.R.KOYAMBEDU,M.G.R.KOYAMBEDU,NEW ERUMAIVETTI PALAYAM,NEW ERUMAIVETTI PALAYAM,15:35,2026-01-13T22:59:40.510221
114E,114E,M.G.R.KOYAMBEDU,M.G.R.KOYAMBEDU,NEW ERUMAIVETTI PALAYAM,NEW ERUMAIVETTI PALAYAM,19:10,2026-01-13T22:59:40.510221
114E,114E,NEW ERUMAIVETTI PALAYAM,NEW ERUMAIVETTI PALAYAM,KOYAMBEDU MARKET,KOYAMBEDU MARKET,06:25,2026-01-13T22:59:59.743905
114E,114E,NEW ERUMAIVETTI PALAYAM,NEW ERUMAIVETTI PALAYAM,M.G.R.KOYAMBEDU,M.G.R.KOYAMBEDU,10:05,2026-01-13T23:00:14.852707
114E,114E,NEW ERUMAIVETTI PALAYAM,NEW ERUMAIVETTI PALAYAM,M.G.R.KOYAMBEDU,M.G.R.KOYAMBEDU,13:40,2026-01-13T23:00:14.852707
114E,114E,NEW ERUMAIVETTI PALAYAM,NEW ERUMAIVETTI PALAYAM,M.G.R.KOYAMBEDU,M.G.R.KOYAMBEDU,17:20,2026-01-13T23:00:14.852707
114E,114E,NEW ERUMAIVETTI PALAYAM,NEW ERUMAIVETTI PALAYAM,REDHILLS,REDHILLS,20:45,2026-01-13T23:00:30.004252
114E,114E,REDHILLS,REDHILLS,NEW ERUMAIVETTI PALAYAM,NEW ERUMAIVETTI PALAYAM,05:35,2026-01-13T23:00:49.257055
114ET,114ET,ANNA NAGAR WEST,ANNA NAGAR WEST,M.G.R.KOYAMBEDU,M.G.R.KOYAMBEDU,05:40,2026-01-13T23:01:14.386078
114ET,114ET,M.G.R.KOYAMBEDU,M.G.R.KOYAMBEDU,ANNA NAGAR WEST,ANNA NAGAR WEST,21:54,2026-01-13T23:01:33.691843
114ET,114ET,M.G.R.KOYAMBEDU,M.G.R.KOYAMBEDU,MAHINDRA IND.PARK,MAHINDRA IND.PARK,07:45,2026-01-13T23:01:48.801163
114ET,114ET,M.G.R.KOYAMBEDU,M.G.R.KOYAMBEDU,MAHINDRA IND.PARK,MAHINDRA IND.PARK,15:57,2026-01-13T23:01:48.801163
114ET,114ET,M.G.R.KOYAMBEDU,M.G.R.KOYAMBEDU,REDHILLS,REDHILLS,05:57,2026-01-13T23:02:03.931590
114ET,114ET,M.G.R.KOYAMBEDU,M.G.R.KOYAMBEDU,REDHILLS,REDHILLS,11:43,2026-01-13T23:02:03.931590
114ET,114ET,M.G.R.KOYAMBEDU,M.G.R.KOYAMBEDU,REDHILLS,REDHILLS,14:07,2026-01-13T23:02:03.931590
114ET,114ET,M.G.R.KOYAMBEDU,M.G.R.KOYAMBEDU,REDHILLS,REDHILLS,20:07,2026-01-13T23:02:03.931590
114ET,114ET,MAHINDRA IND.PARK,MAHINDRA IND.PARK,M.G.R.KOYAMBEDU,M.G.R.KOYAMBEDU,09:45,2026-01-13T23:02:23.173727
114ET,114ET,MAHINDRA IND.PARK,MAHINDRA IND.PARK,M.G.R.KOYAMBEDU,M.G.R.KOYAMBEDU,18:00,2026-01-13T23:02:23.173727
114ET,114ET,REDHILLS,REDHILLS,M.G.R.KOYAMBEDU,M.G.R.KOYAMBEDU,06:47,2026-01-13T23:02:42.406745
114ET,114ET,REDHILLS,REDHILLS,M.G.R.KOYAMBEDU,M.G.R.KOYAMBEDU,12:37,2026-01-13T23:02:42.406745
114ET,114ET,REDHILLS,REDHILLS,M.G.R.KOYAMBEDU,M.G.R.KOYAMBEDU,15:02,2026-01-13T23:02:42.406745
114ET,114ET,REDHILLS,REDHILLS,M.G.R.KOYAMBEDU,M.G.R.KOYAMBEDU,21:07,2026-01-13T23:02:42.406745
114G,114G,GNAYARU,GNAYARU,M.G.R.KOYAMBEDU,M.G.R.KOYAMBEDU,05:20,2026-01-13T23:03:08.065758
114G,114G,GNAYARU,GNAYARU,M.G.R.KOYAMBEDU,M.G.R.KOYAMBEDU,07:20,2026-01-13T23:03:08.065758
114G,114G,GNAYARU,GNAYARU,M.G.R.KOYAMBEDU,M.G.R.KOYAMBEDU,09:10,2026-01-13T23:03:08.065758
114G,114G,GNAYARU,GNAYARU,M.G.R.KOYAMBEDU,M.G.R.KOYAMBEDU,11:25,2026-01-13T23:03:08.065758
114G,114G,GNAYARU,GNAYARU,M.G.R.KOYAMBEDU,M.G.R.KOYAMBEDU,14:45,2026-01-13T23:03:08.065758
114G,114G,GNAYARU,GNAYARU,M.G.R.KOYAMBEDU,M.G.R.KOYAMBEDU,15:30,2026-01-13T23:03:08.065758
114G,114G,GNAYARU,GNAYARU,M.G.R.KOYAMBEDU,M.G.R.KOYAMBEDU,18:45,2026-01-13T23:03:08.065758
114G,114G,GNAYARU,GNAYARU,MOOLAKADAI,MOOLAKADAI,19:20,2026-01-13T23:03:23.228671
114G,114G,M.G.R.KOYAMBEDU,M.G.R.KOYAMBEDU,GNAYARU,GNAYARU,05:40,2026-01-13T23:03:42.452826
114G,114G,M.G.R.KOYAMBEDU,M.G.R.KOYAMBEDU,GNAYARU,GNAYARU,07:10,2026-01-13T23:03:42.452826
114G,114G,M.G.R.KOYAMBEDU,M.G.R.KOYAMBEDU,GNAYARU,GNAYARU,09:25,2026-01-13T23:03:42.452826
114G,114G,M.G.R.KOYAMBEDU,M.G.R.KOYAMBEDU,GNAYARU,GNAYARU,13:25,2026-01-13T23:03:42.452826
114G,114G,M.G.R.KOYAMBEDU,M.G.R.KOYAMBEDU,GNAYARU,GNAYARU,16:45,2026-01-13T23:03:42.452826
114G,114G,M.G.R.KOYAMBEDU,M.G.R.KOYAMBEDU,GNAYARU,GNAYARU,17:30,2026-01-13T23:03:42.452826
114G,114G,M.G.R.KOYAMBEDU,M.G.R.KOYAMBEDU,GNAYARU,GNAYARU,20:55,2026-01-13T23:03:42.452826
114G,114G,M.G.R.KOYAMBEDU,M.G.R.KOYAMBEDU,MOOLAKADAI,MOOLAKADAI,11:00,2026-01-13T23:03:57.562343
114G,114G,MOOLAKADAI,MOOLAKADAI,GNAYARU,GNAYARU,13:00,2026-01-13T23:04:16.847225
114G,114G,MOOLAKADAI,MOOLAKADAI,M.G.R.KOYAMBEDU,M.G.R.KOYAMBEDU,05:00,2026-01-13T23:04:32.018651
114P,114P,ANNA NAGAR WEST,ANNA NAGAR WEST,REDHILLS,REDHILLS,05:40,2026-01-13T23:04:57.163884
114P,114P,KOYAMBEDU MARKET,KOYAMBEDU MARKET,PADIYANALLUR,PADIYANALLUR,07:25,2026-01-13T23:05:16.421815
114P,114P,KOYAMBEDU MARKET,KOYAMBEDU MARKET,PADIYANALLUR,PADIYANALLUR,16:05,2026-01-13T23:05:16.421815
114P,114P,M.G.R.KOYAMBEDU,M.G.R.KOYAMBEDU,M.M.B.T,M.M.B.T,15:00,2026-01-13T23:05:35.691591
114P,114P,M.G.R.KOYAMBEDU,M.G.R.KOYAMBEDU,PADIYANALLUR,PADIYANALLUR,06:30,2026-01-13T23:05:50.817452
114P,114P,M.G.R.KOYAMBEDU,M.G.R.KOYAMBEDU,PADIYANALLUR,PADIYANALLUR,08:50,2026-01-13T23:05:50.817452
114P,114P,M.G.R.KOYAMBEDU,M.G.R.KOYAMBEDU,PADIYANALLUR,PADIYANALLUR,10:55,2026-01-13T23:05:50.817452
114P,114P,M.G.R.KOYAMBEDU,M.G.R.KOYAMBEDU,PADIYANALLUR,PADIYANALLUR,11:40,2026-01-13T23:05:50.817452
114P,114P,M.G.R.KOYAMBEDU,M.G.R.KOYAMBEDU,PADIYANALLUR,PADIYANALLUR,12:55,2026-01-13T23:05:50.817452
114P,114P,M.G.R.KOYAMBEDU,M.G.R.KOYAMBEDU,PADIYANALLUR,PADIYANALLUR,16:20,2026-01-13T23:05:50.817452
114P,114P,M.G.R.KOYAMBEDU,M.G.R.KOYAMBEDU,PADIYANALLUR,PADIYANALLUR,18:30,2026-01-13T23:05:50.817452
114P,114P,M.G.R.KOYAMBEDU,M.G.R.KOYAMBEDU,PADIYANALLUR,PADIYANALLUR,20:10,2026-01-13T23:05:50.817452
114P,114P,M.G.R.KOYAMBEDU,M.G.R.KOYAMBEDU,PADIYANALLUR,PADIYANALLUR,20:55,2026-01-13T23:05:50.817452
114P,114P,M.G.R.KOYAMBEDU,M.G.R.KOYAMBEDU,REDHILLS,REDHILLS,09:40,2026-01-13T23:06:05.962875
114P,114P,M.G.R.KOYAMBEDU,M.G.R.KOYAMBEDU,REDHILLS,REDHILLS,14:05,2026-01-13T23:06:05.962875
114P,114P,M.G.R.KOYAMBEDU,M.G.R.KOYAMBEDU,REDHILLS,REDHILLS,18:20,2026-01-13T23:06:05.962875
114P,114P,M.M.B.T,M.M.B.T,M.G.R.KOYAMBEDU,M.G.R.KOYAMBEDU,15:35,2026-01-13T23:06:25.174534
114P,114P,PADIYANALLUR,PADIYANALLUR,ANNA NAGAR WEST,ANNA NAGAR WEST,21:15,2026-01-13T23:06:44.421538
114P,114P,PADIYANALLUR,PADIYANALLUR,M.G.R.KOYAMBEDU,M.G.R.KOYAMBEDU,07:40,2026-01-13T23:06:59.562990
114P,114P,PADIYANALLUR,PADIYANALLUR,M.G.R.KOYAMBEDU,M.G.R.KOYAMBEDU,08:35,2026-01-13T23:06:59.562990
114P,114P,PADIYANALLUR,PADIYANALLUR,M.G.R.KOYAMBEDU,M.G.R.KOYAMBEDU,09:55,2026-01-13T23:06:59.562990
114P,114P,PADIYANALLUR,PADIYANALLUR,M.G.R.KOYAMBEDU,M.G.R.KOYAMBEDU,11:55,2026-01-13T23:06:59.562990
114P,114P,PADIYANALLUR,PADIYANALLUR,M.G.R.KOYAMBEDU,M.G.R.KOYAMBEDU,12:45,2026-01-13T23:06:59.562990
114P,114P,PADIYANALLUR,PADIYANALLUR,M.G.R.KOYAMBEDU,M.G.R.KOYAMBEDU,14:05,2026-01-13T23:06:59.562990
114P,114P,PADIYANALLUR,PADIYANALLUR,M.G.R.KOYAMBEDU,M.G.R.KOYAMBEDU,17:15,2026-01-13T23:06:59.562990
114P,114P,PADIYANALLUR,PADIYANALLUR,M.G.R.KOYAMBEDU,M.G.R.KOYAMBEDU,17:20,2026-01-13T23:06:59.562990
114P,114P,PADIYANALLUR,PADIYANALLUR,M.G.R.KOYAMBEDU,M.G.R.KOYAMBEDU,19:40,2026-01-13T23:06:59.562990
114P,114P,PADIYANALLUR,PADIYANALLUR,M.G.R.KOYAMBEDU,M.G.R.KOYAMBEDU,22:00,2026-01-13T23:06:59.562990
114P,114P,REDHILLS,REDHILLS,KOYAMBEDU MARKET,KOYAMBEDU MARKET,06:25,2026-01-13T23:07:18.850344
114P,114P,REDHILLS,REDHILLS,KOYAMBEDU MARKET,KOYAMBEDU MARKET,15:05,2026-01-13T23:07:18.850344
114P,114P,REDHILLS,REDHILLS,M.G.R.KOYAMBEDU,M.G.R.KOYAMBEDU,10:40,2026-01-13T23:07:33.966474
114P,114P,REDHILLS,REDHILLS,M.G.R.KOYAMBEDU,M.G.R.KOYAMBEDU,19:15,2026-01-13T23:07:33.966474
114S,114S,KOYAMBEDU MARKET,KOYAMBEDU MARKET,SEEMAVARAM,SEEMAVARAM,07:15,2026-01-13T23:07:59.699213
114S,114S,KOYAMBEDU MARKET,KOYAMBEDU MARKET,SEEMAVARAM,SEEMAVARAM,21:20,2026-01-13T23:07:59.699213
114S,114S,MOOLAKADAI,MOOLAKADAI,SEEMAVARAM,SEEMAVARAM,13:30,2026-01-13T23:08:18.980012
114S,114S,REDHILLS,REDHILLS,SEEMAVARAM,SEEMAVARAM,16:05,2026-01-13T23:08:38.248219
114S,114S,REDHILLS,REDHILLS,SEEMAVARAM,SEEMAVARAM,18:10,2026-01-13T23:08:38.248219
114S,114S,SEEMAVARAM,SEEMAVARAM,KOYAMBEDU MARKET,KOYAMBEDU MARKET,05:10,2026-01-13T23:08:57.550550
114S,114S,SEEMAVARAM,SEEMAVARAM,KOYAMBEDU MARKET,KOYAMBEDU MARKET,19:10,2026-01-13T23:08:57.550550
114S,114S,SEEMAVARAM,SEEMAVARAM,MOOLAKADAI,MOOLAKADAI,09:15,2026-01-13T23:09:12.711210
114S,114S,SEEMAVARAM,SEEMAVARAM,REDHILLS,REDHILLS,15:05,2026-01-13T23:09:27.850621
114S,114S,SEEMAVARAM,SEEMAVARAM,REDHILLS,REDHILLS,17:10,2026-01-13T23:09:27.850621
118,118,KEERAPAKKAM,KEERAPAKKAM,TAMBARAM WEST,TAMBARAM WEST,08:10,2026-01-13T23:09:52.742689
118,118,KEERAPAKKAM,KEERAPAKKAM,TAMBARAM WEST,TAMBARAM WEST,18:30,2026-01-13T23:09:52.742689
118,118,MAHENDRA CITY,MAHENDRA CITY,TAMBARAM WEST,TAMBARAM WEST,09:20,2026-01-13T23:10:12.021178
118,118,MAHENDRA CITY,MAHENDRA CITY,TAMBARAM WEST,TAMBARAM WEST,09:45,2026-01-13T23:10:12.021178
118,118,MARAIMALAI NAGAR I.E.,MARAIMALAI NAGAR I.E.,TAMBARAM WEST,TAMBARAM WEST,05:50,2026-01-13T23:10:31.339995
118,118,MARAIMALAI NAGAR I.E.,MARAIMALAI NAGAR I.E.,TAMBARAM WEST,TAMBARAM WEST,06:00,2026-01-13T23:10:31.339995
118,118,MARAIMALAI NAGAR I.E.,MARAIMALAI NAGAR I.E.,TAMBARAM WEST,TAMBARAM WEST,06:10,2026-01-13T23:10:31.339995
118,118,MARAIMALAI NAGAR I.E.,MARAIMALAI NAGAR I.E.,TAMBARAM WEST,TAMBARAM WEST,06:30,2026-01-13T23:10:31.339995
118,118,MARAIMALAI NAGAR I.E.,MARAIMALAI NAGAR I.E.,TAMBARAM WEST,TAMBARAM WEST,07:15,2026-01-13T23:10:31.339995
118,118,MARAIMALAI NAGAR I.E.,MARAIMALAI NAGAR I.E.,TAMBARAM WEST,TAMBARAM WEST,07:40,2026-01-13T23:10:31.339995
118,118,MARAIMALAI NAGAR I.E.,MARAIMALAI NAGAR I.E.,TAMBARAM WEST,TAMBARAM WEST,08:10,2026-01-13T23:10:31.339995
118,118,MARAIMALAI NAGAR I.E.,MARAIMALAI NAGAR I.E.,TAMBARAM WEST,TAMBARAM WEST,08:30,2026-01-13T23:10:31.339995
118,118,MARAIMALAI NAGAR I.E.,MARAIMALAI NAGAR I.E.,TAMBARAM WEST,TAMBARAM WEST,09:50,2026-01-13T23:10:31.339995
118,118,MARAIMALAI NAGAR I.E.,MARAIMALAI NAGAR I.E.,TAMBARAM WEST,TAMBARAM WEST,10:10,2026-01-13T23:10:31.339995
118,118,MARAIMALAI NAGAR I.E.,MARAIMALAI NAGAR I.E.,TAMBARAM WEST,TAMBARAM WEST,10:20,2026-01-13T23:10:31.339995
118,118,MARAIMALAI NAGAR I.E.,MARAIMALAI NAGAR I.E.,TAMBARAM WEST,TAMBARAM WEST,10:30,2026-01-13T23:10:31.339995
118,118,MARAIMALAI NAGAR I.E.,MARAIMALAI NAGAR I.E.,TAMBARAM WEST,TAMBARAM WEST,11:35,2026-01-13T23:10:31.339995
118,118,MARAIMALAI NAGAR I.E.,MARAIMALAI NAGAR I.E.,TAMBARAM WEST,TAMBARAM WEST,11:50,2026-01-13T23:10:31.339995
118,118,MARAIMALAI NAGAR I.E.,MARAIMALAI NAGAR I.E.,TAMBARAM WEST,TAMBARAM WEST,12:00,2026-01-13T23:10:31.339995
118,118,MARAIMALAI NAGAR I.E.,MARAIMALAI NAGAR I.E.,TAMBARAM WEST,TAMBARAM WEST,12:10,2026-01-13T23:10:31.339995
118,118,MARAIMALAI NAGAR I.E.,MARAIMALAI NAGAR I.E.,TAMBARAM WEST,TAMBARAM WEST,12:20,2026-01-13T23:10:31.339995
118,118,MARAIMALAI NAGAR I.E.,MARAIMALAI NAGAR I.E.,TAMBARAM WEST,TAMBARAM WEST,12:30,2026-01-13T23:10:31.339995
118,118,MARAIMALAI NAGAR I.E.,MARAIMALAI NAGAR I.E.,TAMBARAM WEST,TAMBARAM WEST,13:25,2026-01-13T23:10:31.339995
118,118,MARAIMALAI NAGAR I.E.,MARAIMALAI NAGAR I.E.,TAMBARAM WEST,TAMBARAM WEST,13:50,2026-01-13T23:10:31.339995
118,118,MARAIMALAI NAGAR I.E.,MARAIMALAI NAGAR I.E.,TAMBARAM WEST,TAMBARAM WEST,14:00,2026-01-13T23:10:31.339995
118,118,MARAIMALAI NAGAR I.E.,MARAIMALAI NAGAR I.E.,TAMBARAM WEST,TAMBARAM WEST,14:20,2026-01-13T23:10:31.339995
118,118,MARAIMALAI NAGAR I.E.,MARAIMALAI NAGAR I.E.,TAMBARAM WEST,TAMBARAM WEST,14:30,2026-01-13T23:10:31.339995
118,118,MARAIMALAI NAGAR I.E.,MARAIMALAI NAGAR I.E.,TAMBARAM WEST,TAMBARAM WEST,14:40,2026-01-13T23:10:31.339995
118,118,MARAIMALAI NAGAR I.E.,MARAIMALAI NAGAR I.E.,TAMBARAM WEST,TAMBARAM WEST,15:30,2026-01-13T23:10:31.339995
118,118,MARAIMALAI NAGAR I.E.,MARAIMALAI NAGAR I.E.,TAMBARAM WEST,TAMBARAM WEST,16:00,2026-01-13T23:10:31.339995
118,118,MARAIMALAI NAGAR I.E.,MARAIMALAI NAGAR I.E.,TAMBARAM WEST,TAMBARAM WEST,16:10,2026-01-13T23:10:31.339995
118,118,MARAIMALAI NAGAR I.E.,MARAIMALAI NAGAR I.E.,TAMBARAM WEST,TAMBARAM WEST,16:20,2026-01-13T23:10:31.339995
118,118,MARAIMALAI NAGAR I.E.,MARAIMALAI NAGAR I.E.,TAMBARAM WEST,TAMBARAM WEST,16:30,2026-01-13T23:10:31.339995
118,118,MARAIMALAI NAGAR I.E.,MARAIMALAI NAGAR I.E.,TAMBARAM WEST,TAMBARAM WEST,16:40,2026-01-13T23:10:31.339995
118,118,MARAIMALAI NAGAR I.E.,MARAIMALAI NAGAR I.E.,TAMBARAM WEST,TAMBARAM WEST,17:30,2026-01-13T23:10:31.339995
118,118,MARAIMALAI NAGAR I.E.,MARAIMALAI NAGAR I.E.,TAMBARAM WEST,TAMBARAM WEST,18:10,2026-01-13T23:10:31.339995
118,118,MARAIMALAI NAGAR I.E.,MARAIMALAI NAGAR I.E.,TAMBARAM WEST,TAMBARAM WEST,18:20,2026-01-13T23:10:31.339995
118,118,MARAIMALAI NAGAR I.E.,MARAIMALAI NAGAR I.E.,TAMBARAM WEST,TAMBARAM WEST,18:40,2026-01-13T23:10:31.339995
118,118,MARAIMALAI NAGAR I.E.,MARAIMALAI NAGAR I.E.,TAMBARAM WEST,TAMBARAM WEST,19:30,2026-01-13T23:10:31.339995
118,118,MARAIMALAI NAGAR I.E.,MARAIMALAI NAGAR I.E.,TAMBARAM WEST,TAMBARAM WEST,20:00,2026-01-13T23:10:31.339995
118,118,MARAIMALAI NAGAR I.E.,MARAIMALAI NAGAR I.E.,TAMBARAM WEST,TAMBARAM WEST,20:10,2026-01-13T23:10:31.339995
118,118,MARAIMALAI NAGAR I.E.,MARAIMALAI NAGAR I.E.,TAMBARAM WEST,TAMBARAM WEST,20:20,2026-01-13T23:10:31.339995
118,118,MARAIMALAI NAGAR I.E.,MARAIMALAI NAGAR I.E.,TAMBARAM WEST,TAMBARAM WEST,20:30,2026-01-13T23:10:31.339995
118,118,MARAIMALAI NAGAR I.E.,MARAIMALAI NAGAR I.E.,TAMBARAM WEST,TAMBARAM WEST,20:40,2026-01-13T23:10:31.339995
118,118,MARAIMALAI NAGAR I.E.,MARAIMALAI NAGAR I.E.,TAMBARAM WEST,TAMBARAM WEST,21:35,2026-01-13T23:10:31.339995
118,118,MARAIMALAI NAGAR I.E.,MARAIMALAI NAGAR I.E.,TAMBARAM WEST,TAMBARAM WEST,22:10,2026-01-13T23:10:31.339995
118,118,NEELAMANGALAM,NEELAMANGALAM,TAMBARAM WEST,TAMBARAM WEST,07:45,2026-01-13T23:10:50.680781
118,118,NEELAMANGALAM,NEELAMANGALAM,TAMBARAM WEST,TAMBARAM WEST,18:00,2026-01-13T23:10:50.680781
118,118,TAMBARAM WEST,TAMBARAM WEST,KEERAPAKKAM,KEERAPAKKAM,07:00,2026-01-13T23:11:09.978242
118,118,TAMBARAM WEST,TAMBARAM WEST,KEERAPAKKAM,KEERAPAKKAM,17:30,2026-01-13T23:11:09.978242
118,118,TAMBARAM WEST,TAMBARAM WEST,MAHENDRA CITY,MAHENDRA CITY,08:15,2026-01-13T23:11:25.121282
118,118,TAMBARAM WEST,TAMBARAM WEST,MAHENDRA CITY,MAHENDRA CITY,08:35,2026-01-13T23:11:25.121282
118,118,TAMBARAM WEST,TAMBARAM WEST,MARAIMALAI NAGAR I.E.,MARAIMALAI NAGAR I.E.,04:52,2026-01-13T23:11:40.273793
118,118,TAMBARAM WEST,TAMBARAM WEST,MARAIMALAI NAGAR I.E.,MARAIMALAI NAGAR I.E.,05:00,2026-01-13T23:11:40.273793
118,118,TAMBARAM WEST,TAMBARAM WEST,MARAIMALAI NAGAR I.E.,MARAIMALAI NAGAR I.E.,05:10,2026-01-13T23:11:40.273793
118,118,TAMBARAM WEST,TAMBARAM WEST,MARAIMALAI NAGAR I.E.,MARAIMALAI NAGAR I.E.,05:30,2026-01-13T23:11:40.273793
118,118,TAMBARAM WEST,TAMBARAM WEST,MARAIMALAI NAGAR I.E.,MARAIMALAI NAGAR I.E.,06:15,2026-01-13T23:11:40.273793
118,118,TAMBARAM WEST,TAMBARAM WEST,MARAIMALAI NAGAR I.E.,MARAIMALAI NAGAR I.E.,06:40,2026-01-13T23:11:40.273793
118,118,TAMBARAM WEST,TAMBARAM WEST,MARAIMALAI NAGAR I.E.,MARAIMALAI NAGAR I.E.,07:10,2026-01-13T23:11:40.273793
118,118,TAMBARAM WEST,TAMBARAM WEST,MARAIMALAI NAGAR I.E.,MARAIMALAI NAGAR I.E.,07:30,2026-01-13T23:11:40.273793
118,118,TAMBARAM WEST,TAMBARAM WEST,MARAIMALAI NAGAR I.E.,MARAIMALAI NAGAR I.E.,08:52,2026-01-13T23:11:40.273793
118,118,TAMBARAM WEST,TAMBARAM WEST,MARAIMALAI NAGAR I.E.,MARAIMALAI NAGAR I.E.,09:10,2026-01-13T23:11:40.273793
118,118,TAMBARAM WEST,TAMBARAM WEST,MARAIMALAI NAGAR I.E.,MARAIMALAI NAGAR I.E.,09:20,2026-01-13T23:11:40.273793
118,118,TAMBARAM WEST,TAMBARAM WEST,MARAIMALAI NAGAR I.E.,MARAIMALAI NAGAR I.E.,09:30,2026-01-13T23:11:40.273793
118,118,TAMBARAM WEST,TAMBARAM WEST,MARAIMALAI NAGAR I.E.,MARAIMALAI NAGAR I.E.,10:35,2026-01-13T23:11:40.273793
118,118,TAMBARAM WEST,TAMBARAM WEST,MARAIMALAI NAGAR I.E.,MARAIMALAI NAGAR I.E.,10:52,2026-01-13T23:11:40.273793
118,118,TAMBARAM WEST,TAMBARAM WEST,MARAIMALAI NAGAR I.E.,MARAIMALAI NAGAR I.E.,11:00,2026-01-13T23:11:40.273793
118,118,TAMBARAM WEST,TAMBARAM WEST,MARAIMALAI NAGAR I.E.,MARAIMALAI NAGAR I.E.,11:10,2026-01-13T23:11:40.273793
118,118,TAMBARAM WEST,TAMBARAM WEST,MARAIMALAI NAGAR I.E.,MARAIMALAI NAGAR I.E.,11:20,2026-01-13T23:11:40.273793
118,118,TAMBARAM WEST,TAMBARAM WEST,MARAIMALAI NAGAR I.E.,MARAIMALAI NAGAR I.E.,11:30,2026-01-13T23:11:40.273793
118,118,TAMBARAM WEST,TAMBARAM WEST,MARAIMALAI NAGAR I.E.,MARAIMALAI NAGAR I.E.,12:25,2026-01-13T23:11:40.273793
118,118,TAMBARAM WEST,TAMBARAM WEST,MARAIMALAI NAGAR I.E.,MARAIMALAI NAGAR I.E.,12:55,2026-01-13T23:11:40.273793
118,118,TAMBARAM WEST,TAMBARAM WEST,MARAIMALAI NAGAR I.E.,MARAIMALAI NAGAR I.E.,13:02,2026-01-13T23:11:40.273793
118,118,TAMBARAM WEST,TAMBARAM WEST,MARAIMALAI NAGAR I.E.,MARAIMALAI NAGAR I.E.,13:20,2026-01-13T23:11:40.273793
118,118,TAMBARAM WEST,TAMBARAM WEST,MARAIMALAI NAGAR I.E.,MARAIMALAI NAGAR I.E.,13:30,2026-01-13T23:11:40.273793
118,118,TAMBARAM WEST,TAMBARAM WEST,MARAIMALAI NAGAR I.E.,MARAIMALAI NAGAR I.E.,13:40,2026-01-13T23:11:40.273793
118,118,TAMBARAM WEST,TAMBARAM WEST,MARAIMALAI NAGAR I.E.,MARAIMALAI NAGAR I.E.,14:30,2026-01-13T23:11:40.273793
118,118,TAMBARAM WEST,TAMBARAM WEST,MARAIMALAI NAGAR I.E.,MARAIMALAI NAGAR I.E.,15:02,2026-01-13T23:11:40.273793
118,118,TAMBARAM WEST,TAMBARAM WEST,MARAIMALAI NAGAR I.E.,MARAIMALAI NAGAR I.E.,15:10,2026-01-13T23:11:40.273793
118,118,TAMBARAM WEST,TAMBARAM WEST,MARAIMALAI NAGAR I.E.,MARAIMALAI NAGAR I.E.,15:20,2026-01-13T23:11:40.273793
118,118,TAMBARAM WEST,TAMBARAM WEST,MARAIMALAI NAGAR I.E.,MARAIMALAI NAGAR I.E.,15:30,2026-01-13T23:11:40.273793
118,118,TAMBARAM WEST,TAMBARAM WEST,MARAIMALAI NAGAR I.E.,MARAIMALAI NAGAR I.E.,15:40,2026-01-13T23:11:40.273793
118,118,TAMBARAM WEST,TAMBARAM WEST,MARAIMALAI NAGAR I.E.,MARAIMALAI NAGAR I.E.,16:30,2026-01-13T23:11:40.273793
118,118,TAMBARAM WEST,TAMBARAM WEST,MARAIMALAI NAGAR I.E.,MARAIMALAI NAGAR I.E.,17:10,2026-01-13T23:11:40.273793
118,118,TAMBARAM WEST,TAMBARAM WEST,MARAIMALAI NAGAR I.E.,MARAIMALAI NAGAR I.E.,17:20,2026-01-13T23:11:40.273793
118,118,TAMBARAM WEST,TAMBARAM WEST,MARAIMALAI NAGAR I.E.,MARAIMALAI NAGAR I.E.,17:40,2026-01-13T23:11:40.273793
118,118,TAMBARAM WEST,TAMBARAM WEST,MARAIMALAI NAGAR I.E.,MARAIMALAI NAGAR I.E.,18:30,2026-01-13T23:11:40.273793
118,118,TAMBARAM WEST,TAMBARAM WEST,MARAIMALAI NAGAR I.E.,MARAIMALAI NAGAR I.E.,19:02,2026-01-13T23:11:40.273793
118,118,TAMBARAM WEST,TAMBARAM WEST,MARAIMALAI NAGAR I.E.,MARAIMALAI NAGAR I.E.,19:10,2026-01-13T23:11:40.273793
118,118,TAMBARAM WEST,TAMBARAM WEST,MARAIMALAI NAGAR I.E.,MARAIMALAI NAGAR I.E.,19:20,2026-01-13T23:11:40.273793
118,118,TAMBARAM WEST,TAMBARAM WEST,MARAIMALAI NAGAR I.E.,MARAIMALAI NAGAR I.E.,19:30,2026-01-13T23:11:40.273793
118,118,TAMBARAM WEST,TAMBARAM WEST,MARAIMALAI NAGAR I.E.,MARAIMALAI NAGAR I.E.,19:40,2026-01-13T23:11:40.273793
118,118,TAMBARAM WEST,TAMBARAM WEST,MARAIMALAI NAGAR I.E.,MARAIMALAI NAGAR I.E.,20:30,2026-01-13T23:11:40.273793
118,118,TAMBARAM WEST,TAMBARAM WEST,MARAIMALAI NAGAR I.E.,MARAIMALAI NAGAR I.E.,21:10,2026-01-13T23:11:40.273793
118,118,TAMBARAM WEST,TAMBARAM WEST,NEELAMANGALAM,NEELAMANGALAM,06:52,2026-01-13T23:11:55.460451
118,118,TAMBARAM WEST,TAMBARAM WEST,NEELAMANGALAM,NEELAMANGALAM,17:02,2026-01-13T23:11:55.460451
118ET,118ET,KALIVANTHAPATTU,KALIVANTHAPATTU,TAMBARAM WEST,TAMBARAM WEST,07:15,2026-01-13T23:12:21.181882
118ET,118ET,KALIVANTHAPATTU,KALIVANTHAPATTU,TAMBARAM WEST,TAMBARAM WEST,10:10,2026-01-13T23:12:21.181882
118ET,118ET,KALIVANTHAPATTU,KALIVANTHAPATTU,TAMBARAM WEST,TAMBARAM WEST,12:40,2026-01-13T23:12:21.181882
118ET,118ET,KALIVANTHAPATTU,KALIVANTHAPATTU,TAMBARAM WEST,TAMBARAM WEST,15:15,2026-01-13T23:12:21.181882
118ET,118ET,KALIVANTHAPATTU,KALIVANTHAPATTU,TAMBARAM WEST,TAMBARAM WEST,17:50,2026-01-13T23:12:21.181882
118ET,118ET,KALIVANTHAPATTU,KALIVANTHAPATTU,TAMBARAM WEST,TAMBARAM WEST,20:30,2026-01-13T23:12:21.181882
118ET,118ET,TAMBARAM WEST,TAMBARAM WEST,KALIVANTHAPATTU,KALIVANTHAPATTU,06:05,2026-01-13T23:12:40.449248
118ET,118ET,TAMBARAM WEST,TAMBARAM WEST,KALIVANTHAPATTU,KALIVANTHAPATTU,08:50,2026-01-13T23:12:40.449248
118ET,118ET,TAMBARAM WEST,TAMBARAM WEST,KALIVANTHAPATTU,KALIVANTHAPATTU,11:25,2026-01-13T23:12:40.449248
118ET,118ET,TAMBARAM WEST,TAMBARAM WEST,KALIVANTHAPATTU,KALIVANTHAPATTU,14:00,2026-01-13T23:12:40.449248
118ET,118ET,TAMBARAM WEST,TAMBARAM WEST,KALIVANTHAPATTU,KALIVANTHAPATTU,16:30,2026-01-13T23:12:40.449248
118ET,118ET,TAMBARAM WEST,TAMBARAM WEST,KALIVANTHAPATTU,KALIVANTHAPATTU,19:10,2026-01-13T23:12:40.449248
118G,118G,KAVANOOR KOOT ROAD,KAVANOOR KOOT ROAD,TAMBARAM WEST,TAMBARAM WEST,07:05,2026-01-13T23:13:05.684470
118G,118G,KAVANOOR KOOT ROAD,KAVANOOR KOOT ROAD,TAMBARAM WEST,TAMBARAM WEST,09:15,2026-01-13T23:13:05.684470
118G,118G,KAVANOOR KOOT ROAD,KAVANOOR KOOT ROAD,TAMBARAM WEST,TAMBARAM WEST,11:20,2026-01-13T23:13:05.684470
118G,118G,KAVANOOR KOOT ROAD,KAVANOOR KOOT ROAD,TAMBARAM WEST,TAMBARAM WEST,13:15,2026-01-13T23:13:05.684470
118G,118G,KAVANOOR KOOT ROAD,KAVANOOR KOOT ROAD,TAMBARAM WEST,TAMBARAM WEST,15:20,2026-01-13T23:13:05.684470
118G,118G,KAVANOOR KOOT ROAD,KAVANOOR KOOT ROAD,TAMBARAM WEST,TAMBARAM WEST,17:20,2026-01-13T23:13:05.684470
118G,118G,KAVANOOR KOOT ROAD,KAVANOOR KOOT ROAD,TAMBARAM WEST,TAMBARAM WEST,19:30,2026-01-13T23:13:05.684470
118G,118G,KAVANOOR KOOT ROAD,KAVANOOR KOOT ROAD,TAMBARAM WEST,TAMBARAM WEST,21:30,2026-01-13T23:13:05.684470
118G,118G,TAMBARAM WEST,TAMBARAM WEST,KAVANOOR KOOT ROAD,KAVANOOR KOOT ROAD,06:10,2026-01-13T23:13:24.957751
118G,118G,TAMBARAM WEST,TAMBARAM WEST,KAVANOOR KOOT ROAD,KAVANOOR KOOT ROAD,08:15,2026-01-13T23:13:24.957751
118G,118G,TAMBARAM WEST,TAMBARAM WEST,KAVANOOR KOOT ROAD,KAVANOOR KOOT ROAD,10:20,2026-01-13T23:13:24.957751
118G,118G,TAMBARAM WEST,TAMBARAM WEST,KAVANOOR KOOT ROAD,KAVANOOR KOOT ROAD,12:20,2026-01-13T23:13:24.957751
118G,118G,TAMBARAM WEST,TAMBARAM WEST,KAVANOOR KOOT ROAD,KAVANOOR KOOT ROAD,14:25,2026-01-13T23:13:24.957751
118G,118G,TAMBARAM WEST,TAMBARAM WEST,KAVANOOR KOOT ROAD,KAVANOOR KOOT ROAD,16:20,2026-01-13T23:13:24.957751
118G,118G,TAMBARAM WEST,TAMBARAM WEST,KAVANOOR KOOT ROAD,KAVANOOR KOOT ROAD,18:30,2026-01-13T23:13:24.957751
118G,118G,TAMBARAM WEST,TAMBARAM WEST,KAVANOOR KOOT ROAD,KAVANOOR KOOT ROAD,20:30,2026-01-13T23:13:24.957751
118N,118N,NEELAMANGALAM,NEELAMANGALAM,TAMBARAM WEST,TAMBARAM WEST,06:15,2026-01-13T23:13:50.089472
118N,118N,NEELAMANGALAM,NEELAMANGALAM,TAMBARAM WEST,TAMBARAM WEST,08:20,2026-01-13T23:13:50.089472
118N,118N,NEELAMANGALAM,NEELAMANGALAM,TAMBARAM WEST,TAMBARAM WEST,10:20,2026-01-13T23:13:50.089472
118N,118N,NEELAMANGALAM,NEELAMANGALAM,TAMBARAM WEST,TAMBARAM WEST,12:25,2026-01-13T23:13:50.089472
118N,118N,NEELAMANGALAM,NEELAMANGALAM,TAMBARAM WEST,TAMBARAM WEST,14:35,2026-01-13T23:13:50.089472
118N,118N,NEELAMANGALAM,NEELAMANGALAM,TAMBARAM WEST,TAMBARAM WEST,16:40,2026-01-13T23:13:50.089472
118N,118N,NEELAMANGALAM,NEELAMANGALAM,TAMBARAM WEST,TAMBARAM WEST,18:40,2026-01-13T23:13:50.089472
118N,118N,NEELAMANGALAM,NEELAMANGALAM,TAMBARAM WEST,TAMBARAM WEST,20:45,2026-01-13T23:13:50.089472
118N,118N,TAMBARAM WEST,TAMBARAM WEST,NEELAMANGALAM,NEELAMANGALAM,05:20,2026-01-13T23:14:09.355896
118N,118N,TAMBARAM WEST,TAMBARAM WEST,NEELAMANGALAM,NEELAMANGALAM,07:15,2026-01-13T23:14:09.355896
118N,118N,TAMBARAM WEST,TAMBARAM WEST,NEELAMANGALAM,NEELAMANGALAM,09:20,2026-01-13T23:14:09.355896
118N,118N,TAMBARAM WEST,TAMBARAM WEST,NEELAMANGALAM,NEELAMANGALAM,11:25,2026-01-13T23:14:09.355896
118N,118N,TAMBARAM WEST,TAMBARAM WEST,NEELAMANGALAM,NEELAMANGALAM,13:40,2026-01-13T23:14:09.355896
118N,118N,TAMBARAM WEST,TAMBARAM WEST,NEELAMANGALAM,NEELAMANGALAM,15:35,2026-01-13T23:14:09.355896
118N,118N,TAMBARAM WEST,TAMBARAM WEST,NEELAMANGALAM,NEELAMANGALAM,17:40,2026-01-13T23:14:09.355896
118N,118N,TAMBARAM WEST,TAMBARAM WEST,NEELAMANGALAM,NEELAMANGALAM,19:40,2026-01-13T23:14:09.355896
